project,stage,subject,record,file,epoch_path,matrix,matrix_path,band,component,component_1based,component_relative,edge_group,eigenvalue,eigen_score_abs_diff,eigen_score_logit,eigengap,eigen_gap_multiplier,weighted_contra,weighted_ipsi,locality,locality_ipsi,contra_local_weighted,ipsi_local_weighted,weighted_local_sum,contrast_contra,contrast_ipsi,gof,gof_coef,final_score_1,final_score_2,final_score_3,final_score_4,final_score_5,rv,x_mm,y_mm,z_mm,ori_x,ori_y,ori_z,amplitude,fit_error,dist_left_M1_mm,in_left_M1,dist_left_S1_mm,in_left_S1,dist_SMA_mm,in_SMA,dist_left_PMd_mm,in_left_PMd,dist_right_M1_mm,in_right_M1,dist_right_S1_mm,in_right_S1,dist_right_PMd_mm,in_right_PMd,roi_names,roi_count,roi_weights,best_roi,best_roi_weight,nearest_roi,nearest_roi_dist_mm
pr_Agency_EBCI,test,05_15 Arina,01_calib_MI,test/05_15 Arina/01_calib_MI,C:\Users\hodor\Documents\lab-Shishkin\projects\BCI_classifier\data\pr_Agency_EBCI\trans\test\05_15 Arina\EPOCHS_01_calib_MI.hdf,"MATRIX_[8, 12]_robust_concat_01_calib_MI.hdf","C:\Users\hodor\Documents\lab-Shishkin\projects\BCI_classifier\data\pr_Agency_EBCI\features\csp\test\05_15 Arina\MATRIX_[8, 12]_robust_concat_01_calib_MI.hdf","[8, 12]",0,1,0,first5,0.07247237199588641,0.428,2.549,0.15443440126400154,2.1203916949639705,1.5352287273943468,0.338594998555494,0.5714285714285714,0.5714285714285714,2.412502285905402,0.5320778548729191,2.944580140778321,0.43557884617277554,0.08948326397416005,62.43949791488117,0.7487899582976236,1.2602803002531215,7.505734778843941,6.2436632756621915,0.9436852334698514,4.675192363807496,37.56050208511883,-52.48588779198692,-7.132868804954148,52.25577901042906,0.6195040408277981,0.6253559749225203,-0.4744940969356036,0.0005128081037483483,,23.881034354893753,True,25.15799981675323,True,52.811437055048096,False,24.785677482972687,True,90.156927875265,False,97.21396043693292,False,80.5775976372619,False,left_M1;left_S1;left_PMd,3,1;0.8;0.6,left_M1,1.0,left_M1,23.881034354893753
pr_Agency_EBCI,test,05_15 Arina,01_calib_MI,test/05_15 Arina/01_calib_MI,C:\Users\hodor\Documents\lab-Shishkin\projects\BCI_classifier\data\pr_Agency_EBCI\trans\test\05_15 Arina\EPOCHS_01_calib_MI.hdf,"MATRIX_[8, 12]_robust_concat_01_calib_MI.hdf","C:\Users\hodor\Documents\lab-Shishkin\projects\BCI_classifier\data\pr_Agency_EBCI\features\csp\test\05_15 Arina\MATRIX_[8, 12]_robust_concat_01_calib_MI.hdf","[8, 12]",1,2,1,first5,0.22690677325988795,0.273,1.226,0.01699170931634153,1.564554946573445,0.6981825945696911,0.3691654815115959,0.6071428571428572,0.6071428571428572,1.1220791698441466,0.5933016667150649,1.7153808365592114,0.298551349914134,0.15888031417439868,68.46425943801816,0.8692851887603632,0.46829896838066476,2.1030569056215933,2.6838075730960083,0.40708535712506955,2.3329941727752557,31.53574056198184,-9.765290176327087,-38.78986535293761,48.71747037726231,-0.16100094315830202,-0.20166037675128404,0.9661323867621183,0.0005131411702432653,,30.984437293525218,True,33.572507369324065,True,35.44998615357488,False,36.51788176375559,False,48.64398359291206,False,52.608763535044886,False,49.26731358883156,False,left_M1;left_S1,2,1;0.8,left_M1,1.0,left_M1,30.984437293525218
pr_Agency_EBCI,test,05_15 Arina,01_calib_MI,test/05_15 Arina/01_calib_MI,C:\Users\hodor\Documents\lab-Shishkin\projects\BCI_classifier\data\pr_Agency_EBCI\trans\test\05_15 Arina\EPOCHS_01_calib_MI.hdf,"MATRIX_[8, 12]_robust_concat_01_calib_MI.hdf","C:\Users\hodor\Documents\lab-Shishkin\projects\BCI_classifier\data\pr_Agency_EBCI\features\csp\test\05_15 Arina\MATRIX_[8, 12]_robust_concat_01_calib_MI.hdf","[8, 12]",2,3,2,first5,0.24389848257622948,0.256,1.131,0.07849487944372957,1.592378756550379,0.19405860722702328,0.3601390615847425,0.4642857142857143,0.4642857142857143,0.2841572462967127,0.5273464830348016,0.8115037293315143,0.14389496318020065,0.2867477594973259,73.91183398485732,0.9782366796971464,0.20774495470886767,0.9178107178739426,1.2922212994489122,0.20322373471823676,1.2640982734068358,26.088166015142676,-55.50008785321365,5.386165794867559,56.589421681535455,0.8820035707060198,-0.47107101459854267,-0.012720081247026088,0.0002510366434723742,,35.272476299873794,False,38.15096188927992,False,56.67357633337751,False,30.590712390214374,True,96.10494386444394,False,103.82442223493075,False,84.56832459083451,False,left_PMd,1,0.6,left_PMd,0.6,left_PMd,30.590712390214374
pr_Agency_EBCI,test,05_15 Arina,01_calib_MI,test/05_15 Arina/01_calib_MI,C:\Users\hodor\Documents\lab-Shishkin\projects\BCI_classifier\data\pr_Agency_EBCI\trans\test\05_15 Arina\EPOCHS_01_calib_MI.hdf,"MATRIX_[8, 12]_robust_concat_01_calib_MI.hdf","C:\Users\hodor\Documents\lab-Shishkin\projects\BCI_classifier\data\pr_Agency_EBCI\features\csp\test\05_15 Arina\MATRIX_[8, 12]_robust_concat_01_calib_MI.hdf","[8, 12]",3,4,3,first5,0.32239336201995905,0.178,0.743,0.004186306936350026,1.3589806505386812,0.07135819952652149,0.07797245980656906,0.4821428571428571,0.4821428571428571,0.10576304572680864,0.11556632435616486,0.2213293700829735,0.12373419865613738,0.14866920680604687,57.33485428474465,0.646697085694893,0.03939662787476928,0.1644477219716493,0.3007823313386758,0.025477684432819482,0.19451505710523734,42.66514571525535,-1.920525548331364,-9.154733846512572,84.41308314444434,-0.24916382704176482,0.8872099349944148,-0.3882987490851702,0.00014310490644522817,,46.787774042402596,False,55.601235168477594,False,26.670052966191413,True,38.58465616931977,False,49.65532679182202,False,58.43069094559826,False,41.27801537280758,False,SMA,1,0.7,SMA,0.7,SMA,26.670052966191413
pr_Agency_EBCI,test,05_15 Arina,01_calib_MI,test/05_15 Arina/01_calib_MI,C:\Users\hodor\Documents\lab-Shishkin\projects\BCI_classifier\data\pr_Agency_EBCI\trans\test\05_15 Arina\EPOCHS_01_calib_MI.hdf,"MATRIX_[8, 12]_robust_concat_01_calib_MI.hdf","C:\Users\hodor\Documents\lab-Shishkin\projects\BCI_classifier\data\pr_Agency_EBCI\features\csp\test\05_15 Arina\MATRIX_[8, 12]_robust_concat_01_calib_MI.hdf","[8, 12]",4,5,4,first5,0.3265796689563091,0.173,0.724,0.034182923169397306,1.369654582833223,0.055586547762672696,0.12141735981971044,0.4821428571428571,0.4821428571428571,0.0823872047196756,0.179957872589928,0.2623450773096036,0.09324164977243164,0.21474488786648083,37.436176217464194,0.24872352434928388,0.04538569837456142,0.189937835972153,0.35932213742083474,0.01128849085477448,0.08937186839602772,62.563823782535806,-15.731550360381586,-45.770409904285955,65.08090725525301,-0.9121986981164772,-0.19029568464152077,-0.36287888828288,0.00010334218039016579,,31.100219850877046,True,33.3143724185058,True,43.35096801979908,False,40.737962608310966,False,56.85566749821723,False,61.25967572704746,False,58.493719644410376,False,left_M1;left_S1,2,1;0.8,left_M1,1.0,left_M1,31.100219850877046
pr_Agency_EBCI,test,05_15 Arina,01_calib_MI,test/05_15 Arina/01_calib_MI,C:\Users\hodor\Documents\lab-Shishkin\projects\BCI_classifier\data\pr_Agency_EBCI\trans\test\05_15 Arina\EPOCHS_01_calib_MI.hdf,"MATRIX_[8, 12]_robust_concat_01_calib_MI.hdf","C:\Users\hodor\Documents\lab-Shishkin\projects\BCI_classifier\data\pr_Agency_EBCI\features\csp\test\05_15 Arina\MATRIX_[8, 12]_robust_concat_01_calib_MI.hdf","[8, 12]",51,52,-5,last5,0.8230556938714513,0.323,1.537,0.008574878819339382,1.6570787434345866,0.17243812614596982,0.17999221928888925,0.4642857142857143,0.4642857142857143,0.25249868471374154,0.26356003538730216,0.5160587201010437,0.16266041096058637,0.1630783674631282,34.74792520317666,0.0,0.16668696659263713,0.7931822527953041,0.8551499354434985,0.0,0.0,65.25207479682334,16.10042667692494,-67.41359916372593,40.16096843749166,0.6085482073494226,-0.7721779153649435,0.1827849729995722,0.0001445235707656193,,69.64244376172071,False,70.11133753368819,False,65.94759243907244,False,75.6683442366282,False,50.315092483540575,False,47.018379055847554,False,62.62947015341316,False,,0,,,0.0,right_S1,47.018379055847554
pr_Agency_EBCI,test,05_15 Arina,01_calib_MI,test/05_15 Arina/01_calib_MI,C:\Users\hodor\Documents\lab-Shishkin\projects\BCI_classifier\data\pr_Agency_EBCI\trans\test\05_15 Arina\EPOCHS_01_calib_MI.hdf,"MATRIX_[8, 12]_robust_concat_01_calib_MI.hdf","C:\Users\hodor\Documents\lab-Shishkin\projects\BCI_classifier\data\pr_Agency_EBCI\features\csp\test\05_15 Arina\MATRIX_[8, 12]_robust_concat_01_calib_MI.hdf","[8, 12]",52,53,-4,last5,0.8315290592000127,0.332,1.597,0.008473365328561466,1.6752526291563297,0.198181530547052,0.10900752540523419,0.5892857142857143,0.5892857142857143,0.31496707533370766,0.17324410287617578,0.48821117820988347,0.1948494861676487,0.11361359563024574,35.318860670533724,0.20637721341067447,0.1620861111656813,0.7796732516011838,0.8178770598796167,0.03345087995494612,0.16879118853047062,64.68113932946628,29.430665361009343,-76.3714054008513,23.148258267348673,0.47060739350223374,-0.39114043178773944,-0.7909095041797984,9.762627716443605e-05,,90.01762609685689,False,89.91701837680237,False,83.86264164383392,False,95.14287853100001,False,62.17038841866909,False,56.042112853858804,False,75.8678641766827,False,,0,,,0.0,right_S1,56.042112853858804
pr_Agency_EBCI,test,05_15 Arina,01_calib_MI,test/05_15 Arina/01_calib_MI,C:\Users\hodor\Documents\lab-Shishkin\projects\BCI_classifier\data\pr_Agency_EBCI\trans\test\05_15 Arina\EPOCHS_01_calib_MI.hdf,"MATRIX_[8, 12]_robust_concat_01_calib_MI.hdf","C:\Users\hodor\Documents\lab-Shishkin\projects\BCI_classifier\data\pr_Agency_EBCI\features\csp\test\05_15 Arina\MATRIX_[8, 12]_robust_concat_01_calib_MI.hdf","[8, 12]",53,54,-3,last5,0.8426650341930114,0.343,1.678,0.011135974992998676,1.7012785576903942,0.22177933834729216,0.4152281265726548,0.5,0.5,0.33266900752093825,0.6228421898589822,0.9555111973799204,0.14513750105482098,0.2464925310842617,31.26597959231071,0.0,0.32774034070131275,1.6033477892035064,1.6255907117355326,0.0,0.0,68.73402040768929,21.55601367279419,-56.449010142120464,38.81467330284775,-0.6286901431970414,0.6677550648788418,-0.3985622626084126,0.00016678821232197146,,68.27128549246868,False,70.09115387540021,False,58.11919743301628,False,71.40336496676687,False,39.45760324591192,False,35.93549157247755,False,51.808947076970796,False,,0,,,0.0,right_S1,35.93549157247755
pr_Agency_EBCI,test,05_15 Arina,01_calib_MI,test/05_15 Arina/01_calib_MI,C:\Users\hodor\Documents\lab-Shishkin\projects\BCI_classifier\data\pr_Agency_EBCI\trans\test\05_15 Arina\EPOCHS_01_calib_MI.hdf,"MATRIX_[8, 12]_robust_concat_01_calib_MI.hdf","C:\Users\hodor\Documents\lab-Shishkin\projects\BCI_classifier\data\pr_Agency_EBCI\features\csp\test\05_15 Arina\MATRIX_[8, 12]_robust_concat_01_calib_MI.hdf","[8, 12]",54,55,-2,last5,0.8613566156095741,0.361,1.827,0.018691581416562686,1.7489906435655165,0.4321624587756928,0.46039866492635523,0.5535714285714286,0.5535714285714286,0.6713952484550942,0.7152622115820162,1.3866574600371104,0.19849631038142518,0.2168605305367692,56.05122058089634,0.6210244116179269,0.5005833430733968,2.5334231794878006,2.42525092343523,0.3108744760978911,1.5061400277521977,43.94877941910366,-23.654980600307592,-81.41545917856206,-7.3714687838403234,-0.34417053101742856,-0.27053251332694406,0.8990877625750381,0.00039646350056630027,,86.3995226403778,False,80.65395517188229,False,102.56938393726902,False,97.08064635036204,False,104.26502155051544,False,102.3674617528425,False,109.88179887059783,False,,0,,,0.0,left_S1,80.65395517188229
pr_Agency_EBCI,test,05_15 Arina,01_calib_MI,test/05_15 Arina/01_calib_MI,C:\Users\hodor\Documents\lab-Shishkin\projects\BCI_classifier\data\pr_Agency_EBCI\trans\test\05_15 Arina\EPOCHS_01_calib_MI.hdf,"MATRIX_[8, 12]_robust_concat_01_calib_MI.hdf","C:\Users\hodor\Documents\lab-Shishkin\projects\BCI_classifier\data\pr_Agency_EBCI\features\csp\test\05_15 Arina\MATRIX_[8, 12]_robust_concat_01_calib_MI.hdf","[8, 12]",55,56,-1,last5,0.871095749476839,0.371,1.911,0.009739133867264882,1.7564528746590211,0.1506178606244766,0.13659697488978179,0.4821428571428571,0.4821428571428571,0.2232371862827064,0.2024562306402123,0.4256934169229187,0.1438812681925529,0.14518403216621925,37.45065227424092,0.24901304548481848,0.15793225767840283,0.8135001197396976,0.7477104258776817,0.039327192464792195,0.18618965028855214,62.54934772575908,24.537610357633376,-75.51772270515244,30.44565867823703,0.31458009266036957,-0.6203040849143845,0.7185138882028108,0.00015518760896311026,,83.49791842271746,False,83.44882445057239,False,78.70228597601037,False,89.28531649588035,False,58.63860920441049,False,53.30466923356754,False,72.2748599563817,False,,0,,,0.0,right_S1,53.30466923356754
pr_Agency_EBCI,test,05_15 Arina,01_calib_MI,test/05_15 Arina/01_calib_MI,C:\Users\hodor\Documents\lab-Shishkin\projects\BCI_classifier\data\pr_Agency_EBCI\trans\test\05_15 Arina\EPOCHS_01_calib_MI.hdf,"MATRIX_[9, 13]_robust_concat_01_calib_MI.hdf","C:\Users\hodor\Documents\lab-Shishkin\projects\BCI_classifier\data\pr_Agency_EBCI\features\csp\test\05_15 Arina\MATRIX_[9, 13]_robust_concat_01_calib_MI.hdf","[9, 13]",0,1,0,first5,0.05876386170462866,0.441,2.774,0.16282385936609745,2.169221287921796,1.67525927619561,0.4101935549036634,0.5714285714285714,0.5714285714285714,2.63255029116453,0.644589871991471,3.277140163156001,0.42200343029616927,0.09682502905012727,62.16568128292329,0.7433136256584658,1.4452188119517964,9.090786812594747,7.108842205421505,1.0742508349817104,5.284099273945783,37.83431871707671,-51.979667775673164,-6.483214770151702,53.54486736366437,0.6256488802199537,0.6528863480279948,-0.42696943126901493,0.0005228088720728014,,23.837265431913938,True,25.593350144733606,True,52.172479003693034,False,24.152697164646938,True,89.74011022373693,False,96.8896473207743,False,80.03171603309865,False,left_M1;left_S1;left_PMd,3,1;0.8;0.6,left_M1,1.0,left_M1,23.837265431913938
pr_Agency_EBCI,test,05_15 Arina,01_calib_MI,test/05_15 Arina/01_calib_MI,C:\Users\hodor\Documents\lab-Shishkin\projects\BCI_classifier\data\pr_Agency_EBCI\trans\test\05_15 Arina\EPOCHS_01_calib_MI.hdf,"MATRIX_[9, 13]_robust_concat_01_calib_MI.hdf","C:\Users\hodor\Documents\lab-Shishkin\projects\BCI_classifier\data\pr_Agency_EBCI\features\csp\test\05_15 Arina\MATRIX_[9, 13]_robust_concat_01_calib_MI.hdf","[9, 13]",1,2,1,first5,0.2215877210707261,0.278,1.256,0.030117433886698408,1.5894905864820088,0.3695180016118394,0.1650203834724846,0.5,0.5,0.5542770024177591,0.2475305752087269,0.801807577626486,0.2777166332683657,0.11179142485832902,58.218269124875036,0.6643653824975007,0.22290250658016314,1.0070703174988664,1.274465596807242,0.14808870904378174,0.8467108237027487,41.781730875124964,-28.716095584656646,-36.89604661525221,71.09973590988682,0.7935306972772836,-0.302541430789412,0.5279940483893011,0.0002526059711929533,,21.151011947019033,True,24.265561754534556,True,44.16766829919543,False,32.61129140996288,True,67.69404014072065,False,73.57391892162227,False,65.41940868662039,False,left_M1;left_S1;left_PMd,3,1;0.8;0.6,left_M1,1.0,left_M1,21.151011947019033
pr_Agency_EBCI,test,05_15 Arina,01_calib_MI,test/05_15 Arina/01_calib_MI,C:\Users\hodor\Documents\lab-Shishkin\projects\BCI_classifier\data\pr_Agency_EBCI\trans\test\05_15 Arina\EPOCHS_01_calib_MI.hdf,"MATRIX_[9, 13]_robust_concat_01_calib_MI.hdf","C:\Users\hodor\Documents\lab-Shishkin\projects\BCI_classifier\data\pr_Agency_EBCI\features\csp\test\05_15 Arina\MATRIX_[9, 13]_robust_concat_01_calib_MI.hdf","[9, 13]",2,3,2,first5,0.2517051549574245,0.248,1.09,0.09241994923731611,1.5876805896434176,0.379158884606173,0.40289960194131835,0.5357142857142857,0.5357142857142857,0.5822797156451942,0.6187386744098817,1.201018390055076,0.20420842028504121,0.2199134056950777,71.98373767440043,0.9396747534880088,0.29785256073365884,1.3091100451600328,1.9068335856952312,0.27988453158317306,1.7918033795808221,28.01626232559957,-44.26764917973427,-3.81003400058665,57.35995936733647,0.8008696592988762,-0.5327427785989944,0.27348294401136697,0.0003789099577409507,,21.859511419458443,True,26.82882249134827,True,44.326407106713205,False,16.853537147790526,True,82.77910196045357,False,90.31473179093005,False,72.40178466393071,False,left_M1;left_S1;left_PMd,3,1;0.8;0.6,left_M1,1.0,left_PMd,16.853537147790526
pr_Agency_EBCI,test,05_15 Arina,01_calib_MI,test/05_15 Arina/01_calib_MI,C:\Users\hodor\Documents\lab-Shishkin\projects\BCI_classifier\data\pr_Agency_EBCI\trans\test\05_15 Arina\EPOCHS_01_calib_MI.hdf,"MATRIX_[9, 13]_robust_concat_01_calib_MI.hdf","C:\Users\hodor\Documents\lab-Shishkin\projects\BCI_classifier\data\pr_Agency_EBCI\features\csp\test\05_15 Arina\MATRIX_[9, 13]_robust_concat_01_calib_MI.hdf","[9, 13]",3,4,3,first5,0.3441251041947406,0.156,0.645,0.009172606763958258,1.31772370662071,0.030110673359472977,0.08212639160388516,0.5535714285714286,0.5535714285714286,0.04677908182632409,0.12758921552746444,0.17436829735378853,0.08993683348428709,0.25403491669689626,46.47875483887967,0.4295750967775933,0.027201454387191012,0.11246755179319361,0.22976923910617636,0.01168506740086887,0.09870314312554969,53.52124516112033,-20.730543705691016,-58.927426459970796,42.32566654480617,-0.6396437239549531,0.06788320262456951,0.7656681900186736,0.00014872166695066642,,40.49776302568222,False,37.18572979591528,False,58.96399446504443,False,53.2300211919405,False,68.00931630081148,False,69.75320668622277,False,71.80011177659705,False,,0,,,0.0,left_S1,37.18572979591528
pr_Agency_EBCI,test,05_15 Arina,01_calib_MI,test/05_15 Arina/01_calib_MI,C:\Users\hodor\Documents\lab-Shishkin\projects\BCI_classifier\data\pr_Agency_EBCI\trans\test\05_15 Arina\EPOCHS_01_calib_MI.hdf,"MATRIX_[9, 13]_robust_concat_01_calib_MI.hdf","C:\Users\hodor\Documents\lab-Shishkin\projects\BCI_classifier\data\pr_Agency_EBCI\features\csp\test\05_15 Arina\MATRIX_[9, 13]_robust_concat_01_calib_MI.hdf","[9, 13]",4,5,4,first5,0.3532977109586989,0.147,0.605,0.020407735205132504,1.3059997483006178,0.0394021478378354,0.08297710699488782,0.4821428571428571,0.4821428571428571,0.05839961197393461,0.1229839264388516,0.1813835384127862,0.06734365591644396,0.1601382523095699,33.9768819009406,0.0,0.02666338014667957,0.10973704073973566,0.23688685551297423,0.0,0.0,66.0231180990594,-23.111818784717236,-23.64903743117782,70.37664672761618,-0.8680645829357116,0.297231234408816,-0.3976398787149756,0.00012711145418092468,,19.311042460037175,True,27.107180969690436,True,31.60420975131219,True,21.805381428595204,True,60.8359948212622,False,67.95281315704334,False,55.353395226804786,False,left_M1;left_S1;SMA;left_PMd,4,1;0.8;0.7;0.6,left_M1,1.0,left_M1,19.311042460037175
pr_Agency_EBCI,test,05_15 Arina,01_calib_MI,test/05_15 Arina/01_calib_MI,C:\Users\hodor\Documents\lab-Shishkin\projects\BCI_classifier\data\pr_Agency_EBCI\trans\test\05_15 Arina\EPOCHS_01_calib_MI.hdf,"MATRIX_[9, 13]_robust_concat_01_calib_MI.hdf","C:\Users\hodor\Documents\lab-Shishkin\projects\BCI_classifier\data\pr_Agency_EBCI\features\csp\test\05_15 Arina\MATRIX_[9, 13]_robust_concat_01_calib_MI.hdf","[9, 13]",51,52,-5,last5,0.8460750820341445,0.346,1.704,0.006961300449805252,1.7016344398225303,0.15820383232941362,0.18889612961903296,0.6071428571428572,0.6071428571428572,0.2542561591008433,0.30358306545916014,0.5578392245600035,0.13407975109962394,0.185514845624128,38.774128290183675,0.27548256580367353,0.19301237169776117,0.9505580386502459,0.9492384363951961,0.05317154338715158,0.2614986400176158,61.225871709816325,19.572341279029445,-71.21857233487768,42.14221480828447,-0.30209141478019974,0.0911556703507407,0.948910649576136,0.00010604289126478158,,74.2288144792622,False,74.74824308833502,False,69.91429089770607,False,80.32280966978396,False,51.879666101628736,False,47.949416158237796,False,65.26600592955756,False,,0,,,0.0,right_S1,47.949416158237796
pr_Agency_EBCI,test,05_15 Arina,01_calib_MI,test/05_15 Arina/01_calib_MI,C:\Users\hodor\Documents\lab-Shishkin\projects\BCI_classifier\data\pr_Agency_EBCI\trans\test\05_15 Arina\EPOCHS_01_calib_MI.hdf,"MATRIX_[9, 13]_robust_concat_01_calib_MI.hdf","C:\Users\hodor\Documents\lab-Shishkin\projects\BCI_classifier\data\pr_Agency_EBCI\features\csp\test\05_15 Arina\MATRIX_[9, 13]_robust_concat_01_calib_MI.hdf","[9, 13]",52,53,-4,last5,0.8527113370755821,0.353,1.756,0.006636255041437611,1.7153703921185097,0.1502048268869598,0.18482468300675675,0.4821428571428571,0.4821428571428571,0.22262501127888684,0.27393658374215735,0.4965615950210442,0.18489931816671298,0.2219228972133216,29.847542657283494,0.0,0.1752862430424286,0.8719621608569535,0.8517870579622412,0.0,0.0,70.1524573427165,4.114839229789368,-78.54459950507498,32.43944049050126,0.9678573093537937,0.026032724830270314,-0.2501490075302049,0.00011915037231352987,,71.68970376561411,False,69.7550860269134,False,77.02592434808793,False,81.01236561468426,False,67.4305329721769,False,64.6102084505032,False,78.11620439288423,False,,0,,,0.0,right_S1,64.6102084505032
pr_Agency_EBCI,test,05_15 Arina,01_calib_MI,test/05_15 Arina/01_calib_MI,C:\Users\hodor\Documents\lab-Shishkin\projects\BCI_classifier\data\pr_Agency_EBCI\trans\test\05_15 Arina\EPOCHS_01_calib_MI.hdf,"MATRIX_[9, 13]_robust_concat_01_calib_MI.hdf","C:\Users\hodor\Documents\lab-Shishkin\projects\BCI_classifier\data\pr_Agency_EBCI\features\csp\test\05_15 Arina\MATRIX_[9, 13]_robust_concat_01_calib_MI.hdf","[9, 13]",53,54,-3,last5,0.855031247178885,0.355,1.775,0.0023199101033029024,1.71329427234669,0.19839752957674406,0.20301506267282082,0.4642857142857143,0.4642857142857143,0.29051066830880384,0.29727205605663054,0.5877827243654343,0.17090159923501097,0.15865890784553663,29.082845818661347,0.0,0.20866286714972918,1.0433143357486458,1.0070447750396319,0.0,0.0,70.91715418133865,58.75726373080016,-35.00669506660688,22.754774678662976,0.4008457517313456,0.876580947636758,-0.2663240987202921,0.00018953015237906744,,101.02144016348288,False,105.03511981286914,False,74.40450462014874,False,96.75447997453539,False,41.76464288688375,False,34.07574045166662,True,52.731545182112306,False,right_S1,1,0.8,right_S1,0.8,right_S1,34.07574045166662
pr_Agency_EBCI,test,05_15 Arina,01_calib_MI,test/05_15 Arina/01_calib_MI,C:\Users\hodor\Documents\lab-Shishkin\projects\BCI_classifier\data\pr_Agency_EBCI\trans\test\05_15 Arina\EPOCHS_01_calib_MI.hdf,"MATRIX_[9, 13]_robust_concat_01_calib_MI.hdf","C:\Users\hodor\Documents\lab-Shishkin\projects\BCI_classifier\data\pr_Agency_EBCI\features\csp\test\05_15 Arina\MATRIX_[9, 13]_robust_concat_01_calib_MI.hdf","[9, 13]",54,55,-2,last5,0.8775237306608505,0.378,1.969,0.02249248348196553,1.7900086350247317,0.43387554041902454,0.37666529577523417,0.5,0.5,0.6508133106285368,0.5649979436628513,1.215811254291388,0.24196662212528913,0.20892610004544884,63.91663022704024,0.7783326045408048,0.45957665412214466,2.393932359699743,2.1763126437418343,0.3577034941890374,1.6938950882986665,36.08336977295976,-16.264694104176023,-83.3550310995028,5.249363113128671,-0.7632393401117086,-0.415013881762085,0.4952062072012122,0.0003274501023948682,,80.54892401545631,False,75.46315234939922,False,95.03142008134999,False,91.6063603736043,False,93.96938390267917,False,91.79954233006943,False,101.0612240207211,False,,0,,,0.0,left_S1,75.46315234939922
pr_Agency_EBCI,test,05_15 Arina,01_calib_MI,test/05_15 Arina/01_calib_MI,C:\Users\hodor\Documents\lab-Shishkin\projects\BCI_classifier\data\pr_Agency_EBCI\trans\test\05_15 Arina\EPOCHS_01_calib_MI.hdf,"MATRIX_[9, 13]_robust_concat_01_calib_MI.hdf","C:\Users\hodor\Documents\lab-Shishkin\projects\BCI_classifier\data\pr_Agency_EBCI\features\csp\test\05_15 Arina\MATRIX_[9, 13]_robust_concat_01_calib_MI.hdf","[9, 13]",55,56,-1,last5,0.8930877576372015,0.393,2.123,0.015564026976350953,1.8104666504068239,0.20587944113970458,0.2660750301378249,0.6428571428571428,0.6428571428571428,0.33823051044380037,0.4371232637978552,0.7753537742416556,0.13960995025386655,0.19698307725253003,62.54151397467215,0.7508302794934429,0.30471403327697066,1.646076062715035,1.403752150531579,0.22878852277092215,1.0539796195231472,37.45848602532785,26.39805333401513,-75.16145651437876,29.853409284325057,-0.23869802914428911,0.5647916015213104,-0.7899580354256962,0.00024071154437201007,,84.82131747739058,False,84.90183940710897,False,79.19845235818393,False,90.29647641916135,False,58.25234946765757,False,52.66354882265322,False,72.08933125162466,False,,0,,,0.0,right_S1,52.66354882265322
pr_Agency_EBCI,test,05_15 Arina,01_calib_MI,test/05_15 Arina/01_calib_MI,C:\Users\hodor\Documents\lab-Shishkin\projects\BCI_classifier\data\pr_Agency_EBCI\trans\test\05_15 Arina\EPOCHS_01_calib_MI.hdf,"MATRIX_[10, 14]_robust_concat_01_calib_MI.hdf","C:\Users\hodor\Documents\lab-Shishkin\projects\BCI_classifier\data\pr_Agency_EBCI\features\csp\test\05_15 Arina\MATRIX_[10, 14]_robust_concat_01_calib_MI.hdf","[10, 14]",0,1,0,first5,0.06731709710824363,0.433,2.629,0.1346635314282436,2.099237236433718,1.6364268173000474,0.40313532948797653,0.5714285714285714,0.5714285714285714,2.571527855757217,0.6334983749096774,3.2050262306668946,0.4180149458328724,0.09732734721360756,63.2066204224336,0.764132408448672,1.3877763578787654,8.426013960423266,6.728110407162748,1.0604448907340271,5.141167209733846,36.7933795775664,-51.44490267964341,-6.2370287054854305,54.86692833328028,0.653806137375245,0.6445566074416608,-0.3963386361859752,0.0004941448190848134,,23.5659079900463,True,25.731386854190816,True,51.540763793273456,False,23.538381015803875,True,89.23798521517604,False,96.46163962747117,False,79.4725391626895,False,left_M1;left_S1;left_PMd,3,1;0.8;0.6,left_M1,1.0,left_PMd,23.538381015803875
pr_Agency_EBCI,test,05_15 Arina,01_calib_MI,test/05_15 Arina/01_calib_MI,C:\Users\hodor\Documents\lab-Shishkin\projects\BCI_classifier\data\pr_Agency_EBCI\trans\test\05_15 Arina\EPOCHS_01_calib_MI.hdf,"MATRIX_[10, 14]_robust_concat_01_calib_MI.hdf","C:\Users\hodor\Documents\lab-Shishkin\projects\BCI_classifier\data\pr_Agency_EBCI\features\csp\test\05_15 Arina\MATRIX_[10, 14]_robust_concat_01_calib_MI.hdf","[10, 14]",1,2,1,first5,0.20198062853648724,0.298,1.374,0.0601966317406919,1.6677543850349048,0.40566460620745637,0.2177746352239631,0.6071428571428572,0.6071428571428572,0.6519609742619835,0.34999494946708354,1.0019559237290672,0.24257927872552987,0.1260768298588141,55.58438410848261,0.6116876821696522,0.298582865271262,1.3766874392037385,1.6710163854108504,0.18263946079335178,1.0221401396594734,44.41561589151739,-7.838634350274317,-37.34267656655156,58.673156959025015,0.10967537752061167,0.36212913986975226,-0.925653173506635,0.0003793347870019891,,31.276753369631216,True,35.57309131935299,False,32.31502287055116,True,35.70180809257112,False,45.90205494075662,False,50.81668423717857,False,46.39554017693404,False,left_M1;SMA,2,1;0.7,left_M1,1.0,left_M1,31.276753369631216
pr_Agency_EBCI,test,05_15 Arina,01_calib_MI,test/05_15 Arina/01_calib_MI,C:\Users\hodor\Documents\lab-Shishkin\projects\BCI_classifier\data\pr_Agency_EBCI\trans\test\05_15 Arina\EPOCHS_01_calib_MI.hdf,"MATRIX_[10, 14]_robust_concat_01_calib_MI.hdf","C:\Users\hodor\Documents\lab-Shishkin\projects\BCI_classifier\data\pr_Agency_EBCI\features\csp\test\05_15 Arina\MATRIX_[10, 14]_robust_concat_01_calib_MI.hdf","[10, 14]",2,3,2,first5,0.26217726027717914,0.238,1.035,0.07029518008794311,1.5429210114437217,0.3484371340392123,0.5395690801733422,0.4821428571428571,0.4821428571428571,0.5164336093795467,0.7997184581140607,1.3161520674936074,0.16086739887313528,0.2528773317609576,73.10572035076828,0.9621144070153658,0.31324419206347853,1.3622173898558836,2.0307186791909824,0.301376750098161,1.9537836978448588,26.89427964923172,-51.922863443329796,0.9809516231615496,55.872120451240654,0.8335636117781412,-0.5524068743325632,-0.004283726124306617,0.0002776400835953978,,29.62434602506285,True,32.76088978004967,True,52.43324618115518,False,25.553419351718162,True,91.40292234525188,False,98.97634544506059,False,80.42597805571096,False,left_M1;left_S1;left_PMd,3,1;0.8;0.6,left_M1,1.0,left_PMd,25.553419351718162
pr_Agency_EBCI,test,05_15 Arina,01_calib_MI,test/05_15 Arina/01_calib_MI,C:\Users\hodor\Documents\lab-Shishkin\projects\BCI_classifier\data\pr_Agency_EBCI\trans\test\05_15 Arina\EPOCHS_01_calib_MI.hdf,"MATRIX_[10, 14]_robust_concat_01_calib_MI.hdf","C:\Users\hodor\Documents\lab-Shishkin\projects\BCI_classifier\data\pr_Agency_EBCI\features\csp\test\05_15 Arina\MATRIX_[10, 14]_robust_concat_01_calib_MI.hdf","[10, 14]",3,4,3,first5,0.33247244036512225,0.168,0.697,0.02702470920429878,1.3541606045852888,0.17765067141663177,0.3914131020148157,0.5,0.5,0.2664760071249477,0.5871196530222236,0.8535956601471713,0.11614159852438777,0.2818523105173281,29.869170982631033,0.0,0.1434040709047248,0.5949561751225784,1.155905615216272,0.0,0.0,70.13082901736897,-2.3741168176897505,-18.432069591310995,64.00987965504272,-0.5496332917994267,0.8177105917542137,0.17103401029824486,0.00026707836841522413,,35.01228414306393,False,42.99145079253524,False,14.011118387028684,True,28.804029872912473,True,39.594606484494456,False,47.4037600472669,False,33.09944441377961,True,SMA;left_PMd;right_PMd,3,0.7;0.6;0.6,SMA,0.7,SMA,14.011118387028684
pr_Agency_EBCI,test,05_15 Arina,01_calib_MI,test/05_15 Arina/01_calib_MI,C:\Users\hodor\Documents\lab-Shishkin\projects\BCI_classifier\data\pr_Agency_EBCI\trans\test\05_15 Arina\EPOCHS_01_calib_MI.hdf,"MATRIX_[10, 14]_robust_concat_01_calib_MI.hdf","C:\Users\hodor\Documents\lab-Shishkin\projects\BCI_classifier\data\pr_Agency_EBCI\features\csp\test\05_15 Arina\MATRIX_[10, 14]_robust_concat_01_calib_MI.hdf","[10, 14]",4,5,4,first5,0.359497149569421,0.141,0.578,0.027545034870015916,1.297535399666689,0.17671701936301315,0.16846136721399319,0.4642857142857143,0.4642857142857143,0.25876420692441215,0.24667557342049004,0.5054397803449022,0.26574373169651194,0.25684802390600103,35.24651015987289,0.20493020319745783,0.0712670090286312,0.29214419303935346,0.6558260073972662,0.014604762641512455,0.13439855695809924,64.75348984012712,-63.45318097003863,-1.4411832658123382,56.41855640507279,-0.7911270975436183,-0.028313791643258243,-0.6109961086087148,0.00010109886102660845,,35.53522966415982,False,35.99122987194178,False,63.63638856091944,False,36.05719494513123,False,101.9804422767922,False,109.34122292466571,False,91.68902647512145,False,,0,,,0.0,left_M1,35.53522966415982
pr_Agency_EBCI,test,05_15 Arina,01_calib_MI,test/05_15 Arina/01_calib_MI,C:\Users\hodor\Documents\lab-Shishkin\projects\BCI_classifier\data\pr_Agency_EBCI\trans\test\05_15 Arina\EPOCHS_01_calib_MI.hdf,"MATRIX_[10, 14]_robust_concat_01_calib_MI.hdf","C:\Users\hodor\Documents\lab-Shishkin\projects\BCI_classifier\data\pr_Agency_EBCI\features\csp\test\05_15 Arina\MATRIX_[10, 14]_robust_concat_01_calib_MI.hdf","[10, 14]",51,52,-5,last5,0.8511233678531412,0.351,1.743,0.0030670820554957734,1.7063061832059159,0.2010625023297749,0.23276512224977766,0.5357142857142857,0.5357142857142857,0.30877455714929714,0.35746072345501567,0.6662352806043128,0.19292486532265962,0.1818596409536151,28.786222926327177,0.0,0.2338485834921138,1.1612480940933172,1.1368013787650673,0.0,0.0,71.21377707367282,37.36939722708921,16.998628484092812,67.33289518352368,-0.9628983622084485,-0.26756574510501974,0.035147063926920734,0.00013875658140388364,,84.80796248161965,False,93.50652367768883,False,44.86102644581316,False,70.89798327991713,False,42.55816372428397,False,49.652907630220334,False,29.002612705158437,True,right_PMd,1,0.6,right_PMd,0.6,right_PMd,29.002612705158437
pr_Agency_EBCI,test,05_15 Arina,01_calib_MI,test/05_15 Arina/01_calib_MI,C:\Users\hodor\Documents\lab-Shishkin\projects\BCI_classifier\data\pr_Agency_EBCI\trans\test\05_15 Arina\EPOCHS_01_calib_MI.hdf,"MATRIX_[10, 14]_robust_concat_01_calib_MI.hdf","C:\Users\hodor\Documents\lab-Shishkin\projects\BCI_classifier\data\pr_Agency_EBCI\features\csp\test\05_15 Arina\MATRIX_[10, 14]_robust_concat_01_calib_MI.hdf","[10, 14]",52,53,-4,last5,0.8569251874806354,0.357,1.79,0.005801819627494154,1.7222849984280617,0.1305826895388247,0.04949949660882429,0.5178571428571428,0.5178571428571428,0.1982058680500018,0.07513316449553686,0.27333903254553865,0.18118844309792875,0.07918807061517855,56.00485668794614,0.6200971337589227,0.0975820346187573,0.4892768682565142,0.47076771523802097,0.06051033997345537,0.29192171088533353,43.99514331205386,24.876299508976135,-70.53965922883904,40.50314981475846,-0.6360611518564642,0.14243846673264465,-0.7583782000386624,9.303684110225495e-05,,78.17938403893223,False,79.04480356472881,False,71.3466022809758,False,83.35025130067746,False,50.29740509623025,False,45.48475187443122,False,64.5067348955189,False,,0,,,0.0,right_S1,45.48475187443122
pr_Agency_EBCI,test,05_15 Arina,01_calib_MI,test/05_15 Arina/01_calib_MI,C:\Users\hodor\Documents\lab-Shishkin\projects\BCI_classifier\data\pr_Agency_EBCI\trans\test\05_15 Arina\EPOCHS_01_calib_MI.hdf,"MATRIX_[10, 14]_robust_concat_01_calib_MI.hdf","C:\Users\hodor\Documents\lab-Shishkin\projects\BCI_classifier\data\pr_Agency_EBCI\features\csp\test\05_15 Arina\MATRIX_[10, 14]_robust_concat_01_calib_MI.hdf","[10, 14]",53,54,-3,last5,0.8623787534786528,0.362,1.835,0.0054535659980173845,1.7318967635651292,0.12735666669839893,0.1519114573060308,0.4821428571428571,0.4821428571428571,0.18876077385655557,0.22515448136429567,0.41391525522085126,0.12731953877565053,0.21836466114818714,39.772430569883745,0.2954486113976749,0.14983732238994815,0.759534493330262,0.7168584909072268,0.04426922883565593,0.2117948457071729,60.227569430116255,18.37372633140345,-72.08781919896226,33.95565541848489,-0.7412368414946964,0.6591153145380776,-0.12702341104039624,0.00018286793886195825,,75.86101501102536,False,75.77578589127393,False,72.68647860593241,False,82.12018139024872,False,55.75909797316415,False,51.52847468889807,False,68.45339175271133,False,,0,,,0.0,right_S1,51.52847468889807
pr_Agency_EBCI,test,05_15 Arina,01_calib_MI,test/05_15 Arina/01_calib_MI,C:\Users\hodor\Documents\lab-Shishkin\projects\BCI_classifier\data\pr_Agency_EBCI\trans\test\05_15 Arina\EPOCHS_01_calib_MI.hdf,"MATRIX_[10, 14]_robust_concat_01_calib_MI.hdf","C:\Users\hodor\Documents\lab-Shishkin\projects\BCI_classifier\data\pr_Agency_EBCI\features\csp\test\05_15 Arina\MATRIX_[10, 14]_robust_concat_01_calib_MI.hdf","[10, 14]",54,55,-2,last5,0.8733874481975654,0.373,1.931,0.011008694718912637,1.7624249725206176,0.14278309229189282,0.13097046246533245,0.5,0.5,0.21417463843783924,0.19645569369799867,0.4106303321358379,0.12305971847332776,0.12457921893285773,47.1472096802348,0.44294419360469606,0.15316511388666754,0.792927171354303,0.7237051518306361,0.06784359785890139,0.32056099488518525,52.8527903197652,21.636841035761154,-77.24893336986968,28.235472937491643,-0.3694814683474127,0.6509262926630521,-0.6631579043242828,0.00014474750245315886,,83.23655034067174,False,82.74576719147518,False,80.19033899171221,False,89.61082369824993,False,61.74640235240896,False,56.673386118158994,False,74.87839159512966,False,,0,,,0.0,right_S1,56.673386118158994
pr_Agency_EBCI,test,05_15 Arina,01_calib_MI,test/05_15 Arina/01_calib_MI,C:\Users\hodor\Documents\lab-Shishkin\projects\BCI_classifier\data\pr_Agency_EBCI\trans\test\05_15 Arina\EPOCHS_01_calib_MI.hdf,"MATRIX_[10, 14]_robust_concat_01_calib_MI.hdf","C:\Users\hodor\Documents\lab-Shishkin\projects\BCI_classifier\data\pr_Agency_EBCI\features\csp\test\05_15 Arina\MATRIX_[10, 14]_robust_concat_01_calib_MI.hdf","[10, 14]",55,56,-1,last5,0.8867087131395703,0.387,2.058,0.013321264942004918,1.7946213181302237,0.4878719856130359,0.4464880446301023,0.5,0.5,0.7318079784195539,0.6697320669451534,1.4015400453647073,0.20579053103019224,0.19181936713710018,60.920675985731656,0.7184135197146331,0.5423959975561418,2.8843694133605675,2.5152336436247045,0.3896646176834373,1.806977854821085,39.079324014268344,-21.846547903489547,-82.24363547920741,-3.257181617647393,0.48283781349812316,0.3691277141707929,-0.7941110605497174,0.0003865122625050257,,84.2855554252913,False,78.66965869899468,False,100.21380097632839,False,95.19136491899002,False,101.24207500566327,False,99.29317825310335,False,107.2763222725833,False,,0,,,0.0,left_S1,78.66965869899468
pr_Agency_EBCI,test,05_15 Arina,01_calib_MI,test/05_15 Arina/01_calib_MI,C:\Users\hodor\Documents\lab-Shishkin\projects\BCI_classifier\data\pr_Agency_EBCI\trans\test\05_15 Arina\EPOCHS_01_calib_MI.hdf,"MATRIX_[8, 15]_robust_concat_01_calib_MI.hdf","C:\Users\hodor\Documents\lab-Shishkin\projects\BCI_classifier\data\pr_Agency_EBCI\features\csp\test\05_15 Arina\MATRIX_[8, 15]_robust_concat_01_calib_MI.hdf","[8, 15]",0,1,0,first5,0.09254235187034832,0.407,2.283,0.1394249419817305,2.040983805546257,1.489884778795834,0.35816086645677264,0.5714285714285714,0.5714285714285714,2.3412475095363106,0.5628242187177855,2.904071728254096,0.4233102347767071,0.09553479767802496,62.74182735610968,0.7548365471221936,1.181957193399417,6.629995755604101,5.927163367511341,0.8921844867118548,4.474039530561414,37.25817264389032,-52.148078584949445,-6.5662771418241785,53.75109763814063,0.6102507394910218,0.6594608140551645,-0.4389823113479183,0.00047179650237049245,,23.86949300916468,True,25.596664018938153,True,52.323951888060115,False,24.294913509048072,True,89.88368045839735,False,97.03641796341161,False,80.19244118946912,False,left_M1;left_S1;left_PMd,3,1;0.8;0.6,left_M1,1.0,left_M1,23.86949300916468
pr_Agency_EBCI,test,05_15 Arina,01_calib_MI,test/05_15 Arina/01_calib_MI,C:\Users\hodor\Documents\lab-Shishkin\projects\BCI_classifier\data\pr_Agency_EBCI\trans\test\05_15 Arina\EPOCHS_01_calib_MI.hdf,"MATRIX_[8, 15]_robust_concat_01_calib_MI.hdf","C:\Users\hodor\Documents\lab-Shishkin\projects\BCI_classifier\data\pr_Agency_EBCI\features\csp\test\05_15 Arina\MATRIX_[8, 15]_robust_concat_01_calib_MI.hdf","[8, 15]",1,2,1,first5,0.23196729385207882,0.268,1.197,0.05168829607199399,1.5914098533891776,0.5407962467739273,0.32138429231015125,0.625,0.625,0.878793901007632,0.5222494750039958,1.4010433760116277,0.261986754723143,0.15507144934599096,57.84106737517825,0.656821347503565,0.37547962477111624,1.6770489210859183,2.229634233610543,0.24662303310229755,1.4644713617601552,42.15893262482175,-9.65358448257817,-37.16456454662177,52.894357307655994,0.2450365941517317,0.27800939775904665,-0.9287991399027951,0.0004435405462350517,,29.615610526398513,True,33.14244192817082,True,33.02255841155731,True,34.59491008897803,True,47.61512944792424,False,52.15576334438322,False,47.72849532630615,False,left_M1;left_S1;SMA;left_PMd,4,1;0.8;0.7;0.6,left_M1,1.0,left_M1,29.615610526398513
pr_Agency_EBCI,test,05_15 Arina,01_calib_MI,test/05_15 Arina/01_calib_MI,C:\Users\hodor\Documents\lab-Shishkin\projects\BCI_classifier\data\pr_Agency_EBCI\trans\test\05_15 Arina\EPOCHS_01_calib_MI.hdf,"MATRIX_[8, 15]_robust_concat_01_calib_MI.hdf","C:\Users\hodor\Documents\lab-Shishkin\projects\BCI_classifier\data\pr_Agency_EBCI\features\csp\test\05_15 Arina\MATRIX_[8, 15]_robust_concat_01_calib_MI.hdf","[8, 15]",2,3,2,first5,0.2836555899240728,0.216,0.926,0.10170789334005703,1.5198756198458092,0.1569096252001172,0.2419157760971397,0.4821428571428571,0.4821428571428571,0.23256248020731657,0.3585537395725464,0.591116219779863,0.16521386723879689,0.26471284659832567,72.7652276886142,0.9553045537722842,0.1276811034724504,0.5473736195161532,0.8984231309388307,0.12197433957790207,0.8582677082002181,27.234772311385797,-56.85242776329801,5.614567529443673,57.315748421130635,0.8799549425940555,-0.46771927122705775,-0.08317440908790728,0.00021209959188843382,,36.243310382569206,False,38.95188329272465,False,58.03072394602889,False,31.930396658322607,True,97.46962165414494,False,105.20673493785513,False,85.94778729116415,False,left_PMd,1,0.6,left_PMd,0.6,left_PMd,31.930396658322607
pr_Agency_EBCI,test,05_15 Arina,01_calib_MI,test/05_15 Arina/01_calib_MI,C:\Users\hodor\Documents\lab-Shishkin\projects\BCI_classifier\data\pr_Agency_EBCI\trans\test\05_15 Arina\EPOCHS_01_calib_MI.hdf,"MATRIX_[8, 15]_robust_concat_01_calib_MI.hdf","C:\Users\hodor\Documents\lab-Shishkin\projects\BCI_classifier\data\pr_Agency_EBCI\features\csp\test\05_15 Arina\MATRIX_[8, 15]_robust_concat_01_calib_MI.hdf","[8, 15]",3,4,3,first5,0.38536348326412984,0.115,0.467,0.021323506178352714,1.2398088128420424,0.11919953407519739,0.5919143555382325,0.5892857142857143,0.5892857142857143,0.18944211665522442,0.9407210293375481,1.1301631459927726,0.06282052896616235,0.3523452211504596,53.95383648782681,0.5790767297565362,0.12996876178916886,0.5277861891786249,1.4011862283511272,0.07526188554737817,0.8113943388934659,46.04616351217319,1.7075050238721878,-21.041106836453267,76.89355303294411,0.6385453699175558,-0.6127096735129977,0.4656679788652508,0.00015602095301340562,,43.210548969193596,False,51.091063257008635,False,24.209849534452328,True,38.58946592793981,False,40.26500737341895,False,48.2020321223196,False,36.02646690878725,False,SMA,1,0.7,SMA,0.7,SMA,24.209849534452328
pr_Agency_EBCI,test,05_15 Arina,01_calib_MI,test/05_15 Arina/01_calib_MI,C:\Users\hodor\Documents\lab-Shishkin\projects\BCI_classifier\data\pr_Agency_EBCI\trans\test\05_15 Arina\EPOCHS_01_calib_MI.hdf,"MATRIX_[8, 15]_robust_concat_01_calib_MI.hdf","C:\Users\hodor\Documents\lab-Shishkin\projects\BCI_classifier\data\pr_Agency_EBCI\features\csp\test\05_15 Arina\MATRIX_[8, 15]_robust_concat_01_calib_MI.hdf","[8, 15]",4,5,4,first5,0.40668698944248255,0.093,0.378,0.008653569690921181,1.1892191279250226,0.17067474664510335,0.13054563236773223,0.4464285714285714,0.4464285714285714,0.24686882996881018,0.1888249325318984,0.43569376250070857,0.16330295512979598,0.1307491779134144,47.41636805464183,0.4483273610928366,0.040519519912565895,0.16469224222526785,0.5181353562834645,0.018166009435149313,0.23229425697146233,52.58363194535817,-37.923517558008434,-40.00727508068865,64.67269647271239,0.1097237359563973,0.9733144197971753,0.20154339974967894,0.00011332712034716747,,18.307059824357392,True,16.654143614426246,True,51.373269514438626,False,34.61441206958125,True,76.13235165004306,False,81.53840475061645,False,73.79425105941327,False,left_M1;left_S1;left_PMd,3,1;0.8;0.6,left_M1,1.0,left_S1,16.654143614426246
pr_Agency_EBCI,test,05_15 Arina,01_calib_MI,test/05_15 Arina/01_calib_MI,C:\Users\hodor\Documents\lab-Shishkin\projects\BCI_classifier\data\pr_Agency_EBCI\trans\test\05_15 Arina\EPOCHS_01_calib_MI.hdf,"MATRIX_[8, 15]_robust_concat_01_calib_MI.hdf","C:\Users\hodor\Documents\lab-Shishkin\projects\BCI_classifier\data\pr_Agency_EBCI\features\csp\test\05_15 Arina\MATRIX_[8, 15]_robust_concat_01_calib_MI.hdf","[8, 15]",51,52,-5,last5,0.7925526523192675,0.293,1.34,0.009847515700432963,1.5975412884009073,0.1757941342623977,0.16938818755829138,0.4464285714285714,0.4464285714285714,0.2542736584866824,0.2450079141468143,0.4992815726334967,0.170199035475745,0.1585544493606109,46.09559979745957,0.42191199594919143,0.14628950078161454,0.6690373073288857,0.7976229268197474,0.061721295261181794,0.3365266810693555,53.90440020254043,26.145223907518975,-72.34892573225684,31.09932608286536,-0.3443255358679114,0.716314881230202,-0.6069043716084412,0.0001565874083975164,,82.58142064354685,False,82.90983791006043,False,76.21941311893477,False,87.70708680841213,False,55.27005330939796,False,49.816097858115164,False,69.0236770882008,False,,0,,,0.0,right_S1,49.816097858115164
pr_Agency_EBCI,test,05_15 Arina,01_calib_MI,test/05_15 Arina/01_calib_MI,C:\Users\hodor\Documents\lab-Shishkin\projects\BCI_classifier\data\pr_Agency_EBCI\trans\test\05_15 Arina\EPOCHS_01_calib_MI.hdf,"MATRIX_[8, 15]_robust_concat_01_calib_MI.hdf","C:\Users\hodor\Documents\lab-Shishkin\projects\BCI_classifier\data\pr_Agency_EBCI\features\csp\test\05_15 Arina\MATRIX_[8, 15]_robust_concat_01_calib_MI.hdf","[8, 15]",52,53,-4,last5,0.7956220775409092,0.296,1.359,0.003069425221641664,1.5956341994624237,0.08919353736167718,0.08046060488462779,0.4821428571428571,0.4821428571428571,0.13219756430391438,0.11925411081114477,0.25145167511505917,0.11774191668954688,0.11709850813919129,19.72883051505788,0.0,0.07442969583405751,0.3417228264813654,0.4012248923257029,0.0,0.0,80.27116948494212,-19.29415270043201,-81.7797123009148,14.278258759574085,-0.9004463279070509,-0.39696917687915767,0.17779730922202297,7.044528546989195e-05,,73.20030177332622,False,67.96781495506866,False,89.59028843536427,False,85.20528983896604,False,90.2033379014781,False,88.66251475927712,False,97.06125137762544,False,,0,,,0.0,left_S1,67.96781495506866
pr_Agency_EBCI,test,05_15 Arina,01_calib_MI,test/05_15 Arina/01_calib_MI,C:\Users\hodor\Documents\lab-Shishkin\projects\BCI_classifier\data\pr_Agency_EBCI\trans\test\05_15 Arina\EPOCHS_01_calib_MI.hdf,"MATRIX_[8, 15]_robust_concat_01_calib_MI.hdf","C:\Users\hodor\Documents\lab-Shishkin\projects\BCI_classifier\data\pr_Agency_EBCI\features\csp\test\05_15 Arina\MATRIX_[8, 15]_robust_concat_01_calib_MI.hdf","[8, 15]",53,54,-3,last5,0.8110442068829783,0.311,1.457,0.015422129342069102,1.641185128901534,0.25588933975201855,0.2192048762676137,0.5178571428571428,0.5178571428571428,0.38840346212359955,0.33272168719191364,0.7211251493155132,0.1919176800303015,0.16196872732214346,34.138897107137886,0.0,0.2242699214371246,1.0506793425527028,1.1834998711335185,0.0,0.0,65.8611028928621,-3.425997304616735,-83.57012288487572,15.46908999863259,0.9658901257722172,0.19035273657418594,-0.17556224142579402,0.0002405887211992569,,79.07224454672433,False,75.44679672041832,False,88.53100997645048,False,89.2047069769688,False,82.13259687555109,False,79.16935444064033,False,91.33012342575663,False,,0,,,0.0,left_S1,75.44679672041832
pr_Agency_EBCI,test,05_15 Arina,01_calib_MI,test/05_15 Arina/01_calib_MI,C:\Users\hodor\Documents\lab-Shishkin\projects\BCI_classifier\data\pr_Agency_EBCI\trans\test\05_15 Arina\EPOCHS_01_calib_MI.hdf,"MATRIX_[8, 15]_robust_concat_01_calib_MI.hdf","C:\Users\hodor\Documents\lab-Shishkin\projects\BCI_classifier\data\pr_Agency_EBCI\features\csp\test\05_15 Arina\MATRIX_[8, 15]_robust_concat_01_calib_MI.hdf","[8, 15]",54,55,-2,last5,0.8236551164157604,0.324,1.541,0.0126109095327821,1.6643437387544857,0.3715474757948263,0.279882174438509,0.4642857142857143,0.4642857142857143,0.5440516609852813,0.40982746971353107,0.9538791306988124,0.24511218222032347,0.17897716642213343,40.89380538051181,0.31787610761023616,0.30905683834641523,1.4699277404068698,1.58758275870714,0.09824178480388444,0.5046546278469465,59.10619461948819,-19.750295740523292,-82.81185989359653,0.6253286773539185,-0.6501430286552079,-0.4096677805295945,0.639911206252078,0.00019600426476400762,,82.3968565951127,False,76.96426923296914,False,97.88763410938739,False,93.44103073703238,False,98.14929731480974,False,96.13297261071705,False,104.61003464361168,False,,0,,,0.0,left_S1,76.96426923296914
pr_Agency_EBCI,test,05_15 Arina,01_calib_MI,test/05_15 Arina/01_calib_MI,C:\Users\hodor\Documents\lab-Shishkin\projects\BCI_classifier\data\pr_Agency_EBCI\trans\test\05_15 Arina\EPOCHS_01_calib_MI.hdf,"MATRIX_[8, 15]_robust_concat_01_calib_MI.hdf","C:\Users\hodor\Documents\lab-Shishkin\projects\BCI_classifier\data\pr_Agency_EBCI\features\csp\test\05_15 Arina\MATRIX_[8, 15]_robust_concat_01_calib_MI.hdf","[8, 15]",55,56,-1,last5,0.8249705423269255,0.325,1.55,0.001315425911165069,1.6517100536845146,0.22585232181136278,0.373085093526483,0.5892857142857143,0.5892857142857143,0.3589438685930587,0.5929388093545891,0.9518826779476478,0.12858078985015184,0.22968419347497565,33.345802313807276,0.0,0.30936187033298557,1.4754181508188542,1.5722341890942688,0.0,0.0,66.65419768619273,-21.88386297180539,-81.83268034102753,-8.030757745829881,0.31705737691980357,0.258510565286204,-0.91249488073969,0.00031629619492854074,,87.42895502939167,False,81.82284275073043,False,102.90558699488425,False,97.92144686427565,False,103.89946316257542,False,101.84039755948551,False,109.72512204976289,False,,0,,,0.0,left_S1,81.82284275073043
pr_Agency_EBCI,test,05_15 Arina,02_calib_MI,test/05_15 Arina/02_calib_MI,C:\Users\hodor\Documents\lab-Shishkin\projects\BCI_classifier\data\pr_Agency_EBCI\trans\test\05_15 Arina\EPOCHS_02_calib_MI.hdf,"MATRIX_[8, 12]_robust_concat_02_calib_MI.hdf","C:\Users\hodor\Documents\lab-Shishkin\projects\BCI_classifier\data\pr_Agency_EBCI\features\csp\test\05_15 Arina\MATRIX_[8, 12]_robust_concat_02_calib_MI.hdf","[8, 12]",0,1,0,first5,0.11464841745795484,0.385,2.044,0.1098051650533805,1.9390999541822058,1.1910758917274695,0.3576326987505296,0.5357142857142857,0.5357142857142857,1.8291522622957566,0.5492216445097419,2.3783739068054985,0.38200058409091925,0.108739671926747,36.39087097222871,0.22781741944457423,0.915673954120117,4.8613962655104395,4.611904733714696,0.2086064772802545,1.0506722351590982,63.60912902777129,-44.47395725090922,-13.246130000058255,71.09986332306613,0.9551114090791518,0.2789389837735881,-0.09977594689199971,0.0002274811885506798,,20.38282472674388,True,25.52679775087508,True,46.92595968775128,False,22.95471672353143,True,82.58153176087309,False,90.12903095876949,False,74.21591629805164,False,left_M1;left_S1;left_PMd,3,1;0.8;0.6,left_M1,1.0,left_M1,20.38282472674388
pr_Agency_EBCI,test,05_15 Arina,02_calib_MI,test/05_15 Arina/02_calib_MI,C:\Users\hodor\Documents\lab-Shishkin\projects\BCI_classifier\data\pr_Agency_EBCI\trans\test\05_15 Arina\EPOCHS_02_calib_MI.hdf,"MATRIX_[8, 12]_robust_concat_02_calib_MI.hdf","C:\Users\hodor\Documents\lab-Shishkin\projects\BCI_classifier\data\pr_Agency_EBCI\features\csp\test\05_15 Arina\MATRIX_[8, 12]_robust_concat_02_calib_MI.hdf","[8, 12]",1,2,1,first5,0.22445358251133535,0.276,1.24,0.003990377189580091,1.5564053764172965,0.785429119149812,0.323711593100359,0.5892857142857143,0.5892857142857143,1.2482712786488084,0.5144702104630706,1.7627414891118791,0.3102165980079863,0.11809363177580601,42.43314757029742,0.34866295140594844,0.4865166509948787,2.1857994464987303,2.74354033088756,0.16963033144401216,0.956570869068509,57.56685242970258,-7.826559534798503,-47.92521410482668,66.72863448613133,0.5517466813242171,0.03800441796718932,-0.8331454037937723,0.00018690682696169547,,38.487169492508244,False,41.30460032198115,False,43.533523540827524,False,46.00102193926008,False,51.071389138695274,False,54.96300582759966,False,54.70528939100605,False,,0,,,0.0,left_M1,38.487169492508244
pr_Agency_EBCI,test,05_15 Arina,02_calib_MI,test/05_15 Arina/02_calib_MI,C:\Users\hodor\Documents\lab-Shishkin\projects\BCI_classifier\data\pr_Agency_EBCI\trans\test\05_15 Arina\EPOCHS_02_calib_MI.hdf,"MATRIX_[8, 12]_robust_concat_02_calib_MI.hdf","C:\Users\hodor\Documents\lab-Shishkin\projects\BCI_classifier\data\pr_Agency_EBCI\features\csp\test\05_15 Arina\MATRIX_[8, 12]_robust_concat_02_calib_MI.hdf","[8, 12]",2,3,2,first5,0.22844395970091544,0.272,1.217,0.04401001500522242,1.5918828963256821,0.18320931787090342,0.21067613850407818,0.4642857142857143,0.4642857142857143,0.2682707868823943,0.3084900599524002,0.5767608468347944,0.17528924304383411,0.20934810334542225,67.60618751371769,0.8521237502743537,0.1568789503390641,0.7019179505979449,0.9181357273466257,0.1336802795020274,0.7823652592474782,32.393812486282314,-58.23849854744172,4.209106535065733,55.3360492072724,0.845327653446149,-0.15831975377941837,-0.5102509322700464,0.0001372368564325274,,35.92694448191245,False,38.01422140878446,False,59.186528899157175,False,32.61701867803652,True,98.37219693916583,False,105.96767802158494,False,87.10098590002788,False,left_PMd,1,0.6,left_PMd,0.6,left_PMd,32.61701867803652
pr_Agency_EBCI,test,05_15 Arina,02_calib_MI,test/05_15 Arina/02_calib_MI,C:\Users\hodor\Documents\lab-Shishkin\projects\BCI_classifier\data\pr_Agency_EBCI\trans\test\05_15 Arina\EPOCHS_02_calib_MI.hdf,"MATRIX_[8, 12]_robust_concat_02_calib_MI.hdf","C:\Users\hodor\Documents\lab-Shishkin\projects\BCI_classifier\data\pr_Agency_EBCI\features\csp\test\05_15 Arina\MATRIX_[8, 12]_robust_concat_02_calib_MI.hdf","[8, 12]",3,4,3,first5,0.27245397470613786,0.228,0.982,0.07365456930568792,1.5231729672067873,0.5150264116024215,0.5194447296737379,0.5714285714285714,0.5714285714285714,0.8093272182323765,0.8162702894873024,1.625597507719679,0.20375550641964368,0.21330141605055788,35.12687025682267,0.2025374051364534,0.3706362317600868,1.5963367525807246,2.4760661793173417,0.07506770063024114,0.5014960189050668,64.87312974317733,-32.320615203553785,-56.15528820391949,55.03245180842827,-0.7202562660610536,-0.1083445072819884,0.6851951393155179,0.0001384998710126997,,32.379570433538134,True,28.053259258742184,True,59.74095282319925,False,48.35840823727288,False,75.5155955466962,False,78.84699556251488,False,77.1909615825633,False,left_M1;left_S1,2,1;0.8,left_M1,1.0,left_S1,28.053259258742184
pr_Agency_EBCI,test,05_15 Arina,02_calib_MI,test/05_15 Arina/02_calib_MI,C:\Users\hodor\Documents\lab-Shishkin\projects\BCI_classifier\data\pr_Agency_EBCI\trans\test\05_15 Arina\EPOCHS_02_calib_MI.hdf,"MATRIX_[8, 12]_robust_concat_02_calib_MI.hdf","C:\Users\hodor\Documents\lab-Shishkin\projects\BCI_classifier\data\pr_Agency_EBCI\features\csp\test\05_15 Arina\MATRIX_[8, 12]_robust_concat_02_calib_MI.hdf","[8, 12]",4,5,4,first5,0.3461085440118258,0.154,0.636,0.035254746899832545,1.3297169240902968,0.36825600381956025,0.13433828431782358,0.5892857142857143,0.5892857142857143,0.5852640060703725,0.21350191614796962,0.7987659222183422,0.2509924606184001,0.09799189225692798,45.45025536891739,0.40900510737834783,0.1230099520216247,0.5080151265308657,1.0621325651603233,0.050311698635210025,0.43441764386343806,54.54974463108261,21.006104844262726,-29.16025350829163,76.97768211770581,0.5123734546372407,-0.01085271014455666,-0.8586941607264007,0.0001241222120707857,,60.96217969213719,False,67.7817012606627,False,36.57603316185592,False,57.35344616998662,False,26.2965445494763,True,32.63944564409123,True,30.606111236420215,True,right_M1;right_S1;right_PMd,3,1;0.8;0.6,right_M1,1.0,right_M1,26.2965445494763
pr_Agency_EBCI,test,05_15 Arina,02_calib_MI,test/05_15 Arina/02_calib_MI,C:\Users\hodor\Documents\lab-Shishkin\projects\BCI_classifier\data\pr_Agency_EBCI\trans\test\05_15 Arina\EPOCHS_02_calib_MI.hdf,"MATRIX_[8, 12]_robust_concat_02_calib_MI.hdf","C:\Users\hodor\Documents\lab-Shishkin\projects\BCI_classifier\data\pr_Agency_EBCI\features\csp\test\05_15 Arina\MATRIX_[8, 12]_robust_concat_02_calib_MI.hdf","[8, 12]",51,52,-5,last5,0.8578358129869287,0.358,1.797,0.001242937951408507,1.717779887146417,0.08618462553659986,0.2218161340016168,0.4821428571428571,0.4821428571428571,0.12773792713460339,0.3287631986095392,0.4565011257441426,0.08577974197925892,0.25519174160301417,30.54115784957388,0.0,0.16342740301640304,0.8203325229622243,0.7841684522629856,0.0,0.0,69.45884215042612,45.09482515772649,17.23409939913231,69.8372310801494,0.9713283740585237,-0.09625123149433693,-0.2173864995455063,6.441376417994454e-05,,92.0222287525422,False,100.67142359134843,False,52.09113811906529,False,78.55623591599426,False,44.434623458206445,False,50.58463107911982,False,33.47329956284532,True,right_PMd,1,0.6,right_PMd,0.6,right_PMd,33.47329956284532
pr_Agency_EBCI,test,05_15 Arina,02_calib_MI,test/05_15 Arina/02_calib_MI,C:\Users\hodor\Documents\lab-Shishkin\projects\BCI_classifier\data\pr_Agency_EBCI\trans\test\05_15 Arina\EPOCHS_02_calib_MI.hdf,"MATRIX_[8, 12]_robust_concat_02_calib_MI.hdf","C:\Users\hodor\Documents\lab-Shishkin\projects\BCI_classifier\data\pr_Agency_EBCI\features\csp\test\05_15 Arina\MATRIX_[8, 12]_robust_concat_02_calib_MI.hdf","[8, 12]",52,53,-4,last5,0.8632586578227118,0.363,1.843,0.005422844835783147,1.7338739707015571,0.11785155541112625,0.058395666864450274,0.4642857142857143,0.4642857142857143,0.17256834899486345,0.08550794076580219,0.25807628976066566,0.2708855632840004,0.11789416658400656,42.27019077106785,0.34540381542135706,0.09368169318312163,0.4756346020289068,0.447471761271251,0.03235801426058314,0.15455845363640472,57.72980922893215,50.0898886386719,10.53097285699965,55.697082855490514,-0.4475610662754918,-0.8931167889941176,0.045072088604608034,8.684003074339199e-05,,92.75747285834288,False,100.68254949025774,False,52.797475648063774,False,80.25907687871494,False,37.29617684290791,False,41.49547542276528,False,28.83490755823957,True,right_PMd,1,0.6,right_PMd,0.6,right_PMd,28.83490755823957
pr_Agency_EBCI,test,05_15 Arina,02_calib_MI,test/05_15 Arina/02_calib_MI,C:\Users\hodor\Documents\lab-Shishkin\projects\BCI_classifier\data\pr_Agency_EBCI\trans\test\05_15 Arina\EPOCHS_02_calib_MI.hdf,"MATRIX_[8, 12]_robust_concat_02_calib_MI.hdf","C:\Users\hodor\Documents\lab-Shishkin\projects\BCI_classifier\data\pr_Agency_EBCI\features\csp\test\05_15 Arina\MATRIX_[8, 12]_robust_concat_02_calib_MI.hdf","[8, 12]",53,54,-3,last5,0.8742005934127333,0.374,1.939,0.010941935590021434,1.764369135642672,0.11940164950692775,0.11530588032140751,0.5535714285714286,0.5535714285714286,0.18549899119826277,0.17913592121361524,0.364634912411878,0.20042731037258568,0.1680575382713368,41.99139692059033,0.3398279384118067,0.13637345724204236,0.7070270951666315,0.6433505852372866,0.04634351082865393,0.21862850305721643,58.00860307940967,52.98547721681138,-24.134944671006085,61.853762152297435,0.5528136748232608,0.6294743090865261,0.5460394996046009,0.00012611743410632787,,89.17791148543208,False,95.67516075069642,False,56.1354477744693,False,82.78436139094613,False,17.966390224046716,True,15.880057060580459,True,30.31298471981765,True,right_M1;right_S1;right_PMd,3,1;0.8;0.6,right_M1,1.0,right_S1,15.880057060580459
pr_Agency_EBCI,test,05_15 Arina,02_calib_MI,test/05_15 Arina/02_calib_MI,C:\Users\hodor\Documents\lab-Shishkin\projects\BCI_classifier\data\pr_Agency_EBCI\trans\test\05_15 Arina\EPOCHS_02_calib_MI.hdf,"MATRIX_[8, 12]_robust_concat_02_calib_MI.hdf","C:\Users\hodor\Documents\lab-Shishkin\projects\BCI_classifier\data\pr_Agency_EBCI\features\csp\test\05_15 Arina\MATRIX_[8, 12]_robust_concat_02_calib_MI.hdf","[8, 12]",54,55,-2,last5,0.8881977698767511,0.388,2.072,0.01399717646401788,1.7977236178721556,0.21429304879676447,0.15662705325002468,0.4464285714285714,0.4464285714285714,0.30995958843817717,0.22654984487949997,0.5365094333176772,0.19100771299519467,0.11841474453144558,33.331903130846925,0.0,0.20816566012725876,1.1116475458342272,0.9644956794863947,0.0,0.0,66.66809686915308,48.00317263212645,27.66717293629132,46.214578746357454,-0.15967004836768545,0.862823208075247,0.4796265080883247,0.00015033691982915026,,99.10491532009253,False,107.04926444116552,False,59.805344831358425,False,84.52445767070834,False,53.93818111112483,False,58.26673163304547,False,42.04793228839207,False,,0,,,0.0,right_PMd,42.04793228839207
pr_Agency_EBCI,test,05_15 Arina,02_calib_MI,test/05_15 Arina/02_calib_MI,C:\Users\hodor\Documents\lab-Shishkin\projects\BCI_classifier\data\pr_Agency_EBCI\trans\test\05_15 Arina\EPOCHS_02_calib_MI.hdf,"MATRIX_[8, 12]_robust_concat_02_calib_MI.hdf","C:\Users\hodor\Documents\lab-Shishkin\projects\BCI_classifier\data\pr_Agency_EBCI\features\csp\test\05_15 Arina\MATRIX_[8, 12]_robust_concat_02_calib_MI.hdf","[8, 12]",55,56,-1,last5,0.8934212730681721,0.393,2.126,0.005223503191420953,1.7942113470169136,0.2806680072751435,0.26976229994601075,0.5714285714285714,0.5714285714285714,0.44104972571808265,0.42391218562944544,0.8649619113475281,0.16002181180118247,0.15388618223820097,26.867890916130783,0.0,0.33993003115957854,1.8389090235248446,1.5519244760771727,0.0,0.0,73.13210908386921,44.35749993914537,-23.340845917553548,49.817112700151455,-0.3502961245285914,-0.6034291315771858,-0.7163559927188808,0.00022527225515083852,,80.59770701413771,False,86.64137075206679,False,48.32444911791171,False,74.2238334113253,False,10.416831797617217,True,7.393722744374024,True,23.262361296478236,True,right_M1;right_S1;right_PMd,3,1;0.8;0.6,right_M1,1.0,right_S1,7.393722744374024
pr_Agency_EBCI,test,05_15 Arina,02_calib_MI,test/05_15 Arina/02_calib_MI,C:\Users\hodor\Documents\lab-Shishkin\projects\BCI_classifier\data\pr_Agency_EBCI\trans\test\05_15 Arina\EPOCHS_02_calib_MI.hdf,"MATRIX_[9, 13]_robust_concat_02_calib_MI.hdf","C:\Users\hodor\Documents\lab-Shishkin\projects\BCI_classifier\data\pr_Agency_EBCI\features\csp\test\05_15 Arina\MATRIX_[9, 13]_robust_concat_02_calib_MI.hdf","[9, 13]",0,1,0,first5,0.11807216184580732,0.382,2.011,0.0977919556284087,1.9134261082002086,1.2999503317228778,0.4008005581542232,0.5535714285714286,0.5535714285714286,2.0195656939266136,0.6226722957038825,2.642237989630496,0.37458205534018085,0.10986300275291232,36.932034190350144,0.2386406838070029,1.0093349120388495,5.313540597146928,5.055727153437423,0.24086837359923216,1.206502185037939,63.067965809649856,-44.81379056766728,-12.344793651850557,70.02861184006903,0.9459828709631405,0.3083469554203646,-0.10019262910676505,0.00023898306119881423,,20.256571510203027,True,25.390048708781695,True,46.83182394831913,False,22.324487346630455,True,82.8463308245577,False,90.40669991102656,False,74.28005976618893,False,left_M1;left_S1;left_PMd,3,1;0.8;0.6,left_M1,1.0,left_M1,20.256571510203027
pr_Agency_EBCI,test,05_15 Arina,02_calib_MI,test/05_15 Arina/02_calib_MI,C:\Users\hodor\Documents\lab-Shishkin\projects\BCI_classifier\data\pr_Agency_EBCI\trans\test\05_15 Arina\EPOCHS_02_calib_MI.hdf,"MATRIX_[9, 13]_robust_concat_02_calib_MI.hdf","C:\Users\hodor\Documents\lab-Shishkin\projects\BCI_classifier\data\pr_Agency_EBCI\features\csp\test\05_15 Arina\MATRIX_[9, 13]_robust_concat_02_calib_MI.hdf","[9, 13]",1,2,1,first5,0.21586411747421602,0.284,1.29,0.054348731867849776,1.6297401594018772,0.7986771235099772,0.30594597876557744,0.5714285714285714,0.5714285714285714,1.2550640512299642,0.4807722523459074,1.7358363035758717,0.3025281920499937,0.09952298892632865,46.243923272076884,0.4248784654415377,0.49297751021554753,2.239228831612875,2.8289621340853066,0.2094555280375718,1.2019650903223826,53.756076727923116,-5.686760686935382,-48.190292289239096,69.743823773612,-0.6576899235601573,-0.13927810954833872,0.7403010013825967,0.00019546674169121863,,41.14553937682734,False,44.321342094806326,False,44.16194524007695,False,47.97950536277616,False,50.11834942941301,False,54.034777324330626,False,54.21208473941422,False,,0,,,0.0,left_M1,41.14553937682734
pr_Agency_EBCI,test,05_15 Arina,02_calib_MI,test/05_15 Arina/02_calib_MI,C:\Users\hodor\Documents\lab-Shishkin\projects\BCI_classifier\data\pr_Agency_EBCI\trans\test\05_15 Arina\EPOCHS_02_calib_MI.hdf,"MATRIX_[9, 13]_robust_concat_02_calib_MI.hdf","C:\Users\hodor\Documents\lab-Shishkin\projects\BCI_classifier\data\pr_Agency_EBCI\features\csp\test\05_15 Arina\MATRIX_[9, 13]_robust_concat_02_calib_MI.hdf","[9, 13]",2,3,2,first5,0.2702128493420658,0.23,0.994,0.019811232739018414,1.478226334119897,0.3297548274833745,0.6962920857313382,0.5714285714285714,0.5714285714285714,0.5181861574738742,1.094173277577817,1.6123594350516912,0.12499009942201277,0.2786904707972029,27.465119133243,0.0,0.370842670061889,1.602685278441381,2.3834321769600897,0.0,0.0,72.53488086675699,-36.261497398141444,-41.23714787414179,64.7998934535511,0.6303461484907712,0.7761460677215838,-0.016155947609879425,0.00012151509666111573,,19.355251807148292,True,17.973346290524958,True,51.01755908350772,False,35.36097372614218,False,74.80829765373949,False,80.09352495531016,False,72.88131565396415,False,left_M1;left_S1,2,1;0.8,left_M1,1.0,left_S1,17.973346290524958
pr_Agency_EBCI,test,05_15 Arina,02_calib_MI,test/05_15 Arina/02_calib_MI,C:\Users\hodor\Documents\lab-Shishkin\projects\BCI_classifier\data\pr_Agency_EBCI\trans\test\05_15 Arina\EPOCHS_02_calib_MI.hdf,"MATRIX_[9, 13]_robust_concat_02_calib_MI.hdf","C:\Users\hodor\Documents\lab-Shishkin\projects\BCI_classifier\data\pr_Agency_EBCI\features\csp\test\05_15 Arina\MATRIX_[9, 13]_robust_concat_02_calib_MI.hdf","[9, 13]",3,4,3,first5,0.2900240820810842,0.21,0.895,0.0634112010507406,1.473265408882622,0.2059863639069871,0.28426372841568026,0.5535714285714286,0.5535714285714286,0.32001452964121213,0.441624006645789,0.7616385362870011,0.16274181982274072,0.2408192734772143,37.24185499848509,0.24483709996970177,0.1599440926202702,0.681666489976866,1.1220957095836304,0.039160247794432335,0.27473065942290076,62.75814500151491,-65.72896768789899,6.4307464534142555,52.929559448301895,0.8160448002660929,-0.5056155976363984,-0.28004240997652546,0.00010230829049895722,,42.65289503283029,False,43.48709320538954,False,67.08598973030244,False,40.511097876739484,False,106.2273072318935,False,113.72595942449229,False,94.88305134334294,False,,0,,,0.0,left_PMd,40.511097876739484
pr_Agency_EBCI,test,05_15 Arina,02_calib_MI,test/05_15 Arina/02_calib_MI,C:\Users\hodor\Documents\lab-Shishkin\projects\BCI_classifier\data\pr_Agency_EBCI\trans\test\05_15 Arina\EPOCHS_02_calib_MI.hdf,"MATRIX_[9, 13]_robust_concat_02_calib_MI.hdf","C:\Users\hodor\Documents\lab-Shishkin\projects\BCI_classifier\data\pr_Agency_EBCI\features\csp\test\05_15 Arina\MATRIX_[9, 13]_robust_concat_02_calib_MI.hdf","[9, 13]",4,5,4,first5,0.3534352831318248,0.147,0.604,0.07560546665447976,1.3384560143928341,0.23213604412277616,0.32290245997905437,0.5714285714285714,0.5714285714285714,0.36478521219293397,0.5074181513956568,0.8722033635885909,0.15591743277685988,0.22344354881707176,38.519828398764474,0.2703965679752895,0.12821389444752285,0.5268108316075089,1.1674058377688092,0.034668597025356206,0.3156625319670036,61.480171601235526,26.514247726662667,-30.440756789782792,74.75897260265565,0.7937258582331428,0.07799612934432866,-0.6032543955740094,0.00012396261339888169,,65.5851627272729,False,72.19672597858347,False,39.7645456111938,False,61.86509374121495,False,21.985492883341113,True,27.531320781018522,True,29.286414567561778,True,right_M1;right_S1;right_PMd,3,1;0.8;0.6,right_M1,1.0,right_M1,21.985492883341113
pr_Agency_EBCI,test,05_15 Arina,02_calib_MI,test/05_15 Arina/02_calib_MI,C:\Users\hodor\Documents\lab-Shishkin\projects\BCI_classifier\data\pr_Agency_EBCI\trans\test\05_15 Arina\EPOCHS_02_calib_MI.hdf,"MATRIX_[9, 13]_robust_concat_02_calib_MI.hdf","C:\Users\hodor\Documents\lab-Shishkin\projects\BCI_classifier\data\pr_Agency_EBCI\features\csp\test\05_15 Arina\MATRIX_[9, 13]_robust_concat_02_calib_MI.hdf","[9, 13]",51,52,-5,last5,0.8904178281758305,0.39,2.095,0.002788795354370599,1.784350520752818,0.173026401731664,0.42078354377202754,0.5,0.5,0.259539602597496,0.6311753156580413,0.8907149182555373,0.1029588293992234,0.27351055591623574,45.47616132485969,0.4095232264971938,0.34737881811965954,1.8660477537453508,1.5893476282315717,0.14225969441314482,0.6508747687390557,54.52383867514031,55.88103431242575,-17.183588310067073,60.417135613760806,0.7194894308657921,0.2626409792099542,0.642926648158291,0.00010462065557066432,,92.23935722715204,False,99.0747468259019,False,57.04038208051278,False,84.49779463750224,False,21.476267848228616,True,20.683125830711152,True,29.685037571305454,True,right_M1;right_S1;right_PMd,3,1;0.8;0.6,right_M1,1.0,right_S1,20.683125830711152
pr_Agency_EBCI,test,05_15 Arina,02_calib_MI,test/05_15 Arina/02_calib_MI,C:\Users\hodor\Documents\lab-Shishkin\projects\BCI_classifier\data\pr_Agency_EBCI\trans\test\05_15 Arina\EPOCHS_02_calib_MI.hdf,"MATRIX_[9, 13]_robust_concat_02_calib_MI.hdf","C:\Users\hodor\Documents\lab-Shishkin\projects\BCI_classifier\data\pr_Agency_EBCI\features\csp\test\05_15 Arina\MATRIX_[9, 13]_robust_concat_02_calib_MI.hdf","[9, 13]",52,53,-4,last5,0.8966370361623113,0.397,2.16,0.00621920798648079,1.8038761022825316,0.06344048712920583,0.1255701837970727,0.4821428571428571,0.4821428571428571,0.09402786485221579,0.18611295098494704,0.2801408158371628,0.11072815814406005,0.24973311642847648,20.286554290779122,0.0,0.11121590388735365,0.6051041622082718,0.5053393229625898,0.0,0.0,79.71344570922088,-64.49327786957666,-53.326557300325945,-15.683063588673367,0.17324129925919413,0.7287908507467187,0.6624585633070647,5.587205712239286e-05,,82.52499895365038,False,75.04047522205452,False,108.75835497135814,False,92.3293979825692,False,126.87555897618357,False,128.31969296893075,False,125.49089549930004,False,,0,,,0.0,left_S1,75.04047522205452
pr_Agency_EBCI,test,05_15 Arina,02_calib_MI,test/05_15 Arina/02_calib_MI,C:\Users\hodor\Documents\lab-Shishkin\projects\BCI_classifier\data\pr_Agency_EBCI\trans\test\05_15 Arina\EPOCHS_02_calib_MI.hdf,"MATRIX_[9, 13]_robust_concat_02_calib_MI.hdf","C:\Users\hodor\Documents\lab-Shishkin\projects\BCI_classifier\data\pr_Agency_EBCI\features\csp\test\05_15 Arina\MATRIX_[9, 13]_robust_concat_02_calib_MI.hdf","[9, 13]",53,54,-3,last5,0.8983804227798871,0.398,2.179,0.0017433866175757817,1.7987754714951807,0.19396932799295355,0.09356528428740422,0.4464285714285714,0.4464285714285714,0.28056277798980783,0.13533550048713824,0.41589827847694605,0.24811077411486604,0.12396737431807776,41.25687696834818,0.32513753936696366,0.16552751483382452,0.9062423488012654,0.7481076219614026,0.05381920887059828,0.2432378713862011,58.74312303165182,51.96912026082639,17.93606959108753,64.866419885792,-0.8428151092775993,-0.38115637318874296,-0.379976987133421,8.253835404487031e-05,,97.85608542039395,False,106.27138415920224,False,57.62701285162732,False,84.53610650317069,False,45.74123015665888,False,50.62405443357841,False,36.411699129577315,False,,0,,,0.0,right_PMd,36.411699129577315
pr_Agency_EBCI,test,05_15 Arina,02_calib_MI,test/05_15 Arina/02_calib_MI,C:\Users\hodor\Documents\lab-Shishkin\projects\BCI_classifier\data\pr_Agency_EBCI\trans\test\05_15 Arina\EPOCHS_02_calib_MI.hdf,"MATRIX_[9, 13]_robust_concat_02_calib_MI.hdf","C:\Users\hodor\Documents\lab-Shishkin\projects\BCI_classifier\data\pr_Agency_EBCI\features\csp\test\05_15 Arina\MATRIX_[9, 13]_robust_concat_02_calib_MI.hdf","[9, 13]",54,55,-2,last5,0.9101058512644596,0.41,2.315,0.011725428484572586,1.8392297027146989,0.1121137546246059,0.14845085648036405,0.5178571428571428,0.5178571428571428,0.1701726632694911,0.22532719287198114,0.3954998561414722,0.13308650658076254,0.14518766962906512,42.426387949243406,0.3485277589848681,0.1621549410180036,0.9155821669675082,0.7274150828347861,0.05651549820132826,0.2535243486722002,57.573612050756594,35.69412798127453,-62.2023731412026,45.63233002396109,0.10583279794138975,0.13110078181915139,0.985703811439473,8.499196577364671e-05,,81.89601871487471,False,84.34404294091942,False,67.7180683398662,False,84.27530939821698,False,39.58539442829357,False,33.42609876676515,True,55.71880688118197,False,right_S1,1,0.8,right_S1,0.8,right_S1,33.42609876676515
pr_Agency_EBCI,test,05_15 Arina,02_calib_MI,test/05_15 Arina/02_calib_MI,C:\Users\hodor\Documents\lab-Shishkin\projects\BCI_classifier\data\pr_Agency_EBCI\trans\test\05_15 Arina\EPOCHS_02_calib_MI.hdf,"MATRIX_[9, 13]_robust_concat_02_calib_MI.hdf","C:\Users\hodor\Documents\lab-Shishkin\projects\BCI_classifier\data\pr_Agency_EBCI\features\csp\test\05_15 Arina\MATRIX_[9, 13]_robust_concat_02_calib_MI.hdf","[9, 13]",55,56,-1,last5,0.9145235985731801,0.415,2.37,0.0044177473087204655,1.8373334605324758,0.22887119131449538,0.1591285207403213,0.5535714285714286,0.5535714285714286,0.3555677436493053,0.24721752329299918,0.6027852669423045,0.17777379708500904,0.11557737332505917,26.91309317256939,0.0,0.25015588578105635,1.4286010826532618,1.1075175404690965,0.0,0.0,73.08690682743061,44.010852330114695,-20.97647985060778,47.38790483072898,0.4189234810519445,0.4728640981445178,0.7751791158882527,0.00019076962690465235,,80.52978547028287,False,86.60578535115131,False,47.68507770173483,False,73.67577665574619,False,12.14428311401155,True,10.331450277208335,True,22.336172565024434,True,right_M1;right_S1;right_PMd,3,1;0.8;0.6,right_M1,1.0,right_S1,10.331450277208335
pr_Agency_EBCI,test,05_15 Arina,02_calib_MI,test/05_15 Arina/02_calib_MI,C:\Users\hodor\Documents\lab-Shishkin\projects\BCI_classifier\data\pr_Agency_EBCI\trans\test\05_15 Arina\EPOCHS_02_calib_MI.hdf,"MATRIX_[10, 14]_robust_concat_02_calib_MI.hdf","C:\Users\hodor\Documents\lab-Shishkin\projects\BCI_classifier\data\pr_Agency_EBCI\features\csp\test\05_15 Arina\MATRIX_[10, 14]_robust_concat_02_calib_MI.hdf","[10, 14]",0,1,0,first5,0.14326209298014225,0.357,1.788,0.05222045555092675,1.7885708105267233,1.420869812439509,0.44307330924107075,0.5535714285714286,0.5535714285714286,2.2074227443256658,0.6883460339995207,2.8957687783251864,0.3716418488616209,0.11180886305772723,34.535879790546616,0.0,1.0337894538620915,5.177634575645434,5.1792875109470575,0.0,0.0,65.46412020945338,-45.624410968667625,-10.856947769858145,67.66953344785341,0.9144102037516991,0.3829100708790322,-0.13127778522732042,0.00024103467742961956,,20.038640655209523,True,25.002541511397077,True,46.89004899737432,False,21.329791922162734,True,83.49528309309906,False,91.04959156836068,False,74.59821748496095,False,left_M1;left_S1;left_PMd,3,1;0.8;0.6,left_M1,1.0,left_M1,20.038640655209523
pr_Agency_EBCI,test,05_15 Arina,02_calib_MI,test/05_15 Arina/02_calib_MI,C:\Users\hodor\Documents\lab-Shishkin\projects\BCI_classifier\data\pr_Agency_EBCI\trans\test\05_15 Arina\EPOCHS_02_calib_MI.hdf,"MATRIX_[10, 14]_robust_concat_02_calib_MI.hdf","C:\Users\hodor\Documents\lab-Shishkin\projects\BCI_classifier\data\pr_Agency_EBCI\features\csp\test\05_15 Arina\MATRIX_[10, 14]_robust_concat_02_calib_MI.hdf","[10, 14]",1,2,1,first5,0.195482548531069,0.305,1.415,0.08728970713868522,1.7164934427091958,0.7039514515038332,0.413326981474953,0.5714285714285714,0.5714285714285714,1.106209423791738,0.649513828032069,1.7557232518238068,0.24960596344169314,0.14541269531068626,41.563140102967324,0.3312628020593465,0.535495591806261,2.4843484013306867,3.0136874489676306,0.17738977023217006,0.9983225488761012,58.436859897032676,-5.728748375797628,-48.37116363136904,69.61415838680271,0.63684968215321,0.1706416479957665,-0.7518669498725452,0.00019385354282459115,,41.1782418301667,False,44.30984002715551,False,44.30601246403466,False,48.07478351943212,False,50.20545155995063,False,54.09058744704215,False,54.339715020688104,False,,0,,,0.0,left_M1,41.1782418301667
pr_Agency_EBCI,test,05_15 Arina,02_calib_MI,test/05_15 Arina/02_calib_MI,C:\Users\hodor\Documents\lab-Shishkin\projects\BCI_classifier\data\pr_Agency_EBCI\trans\test\05_15 Arina\EPOCHS_02_calib_MI.hdf,"MATRIX_[10, 14]_robust_concat_02_calib_MI.hdf","C:\Users\hodor\Documents\lab-Shishkin\projects\BCI_classifier\data\pr_Agency_EBCI\features\csp\test\05_15 Arina\MATRIX_[10, 14]_robust_concat_02_calib_MI.hdf","[10, 14]",2,3,2,first5,0.2827722556697542,0.217,0.931,0.03909736191046109,1.4679365101382802,0.22361543120658028,0.6907349252803665,0.5535714285714286,0.5535714285714286,0.34740254491022293,1.073106044631998,1.420508589542221,0.09217259044415105,0.31295778339319386,21.13082089103585,0.0,0.30825036393066196,1.3224934968638078,2.0852164215540583,0.0,0.0,78.86917910896415,-35.971114215035264,-40.54004958637904,65.6018736789517,-0.5569894841013747,-0.8228138536391595,-0.11287194895083548,0.0001092657123525405,,19.12511576056459,True,18.23324098095668,True,50.44526307525191,False,34.85096077670872,True,74.46885590513712,False,79.847343504938,False,72.41100923991903,False,left_M1;left_S1;left_PMd,3,1;0.8;0.6,left_M1,1.0,left_S1,18.23324098095668
pr_Agency_EBCI,test,05_15 Arina,02_calib_MI,test/05_15 Arina/02_calib_MI,C:\Users\hodor\Documents\lab-Shishkin\projects\BCI_classifier\data\pr_Agency_EBCI\trans\test\05_15 Arina\EPOCHS_02_calib_MI.hdf,"MATRIX_[10, 14]_robust_concat_02_calib_MI.hdf","C:\Users\hodor\Documents\lab-Shishkin\projects\BCI_classifier\data\pr_Agency_EBCI\features\csp\test\05_15 Arina\MATRIX_[10, 14]_robust_concat_02_calib_MI.hdf","[10, 14]",3,4,3,first5,0.3218696175802153,0.178,0.745,0.053877603059032275,1.394360853378031,0.14931430307335444,0.10088019169356388,0.5,0.5,0.22397145461003165,0.15132028754034582,0.37529174215037747,0.25993450617041947,0.1710779937352926,69.52256764409847,0.8904513528819695,0.06680193010276719,0.2795923479020312,0.5232921138505283,0.05948386903513581,0.46596617073066854,30.477432355901527,-54.43471302385795,5.166839071239499,57.14353340943577,0.9490918156136732,-0.25381774586036254,-0.1865510048793788,0.0001508795187536222,,34.52319241232011,True,37.653480505554086,False,55.574902715645706,False,29.55448142735954,True,95.02867719680003,False,102.77556315676543,False,83.48745553142838,False,left_M1;left_PMd,2,1;0.6,left_M1,1.0,left_PMd,29.55448142735954
pr_Agency_EBCI,test,05_15 Arina,02_calib_MI,test/05_15 Arina/02_calib_MI,C:\Users\hodor\Documents\lab-Shishkin\projects\BCI_classifier\data\pr_Agency_EBCI\trans\test\05_15 Arina\EPOCHS_02_calib_MI.hdf,"MATRIX_[10, 14]_robust_concat_02_calib_MI.hdf","C:\Users\hodor\Documents\lab-Shishkin\projects\BCI_classifier\data\pr_Agency_EBCI\features\csp\test\05_15 Arina\MATRIX_[10, 14]_robust_concat_02_calib_MI.hdf","[10, 14]",4,5,4,first5,0.3757472206392476,0.124,0.508,0.0230201661683741,1.2594180024195136,0.11712805938595662,0.4830876962311272,0.5892857142857143,0.5892857142857143,0.18614995152410965,0.7677643743673271,0.9539143258914368,0.07421519318963546,0.31644857458888054,24.20270557202474,0.0,0.11828537641053816,0.4845884775528499,1.2013768747935503,0.0,0.0,75.79729442797526,4.885428648446568,-55.8653028399379,63.859365523866785,-0.39914244583474734,-0.12703805187868503,-0.9080455061878365,8.707875988802534e-05,,52.42886063310851,False,54.844342107267124,False,50.445495386011025,False,58.60297142456842,False,45.22481290076952,False,46.766973905096,False,53.732115640115715,False,,0,,,0.0,right_M1,45.22481290076952
pr_Agency_EBCI,test,05_15 Arina,02_calib_MI,test/05_15 Arina/02_calib_MI,C:\Users\hodor\Documents\lab-Shishkin\projects\BCI_classifier\data\pr_Agency_EBCI\trans\test\05_15 Arina\EPOCHS_02_calib_MI.hdf,"MATRIX_[10, 14]_robust_concat_02_calib_MI.hdf","C:\Users\hodor\Documents\lab-Shishkin\projects\BCI_classifier\data\pr_Agency_EBCI\features\csp\test\05_15 Arina\MATRIX_[10, 14]_robust_concat_02_calib_MI.hdf","[10, 14]",51,52,-5,last5,0.8887275366236427,0.389,2.078,0.005751848225653111,1.7869498758391162,0.08185339804472151,0.04900939397844545,0.5,0.5,0.12278009706708226,0.07351409096766817,0.19629418803475043,0.2067328223881766,0.14076936598859774,24.46973509511377,0.0,0.07635843914551792,0.4078993227362114,0.3507678749366374,0.0,0.0,75.53026490488622,-49.35364303011807,-69.19767934801658,-4.8675598661729165,0.6413342253349019,0.3625070023269476,0.6762241378995664,4.3432832422544e-05,,76.98058095834358,False,69.45828602274239,False,101.89238852262655,False,88.91565594597225,False,114.16187823008647,False,114.52451932349214,False,115.90341622090236,False,,0,,,0.0,left_S1,69.45828602274239
pr_Agency_EBCI,test,05_15 Arina,02_calib_MI,test/05_15 Arina/02_calib_MI,C:\Users\hodor\Documents\lab-Shishkin\projects\BCI_classifier\data\pr_Agency_EBCI\trans\test\05_15 Arina\EPOCHS_02_calib_MI.hdf,"MATRIX_[10, 14]_robust_concat_02_calib_MI.hdf","C:\Users\hodor\Documents\lab-Shishkin\projects\BCI_classifier\data\pr_Agency_EBCI\features\csp\test\05_15 Arina\MATRIX_[10, 14]_robust_concat_02_calib_MI.hdf","[10, 14]",52,53,-4,last5,0.8948494987904099,0.395,2.141,0.006121962166767192,1.7996727002234922,0.22064223973310146,0.15267092568860466,0.5178571428571428,0.5178571428571428,0.33490339959488613,0.23173265506306062,0.5666360546579468,0.18744285945225625,0.1339899089311712,18.582836680125034,0.0,0.22382124158988898,1.213167793022664,1.0197594385302533,0.0,0.0,81.41716331987496,46.47799711157783,18.267139997652947,68.62898011011225,0.9347193351974828,0.07994690736239267,0.34627771572996807,6.403696492860185e-05,,93.53407010143547,False,102.14986909405177,False,53.49835060402037,False,79.9776583555064,False,45.34082802147572,False,51.24736326082384,False,34.509276427265014,True,right_PMd,1,0.6,right_PMd,0.6,right_PMd,34.509276427265014
pr_Agency_EBCI,test,05_15 Arina,02_calib_MI,test/05_15 Arina/02_calib_MI,C:\Users\hodor\Documents\lab-Shishkin\projects\BCI_classifier\data\pr_Agency_EBCI\trans\test\05_15 Arina\EPOCHS_02_calib_MI.hdf,"MATRIX_[10, 14]_robust_concat_02_calib_MI.hdf","C:\Users\hodor\Documents\lab-Shishkin\projects\BCI_classifier\data\pr_Agency_EBCI\features\csp\test\05_15 Arina\MATRIX_[10, 14]_robust_concat_02_calib_MI.hdf","[10, 14]",53,54,-3,last5,0.9051314819070284,0.405,2.256,0.010281983116618543,1.8266568126489222,0.16310437714488465,0.30260815798970175,0.5357142857142857,0.5357142857142857,0.25048172204393,0.4647196711984705,0.7152013932424005,0.12683858352282487,0.2559572166866481,26.39438344203624,0.0,0.2896565642631722,1.6134943431548554,1.3064274973822316,0.0,0.0,73.60561655796376,-81.62718445711097,-22.39816885992581,-8.447569747794644,-0.607586303738115,0.6415321458885126,0.4682685012912306,0.00012039750887637174,,78.98034610510007,False,72.67743991841346,False,106.52312758148764,False,85.06862774085872,False,134.13504252321755,False,137.82371806728057,False,127.98013941588447,False,,0,,,0.0,left_S1,72.67743991841346
pr_Agency_EBCI,test,05_15 Arina,02_calib_MI,test/05_15 Arina/02_calib_MI,C:\Users\hodor\Documents\lab-Shishkin\projects\BCI_classifier\data\pr_Agency_EBCI\trans\test\05_15 Arina\EPOCHS_02_calib_MI.hdf,"MATRIX_[10, 14]_robust_concat_02_calib_MI.hdf","C:\Users\hodor\Documents\lab-Shishkin\projects\BCI_classifier\data\pr_Agency_EBCI\features\csp\test\05_15 Arina\MATRIX_[10, 14]_robust_concat_02_calib_MI.hdf","[10, 14]",54,55,-2,last5,0.9131964447840212,0.413,2.353,0.008064962876992765,1.839323318672792,0.05554695913376631,0.4500891608001345,0.5892857142857143,0.5892857142857143,0.08827998862330717,0.7153202734144996,0.8036002620378068,0.047389228007263126,0.4652268616633912,73.60308701271316,0.9720617402542633,0.33188690822161415,1.8908714165749594,1.478080700857704,0.3226145655735092,1.4367856983119809,26.39691298728684,55.13677644723545,-17.777627795296358,54.635583764936776,0.6046699037462745,0.4079054059753058,0.6840961096802057,0.00019893312012873255,,91.35913511362585,False,97.93817449111714,False,56.480934217483615,False,83.72088888087285,False,20.169178473796048,True,18.1358093151905,True,28.87677739833669,True,right_M1;right_S1;right_PMd,3,1;0.8;0.6,right_M1,1.0,right_S1,18.1358093151905
pr_Agency_EBCI,test,05_15 Arina,02_calib_MI,test/05_15 Arina/02_calib_MI,C:\Users\hodor\Documents\lab-Shishkin\projects\BCI_classifier\data\pr_Agency_EBCI\trans\test\05_15 Arina\EPOCHS_02_calib_MI.hdf,"MATRIX_[10, 14]_robust_concat_02_calib_MI.hdf","C:\Users\hodor\Documents\lab-Shishkin\projects\BCI_classifier\data\pr_Agency_EBCI\features\csp\test\05_15 Arina\MATRIX_[10, 14]_robust_concat_02_calib_MI.hdf","[10, 14]",55,56,-1,last5,0.9238904306672031,0.424,2.496,0.010693985883181933,1.8661370000578765,0.0596084607710686,0.0808273532299127,0.4464285714285714,0.4464285714285714,0.08621938075815279,0.11691099306469516,0.20313037382284793,0.13997473894427176,0.2234890806962006,31.090208135379466,0.0,0.08612727850088753,0.5070134130618285,0.37906910642640446,0.0,0.0,68.90979186462053,36.290071130741374,-61.739641080979965,45.79014150590081,-0.1315011247766302,-0.2079857750731639,-0.9692519649449757,5.9667750595855384e-05,,82.18501142835211,False,84.70715669955351,False,67.6236459750335,False,84.41210505595667,False,39.09738943525014,False,32.841596279081195,True,55.32554123851687,False,right_S1,1,0.8,right_S1,0.8,right_S1,32.841596279081195
pr_Agency_EBCI,test,05_15 Arina,02_calib_MI,test/05_15 Arina/02_calib_MI,C:\Users\hodor\Documents\lab-Shishkin\projects\BCI_classifier\data\pr_Agency_EBCI\trans\test\05_15 Arina\EPOCHS_02_calib_MI.hdf,"MATRIX_[8, 15]_robust_concat_02_calib_MI.hdf","C:\Users\hodor\Documents\lab-Shishkin\projects\BCI_classifier\data\pr_Agency_EBCI\features\csp\test\05_15 Arina\MATRIX_[8, 15]_robust_concat_02_calib_MI.hdf","[8, 15]",0,1,0,first5,0.16329774071593453,0.337,1.634,0.06741876921868684,1.76488050090679,1.2586550818691162,0.38100680842675005,0.5535714285714286,0.5535714285714286,1.9554105736180913,0.5919212916629867,2.547331865281078,0.3780205821656651,0.10901715407447293,37.696098349260424,0.2539219669852085,0.8584508385997234,4.162340267869282,4.495736338373097,0.21797952549734353,1.1415662140865757,62.303901650739576,-45.33042207180036,-12.364323737285092,69.22436841953608,0.9381558651693817,0.32734401431267013,-0.11273628050434992,0.0002315644352120538,,19.933129664562706,True,24.875442827646964,True,47.13107497456444,False,22.232291176714075,True,83.21604674919088,False,90.743035897715,False,74.64102118143776,False,left_M1;left_S1;left_PMd,3,1;0.8;0.6,left_M1,1.0,left_M1,19.933129664562706
pr_Agency_EBCI,test,05_15 Arina,02_calib_MI,test/05_15 Arina/02_calib_MI,C:\Users\hodor\Documents\lab-Shishkin\projects\BCI_classifier\data\pr_Agency_EBCI\trans\test\05_15 Arina\EPOCHS_02_calib_MI.hdf,"MATRIX_[8, 15]_robust_concat_02_calib_MI.hdf","C:\Users\hodor\Documents\lab-Shishkin\projects\BCI_classifier\data\pr_Agency_EBCI\features\csp\test\05_15 Arina\MATRIX_[8, 15]_robust_concat_02_calib_MI.hdf","[8, 15]",1,2,1,first5,0.23071650993462137,0.269,1.204,0.08217122953078113,1.6264162429751206,0.7844362763457143,0.3426508050089545,0.5714285714285714,0.5714285714285714,1.2326855771146938,0.5384512650140714,1.7711368421287652,0.28764394941036253,0.12116665971559058,49.41138635689353,0.4882277271378706,0.4764358105326379,2.1324487579230333,2.8806057285698854,0.23260917290343894,1.406391587640005,50.58861364310647,-6.015062959684477,-48.90074187695397,69.19070664754989,0.6416549138985654,0.11062583165749446,-0.7589735811211826,0.00020825273874733498,,41.14775980774764,False,44.13246120869342,False,44.74244686283393,False,48.27217505575619,False,50.58959580181143,False,54.3893804851997,False,54.80775434277737,False,,0,,,0.0,left_M1,41.14775980774764
pr_Agency_EBCI,test,05_15 Arina,02_calib_MI,test/05_15 Arina/02_calib_MI,C:\Users\hodor\Documents\lab-Shishkin\projects\BCI_classifier\data\pr_Agency_EBCI\trans\test\05_15 Arina\EPOCHS_02_calib_MI.hdf,"MATRIX_[8, 15]_robust_concat_02_calib_MI.hdf","C:\Users\hodor\Documents\lab-Shishkin\projects\BCI_classifier\data\pr_Agency_EBCI\features\csp\test\05_15 Arina\MATRIX_[8, 15]_robust_concat_02_calib_MI.hdf","[8, 15]",2,3,2,first5,0.3128877394654025,0.187,0.787,0.019309601033976054,1.388443581573414,0.2705886824394679,0.5689872314461252,0.5535714285714286,0.5535714285714286,0.42037884593274477,0.8839623059966588,1.3043411519294037,0.11416406316624994,0.2686787214752719,28.715204511530196,0.0,0.2439117954107985,1.0265164865684409,1.8110041005784538,0.0,0.0,71.2847954884698,-34.89608469038582,-42.201291205328,64.98450201284707,0.6709445713617439,0.7404020617673552,0.04047430161046687,0.0001256719839059688,,20.32798334736636,True,19.181616520121935,True,50.76468733301726,False,36.027844517643196,False,73.74458015601121,False,78.9333683578107,False,72.15515966242944,False,left_M1;left_S1,2,1;0.8,left_M1,1.0,left_S1,19.181616520121935
pr_Agency_EBCI,test,05_15 Arina,02_calib_MI,test/05_15 Arina/02_calib_MI,C:\Users\hodor\Documents\lab-Shishkin\projects\BCI_classifier\data\pr_Agency_EBCI\trans\test\05_15 Arina\EPOCHS_02_calib_MI.hdf,"MATRIX_[8, 15]_robust_concat_02_calib_MI.hdf","C:\Users\hodor\Documents\lab-Shishkin\projects\BCI_classifier\data\pr_Agency_EBCI\features\csp\test\05_15 Arina\MATRIX_[8, 15]_robust_concat_02_calib_MI.hdf","[8, 15]",3,4,3,first5,0.33219734049937855,0.168,0.698,0.06323302709071876,1.378492594204963,0.13824596991690336,0.11600834386474043,0.4821428571428571,0.4821428571428571,0.20490027684112463,0.17194093822809745,0.3768412150692221,0.1926121360125137,0.16970654090074924,61.50816896216574,0.7301633792433149,0.06330932413162932,0.263035168118317,0.5194728241641223,0.046226150045560806,0.3793000327167439,38.49183103783426,-51.899023255007116,4.19543207935081,60.62928525752948,0.9285990873232031,-0.3662535564034224,-0.0596830582691557,0.00015744157327398368,,32.698495570899304,True,36.63035354118878,False,52.95628943830833,False,27.22723192212182,True,92.4264624516223,False,100.30363257327062,False,80.9568574161683,False,left_M1;left_PMd,2,1;0.6,left_M1,1.0,left_PMd,27.22723192212182
pr_Agency_EBCI,test,05_15 Arina,02_calib_MI,test/05_15 Arina/02_calib_MI,C:\Users\hodor\Documents\lab-Shishkin\projects\BCI_classifier\data\pr_Agency_EBCI\trans\test\05_15 Arina\EPOCHS_02_calib_MI.hdf,"MATRIX_[8, 15]_robust_concat_02_calib_MI.hdf","C:\Users\hodor\Documents\lab-Shishkin\projects\BCI_classifier\data\pr_Agency_EBCI\features\csp\test\05_15 Arina\MATRIX_[8, 15]_robust_concat_02_calib_MI.hdf","[8, 15]",4,5,4,first5,0.3954303675900973,0.105,0.425,0.022008729249456738,1.2192436662847719,0.20369278131463847,0.7060944311258275,0.5714285714285714,0.5714285714285714,0.32008865635157474,1.1095769631977288,1.4296656195493036,0.08776060556682766,0.3171000509507147,33.92573990196392,0.0,0.15011489005267686,0.607607888308454,1.7431107515405828,0.0,0.0,66.07426009803608,7.111034004636236,-55.53044775116721,63.957570507893536,-0.3909697522638421,-0.17781780264137628,-0.9030633875196926,0.0001239335636503292,,54.000493671133086,False,56.62756321643075,False,50.39171266590093,False,59.625926413677256,False,43.497866844920864,False,44.85562621402106,False,52.5244256719671,False,,0,,,0.0,right_M1,43.497866844920864
pr_Agency_EBCI,test,05_15 Arina,02_calib_MI,test/05_15 Arina/02_calib_MI,C:\Users\hodor\Documents\lab-Shishkin\projects\BCI_classifier\data\pr_Agency_EBCI\trans\test\05_15 Arina\EPOCHS_02_calib_MI.hdf,"MATRIX_[8, 15]_robust_concat_02_calib_MI.hdf","C:\Users\hodor\Documents\lab-Shishkin\projects\BCI_classifier\data\pr_Agency_EBCI\features\csp\test\05_15 Arina\MATRIX_[8, 15]_robust_concat_02_calib_MI.hdf","[8, 15]",51,52,-5,last5,0.8331047558869282,0.333,1.608,0.015989163614443247,1.6872975659344385,0.20921922989209424,0.19627359240793285,0.6071428571428572,0.6071428571428572,0.3362451908980086,0.3154397020841778,0.6516848929821863,0.1640702762215552,0.15145384408328924,33.79155901627528,0.0,0.21701106936306808,1.0479093079153556,1.099586333685088,0.0,0.0,66.20844098372473,48.50887362212924,-22.305194711419865,57.143810210233845,0.5382055054345432,0.4431196079460632,0.7169238780886541,0.00015702002378972685,,84.53360507895215,False,90.9809046792492,False,51.18303679561345,False,77.8431412550625,False,12.674880120049854,True,11.315221948195118,True,25.03119643119638,True,right_M1;right_S1;right_PMd,3,1;0.8;0.6,right_M1,1.0,right_S1,11.315221948195118
pr_Agency_EBCI,test,05_15 Arina,02_calib_MI,test/05_15 Arina/02_calib_MI,C:\Users\hodor\Documents\lab-Shishkin\projects\BCI_classifier\data\pr_Agency_EBCI\trans\test\05_15 Arina\EPOCHS_02_calib_MI.hdf,"MATRIX_[8, 15]_robust_concat_02_calib_MI.hdf","C:\Users\hodor\Documents\lab-Shishkin\projects\BCI_classifier\data\pr_Agency_EBCI\features\csp\test\05_15 Arina\MATRIX_[8, 15]_robust_concat_02_calib_MI.hdf","[8, 15]",52,53,-4,last5,0.8382921153477532,0.338,1.646,0.005187359460824936,1.6830133099910354,0.1867353781634417,0.28621017708000285,0.4285714285714286,0.4285714285714286,0.2667648259477739,0.40887168154286124,0.6756365074906352,0.1725948776764065,0.26439901943473865,41.46684354459737,0.32933687089194735,0.2283651395318347,1.1120976913295855,1.137105234822597,0.0752090604742174,0.3744906799113271,58.53315645540263,49.03019143044461,15.444672831026777,54.70007630253056,-0.6530782280970552,0.7540443574291541,-0.07004238013420964,0.00014908392629796096,,93.74276223295344,False,101.77919459605651,False,53.6164448741703,False,80.52945347873701,False,41.561495462507324,False,46.06443630727774,False,31.521602709479634,True,right_PMd,1,0.6,right_PMd,0.6,right_PMd,31.521602709479634
pr_Agency_EBCI,test,05_15 Arina,02_calib_MI,test/05_15 Arina/02_calib_MI,C:\Users\hodor\Documents\lab-Shishkin\projects\BCI_classifier\data\pr_Agency_EBCI\trans\test\05_15 Arina\EPOCHS_02_calib_MI.hdf,"MATRIX_[8, 15]_robust_concat_02_calib_MI.hdf","C:\Users\hodor\Documents\lab-Shishkin\projects\BCI_classifier\data\pr_Agency_EBCI\features\csp\test\05_15 Arina\MATRIX_[8, 15]_robust_concat_02_calib_MI.hdf","[8, 15]",53,54,-3,last5,0.8431499188270137,0.343,1.682,0.0048578034792605695,1.6926649063735457,0.18798020952565864,0.12404023951045867,0.4107142857142857,0.4107142857142857,0.2651863670094113,0.1749853378808256,0.4401717048902369,0.18440776353717625,0.1261987214616364,34.48956543300029,0.0,0.15097889477735127,0.7403688076253784,0.7450631976463168,0.0,0.0,65.51043456699972,37.884767400482616,22.481625608692053,72.53327302737569,-0.9876814039313759,-0.12344903145215456,0.0961549840708795,0.00010316920636946595,,88.841710305733,False,97.76253060542616,False,49.57493946734195,False,74.45321478728717,False,49.37046672230563,False,56.50549944116773,False,36.058109258637835,False,,0,,,0.0,right_PMd,36.058109258637835
pr_Agency_EBCI,test,05_15 Arina,02_calib_MI,test/05_15 Arina/02_calib_MI,C:\Users\hodor\Documents\lab-Shishkin\projects\BCI_classifier\data\pr_Agency_EBCI\trans\test\05_15 Arina\EPOCHS_02_calib_MI.hdf,"MATRIX_[8, 15]_robust_concat_02_calib_MI.hdf","C:\Users\hodor\Documents\lab-Shishkin\projects\BCI_classifier\data\pr_Agency_EBCI\features\csp\test\05_15 Arina\MATRIX_[8, 15]_robust_concat_02_calib_MI.hdf","[8, 15]",54,55,-2,last5,0.8542435325091208,0.354,1.768,0.01109361368210704,1.7237085569738635,0.09880829995944126,0.4195747841850055,0.5535714285714286,0.5535714285714286,0.1535057517227034,0.6518393968588478,0.8053451485815513,0.06798951685611766,0.3747834991130249,49.44562852781822,0.48891257055636445,0.2850921825978691,1.4238502226921828,1.3881803239274073,0.1393851518394486,0.6786988105671153,50.55437147218178,45.974304190076715,-4.8718025285183035,71.26863951800486,0.968873462644484,0.21583803944189314,0.1212359439818378,0.00011879920713273276,,85.55001951306619,False,93.49965227084401,False,47.86403942371688,False,75.59837731431385,False,26.4292647516907,True,31.91397610508379,True,23.790598631996914,True,right_M1;right_S1;right_PMd,3,1;0.8;0.6,right_M1,1.0,right_PMd,23.790598631996914
pr_Agency_EBCI,test,05_15 Arina,02_calib_MI,test/05_15 Arina/02_calib_MI,C:\Users\hodor\Documents\lab-Shishkin\projects\BCI_classifier\data\pr_Agency_EBCI\trans\test\05_15 Arina\EPOCHS_02_calib_MI.hdf,"MATRIX_[8, 15]_robust_concat_02_calib_MI.hdf","C:\Users\hodor\Documents\lab-Shishkin\projects\BCI_classifier\data\pr_Agency_EBCI\features\csp\test\05_15 Arina\MATRIX_[8, 15]_robust_concat_02_calib_MI.hdf","[8, 15]",55,56,-1,last5,0.8769780390234962,0.377,1.964,0.022734506514375474,1.7882836358236782,0.04563460913708822,0.04911178104051127,0.6071428571428572,0.6071428571428572,0.0733413361131775,0.07892964810082169,0.1522709842139992,0.10325972961000199,0.10800493271693729,20.50727854929629,0.0,0.0574061610486777,0.29906021299629443,0.2723037092806604,0.0,0.0,79.49272145070371,-59.30320952612301,56.14786462552735,23.386066518041794,0.43975051681294686,-0.7151898052745869,0.543252266809854,6.511340417669744e-05,,89.61243460265904,False,92.41002558571786,False,92.61399531769239,False,78.4761627490599,False,128.7247086117407,False,136.0240862095449,False,113.13915143195442,False,,0,,,0.0,left_PMd,78.4761627490599
pr_Agency_EBCI,test,05_15 Arina,03_calib_MI,test/05_15 Arina/03_calib_MI,C:\Users\hodor\Documents\lab-Shishkin\projects\BCI_classifier\data\pr_Agency_EBCI\trans\test\05_15 Arina\EPOCHS_03_calib_MI.hdf,"MATRIX_[8, 12]_robust_concat_03_calib_MI.hdf","C:\Users\hodor\Documents\lab-Shishkin\projects\BCI_classifier\data\pr_Agency_EBCI\features\csp\test\05_15 Arina\MATRIX_[8, 12]_robust_concat_03_calib_MI.hdf","[8, 12]",0,1,0,first5,0.13616720985712036,0.364,1.847,0.012481503555906909,1.7461730691774004,0.2400915832493838,0.5107802332834118,0.4642857142857143,0.4642857142857143,0.351562675472312,0.7479281987364245,1.0994908742087364,0.14341920195629443,0.3182630308258048,78.03942451413705,1.0,0.40021467821198004,2.030759644663536,1.9199013543496124,0.40021467821198004,1.9199013543496124,21.960575485862947,-53.24147076848334,0.9516369902362409,55.15161878636107,0.9232773147511224,-0.23250346613167475,-0.3057795583467187,0.0002504944638697543,,30.340933628295726,True,33.08031436350885,True,53.76888265505894,False,26.795212297065685,True,92.66792349080801,False,100.1941829024708,False,81.7375564114499,False,left_M1;left_S1;left_PMd,3,1;0.8;0.6,left_M1,1.0,left_PMd,26.795212297065685
pr_Agency_EBCI,test,05_15 Arina,03_calib_MI,test/05_15 Arina/03_calib_MI,C:\Users\hodor\Documents\lab-Shishkin\projects\BCI_classifier\data\pr_Agency_EBCI\trans\test\05_15 Arina\EPOCHS_03_calib_MI.hdf,"MATRIX_[8, 12]_robust_concat_03_calib_MI.hdf","C:\Users\hodor\Documents\lab-Shishkin\projects\BCI_classifier\data\pr_Agency_EBCI\features\csp\test\05_15 Arina\MATRIX_[8, 12]_robust_concat_03_calib_MI.hdf","[8, 12]",1,2,1,first5,0.14864871341302727,0.351,1.745,0.0952825863152936,1.835776751186672,1.2204042568442734,0.2517681657865698,0.5892857142857143,0.5892857142857143,1.9395710510560775,0.4001315491965127,2.3397026002525902,0.4051390545923167,0.07664295421524837,30.47449361801459,0.0,0.8212356126886591,4.08278103744077,4.295171638234709,0.0,0.0,69.52550638198541,-57.11323271790943,-0.8783107098471021,55.76155182543094,0.2747828311207324,0.9613258338815093,-0.01862892464142475,0.00019580791943622154,,31.311946106285504,True,33.024715932666204,True,57.386093288402016,False,29.972581389739958,True,95.94135438038117,False,103.3714416995433,False,85.41099284969378,False,left_M1;left_S1;left_PMd,3,1;0.8;0.6,left_M1,1.0,left_PMd,29.972581389739958
pr_Agency_EBCI,test,05_15 Arina,03_calib_MI,test/05_15 Arina/03_calib_MI,C:\Users\hodor\Documents\lab-Shishkin\projects\BCI_classifier\data\pr_Agency_EBCI\trans\test\05_15 Arina\EPOCHS_03_calib_MI.hdf,"MATRIX_[8, 12]_robust_concat_03_calib_MI.hdf","C:\Users\hodor\Documents\lab-Shishkin\projects\BCI_classifier\data\pr_Agency_EBCI\features\csp\test\05_15 Arina\MATRIX_[8, 12]_robust_concat_03_calib_MI.hdf","[8, 12]",2,3,2,first5,0.24393129972832087,0.256,1.131,0.06653216586061325,1.580128937841268,0.7794463455894669,0.5760515898028271,0.5535714285714286,0.5535714285714286,1.2109255726122075,0.8949372913008207,2.1058628639130283,0.278216779457569,0.20501613395652105,47.84098929266107,0.45681978585322147,0.5391008931617353,2.381730899085635,3.327534850394264,0.24627195456742432,1.520083757776239,52.15901070733893,-9.72869760094773,-47.18541329636625,58.820761127565156,0.33645097983999056,-0.21305171220047242,-0.9172838743230786,0.0002166663482248195,,35.152544897980704,False,37.192716639918935,False,42.32681743566022,False,43.32774861337054,False,51.34816323239831,False,54.93377256311932,False,54.469330188736286,False,,0,,,0.0,left_M1,35.152544897980704
pr_Agency_EBCI,test,05_15 Arina,03_calib_MI,test/05_15 Arina/03_calib_MI,C:\Users\hodor\Documents\lab-Shishkin\projects\BCI_classifier\data\pr_Agency_EBCI\trans\test\05_15 Arina\EPOCHS_03_calib_MI.hdf,"MATRIX_[8, 12]_robust_concat_03_calib_MI.hdf","C:\Users\hodor\Documents\lab-Shishkin\projects\BCI_classifier\data\pr_Agency_EBCI\features\csp\test\05_15 Arina\MATRIX_[8, 12]_robust_concat_03_calib_MI.hdf","[8, 12]",3,4,3,first5,0.3104634655889341,0.19,0.798,0.014016884928615081,1.3906528325457475,0.276363159982721,0.5348454417200621,0.5,0.5,0.4145447399740815,0.8022681625800931,1.2168129025541745,0.15771959809861785,0.31626872504571224,22.455340595084213,0.0,0.23119445148529316,0.9710166962382313,1.6921643096151753,0.0,0.0,77.54465940491579,1.4170370104201315,-42.18953483287926,73.74080974093877,-0.8413267847140351,0.028679124250069268,-0.5397654575415074,5.411808791736579e-05,,45.228643206931004,False,50.06282723136865,False,39.4900432591497,False,48.46671733081662,False,42.91359734209388,False,47.625880072154935,False,46.80079639982877,False,,0,,,0.0,SMA,39.4900432591497
pr_Agency_EBCI,test,05_15 Arina,03_calib_MI,test/05_15 Arina/03_calib_MI,C:\Users\hodor\Documents\lab-Shishkin\projects\BCI_classifier\data\pr_Agency_EBCI\trans\test\05_15 Arina\EPOCHS_03_calib_MI.hdf,"MATRIX_[8, 12]_robust_concat_03_calib_MI.hdf","C:\Users\hodor\Documents\lab-Shishkin\projects\BCI_classifier\data\pr_Agency_EBCI\features\csp\test\05_15 Arina\MATRIX_[8, 12]_robust_concat_03_calib_MI.hdf","[8, 12]",4,5,4,first5,0.3244803505175492,0.176,0.733,0.031093531861352997,1.3738898464303926,0.13835787770557442,0.17706318831052048,0.4107142857142857,0.4107142857142857,0.1951834346203639,0.24978556922376993,0.44496900384413385,0.17956532257654864,0.23798771901418456,36.40367277055016,0.22807345541100318,0.07831454467656755,0.3261622798177501,0.6113383963577018,0.017861468813324146,0.1394300604827225,63.59632722944984,-51.186594183222574,-20.071740201413707,48.35761493658457,-0.6961948220410016,0.43301860463086983,0.5725448958875037,0.00016185546158947397,,17.449066375843557,True,14.008241298094326,True,53.954211013461915,False,27.23510805496086,True,87.60901483165215,False,93.78474634527211,False,80.46520775643548,False,left_M1;left_S1;left_PMd,3,1;0.8;0.6,left_M1,1.0,left_S1,14.008241298094326
pr_Agency_EBCI,test,05_15 Arina,03_calib_MI,test/05_15 Arina/03_calib_MI,C:\Users\hodor\Documents\lab-Shishkin\projects\BCI_classifier\data\pr_Agency_EBCI\trans\test\05_15 Arina\EPOCHS_03_calib_MI.hdf,"MATRIX_[8, 12]_robust_concat_03_calib_MI.hdf","C:\Users\hodor\Documents\lab-Shishkin\projects\BCI_classifier\data\pr_Agency_EBCI\features\csp\test\05_15 Arina\MATRIX_[8, 12]_robust_concat_03_calib_MI.hdf","[8, 12]",51,52,-5,last5,0.7966614787813936,0.297,1.366,0.007217473087225312,1.6025743580276237,0.3240678928928948,0.17792036105927472,0.6071428571428572,0.6071428571428572,0.5208233992921524,0.28594343741669154,0.8067668367088439,0.27629762033848637,0.1278219487504863,31.095348667887567,0.0,0.23960975050252661,1.1020434989442809,1.2929038454166522,0.0,0.0,68.90465133211244,-10.43064616635624,-84.11656433999491,7.148641340618466,-0.9385534081510016,-0.3309448759894108,0.09794380585056393,0.00016062963843998168,,81.57357664331234,False,77.05109350963869,False,93.79155975479533,False,92.13505740989088,False,90.31202275631772,False,87.68819514038896,False,98.27055090186371,False,,0,,,0.0,left_S1,77.05109350963869
pr_Agency_EBCI,test,05_15 Arina,03_calib_MI,test/05_15 Arina/03_calib_MI,C:\Users\hodor\Documents\lab-Shishkin\projects\BCI_classifier\data\pr_Agency_EBCI\trans\test\05_15 Arina\EPOCHS_03_calib_MI.hdf,"MATRIX_[8, 12]_robust_concat_03_calib_MI.hdf","C:\Users\hodor\Documents\lab-Shishkin\projects\BCI_classifier\data\pr_Agency_EBCI\features\csp\test\05_15 Arina\MATRIX_[8, 12]_robust_concat_03_calib_MI.hdf","[8, 12]",52,53,-4,last5,0.8118793779835929,0.312,1.462,0.015217899202199292,1.6429919382043447,0.3137171674409594,0.3919447657099622,0.6071428571428572,0.6071428571428572,0.5041883048158277,0.6299112306052964,1.134099535421124,0.16081980077053495,0.20438822645413757,36.77146437827602,0.23542928756552045,0.3538390550513907,1.6580535207856835,1.8633163938181996,0.08330407664360588,0.43867925110577344,63.22853562172398,39.123814016300784,-63.39362320317528,40.96215521867542,0.09149493924873286,-0.25383718372866987,-0.9629098401452589,0.0001242269228052865,,86.14860275765771,False,88.41968835391596,False,71.51915101818996,False,88.3187221110989,False,42.281822793600064,False,35.287965850486316,False,58.466481897851686,False,,0,,,0.0,right_S1,35.287965850486316
pr_Agency_EBCI,test,05_15 Arina,03_calib_MI,test/05_15 Arina/03_calib_MI,C:\Users\hodor\Documents\lab-Shishkin\projects\BCI_classifier\data\pr_Agency_EBCI\trans\test\05_15 Arina\EPOCHS_03_calib_MI.hdf,"MATRIX_[8, 12]_robust_concat_03_calib_MI.hdf","C:\Users\hodor\Documents\lab-Shishkin\projects\BCI_classifier\data\pr_Agency_EBCI\features\csp\test\05_15 Arina\MATRIX_[8, 12]_robust_concat_03_calib_MI.hdf","[8, 12]",53,54,-3,last5,0.8176216403046183,0.318,1.5,0.005742262321025371,1.6433041576723442,0.1049395076262361,0.16666777219629494,0.5357142857142857,0.5357142857142857,0.161157100997434,0.25595407873002435,0.41711117972745837,0.14366321847190608,0.27227350100131,22.413062730663373,0.0,0.13264135515333175,0.6256667695911875,0.6854405358577488,0.0,0.0,77.58693726933663,37.925323413157976,47.70366926530478,59.06866988630789,0.05659663638393536,-0.34717380519157065,-0.9360914323605519,5.118927239797275e-05,,103.0329382417067,False,111.69549513723176,False,65.75375505532571,False,86.36239790336457,False,71.79512372873663,False,78.13084730463906,False,56.66416459584819,False,,0,,,0.0,right_PMd,56.66416459584819
pr_Agency_EBCI,test,05_15 Arina,03_calib_MI,test/05_15 Arina/03_calib_MI,C:\Users\hodor\Documents\lab-Shishkin\projects\BCI_classifier\data\pr_Agency_EBCI\trans\test\05_15 Arina\EPOCHS_03_calib_MI.hdf,"MATRIX_[8, 12]_robust_concat_03_calib_MI.hdf","C:\Users\hodor\Documents\lab-Shishkin\projects\BCI_classifier\data\pr_Agency_EBCI\features\csp\test\05_15 Arina\MATRIX_[8, 12]_robust_concat_03_calib_MI.hdf","[8, 12]",54,55,-2,last5,0.8236028108364374,0.324,1.541,0.005981170531819124,1.6557515970092376,0.0977671134551015,0.18944033683345912,0.4285714285714286,0.4285714285714286,0.1396673049358593,0.2706290526192273,0.41029635755508664,0.11530346463321661,0.2544255144434728,28.961128193049607,0.0,0.13293601984784809,0.6322666869923885,0.6793488492689078,0.0,0.0,71.0388718069504,53.39284899003664,-35.64113406908526,55.7207425558811,-0.1453155716427795,0.5382527146494117,0.8301610685949271,6.202429286455847e-05,,90.14807506369733,False,95.63190867690801,False,61.11127691900174,False,85.95874675715177,False,20.930962307661154,True,13.246257088789948,True,37.535410710102084,False,right_M1;right_S1,2,1;0.8,right_M1,1.0,right_S1,13.246257088789948
pr_Agency_EBCI,test,05_15 Arina,03_calib_MI,test/05_15 Arina/03_calib_MI,C:\Users\hodor\Documents\lab-Shishkin\projects\BCI_classifier\data\pr_Agency_EBCI\trans\test\05_15 Arina\EPOCHS_03_calib_MI.hdf,"MATRIX_[8, 12]_robust_concat_03_calib_MI.hdf","C:\Users\hodor\Documents\lab-Shishkin\projects\BCI_classifier\data\pr_Agency_EBCI\features\csp\test\05_15 Arina\MATRIX_[8, 12]_robust_concat_03_calib_MI.hdf","[8, 12]",55,56,-1,last5,0.8482028054169704,0.348,1.721,0.02459999458053297,1.730243192456102,0.5159172426516725,0.4719853172371,0.5535714285714286,0.5535714285714286,0.8015142876909912,0.7332629035647804,1.5347771912557717,0.22035579569513292,0.20192501831206017,26.877491371597205,0.0,0.5341024625570086,2.641351546151183,2.6555377871071957,0.0,0.0,73.1225086284028,25.815805427651213,-45.5701164575086,66.90413792011945,0.22589752906718896,0.9689370958799721,0.10065391492149972,6.920883789445833e-05,,66.3729157747398,False,71.15859273090896,False,48.07841093921104,False,66.53235895591376,False,26.227618398530367,True,26.953478580657574,True,39.18143157595985,False,right_M1;right_S1,2,1;0.8,right_M1,1.0,right_M1,26.227618398530367
pr_Agency_EBCI,test,05_15 Arina,03_calib_MI,test/05_15 Arina/03_calib_MI,C:\Users\hodor\Documents\lab-Shishkin\projects\BCI_classifier\data\pr_Agency_EBCI\trans\test\05_15 Arina\EPOCHS_03_calib_MI.hdf,"MATRIX_[9, 13]_robust_concat_03_calib_MI.hdf","C:\Users\hodor\Documents\lab-Shishkin\projects\BCI_classifier\data\pr_Agency_EBCI\features\csp\test\05_15 Arina\MATRIX_[9, 13]_robust_concat_03_calib_MI.hdf","[9, 13]",0,1,0,first5,0.16190681065864732,0.338,1.644,0.018743760124968367,1.7013415636889573,1.2150731494179998,0.46121426255682574,0.5535714285714286,0.5535714285714286,1.8877029285601068,0.7165293007579258,2.6042322293180327,0.3502727838469117,0.12804072543613498,33.56172681346442,0.0,0.8802304935094951,4.281357784998845,4.430688533237121,0.0,0.0,66.43827318653558,-55.11645463563089,-0.03408905064645724,54.51848724734526,-0.0006858174714617317,-0.9913939223277525,-0.13091073457127264,0.00020647736901686307,,30.691995788882096,True,32.80762074957875,True,55.54760657403766,False,28.301108269739846,True,94.2272151399775,False,101.66564984317063,False,83.51045233074838,False,left_M1;left_S1;left_PMd,3,1;0.8;0.6,left_M1,1.0,left_PMd,28.301108269739846
pr_Agency_EBCI,test,05_15 Arina,03_calib_MI,test/05_15 Arina/03_calib_MI,C:\Users\hodor\Documents\lab-Shishkin\projects\BCI_classifier\data\pr_Agency_EBCI\trans\test\05_15 Arina\EPOCHS_03_calib_MI.hdf,"MATRIX_[9, 13]_robust_concat_03_calib_MI.hdf","C:\Users\hodor\Documents\lab-Shishkin\projects\BCI_classifier\data\pr_Agency_EBCI\features\csp\test\05_15 Arina\MATRIX_[9, 13]_robust_concat_03_calib_MI.hdf","[9, 13]",1,2,1,first5,0.18065057078361568,0.319,1.512,0.06863458379440948,1.7255777289216665,0.4762428610049573,0.5258233438059978,0.4642857142857143,0.4642857142857143,0.697355617900116,0.7699556105730683,1.4673112284731844,0.2592952312230254,0.2849385357245764,60.66421102941605,0.713284220588321,0.4680722818829458,2.218574577451455,2.531959577250018,0.33386857276187387,1.8060068136199139,39.33578897058395,-46.85952299775538,-4.2006079540447585,70.66870599992836,-0.999268749346166,-0.025452047445069535,0.028533486660467178,0.00025197111142604003,,26.92797988785174,True,32.21403696245432,True,48.57518727730067,False,24.192724595094003,True,86.44586405674549,False,94.39355931969763,False,76.37770943857028,False,left_M1;left_S1;left_PMd,3,1;0.8;0.6,left_M1,1.0,left_PMd,24.192724595094003
pr_Agency_EBCI,test,05_15 Arina,03_calib_MI,test/05_15 Arina/03_calib_MI,C:\Users\hodor\Documents\lab-Shishkin\projects\BCI_classifier\data\pr_Agency_EBCI\trans\test\05_15 Arina\EPOCHS_03_calib_MI.hdf,"MATRIX_[9, 13]_robust_concat_03_calib_MI.hdf","C:\Users\hodor\Documents\lab-Shishkin\projects\BCI_classifier\data\pr_Agency_EBCI\features\csp\test\05_15 Arina\MATRIX_[9, 13]_robust_concat_03_calib_MI.hdf","[9, 13]",2,3,2,first5,0.24928515457802516,0.251,1.102,0.040744170180162825,1.5429071468608835,0.6386031026138314,0.3871290269557568,0.5535714285714286,0.5535714285714286,0.9921155344179166,0.6014325954491222,1.5935481298670386,0.2757530371223179,0.16401031709542144,37.775320876912865,0.2555064175382573,0.3999805805966267,1.7560900391134768,2.458696798438649,0.10219760523311629,0.628212810781842,62.224679123087135,-8.510362275525871,-48.10075303660789,69.4979267066697,-0.45616288547550105,0.026887520417380427,0.8894900129627481,0.00013620957407824592,,38.97076474144462,False,41.89714231831063,False,44.46461504232428,False,46.58444373514499,False,52.385233341169226,False,56.43679116258402,False,55.88623240988595,False,,0,,,0.0,left_M1,38.97076474144462
pr_Agency_EBCI,test,05_15 Arina,03_calib_MI,test/05_15 Arina/03_calib_MI,C:\Users\hodor\Documents\lab-Shishkin\projects\BCI_classifier\data\pr_Agency_EBCI\trans\test\05_15 Arina\EPOCHS_03_calib_MI.hdf,"MATRIX_[9, 13]_robust_concat_03_calib_MI.hdf","C:\Users\hodor\Documents\lab-Shishkin\projects\BCI_classifier\data\pr_Agency_EBCI\features\csp\test\05_15 Arina\MATRIX_[9, 13]_robust_concat_03_calib_MI.hdf","[9, 13]",3,4,3,first5,0.290029324758188,0.21,0.895,0.021836114052876554,1.4383423358044163,0.3543234409268224,0.6569148604320636,0.5,0.5,0.5314851613902336,0.9853722906480954,1.516857452038329,0.14695313634082827,0.2860682956310297,25.259859941783674,0.0,0.31854006492804904,1.3575874195743043,2.181760290647145,0.0,0.0,74.74014005821633,1.6868212152403819,-36.905685952364735,76.55017329857034,-0.7853105316162886,0.07319230732448405,-0.6147603232814074,5.502545809796109e-05,,44.82368621400777,False,50.58594523536058,False,36.084840576139065,False,46.25100709004784,False,42.02690317900209,False,47.702745111728284,False,44.1614275215004,False,,0,,,0.0,SMA,36.084840576139065
pr_Agency_EBCI,test,05_15 Arina,03_calib_MI,test/05_15 Arina/03_calib_MI,C:\Users\hodor\Documents\lab-Shishkin\projects\BCI_classifier\data\pr_Agency_EBCI\trans\test\05_15 Arina\EPOCHS_03_calib_MI.hdf,"MATRIX_[9, 13]_robust_concat_03_calib_MI.hdf","C:\Users\hodor\Documents\lab-Shishkin\projects\BCI_classifier\data\pr_Agency_EBCI\features\csp\test\05_15 Arina\MATRIX_[9, 13]_robust_concat_03_calib_MI.hdf","[9, 13]",4,5,4,first5,0.31186543881106454,0.188,0.791,0.034757358694578744,1.4021375337383233,0.10371190752694014,0.07959528711265174,0.4107142857142857,0.4107142857142857,0.1463078695469334,0.11228620860534798,0.25859407815228136,0.24248428301306751,0.1741388458996228,35.582089547625515,0.2116417909525103,0.0486156866926289,0.20454791581845455,0.36258446297977504,0.010289111000014102,0.07673802511659375,64.41791045237449,-43.99608753190814,-31.754302968988714,65.33633743717469,0.6415948939781374,-0.6377446400417129,-0.4261898240446955,0.00010364636537265415,,14.533885478205532,True,13.59852347059154,True,51.50496759076618,False,30.121569059591877,True,80.91149752469278,False,87.04172876236315,False,76.3863255182855,False,left_M1;left_S1;left_PMd,3,1;0.8;0.6,left_M1,1.0,left_S1,13.59852347059154
pr_Agency_EBCI,test,05_15 Arina,03_calib_MI,test/05_15 Arina/03_calib_MI,C:\Users\hodor\Documents\lab-Shishkin\projects\BCI_classifier\data\pr_Agency_EBCI\trans\test\05_15 Arina\EPOCHS_03_calib_MI.hdf,"MATRIX_[9, 13]_robust_concat_03_calib_MI.hdf","C:\Users\hodor\Documents\lab-Shishkin\projects\BCI_classifier\data\pr_Agency_EBCI\features\csp\test\05_15 Arina\MATRIX_[9, 13]_robust_concat_03_calib_MI.hdf","[9, 13]",51,52,-5,last5,0.8164807117420905,0.316,1.493,0.01125111979832627,1.6462214154250843,0.29543221715146206,0.19445265871400835,0.5892857142857143,0.5892857142857143,0.46952620225857367,0.309040832599049,0.7785670348576227,0.2353987947406378,0.13080096692380896,16.862281612428035,0.0,0.24602718301500878,1.1624005830424307,1.2816937261266266,0.0,0.0,83.13771838757197,51.76530950570937,-19.230119599117153,64.58884135894384,-0.6076045648380778,0.020159163800811983,-0.7939838165244819,9.249669920831641e-05,,88.31347296738357,False,95.21765864224686,False,53.833968489069775,False,81.00856980987375,False,18.575923630835714,True,19.23097814340896,True,27.652734367540212,True,right_M1;right_S1;right_PMd,3,1;0.8;0.6,right_M1,1.0,right_M1,18.575923630835714
pr_Agency_EBCI,test,05_15 Arina,03_calib_MI,test/05_15 Arina/03_calib_MI,C:\Users\hodor\Documents\lab-Shishkin\projects\BCI_classifier\data\pr_Agency_EBCI\trans\test\05_15 Arina\EPOCHS_03_calib_MI.hdf,"MATRIX_[9, 13]_robust_concat_03_calib_MI.hdf","C:\Users\hodor\Documents\lab-Shishkin\projects\BCI_classifier\data\pr_Agency_EBCI\features\csp\test\05_15 Arina\MATRIX_[9, 13]_robust_concat_03_calib_MI.hdf","[9, 13]",52,53,-4,last5,0.8233254404247026,0.323,1.539,0.0068447286826121,1.6548433894579349,0.1506873801100439,0.15725199822670105,0.4285714285714286,0.4285714285714286,0.21526768587149128,0.2246457117524301,0.43991339762392134,0.21864923289817784,0.2157172561416581,27.967364047187164,0.0,0.1420920274325266,0.6770267189432149,0.7279877779919263,0.0,0.0,72.03263595281284,46.196592126455165,-30.737458963857755,45.486341265832884,-0.19116791255272475,0.39378273018249343,0.899105105435541,6.914483912000898e-05,,83.13970249207671,False,88.43986916854219,False,53.876327408257914,False,78.31132321249075,False,16.12144113475849,True,7.783507005482246,True,30.961993235711006,True,right_M1;right_S1;right_PMd,3,1;0.8;0.6,right_M1,1.0,right_S1,7.783507005482246
pr_Agency_EBCI,test,05_15 Arina,03_calib_MI,test/05_15 Arina/03_calib_MI,C:\Users\hodor\Documents\lab-Shishkin\projects\BCI_classifier\data\pr_Agency_EBCI\trans\test\05_15 Arina\EPOCHS_03_calib_MI.hdf,"MATRIX_[9, 13]_robust_concat_03_calib_MI.hdf","C:\Users\hodor\Documents\lab-Shishkin\projects\BCI_classifier\data\pr_Agency_EBCI\features\csp\test\05_15 Arina\MATRIX_[9, 13]_robust_concat_03_calib_MI.hdf","[9, 13]",53,54,-3,last5,0.8248452227710377,0.325,1.55,0.0015197823463350968,1.6519757170502356,0.22991226647931826,0.20121965620523066,0.5714285714285714,0.5714285714285714,0.3612907044675001,0.3162023168939339,0.6774930213614341,0.17202548546308763,0.1522936985612103,19.81835001124105,0.0,0.2201852319424661,1.0501141831102228,1.1192020197600856,0.0,0.0,80.18164998875895,35.44821643197285,-19.090566131441157,38.200934871957415,0.6013712689329987,0.5652936316726561,0.5646199667849645,0.00016387768454110497,,73.79537174953515,False,79.42075405228869,False,42.66077765107074,False,66.82427362079322,False,18.471971347097718,True,18.77114311017553,True,22.254961347207093,True,right_M1;right_S1;right_PMd,3,1;0.8;0.6,right_M1,1.0,right_M1,18.471971347097718
pr_Agency_EBCI,test,05_15 Arina,03_calib_MI,test/05_15 Arina/03_calib_MI,C:\Users\hodor\Documents\lab-Shishkin\projects\BCI_classifier\data\pr_Agency_EBCI\trans\test\05_15 Arina\EPOCHS_03_calib_MI.hdf,"MATRIX_[9, 13]_robust_concat_03_calib_MI.hdf","C:\Users\hodor\Documents\lab-Shishkin\projects\BCI_classifier\data\pr_Agency_EBCI\features\csp\test\05_15 Arina\MATRIX_[9, 13]_robust_concat_03_calib_MI.hdf","[9, 13]",54,55,-2,last5,0.8327788785230623,0.333,1.605,0.007933655752024649,1.676567629461697,0.09228241983283808,0.12409792126360165,0.4821428571428571,0.4821428571428571,0.1367757293950993,0.18393084758712389,0.32070657698222316,0.11275603071763378,0.1369153427563106,21.770018110621827,0.0,0.10679529013508032,0.5147340560564682,0.5376862655238611,0.0,0.0,78.22998188937817,63.86137411324226,-21.745779619024827,51.65393007924245,-0.4686935144839889,-0.5232173420131198,-0.71173731284609,8.306928153866273e-05,,99.98131762017867,False,106.18324937404957,False,66.07932568422237,False,92.98573457828877,False,28.28826613209377,True,23.370314431066134,True,38.6506524444392,False,right_M1;right_S1,2,1;0.8,right_M1,1.0,right_S1,23.370314431066134
pr_Agency_EBCI,test,05_15 Arina,03_calib_MI,test/05_15 Arina/03_calib_MI,C:\Users\hodor\Documents\lab-Shishkin\projects\BCI_classifier\data\pr_Agency_EBCI\trans\test\05_15 Arina\EPOCHS_03_calib_MI.hdf,"MATRIX_[9, 13]_robust_concat_03_calib_MI.hdf","C:\Users\hodor\Documents\lab-Shishkin\projects\BCI_classifier\data\pr_Agency_EBCI\features\csp\test\05_15 Arina\MATRIX_[9, 13]_robust_concat_03_calib_MI.hdf","[9, 13]",55,56,-1,last5,0.8591369360691132,0.359,1.808,0.026358057546050917,1.7558501706361291,0.42612999848328614,0.49093084608577103,0.5714285714285714,0.5714285714285714,0.6696328547594497,0.771462758134783,1.4410956128942327,0.18273927477198862,0.21765000433740359,31.74977907580676,0.0,0.5173533250290295,2.605500868112773,2.5303479778033156,0.0,0.0,68.25022092419324,48.531758271956825,-30.03161003805901,62.885880621062235,-0.42669840217858857,-0.6178006024950706,-0.6604929137658989,0.00015795924594343117,,85.02595973070386,False,91.18389469584278,False,54.37574524944242,False,79.9369577666917,False,15.519041109730104,True,12.69516688404689,True,30.892722290770855,True,right_M1;right_S1;right_PMd,3,1;0.8;0.6,right_M1,1.0,right_S1,12.69516688404689
pr_Agency_EBCI,test,05_15 Arina,03_calib_MI,test/05_15 Arina/03_calib_MI,C:\Users\hodor\Documents\lab-Shishkin\projects\BCI_classifier\data\pr_Agency_EBCI\trans\test\05_15 Arina\EPOCHS_03_calib_MI.hdf,"MATRIX_[10, 14]_robust_concat_03_calib_MI.hdf","C:\Users\hodor\Documents\lab-Shishkin\projects\BCI_classifier\data\pr_Agency_EBCI\features\csp\test\05_15 Arina\MATRIX_[10, 14]_robust_concat_03_calib_MI.hdf","[10, 14]",0,1,0,first5,0.1631498865958888,0.337,1.635,0.023147454101180465,1.7052027681283914,1.4040777164701455,0.6662756216013952,0.5357142857142857,0.5357142857142857,2.1562622074362947,1.0232089903164283,3.179471197752723,0.32508299875764485,0.15124894915411316,22.27368379205781,0.0,1.0714817936426677,5.198435408325702,5.421643087592436,0.0,0.0,77.72631620794219,-50.770309797598564,0.5915153490650297,54.679423127366476,-0.10453846693978704,-0.9924749284691085,-0.0637591192702446,0.0002167109230500624,,28.716695526415844,True,31.936475284436153,True,51.30398290881675,False,24.373039768325324,True,90.19741245075197,False,97.72077823876538,False,79.24846853333764,False,left_M1;left_S1;left_PMd,3,1;0.8;0.6,left_M1,1.0,left_PMd,24.373039768325324
pr_Agency_EBCI,test,05_15 Arina,03_calib_MI,test/05_15 Arina/03_calib_MI,C:\Users\hodor\Documents\lab-Shishkin\projects\BCI_classifier\data\pr_Agency_EBCI\trans\test\05_15 Arina\EPOCHS_03_calib_MI.hdf,"MATRIX_[10, 14]_robust_concat_03_calib_MI.hdf","C:\Users\hodor\Documents\lab-Shishkin\projects\BCI_classifier\data\pr_Agency_EBCI\features\csp\test\05_15 Arina\MATRIX_[10, 14]_robust_concat_03_calib_MI.hdf","[10, 14]",1,2,1,first5,0.18629734069706927,0.314,1.474,0.07934977282349687,1.727663314666312,0.4656842544384766,0.5556512768624355,0.4821428571428571,0.4821428571428571,0.690210591399885,0.823554571063967,1.513765162463852,0.24771010643712982,0.2903221918926344,54.47770775724009,0.5895541551448018,0.4753222610136495,2.2312898494717177,2.6152765382086867,0.2802282140134191,1.5418471499536441,45.52229224275991,-46.0056174916003,-5.2362573623743,71.34742618020307,-0.9960222907318341,-0.08326484287735775,0.031726366100114894,0.00026505260290663846,,26.224681304375334,True,31.679817245526884,True,47.908808472304315,False,23.819824201232795,True,85.51340730146646,False,93.4481383404658,False,75.63076876534357,False,left_M1;left_S1;left_PMd,3,1;0.8;0.6,left_M1,1.0,left_PMd,23.819824201232795
pr_Agency_EBCI,test,05_15 Arina,03_calib_MI,test/05_15 Arina/03_calib_MI,C:\Users\hodor\Documents\lab-Shishkin\projects\BCI_classifier\data\pr_Agency_EBCI\trans\test\05_15 Arina\EPOCHS_03_calib_MI.hdf,"MATRIX_[10, 14]_robust_concat_03_calib_MI.hdf","C:\Users\hodor\Documents\lab-Shishkin\projects\BCI_classifier\data\pr_Agency_EBCI\features\csp\test\05_15 Arina\MATRIX_[10, 14]_robust_concat_03_calib_MI.hdf","[10, 14]",2,3,2,first5,0.26564711352056614,0.234,1.017,0.028908298080772887,1.4950581670036034,0.4024200258668519,0.3331738641595332,0.5535714285714286,0.5535714285714286,0.6251882544717163,0.5176093961049891,1.1427976505767055,0.22751225030952502,0.18496280775677298,40.086096661362625,0.3017219332272525,0.2674146502349491,1.1622252106365094,1.7085489607272337,0.08068486524217838,0.515506695444034,59.913903338637375,-34.86465351483807,-33.31793464796309,69.9534217462735,0.9430340603906593,-0.07134298143559187,0.32495682781407614,0.0001640965665642092,,16.816982374209083,True,19.60222467453715,True,45.876986709943985,False,29.71227458722551,True,72.8239040584281,False,79.00322147029087,False,69.19292199935302,False,left_M1;left_S1;left_PMd,3,1;0.8;0.6,left_M1,1.0,left_M1,16.816982374209083
pr_Agency_EBCI,test,05_15 Arina,03_calib_MI,test/05_15 Arina/03_calib_MI,C:\Users\hodor\Documents\lab-Shishkin\projects\BCI_classifier\data\pr_Agency_EBCI\trans\test\05_15 Arina\EPOCHS_03_calib_MI.hdf,"MATRIX_[10, 14]_robust_concat_03_calib_MI.hdf","C:\Users\hodor\Documents\lab-Shishkin\projects\BCI_classifier\data\pr_Agency_EBCI\features\csp\test\05_15 Arina\MATRIX_[10, 14]_robust_concat_03_calib_MI.hdf","[10, 14]",3,4,3,first5,0.294555411601339,0.205,0.873,0.009757900071672543,1.4180014780587715,0.0754966000964926,0.18253067280059432,0.4642857142857143,0.4642857142857143,0.11054859299843561,0.26727705660087026,0.37782564959930587,0.11011007859976205,0.30851860547637056,18.931035455147118,0.0,0.0774542581678577,0.32984179210019404,0.5357573295803312,0.0,0.0,81.06896454485289,-54.74690207497276,1.4983253761188762,64.92828629865448,0.25883825895376256,-0.9263315588612862,0.27370166013271535,9.850467416794645e-05,,32.883510010730106,True,36.35613566688265,False,55.690657396810536,False,29.754482885601412,True,94.68304562814751,False,102.56338600701616,False,83.76742973367689,False,left_M1;left_PMd,2,1;0.6,left_M1,1.0,left_PMd,29.754482885601412
pr_Agency_EBCI,test,05_15 Arina,03_calib_MI,test/05_15 Arina/03_calib_MI,C:\Users\hodor\Documents\lab-Shishkin\projects\BCI_classifier\data\pr_Agency_EBCI\trans\test\05_15 Arina\EPOCHS_03_calib_MI.hdf,"MATRIX_[10, 14]_robust_concat_03_calib_MI.hdf","C:\Users\hodor\Documents\lab-Shishkin\projects\BCI_classifier\data\pr_Agency_EBCI\features\csp\test\05_15 Arina\MATRIX_[10, 14]_robust_concat_03_calib_MI.hdf","[10, 14]",4,5,4,first5,0.30431331167301157,0.196,0.827,0.036644742546571574,1.420729478156512,0.24685174261092863,0.5235228888698064,0.4642857142857143,0.4642857142857143,0.3614614802517169,0.7665870872736451,1.128048567525362,0.12549858368546715,0.28097185339524705,33.16962208974601,0.0,0.22109751923497095,0.9328961653434743,1.6026518526755085,0.0,0.0,66.83037791025399,1.9451388189983805,-44.004881021188076,72.67548048701175,-0.9510313807943955,-0.15946150343921608,-0.2647854634703544,6.3955613417752e-05,,46.022825577507284,False,50.54490490254656,False,40.786324595193655,False,49.71050639162412,False,42.87190786752896,False,47.20173820968618,False,47.468714939251136,False,,0,,,0.0,SMA,40.786324595193655
pr_Agency_EBCI,test,05_15 Arina,03_calib_MI,test/05_15 Arina/03_calib_MI,C:\Users\hodor\Documents\lab-Shishkin\projects\BCI_classifier\data\pr_Agency_EBCI\trans\test\05_15 Arina\EPOCHS_03_calib_MI.hdf,"MATRIX_[10, 14]_robust_concat_03_calib_MI.hdf","C:\Users\hodor\Documents\lab-Shishkin\projects\BCI_classifier\data\pr_Agency_EBCI\features\csp\test\05_15 Arina\MATRIX_[10, 14]_robust_concat_03_calib_MI.hdf","[10, 14]",51,52,-5,last5,0.8246183017684284,0.325,1.548,0.006011381676706451,1.6578147961797183,0.049193315667207915,0.07717042892111745,0.5178571428571428,0.5178571428571428,0.07466842556629773,0.11713368675526754,0.19180211232156527,0.11922706159138947,0.15874087872204534,35.104322230764,0.20208644461527997,0.062335686504508714,0.29690966987378303,0.31797237974521514,0.012597197258348855,0.06425790770857019,64.895677769236,60.01872435573983,-22.789048538101593,55.644923118399234,0.2986039280436768,0.408022881939314,0.8627589593686196,9.79126212378675e-05,,96.02701656272815,False,102.33818155848442,False,62.36718537198275,False,89.25322332255503,False,24.051852375896765,True,19.747346984671832,True,35.27096179044483,False,right_M1;right_S1,2,1;0.8,right_M1,1.0,right_S1,19.747346984671832
pr_Agency_EBCI,test,05_15 Arina,03_calib_MI,test/05_15 Arina/03_calib_MI,C:\Users\hodor\Documents\lab-Shishkin\projects\BCI_classifier\data\pr_Agency_EBCI\trans\test\05_15 Arina\EPOCHS_03_calib_MI.hdf,"MATRIX_[10, 14]_robust_concat_03_calib_MI.hdf","C:\Users\hodor\Documents\lab-Shishkin\projects\BCI_classifier\data\pr_Agency_EBCI\features\csp\test\05_15 Arina\MATRIX_[10, 14]_robust_concat_03_calib_MI.hdf","[10, 14]",52,53,-4,last5,0.8355234187960698,0.336,1.625,0.010905117027641409,1.6866564772851502,0.2256032166271425,0.253403014247767,0.4642857142857143,0.4642857142857143,0.33034756720403013,0.3710544137199446,0.7014019809239747,0.17300292130385644,0.19282468598667987,35.89282471066453,0.21785649421329056,0.2356710655904555,1.139778219001459,1.1830241943060573,0.05134247213704709,0.2577295035410203,64.10717528933547,40.28798989769083,-62.16972155708992,41.6984642343269,-0.10019289270386973,-0.2834919470105778,-0.9537262186978938,8.002628633804184e-05,,86.49461816571468,False,88.95125578424741,False,71.02041831837496,False,88.32973578074716,False,40.9859540131165,False,33.822235330955685,True,57.357539648726494,False,right_S1,1,0.8,right_S1,0.8,right_S1,33.822235330955685
pr_Agency_EBCI,test,05_15 Arina,03_calib_MI,test/05_15 Arina/03_calib_MI,C:\Users\hodor\Documents\lab-Shishkin\projects\BCI_classifier\data\pr_Agency_EBCI\trans\test\05_15 Arina\EPOCHS_03_calib_MI.hdf,"MATRIX_[10, 14]_robust_concat_03_calib_MI.hdf","C:\Users\hodor\Documents\lab-Shishkin\projects\BCI_classifier\data\pr_Agency_EBCI\features\csp\test\05_15 Arina\MATRIX_[10, 14]_robust_concat_03_calib_MI.hdf","[10, 14]",53,54,-3,last5,0.8414074319496174,0.341,1.669,0.005884013153547585,1.690025793941439,0.26409705790081384,0.21094954651889344,0.4821428571428571,0.4821428571428571,0.3914295679601348,0.3126573635905028,0.7040869315506375,0.21487768834402496,0.14081291855194839,17.439623132001167,0.0,0.2400936436587674,1.1751210887580141,1.1899250754976578,0.0,0.0,82.56037686799883,32.15870244761499,-47.49433536904878,62.67375922514419,0.9151566248025863,0.39920293760466274,-0.05590497909619732,5.059892070252462e-05,,72.40256608692161,False,76.9382483210724,False,52.70489575103959,False,72.27316977010744,False,24.724045452039046,True,22.733940342925173,True,40.26954673802393,False,right_M1;right_S1,2,1;0.8,right_M1,1.0,right_S1,22.733940342925173
pr_Agency_EBCI,test,05_15 Arina,03_calib_MI,test/05_15 Arina/03_calib_MI,C:\Users\hodor\Documents\lab-Shishkin\projects\BCI_classifier\data\pr_Agency_EBCI\trans\test\05_15 Arina\EPOCHS_03_calib_MI.hdf,"MATRIX_[10, 14]_robust_concat_03_calib_MI.hdf","C:\Users\hodor\Documents\lab-Shishkin\projects\BCI_classifier\data\pr_Agency_EBCI\features\csp\test\05_15 Arina\MATRIX_[10, 14]_robust_concat_03_calib_MI.hdf","[10, 14]",54,55,-2,last5,0.8571958654510324,0.357,1.792,0.01578843350141501,1.7365458830400207,0.5097135543277448,0.5465357200346134,0.5178571428571428,0.5178571428571428,0.7736723592474697,0.8295631464811095,1.6032355057285792,0.19756443838415597,0.21207894152505274,14.64935381571611,0.0,0.5723550755451028,2.872998026265614,2.7840920170165497,0.0,0.0,85.35064618428389,45.265959204533154,-24.036534414934764,55.24625875711016,0.5078248933727375,0.39142751356515365,0.7673971457434339,0.00011657372468572598,,81.26946281388571,False,87.5297021221346,False,48.80478180711781,False,75.0042621459803,False,9.296637058892879,True,7.534428128799604,True,23.576511810597076,True,right_M1;right_S1;right_PMd,3,1;0.8;0.6,right_M1,1.0,right_S1,7.534428128799604
pr_Agency_EBCI,test,05_15 Arina,03_calib_MI,test/05_15 Arina/03_calib_MI,C:\Users\hodor\Documents\lab-Shishkin\projects\BCI_classifier\data\pr_Agency_EBCI\trans\test\05_15 Arina\EPOCHS_03_calib_MI.hdf,"MATRIX_[10, 14]_robust_concat_03_calib_MI.hdf","C:\Users\hodor\Documents\lab-Shishkin\projects\BCI_classifier\data\pr_Agency_EBCI\features\csp\test\05_15 Arina\MATRIX_[10, 14]_robust_concat_03_calib_MI.hdf","[10, 14]",55,56,-1,last5,0.8646827840659048,0.365,1.855,0.007486918614872384,1.7409309011777137,0.327885570466941,0.4178900419204374,0.5892857142857143,0.5892857142857143,0.5211038530635312,0.6641466737664095,1.1852505268299407,0.16016145666344195,0.2062608439664893,38.139165076020966,0.26278330152041934,0.43261644229292834,2.19863972726954,2.0634392677954083,0.11368437699775369,0.5422373832781541,61.860834923979034,47.93319994498885,-30.865630149146664,63.15146860282428,-0.43497875180223583,-0.7041207480469415,-0.5612552517797803,0.00015209231434234143,,84.51663998011,False,90.62607251724103,False,54.24415957913179,False,79.62305821293478,False,15.513917669277964,True,12.661257012718092,True,31.16589490679916,True,right_M1;right_S1;right_PMd,3,1;0.8;0.6,right_M1,1.0,right_S1,12.661257012718092
pr_Agency_EBCI,test,05_15 Arina,03_calib_MI,test/05_15 Arina/03_calib_MI,C:\Users\hodor\Documents\lab-Shishkin\projects\BCI_classifier\data\pr_Agency_EBCI\trans\test\05_15 Arina\EPOCHS_03_calib_MI.hdf,"MATRIX_[8, 15]_robust_concat_03_calib_MI.hdf","C:\Users\hodor\Documents\lab-Shishkin\projects\BCI_classifier\data\pr_Agency_EBCI\features\csp\test\05_15 Arina\MATRIX_[8, 15]_robust_concat_03_calib_MI.hdf","[8, 15]",0,1,0,first5,0.17663719232504024,0.323,1.539,0.028961641125789916,1.6834184403345205,1.3042195434517303,0.5551449396826019,0.5357142857142857,0.5357142857142857,2.0029085845865855,0.8525440145125671,2.8554525990991526,0.3393211155102169,0.1394883130070913,26.73846475129978,0.0,0.9223111895090264,4.394541550013596,4.806921560824648,0.0,0.0,73.26153524870023,-53.129435107158436,0.45444027093405054,53.264621630188756,0.09085107538415751,0.9854023299197014,0.14397336660079207,0.0002126505948397126,,29.98198610634499,True,32.448983433813176,True,53.729139973780434,False,26.654237260250188,True,92.46382074255789,False,99.89335124967276,False,81.6146132498798,False,left_M1;left_S1;left_PMd,3,1;0.8;0.6,left_M1,1.0,left_PMd,26.654237260250188
pr_Agency_EBCI,test,05_15 Arina,03_calib_MI,test/05_15 Arina/03_calib_MI,C:\Users\hodor\Documents\lab-Shishkin\projects\BCI_classifier\data\pr_Agency_EBCI\trans\test\05_15 Arina\EPOCHS_03_calib_MI.hdf,"MATRIX_[8, 15]_robust_concat_03_calib_MI.hdf","C:\Users\hodor\Documents\lab-Shishkin\projects\BCI_classifier\data\pr_Agency_EBCI\features\csp\test\05_15 Arina\MATRIX_[8, 15]_robust_concat_03_calib_MI.hdf","[8, 15]",1,2,1,first5,0.20559883345083016,0.294,1.352,0.08212066528837506,1.684573902379129,0.3705806836327219,0.5882582591669316,0.5,0.5,0.5558710254490828,0.8823873887503975,1.4382584141994803,0.19585917010676146,0.3186028537602269,55.13544703337371,0.6027089406674742,0.42284797377464717,1.9445253759976975,2.4228525894376363,0.2548542543371055,1.4602749175734044,44.86455296662629,-46.63828339639742,-4.332729086799222,70.93310881889087,0.9990927202026318,0.027825896324124005,-0.0322405944713304,0.00024225462198497913,,26.888145302198414,True,32.23018893126291,True,48.427002531459216,False,24.162620365185326,True,86.24897197574799,False,94.20199939035088,False,76.20577381871126,False,left_M1;left_S1;left_PMd,3,1;0.8;0.6,left_M1,1.0,left_PMd,24.162620365185326
pr_Agency_EBCI,test,05_15 Arina,03_calib_MI,test/05_15 Arina/03_calib_MI,C:\Users\hodor\Documents\lab-Shishkin\projects\BCI_classifier\data\pr_Agency_EBCI\trans\test\05_15 Arina\EPOCHS_03_calib_MI.hdf,"MATRIX_[8, 15]_robust_concat_03_calib_MI.hdf","C:\Users\hodor\Documents\lab-Shishkin\projects\BCI_classifier\data\pr_Agency_EBCI\features\csp\test\05_15 Arina\MATRIX_[8, 15]_robust_concat_03_calib_MI.hdf","[8, 15]",2,3,2,first5,0.2877194987392052,0.212,0.906,0.057606641957956284,1.4728504323803469,0.5279038693852017,0.28077161925202343,0.5535714285714286,0.5535714285714286,0.8201363685091527,0.43619876562367926,1.256335134132832,0.2819071008733589,0.14379461995212023,45.450255658881645,0.4090051131776329,0.26634304843616036,1.1382396315243457,1.8503937455221626,0.10893566866970752,0.7568205033104761,54.549744341118355,-8.385002635469172,-48.997356947415604,68.84438869879718,0.4650287327642143,-0.023453297648199194,-0.884984870228375,0.00015578530933535106,,39.40094230910398,False,42.126013927751345,False,45.12961045600653,False,47.22827245760897,False,52.53450898555064,False,56.42057685100287,False,56.29946726659759,False,,0,,,0.0,left_M1,39.40094230910398
pr_Agency_EBCI,test,05_15 Arina,03_calib_MI,test/05_15 Arina/03_calib_MI,C:\Users\hodor\Documents\lab-Shishkin\projects\BCI_classifier\data\pr_Agency_EBCI\trans\test\05_15 Arina\EPOCHS_03_calib_MI.hdf,"MATRIX_[8, 15]_robust_concat_03_calib_MI.hdf","C:\Users\hodor\Documents\lab-Shishkin\projects\BCI_classifier\data\pr_Agency_EBCI\features\csp\test\05_15 Arina\MATRIX_[8, 15]_robust_concat_03_calib_MI.hdf","[8, 15]",3,4,3,first5,0.3453261406971615,0.155,0.64,0.017611021357054946,1.320918833241374,0.22507192799436182,0.4689676590747113,0.5357142857142857,0.5357142857142857,0.3456461751341985,0.7202003335790208,1.0658465087132192,0.13422678411307384,0.30298023125085954,28.084271624907885,0.0,0.16520620885054896,0.6821417655764603,1.4078967267038573,0.0,0.0,71.91572837509212,-41.116996505438934,-30.30978310578551,67.8950255397667,-0.7872187720348615,0.4174392894028793,0.4539064271617491,0.00012001098546161308,,14.404466275097898,True,15.922546833150564,True,48.77995988837268,False,28.482865939764416,True,78.28369016247024,False,84.62377272709845,False,73.59604106711006,False,left_M1;left_S1;left_PMd,3,1;0.8;0.6,left_M1,1.0,left_M1,14.404466275097898
pr_Agency_EBCI,test,05_15 Arina,03_calib_MI,test/05_15 Arina/03_calib_MI,C:\Users\hodor\Documents\lab-Shishkin\projects\BCI_classifier\data\pr_Agency_EBCI\trans\test\05_15 Arina\EPOCHS_03_calib_MI.hdf,"MATRIX_[8, 15]_robust_concat_03_calib_MI.hdf","C:\Users\hodor\Documents\lab-Shishkin\projects\BCI_classifier\data\pr_Agency_EBCI\features\csp\test\05_15 Arina\MATRIX_[8, 15]_robust_concat_03_calib_MI.hdf","[8, 15]",4,5,4,first5,0.36293716205421644,0.137,0.563,0.022030710659079134,1.2860728294411754,0.14402440145901846,0.444355684292603,0.5,0.5,0.2160366021885277,0.6665335264389045,0.8825701286274322,0.11929493935361829,0.3527216549736481,48.12029174209512,0.46240583484190245,0.12091210762195823,0.49688698241724427,1.1350494625041438,0.05591046406742555,0.5248534942960813,51.87970825790488,11.592358953605343,-50.74734025078415,66.73657400933968,-0.472048736596666,-0.21654216038585244,-0.8545639139660176,9.506178617677202e-05,,55.63925648962308,False,59.327562559291415,False,47.04290563995118,False,59.24663709853473,False,37.76807081913101,False,39.65152424587155,False,47.02998835510884,False,,0,,,0.0,right_M1,37.76807081913101
pr_Agency_EBCI,test,05_15 Arina,03_calib_MI,test/05_15 Arina/03_calib_MI,C:\Users\hodor\Documents\lab-Shishkin\projects\BCI_classifier\data\pr_Agency_EBCI\trans\test\05_15 Arina\EPOCHS_03_calib_MI.hdf,"MATRIX_[8, 15]_robust_concat_03_calib_MI.hdf","C:\Users\hodor\Documents\lab-Shishkin\projects\BCI_classifier\data\pr_Agency_EBCI\features\csp\test\05_15 Arina\MATRIX_[8, 15]_robust_concat_03_calib_MI.hdf","[8, 15]",51,52,-5,last5,0.7553149208796032,0.255,1.127,0.0032545716086451737,1.513319663040818,0.29954645249695044,0.4866341318956069,0.4821428571428571,0.4821428571428571,0.4439706349508373,0.7212613026309889,1.165231937581826,0.1513636272295771,0.267252994826346,40.62731213165232,0.31254624263304637,0.29713414408336564,1.313216393654718,1.7633684031457286,0.09286816029124216,0.5511341687810324,59.37268786834768,52.97767779618149,36.08210208636096,55.65565524056844,0.024900350971867508,-0.895552674094873,-0.4442582362129036,0.00012610721284600905,,107.36388922924849,False,115.76254709941983,False,67.69810642133206,False,92.19942840890003,False,62.43571980669561,False,67.08738660275047,False,50.66788613861402,False,,0,,,0.0,right_PMd,50.66788613861402
pr_Agency_EBCI,test,05_15 Arina,03_calib_MI,test/05_15 Arina/03_calib_MI,C:\Users\hodor\Documents\lab-Shishkin\projects\BCI_classifier\data\pr_Agency_EBCI\trans\test\05_15 Arina\EPOCHS_03_calib_MI.hdf,"MATRIX_[8, 15]_robust_concat_03_calib_MI.hdf","C:\Users\hodor\Documents\lab-Shishkin\projects\BCI_classifier\data\pr_Agency_EBCI\features\csp\test\05_15 Arina\MATRIX_[8, 15]_robust_concat_03_calib_MI.hdf","[8, 15]",52,53,-4,last5,0.7597142179206893,0.26,1.151,0.004399297041086103,1.5245752689227294,0.23105866913536993,0.1508794398928629,0.6071428571428572,0.6071428571428572,0.3713442896818446,0.24248481411352968,0.6138291037953743,0.18534963701615406,0.1168625298842423,29.44074077524427,0.0,0.1595955669867973,0.7065172984684758,0.9358286709914307,0.0,0.0,70.55925922475573,57.035685454937315,-20.472559910009117,59.496682456955284,0.5224585816596602,0.26838126284286645,0.8093259715374544,0.00012616386473448458,,93.168172622754,False,99.77494352821289,False,58.86224990637301,False,86.01662246161834,False,21.614108456106052,True,19.314352166940527,True,31.794064992567463,True,right_M1;right_S1;right_PMd,3,1;0.8;0.6,right_M1,1.0,right_S1,19.314352166940527
pr_Agency_EBCI,test,05_15 Arina,03_calib_MI,test/05_15 Arina/03_calib_MI,C:\Users\hodor\Documents\lab-Shishkin\projects\BCI_classifier\data\pr_Agency_EBCI\trans\test\05_15 Arina\EPOCHS_03_calib_MI.hdf,"MATRIX_[8, 15]_robust_concat_03_calib_MI.hdf","C:\Users\hodor\Documents\lab-Shishkin\projects\BCI_classifier\data\pr_Agency_EBCI\features\csp\test\05_15 Arina\MATRIX_[8, 15]_robust_concat_03_calib_MI.hdf","[8, 15]",53,54,-3,last5,0.7745266924751003,0.275,1.234,0.014812474554411037,1.5662937220098523,0.17645710956190022,0.38273983662691424,0.5535714285714286,0.5535714285714286,0.27413872378366644,0.5946136747596703,0.8687523985433367,0.1430984915217572,0.3071373194684922,20.456298605650407,0.0,0.23890690959941763,1.0720404598024775,1.3607214278194295,0.0,0.0,79.5437013943496,-37.79567269857585,68.1243610629292,33.7868625247814,0.5047118944298525,0.7453397045462598,-0.4355853859439311,6.338380873851825e-05,,94.7815689793449,False,99.8888631367722,False,86.6556968936215,False,79.90179614595529,False,120.1087952099314,False,127.77894189621995,False,103.04082865345316,False,,0,,,0.0,left_PMd,79.90179614595529
pr_Agency_EBCI,test,05_15 Arina,03_calib_MI,test/05_15 Arina/03_calib_MI,C:\Users\hodor\Documents\lab-Shishkin\projects\BCI_classifier\data\pr_Agency_EBCI\trans\test\05_15 Arina\EPOCHS_03_calib_MI.hdf,"MATRIX_[8, 15]_robust_concat_03_calib_MI.hdf","C:\Users\hodor\Documents\lab-Shishkin\projects\BCI_classifier\data\pr_Agency_EBCI\features\csp\test\05_15 Arina\MATRIX_[8, 15]_robust_concat_03_calib_MI.hdf","[8, 15]",54,55,-2,last5,0.7822833912447805,0.282,1.279,0.007756698769680215,1.5727495562121994,0.0688923220174735,0.09662039395005387,0.5178571428571428,0.5178571428571428,0.10456870306223656,0.14665595510276033,0.2512246581649969,0.16737162901590164,0.21051220342672725,24.72268060342369,0.0,0.07084535360252912,0.321316337793031,0.39511346963856037,0.0,0.0,75.2773193965763,33.68729386464059,-47.56744490149877,61.81210972045935,0.7380423134205399,-0.41411161399520363,-0.532733624577185,4.239136952537898e-05,,73.793793809267,False,78.31640358242959,False,53.639709395955975,False,73.51656643082784,False,24.383471620267024,True,21.771396391282988,True,40.39441331345929,False,right_M1;right_S1,2,1;0.8,right_M1,1.0,right_S1,21.771396391282988
pr_Agency_EBCI,test,05_15 Arina,03_calib_MI,test/05_15 Arina/03_calib_MI,C:\Users\hodor\Documents\lab-Shishkin\projects\BCI_classifier\data\pr_Agency_EBCI\trans\test\05_15 Arina\EPOCHS_03_calib_MI.hdf,"MATRIX_[8, 15]_robust_concat_03_calib_MI.hdf","C:\Users\hodor\Documents\lab-Shishkin\projects\BCI_classifier\data\pr_Agency_EBCI\features\csp\test\05_15 Arina\MATRIX_[8, 15]_robust_concat_03_calib_MI.hdf","[8, 15]",55,56,-1,last5,0.8045853528040701,0.305,1.415,0.02230196155928954,1.6372083931023331,0.5818946521510631,0.49242428305913033,0.5892857142857143,0.5892857142857143,0.9247968578829396,0.7826028784332608,1.7073997363162006,0.21143272025695323,0.1801159261133083,28.99110756690055,0.0,0.5207569195764412,2.415970626887424,2.795369178677594,0.0,0.0,71.00889243309945,45.23563484459978,-24.55468945313733,57.751250020759805,-0.6020460354607801,-0.4592907968603594,-0.6531405171211881,0.0002455816252708884,,81.25640236701221,False,87.59443059061127,False,48.893772988474794,False,75.10381368889722,False,9.416554996781922,True,8.555560566126088,True,23.962298053847203,True,right_M1;right_S1;right_PMd,3,1;0.8;0.6,right_M1,1.0,right_S1,8.555560566126088
