project,stage,subject,record,file,epoch_path,matrix,matrix_path,band,component,component_1based,component_relative,edge_group,eigenvalue,eigen_score_abs_diff,eigen_score_logit,eigengap,eigen_gap_multiplier,weighted_contra,weighted_ipsi,locality,locality_ipsi,contra_local_weighted,ipsi_local_weighted,weighted_local_sum,contrast_contra,contrast_ipsi,gof,gof_coef,final_score_1,final_score_2,final_score_3,final_score_4,final_score_5,rv,x_mm,y_mm,z_mm,ori_x,ori_y,ori_z,amplitude,fit_error,dist_left_M1_mm,in_left_M1,dist_left_S1_mm,in_left_S1,dist_SMA_mm,in_SMA,dist_left_PMd_mm,in_left_PMd,dist_right_M1_mm,in_right_M1,dist_right_S1_mm,in_right_S1,dist_right_PMd_mm,in_right_PMd,roi_names,roi_count,roi_weights,best_roi,best_roi_weight,nearest_roi,nearest_roi_dist_mm
pr_Agency_EBCI,test,06_02 Artem,rec_05AY_calibration_20260602_133912,test/06_02 Artem/rec_05AY_calibration_20260602_133912,C:\Users\hodor\Documents\lab-Shishkin\projects\BCI_classifier\data\pr_Agency_EBCI\trans\test\06_02 Artem\EPOCHS_rec_05AY_calibration_20260602_133912.hdf,"MATRIX_[8, 12]_robust_concat_rec_05AY_calibration_20260602_133912.hdf","C:\Users\hodor\Documents\lab-Shishkin\projects\BCI_classifier\data\pr_Agency_EBCI\features\csp\test\06_02 Artem\MATRIX_[8, 12]_robust_concat_rec_05AY_calibration_20260602_133912.hdf","[8, 12]",0,1,0,first5,0.15929004697363747,0.341,1.664,0.062051237934700104,1.766637888542931,0.06855851632002789,1.1385185994402727,0.6607142857142857,0.6607142857142857,0.11385610746004632,1.8907541026418813,2.0046102101019274,0.024965793662546146,0.4511375507811867,55.623141354271965,0.6124628270854393,0.6835720816447572,3.335671389609607,3.5414203489260703,0.41866248964082675,2.168988318801164,44.376858645728035,35.60474049994885,-5.053939732164402,45.752335697135216,0.8079714445988184,-0.5828217471242997,0.0866080584696214,0.0006790929767270341,,74.77437184892753,False,81.75472451297344,False,37.66427826169969,False,64.49230115937686,False,21.543538553567483,True,26.499784455741736,True,13.09679246371,True,right_M1;right_S1;right_PMd,3,1;0.8;0.6,right_M1,1.0,right_PMd,13.09679246371
pr_Agency_EBCI,test,06_02 Artem,rec_05AY_calibration_20260602_133912,test/06_02 Artem/rec_05AY_calibration_20260602_133912,C:\Users\hodor\Documents\lab-Shishkin\projects\BCI_classifier\data\pr_Agency_EBCI\trans\test\06_02 Artem\EPOCHS_rec_05AY_calibration_20260602_133912.hdf,"MATRIX_[8, 12]_robust_concat_rec_05AY_calibration_20260602_133912.hdf","C:\Users\hodor\Documents\lab-Shishkin\projects\BCI_classifier\data\pr_Agency_EBCI\features\csp\test\06_02 Artem\MATRIX_[8, 12]_robust_concat_rec_05AY_calibration_20260602_133912.hdf","[8, 12]",1,2,1,first5,0.22134128490833757,0.279,1.258,0.030577741159454025,1.5921247591339507,0.29419765079216054,0.2726002180104721,0.5178571428571428,0.5178571428571428,0.44655000566667225,0.41376818805160936,0.8603181937182816,0.2411745284962929,0.19649128558920848,54.48229543119217,0.5896459086238435,0.24002877604740058,1.082280287697598,1.3697338969522745,0.14153198574833856,0.8076579882413019,45.51770456880783,20.939162616146728,-66.33975706413669,20.74884707421277,0.8089744596988013,-0.5030467835084567,0.304145125157101,0.0003850662436264748,,79.22983686891796,False,79.11100235424384,False,73.93905062904756,False,83.91193404081078,False,57.1150385936158,False,52.3523769659079,False,68.52755986798994,False,,0,,,0.0,right_S1,52.3523769659079
pr_Agency_EBCI,test,06_02 Artem,rec_05AY_calibration_20260602_133912,test/06_02 Artem/rec_05AY_calibration_20260602_133912,C:\Users\hodor\Documents\lab-Shishkin\projects\BCI_classifier\data\pr_Agency_EBCI\trans\test\06_02 Artem\EPOCHS_rec_05AY_calibration_20260602_133912.hdf,"MATRIX_[8, 12]_robust_concat_rec_05AY_calibration_20260602_133912.hdf","C:\Users\hodor\Documents\lab-Shishkin\projects\BCI_classifier\data\pr_Agency_EBCI\features\csp\test\06_02 Artem\MATRIX_[8, 12]_robust_concat_rec_05AY_calibration_20260602_133912.hdf","[8, 12]",2,3,2,first5,0.2519190260677916,0.248,1.088,0.026643445286798628,1.5224302977245041,0.42417775804783864,0.22081889150450076,0.5,0.5,0.636266637071758,0.33122833725675116,0.9674949743285092,0.2804239414700627,0.12439541893918032,42.38633074196063,0.3477266148392125,0.23993875363347028,1.0526345320694181,1.4729436618139138,0.08343309056970642,0.5121817133714262,57.61366925803937,24.1779144957345,-77.1397410468123,26.869773999959516,0.34820837715345004,0.9369827302994544,0.02853575302564383,0.00016022965690612792,,85.40365061513258,False,85.04822050918159,False,81.32973181060021,False,91.38604171293271,False,61.74272306115003,False,56.31438694059434,False,75.12311359651977,False,,0,,,0.0,right_S1,56.31438694059434
pr_Agency_EBCI,test,06_02 Artem,rec_05AY_calibration_20260602_133912,test/06_02 Artem/rec_05AY_calibration_20260602_133912,C:\Users\hodor\Documents\lab-Shishkin\projects\BCI_classifier\data\pr_Agency_EBCI\trans\test\06_02 Artem\EPOCHS_rec_05AY_calibration_20260602_133912.hdf,"MATRIX_[8, 12]_robust_concat_rec_05AY_calibration_20260602_133912.hdf","C:\Users\hodor\Documents\lab-Shishkin\projects\BCI_classifier\data\pr_Agency_EBCI\features\csp\test\06_02 Artem\MATRIX_[8, 12]_robust_concat_rec_05AY_calibration_20260602_133912.hdf","[8, 12]",3,4,3,first5,0.2785624713545902,0.221,0.952,0.006043530416172449,1.4473424808878965,0.1644211139053535,0.15590705189520804,0.5535714285714286,0.5535714285714286,0.25543994481724563,0.2422127413371982,0.4976526861544438,0.14060714608498126,0.12706307204812825,83.58399948260859,1.0,0.10998124364013208,0.47376535721903046,0.7202738733992985,0.10998124364013208,0.7202738733992985,16.41600051739141,24.142633829864597,-69.58415456033458,26.95594396713812,0.3878112342695601,0.8783678667925152,0.27941427515552336,0.0004311076204547232,,80.86166422856795,False,81.04910884633544,False,74.76325898706467,False,85.76141059046627,False,55.33596904648155,False,50.12978716659267,False,68.19856712220356,False,,0,,,0.0,right_S1,50.12978716659267
pr_Agency_EBCI,test,06_02 Artem,rec_05AY_calibration_20260602_133912,test/06_02 Artem/rec_05AY_calibration_20260602_133912,C:\Users\hodor\Documents\lab-Shishkin\projects\BCI_classifier\data\pr_Agency_EBCI\trans\test\06_02 Artem\EPOCHS_rec_05AY_calibration_20260602_133912.hdf,"MATRIX_[8, 12]_robust_concat_rec_05AY_calibration_20260602_133912.hdf","C:\Users\hodor\Documents\lab-Shishkin\projects\BCI_classifier\data\pr_Agency_EBCI\features\csp\test\06_02 Artem\MATRIX_[8, 12]_robust_concat_rec_05AY_calibration_20260602_133912.hdf","[8, 12]",4,5,4,first5,0.2846060017707627,0.215,0.922,0.018599219029692415,1.4459953283655356,0.20195592457922035,0.2204587391230785,0.4821428571428571,0.4821428571428571,0.29932753107277305,0.3267513454859914,0.6260788765587644,0.18005364857092607,0.15322474780277248,46.97672016999704,0.43953440339994077,0.13460695846013435,0.5772447241871808,0.905307130692316,0.05916438918025576,0.3979136295825593,53.02327983000296,48.69428954788706,-65.06975561235383,5.304521107307814,0.7548074775036583,0.4935881435564556,-0.43201437064645914,0.00020932218130991664,,106.91061260809984,False,107.86941023443143,False,92.93644795453955,False,108.20814495715342,False,66.46729566744432,False,58.78068577584847,False,79.09008917497171,False,,0,,,0.0,right_S1,58.78068577584847
pr_Agency_EBCI,test,06_02 Artem,rec_05AY_calibration_20260602_133912,test/06_02 Artem/rec_05AY_calibration_20260602_133912,C:\Users\hodor\Documents\lab-Shishkin\projects\BCI_classifier\data\pr_Agency_EBCI\trans\test\06_02 Artem\EPOCHS_rec_05AY_calibration_20260602_133912.hdf,"MATRIX_[8, 12]_robust_concat_rec_05AY_calibration_20260602_133912.hdf","C:\Users\hodor\Documents\lab-Shishkin\projects\BCI_classifier\data\pr_Agency_EBCI\features\csp\test\06_02 Artem\MATRIX_[8, 12]_robust_concat_rec_05AY_calibration_20260602_133912.hdf","[8, 12]",51,52,-5,last5,0.7232140124616628,0.223,0.96,0.005372629512078286,1.4507923855247737,0.21537310367799334,0.10310044223819789,0.5357142857142857,0.5357142857142857,0.3307515520769183,0.15833282200866103,0.48908437408557937,0.2774800996255977,0.14563877386091043,28.24587865217319,0.0,0.1090658154210842,0.46952099912215617,0.7095598858025085,0.0,0.0,71.75412134782681,-10.016566332591426,-48.1736926526675,69.40018415363856,0.17959692488411136,0.9645453333603181,0.19338367166077805,7.67778234699645e-05,,37.93509162985742,False,40.69385140745072,False,44.82093430299882,False,46.00972074651726,False,53.67920201399088,False,57.78211389562551,False,56.910015220721384,False,,0,,,0.0,left_M1,37.93509162985742
pr_Agency_EBCI,test,06_02 Artem,rec_05AY_calibration_20260602_133912,test/06_02 Artem/rec_05AY_calibration_20260602_133912,C:\Users\hodor\Documents\lab-Shishkin\projects\BCI_classifier\data\pr_Agency_EBCI\trans\test\06_02 Artem\EPOCHS_rec_05AY_calibration_20260602_133912.hdf,"MATRIX_[8, 12]_robust_concat_rec_05AY_calibration_20260602_133912.hdf","C:\Users\hodor\Documents\lab-Shishkin\projects\BCI_classifier\data\pr_Agency_EBCI\features\csp\test\06_02 Artem\MATRIX_[8, 12]_robust_concat_rec_05AY_calibration_20260602_133912.hdf","[8, 12]",52,53,-4,last5,0.7329136333421917,0.233,1.009,0.009699620880528892,1.475040046660653,0.10227055385654868,0.06275975696018121,0.5357142857142857,0.5357142857142857,0.15705835056541403,0.09638105533170685,0.2534394058971209,0.16617801929798132,0.09418882404121916,23.998797479002576,0.0,0.05905138157402917,0.2557203605501949,0.37383327310013736,0.0,0.0,76.00120252099742,-15.703135394299087,49.406616779254115,-5.933146553339498,-0.43006299029772643,0.10098827711208938,-0.8971327617817274,0.0003169279189877774,,98.16419276801422,False,101.75060366400092,False,86.04608574679965,False,85.33725547009647,False,109.0754795477651,False,113.9794371464908,False,95.08521617649089,False,,0,,,0.0,left_PMd,85.33725547009647
pr_Agency_EBCI,test,06_02 Artem,rec_05AY_calibration_20260602_133912,test/06_02 Artem/rec_05AY_calibration_20260602_133912,C:\Users\hodor\Documents\lab-Shishkin\projects\BCI_classifier\data\pr_Agency_EBCI\trans\test\06_02 Artem\EPOCHS_rec_05AY_calibration_20260602_133912.hdf,"MATRIX_[8, 12]_robust_concat_rec_05AY_calibration_20260602_133912.hdf","C:\Users\hodor\Documents\lab-Shishkin\projects\BCI_classifier\data\pr_Agency_EBCI\features\csp\test\06_02 Artem\MATRIX_[8, 12]_robust_concat_rec_05AY_calibration_20260602_133912.hdf","[8, 12]",53,54,-3,last5,0.7394816539500186,0.239,1.043,0.006568020607826908,1.4842790277010824,0.1494962037058728,0.32453180829151496,0.5714285714285714,0.5714285714285714,0.2349226058235144,0.5099785558866663,0.7449011617101807,0.10079767583717542,0.24081626645729834,23.990932156593978,0.0,0.1780313776487332,0.7769319116637184,1.1056411720365937,0.0,0.0,76.00906784340603,13.261865691539118,-42.81504708374013,8.38506349129547,-0.5528885462694022,0.7158920658627227,-0.42639512830109855,0.0004809137763927456,,71.04871277442372,False,71.55670421509443,False,63.189134336222764,False,71.98479869054034,False,56.01973694441029,False,53.78074452764614,False,60.798702988347024,False,,0,,,0.0,right_S1,53.78074452764614
pr_Agency_EBCI,test,06_02 Artem,rec_05AY_calibration_20260602_133912,test/06_02 Artem/rec_05AY_calibration_20260602_133912,C:\Users\hodor\Documents\lab-Shishkin\projects\BCI_classifier\data\pr_Agency_EBCI\trans\test\06_02 Artem\EPOCHS_rec_05AY_calibration_20260602_133912.hdf,"MATRIX_[8, 12]_robust_concat_rec_05AY_calibration_20260602_133912.hdf","C:\Users\hodor\Documents\lab-Shishkin\projects\BCI_classifier\data\pr_Agency_EBCI\features\csp\test\06_02 Artem\MATRIX_[8, 12]_robust_concat_rec_05AY_calibration_20260602_133912.hdf","[8, 12]",54,55,-2,last5,0.7696074631663006,0.27,1.206,0.03012580921628194,1.5725358739535844,0.351440814618327,0.3460910224865842,0.5,0.5,0.5271612219274905,0.5191365337298763,1.046297755657367,0.1919879256845997,0.21292897759670967,44.026569215478496,0.38053138430956995,0.2825003940274891,1.2618350933227844,1.6453407556083315,0.1075002660072794,0.6261037953925922,55.973430784521504,-45.619798729730256,-26.817665110888157,9.485388596877787,0.44590995577101594,0.03766100734509846,0.8942851669741833,0.0006792606982406114,,47.5824425419829,False,42.78694171062831,False,69.77255002080793,False,53.180550029923616,False,93.98584922924441,False,97.44151357375043,False,89.09314428851974,False,,0,,,0.0,left_S1,42.78694171062831
pr_Agency_EBCI,test,06_02 Artem,rec_05AY_calibration_20260602_133912,test/06_02 Artem/rec_05AY_calibration_20260602_133912,C:\Users\hodor\Documents\lab-Shishkin\projects\BCI_classifier\data\pr_Agency_EBCI\trans\test\06_02 Artem\EPOCHS_rec_05AY_calibration_20260602_133912.hdf,"MATRIX_[8, 12]_robust_concat_rec_05AY_calibration_20260602_133912.hdf","C:\Users\hodor\Documents\lab-Shishkin\projects\BCI_classifier\data\pr_Agency_EBCI\features\csp\test\06_02 Artem\MATRIX_[8, 12]_robust_concat_rec_05AY_calibration_20260602_133912.hdf","[8, 12]",55,56,-1,last5,0.8047560847583469,0.305,1.416,0.03514862159204635,1.6528813183422966,0.7718839097911836,0.6219607440751094,0.5535714285714286,0.5535714285714286,1.1991767884255888,0.9662604416881163,2.1654372301137053,0.18235127205853954,0.1563321675131992,27.48080968658587,0.0,0.6604583551846801,3.0662591178410064,3.579210743697832,0.0,0.0,72.51919031341413,-39.689524697037456,-2.2172809386136962,-26.982663709255423,-0.32042164185171157,-0.9201094820597252,-0.22522991021806504,0.0006754051603872361,,85.87328990134655,False,83.75845593836392,False,93.87023205092507,False,84.00123394134722,False,114.40941165329932,False,116.97572008874809,False,107.24473912382435,False,,0,,,0.0,left_S1,83.75845593836392
pr_Agency_EBCI,test,06_02 Artem,rec_05AY_calibration_20260602_133912,test/06_02 Artem/rec_05AY_calibration_20260602_133912,C:\Users\hodor\Documents\lab-Shishkin\projects\BCI_classifier\data\pr_Agency_EBCI\trans\test\06_02 Artem\EPOCHS_rec_05AY_calibration_20260602_133912.hdf,"MATRIX_[9, 13]_robust_concat_rec_05AY_calibration_20260602_133912.hdf","C:\Users\hodor\Documents\lab-Shishkin\projects\BCI_classifier\data\pr_Agency_EBCI\features\csp\test\06_02 Artem\MATRIX_[9, 13]_robust_concat_rec_05AY_calibration_20260602_133912.hdf","[9, 13]",0,1,0,first5,0.1697230332411205,0.33,1.588,0.07689192881063137,1.7614973460300334,0.07140392782838811,1.1525720218093047,0.6607142857142857,0.6607142857142857,0.11858152300071596,1.9140928219333095,2.0326743449340254,0.023862840661378237,0.4379381791884061,55.3269756405425,0.6065395128108501,0.6707825338282284,3.2278868597552326,3.5805504639446224,0.4068561112702012,2.1717453339956343,44.6730243594575,36.13046613384361,-2.855063955900255,46.6432203673425,0.8321028894133647,-0.549858029267369,0.07253226233983741,0.0006853392250337504,,75.74603481429733,False,82.88493457295363,False,38.0036531059192,False,65.01335538592092,False,23.123033252911757,True,28.284166395301035,True,13.421034667475114,True,right_M1;right_S1;right_PMd,3,1;0.8;0.6,right_M1,1.0,right_PMd,13.421034667475114
pr_Agency_EBCI,test,06_02 Artem,rec_05AY_calibration_20260602_133912,test/06_02 Artem/rec_05AY_calibration_20260602_133912,C:\Users\hodor\Documents\lab-Shishkin\projects\BCI_classifier\data\pr_Agency_EBCI\trans\test\06_02 Artem\EPOCHS_rec_05AY_calibration_20260602_133912.hdf,"MATRIX_[9, 13]_robust_concat_rec_05AY_calibration_20260602_133912.hdf","C:\Users\hodor\Documents\lab-Shishkin\projects\BCI_classifier\data\pr_Agency_EBCI\features\csp\test\06_02 Artem\MATRIX_[9, 13]_robust_concat_rec_05AY_calibration_20260602_133912.hdf","[9, 13]",1,2,1,first5,0.24661496205175187,0.253,1.117,0.026834426507150566,1.5331564396252362,0.588908433953689,0.15424536758624632,0.5357142857142857,0.5357142857142857,0.904395095000308,0.23687681450744968,1.1412719095077577,0.39595064036733996,0.10817075764937857,44.45057662582071,0.3890115325164142,0.2887417931054627,1.2748007229201654,1.7497483774252085,0.11232388743749344,0.6806722978202895,55.54942337417929,21.066304854472424,-60.49923926826439,23.869954028585273,0.9337843676485315,-0.020290067696451544,0.35726050423760175,0.00040832689985112735,,74.97397862612614,False,75.4908066607716,False,67.66695145380781,False,78.71475242890446,False,50.8679621371526,False,46.47281651398623,False,61.94018167750891,False,,0,,,0.0,right_S1,46.47281651398623
pr_Agency_EBCI,test,06_02 Artem,rec_05AY_calibration_20260602_133912,test/06_02 Artem/rec_05AY_calibration_20260602_133912,C:\Users\hodor\Documents\lab-Shishkin\projects\BCI_classifier\data\pr_Agency_EBCI\trans\test\06_02 Artem\EPOCHS_rec_05AY_calibration_20260602_133912.hdf,"MATRIX_[9, 13]_robust_concat_rec_05AY_calibration_20260602_133912.hdf","C:\Users\hodor\Documents\lab-Shishkin\projects\BCI_classifier\data\pr_Agency_EBCI\features\csp\test\06_02 Artem\MATRIX_[9, 13]_robust_concat_rec_05AY_calibration_20260602_133912.hdf","[9, 13]",2,3,2,first5,0.27344938855890244,0.227,0.977,0.01856703824913264,1.4708588707302124,0.15108773607910903,0.29415541691202063,0.5535714285714286,0.5535714285714286,0.2347255899800444,0.45699145127403207,0.6917170412540765,0.06689172172346179,0.13174995576013365,79.48982074801495,1.0,0.15701976836467538,0.6758075493052328,1.0174181461638148,0.15701976836467538,1.0174181461638148,20.51017925198505,22.54205403274316,-70.46646261883862,29.34342767431034,-0.013460759925376712,0.9914181066434066,0.13003440222431306,0.00043838819956645256,,79.35286438960644,False,79.47661042845628,False,74.06259609316103,False,84.65890990388557,False,55.23424034165995,False,50.293802080333485,False,68.13531371063746,False,,0,,,0.0,right_S1,50.293802080333485
pr_Agency_EBCI,test,06_02 Artem,rec_05AY_calibration_20260602_133912,test/06_02 Artem/rec_05AY_calibration_20260602_133912,C:\Users\hodor\Documents\lab-Shishkin\projects\BCI_classifier\data\pr_Agency_EBCI\trans\test\06_02 Artem\EPOCHS_rec_05AY_calibration_20260602_133912.hdf,"MATRIX_[9, 13]_robust_concat_rec_05AY_calibration_20260602_133912.hdf","C:\Users\hodor\Documents\lab-Shishkin\projects\BCI_classifier\data\pr_Agency_EBCI\features\csp\test\06_02 Artem\MATRIX_[9, 13]_robust_concat_rec_05AY_calibration_20260602_133912.hdf","[9, 13]",3,4,3,first5,0.2920164268080351,0.208,0.886,0.03038301548642741,1.4412786688847077,0.5568012713241639,0.46198101531367874,0.5357142857142857,0.5357142857142857,0.8550876666763945,0.7094708449460065,1.564558511622401,0.2761237691505817,0.24294851842706017,35.25590846296112,0.2051181692592225,0.3254281704174594,1.3861988412974473,2.2549648090233734,0.06675123054140754,0.46253425337084664,64.74409153703888,56.36080112467966,-45.61446175500134,17.13166741956994,0.3217087172341957,0.050800131491279855,-0.9454749324524669,0.00027122024137056326,,102.51073026241674,False,105.51994707507517,False,80.1003501331848,False,100.21147527653272,False,48.913131743736194,False,40.814760097059015,False,61.07315327650121,False,,0,,,0.0,right_S1,40.814760097059015
pr_Agency_EBCI,test,06_02 Artem,rec_05AY_calibration_20260602_133912,test/06_02 Artem/rec_05AY_calibration_20260602_133912,C:\Users\hodor\Documents\lab-Shishkin\projects\BCI_classifier\data\pr_Agency_EBCI\trans\test\06_02 Artem\EPOCHS_rec_05AY_calibration_20260602_133912.hdf,"MATRIX_[9, 13]_robust_concat_rec_05AY_calibration_20260602_133912.hdf","C:\Users\hodor\Documents\lab-Shishkin\projects\BCI_classifier\data\pr_Agency_EBCI\features\csp\test\06_02 Artem\MATRIX_[9, 13]_robust_concat_rec_05AY_calibration_20260602_133912.hdf","[9, 13]",4,5,4,first5,0.3223994422944625,0.178,0.743,0.007217333214989519,1.3611387412490725,0.08794889381405037,0.2362165801867766,0.6071428571428572,0.6071428571428572,0.14134643648686668,0.379633789585891,0.5209802260727576,0.13862844767560825,0.2998032980632903,53.93401783141315,0.578680356628263,0.09273448024095085,0.3870883079720589,0.7091263691323305,0.05366362209757005,0.4103575001840023,46.06598216858685,40.930938117511225,-64.91659001703606,10.034915411719927,-0.6840243918418218,-0.7291520799496021,-0.021163073278588785,0.0002447990978471511,,98.51561084148187,False,99.28633883858222,False,86.29690384930336,False,100.51746838303914,False,61.73548809678823,False,54.602009818576036,False,74.29331316460463,False,,0,,,0.0,right_S1,54.602009818576036
pr_Agency_EBCI,test,06_02 Artem,rec_05AY_calibration_20260602_133912,test/06_02 Artem/rec_05AY_calibration_20260602_133912,C:\Users\hodor\Documents\lab-Shishkin\projects\BCI_classifier\data\pr_Agency_EBCI\trans\test\06_02 Artem\EPOCHS_rec_05AY_calibration_20260602_133912.hdf,"MATRIX_[9, 13]_robust_concat_rec_05AY_calibration_20260602_133912.hdf","C:\Users\hodor\Documents\lab-Shishkin\projects\BCI_classifier\data\pr_Agency_EBCI\features\csp\test\06_02 Artem\MATRIX_[9, 13]_robust_concat_rec_05AY_calibration_20260602_133912.hdf","[9, 13]",51,52,-5,last5,0.7443052087428889,0.244,1.068,0.009982334042662133,1.4977427580256382,0.17985752002961022,0.17997055602858616,0.4821428571428571,0.4821428571428571,0.26657453861531516,0.26674207411379736,0.5333166127291125,0.18040034799450066,0.17629489464039197,27.706890218473607,0.0,0.13012925350590343,0.5695821423946922,0.7987710944497921,0.0,0.0,72.2931097815264,-65.80249831000755,-39.67043631069671,19.02900616643524,0.6967126865382872,-0.06479485623663281,0.714417986211067,0.00016672236533991187,,50.00605828024329,False,41.7990753319989,False,83.56078880412134,False,61.63521558029552,False,109.4356688715712,False,113.14584576859811,False,105.68244703048066,False,,0,,,0.0,left_S1,41.7990753319989
pr_Agency_EBCI,test,06_02 Artem,rec_05AY_calibration_20260602_133912,test/06_02 Artem/rec_05AY_calibration_20260602_133912,C:\Users\hodor\Documents\lab-Shishkin\projects\BCI_classifier\data\pr_Agency_EBCI\trans\test\06_02 Artem\EPOCHS_rec_05AY_calibration_20260602_133912.hdf,"MATRIX_[9, 13]_robust_concat_rec_05AY_calibration_20260602_133912.hdf","C:\Users\hodor\Documents\lab-Shishkin\projects\BCI_classifier\data\pr_Agency_EBCI\features\csp\test\06_02 Artem\MATRIX_[9, 13]_robust_concat_rec_05AY_calibration_20260602_133912.hdf","[9, 13]",52,53,-4,last5,0.7672580169934686,0.267,1.193,0.02295280825057977,1.5585135992116192,0.3577634444308264,0.3934326095601804,0.5714285714285714,0.5714285714285714,0.5621996983912987,0.6182512435945692,1.180450941985868,0.17516032691478514,0.18320078920232183,35.07548943134533,0.20150978862690666,0.31518040151022675,1.4082779737891407,1.8397488462871414,0.06351193608766936,0.37072740114191727,64.92451056865467,-32.207619145708136,-48.30434215040574,10.511463447452362,0.34629980818948675,-0.83582512695134,0.4259962441204159,0.00046694046035921207,,51.713539403143265,False,46.3922227278097,False,71.28919413008,False,60.92085860150664,False,85.51132857453698,False,86.96619082209861,False,85.54884193876663,False,,0,,,0.0,left_S1,46.3922227278097
pr_Agency_EBCI,test,06_02 Artem,rec_05AY_calibration_20260602_133912,test/06_02 Artem/rec_05AY_calibration_20260602_133912,C:\Users\hodor\Documents\lab-Shishkin\projects\BCI_classifier\data\pr_Agency_EBCI\trans\test\06_02 Artem\EPOCHS_rec_05AY_calibration_20260602_133912.hdf,"MATRIX_[9, 13]_robust_concat_rec_05AY_calibration_20260602_133912.hdf","C:\Users\hodor\Documents\lab-Shishkin\projects\BCI_classifier\data\pr_Agency_EBCI\features\csp\test\06_02 Artem\MATRIX_[9, 13]_robust_concat_rec_05AY_calibration_20260602_133912.hdf","[9, 13]",53,54,-3,last5,0.7721642368936995,0.272,1.221,0.004906219900230879,1.5493379672514513,0.08762999445203645,0.03757631913388163,0.5357142857142857,0.5357142857142857,0.13457463433705597,0.05770649009846107,0.19228112443551704,0.20693920618170028,0.07700729906867544,18.200011233197383,0.0,0.052300465846460635,0.23477525293576632,0.2979084464737473,0.0,0.0,81.79998876680261,51.73474363746667,-65.21709983955334,-17.90063713417148,0.457773080643426,0.7943628551477635,-0.3992886938040203,0.00011378310772926796,,121.8915039252211,False,122.11693313236202,False,109.28886187537684,False,122.85247260767049,False,86.06820345143142,False,78.87400349011946,False,96.42841250597338,False,,0,,,0.0,right_S1,78.87400349011946
pr_Agency_EBCI,test,06_02 Artem,rec_05AY_calibration_20260602_133912,test/06_02 Artem/rec_05AY_calibration_20260602_133912,C:\Users\hodor\Documents\lab-Shishkin\projects\BCI_classifier\data\pr_Agency_EBCI\trans\test\06_02 Artem\EPOCHS_rec_05AY_calibration_20260602_133912.hdf,"MATRIX_[9, 13]_robust_concat_rec_05AY_calibration_20260602_133912.hdf","C:\Users\hodor\Documents\lab-Shishkin\projects\BCI_classifier\data\pr_Agency_EBCI\features\csp\test\06_02 Artem\MATRIX_[9, 13]_robust_concat_rec_05AY_calibration_20260602_133912.hdf","[9, 13]",54,55,-2,last5,0.7886759297254078,0.289,1.317,0.01651169283170828,1.5970875169134549,0.2573038208760968,0.15026233583435017,0.4464285714285714,0.4464285714285714,0.37217159805292577,0.21734373576039934,0.5895153338133251,0.24751036175770988,0.15204256271036315,43.183049881732465,0.3636609976346493,0.17036993147205096,0.7763916946321491,0.9415075806623299,0.06195689924607289,0.34238958606424796,56.816950118267535,-43.21165952525782,15.902770554147121,13.671075643994488,-0.31645985119293707,-0.20496032779829793,0.9261989130914363,0.0004960743158932421,,58.61720709946517,False,59.813367282240655,False,65.66606742781906,False,50.935987894739085,False,98.27744369782273,False,104.10186216338079,False,86.22169523757859,False,,0,,,0.0,left_PMd,50.935987894739085
pr_Agency_EBCI,test,06_02 Artem,rec_05AY_calibration_20260602_133912,test/06_02 Artem/rec_05AY_calibration_20260602_133912,C:\Users\hodor\Documents\lab-Shishkin\projects\BCI_classifier\data\pr_Agency_EBCI\trans\test\06_02 Artem\EPOCHS_rec_05AY_calibration_20260602_133912.hdf,"MATRIX_[9, 13]_robust_concat_rec_05AY_calibration_20260602_133912.hdf","C:\Users\hodor\Documents\lab-Shishkin\projects\BCI_classifier\data\pr_Agency_EBCI\features\csp\test\06_02 Artem\MATRIX_[9, 13]_robust_concat_rec_05AY_calibration_20260602_133912.hdf","[9, 13]",55,56,-1,last5,0.8305506245889221,0.331,1.59,0.04187469486351436,1.717442095999293,0.5960160666225213,0.4048438964215764,0.5535714285714286,0.5535714285714286,0.9259535320742741,0.6289539105120919,1.554907442586366,0.17397076362150354,0.13516684052118055,52.57961504680277,0.5515923009360555,0.5146743634960872,2.4723028337123223,2.670463497280429,0.2838904163936065,1.4730071050306577,47.42038495319723,-48.458410397393365,-9.771078731536491,-32.35597051761717,-0.6213324471128662,-0.660852574405559,-0.42097489838027424,0.0009175508874011481,,90.35735562865952,False,86.98764327486953,False,102.59941511150126,False,90.71086374834886,False,123.05471471434443,False,125.33101383647241,False,116.85804536479107,False,,0,,,0.0,left_S1,86.98764327486953
pr_Agency_EBCI,test,06_02 Artem,rec_05AY_calibration_20260602_133912,test/06_02 Artem/rec_05AY_calibration_20260602_133912,C:\Users\hodor\Documents\lab-Shishkin\projects\BCI_classifier\data\pr_Agency_EBCI\trans\test\06_02 Artem\EPOCHS_rec_05AY_calibration_20260602_133912.hdf,"MATRIX_[10, 14]_robust_concat_rec_05AY_calibration_20260602_133912.hdf","C:\Users\hodor\Documents\lab-Shishkin\projects\BCI_classifier\data\pr_Agency_EBCI\features\csp\test\06_02 Artem\MATRIX_[10, 14]_robust_concat_rec_05AY_calibration_20260602_133912.hdf","[10, 14]",0,1,0,first5,0.21157347727679157,0.288,1.315,0.019415240251333732,1.5983663567695363,0.22616760502149774,0.8473281669761921,0.5357142857142857,0.5357142857142857,0.3473288219973001,1.3012539707134376,1.6485827927107377,0.10857836800274474,0.4097979963682394,46.37633555875379,0.4275267111750758,0.47479184430069243,2.16788637241462,2.6350392722180094,0.20298619568662368,1.1265496738685308,53.62366444124621,21.509008616745106,-49.526679488562785,16.47926093661774,0.9907812241436523,0.11276270432943976,-0.07508087903532647,0.0005532421968696895,,74.30199360655556,False,75.34194244204056,False,63.884122059747874,False,75.74625970749123,False,49.228944870851414,False,45.419102185386436,False,57.69304026136306,False,,0,,,0.0,right_S1,45.419102185386436
pr_Agency_EBCI,test,06_02 Artem,rec_05AY_calibration_20260602_133912,test/06_02 Artem/rec_05AY_calibration_20260602_133912,C:\Users\hodor\Documents\lab-Shishkin\projects\BCI_classifier\data\pr_Agency_EBCI\trans\test\06_02 Artem\EPOCHS_rec_05AY_calibration_20260602_133912.hdf,"MATRIX_[10, 14]_robust_concat_rec_05AY_calibration_20260602_133912.hdf","C:\Users\hodor\Documents\lab-Shishkin\projects\BCI_classifier\data\pr_Agency_EBCI\features\csp\test\06_02 Artem\MATRIX_[10, 14]_robust_concat_rec_05AY_calibration_20260602_133912.hdf","[10, 14]",1,2,1,first5,0.2309887175281253,0.269,1.203,0.03873167824678417,1.5796752857935399,0.9735980222404803,0.4978637415643302,0.4642857142857143,0.4642857142857143,1.4256256754235606,0.7290147644334836,2.1546404398570442,0.3152803265183321,0.15650824389114984,64.70145947907965,0.794029189581593,0.579598278321545,2.592032449148024,3.403632252613495,0.4602179512185429,2.702583359176465,35.298540520920355,-36.44436942604072,-9.287232393132722,49.91970207555191,-0.553954630808841,-0.7744856813273322,0.3054606299089601,0.0006169626441857765,,15.92586002985492,True,21.54556595833269,True,37.473846536164835,False,10.484958993121015,True,74.17292103618675,False,81.15950638119791,False,64.74336831524901,False,left_M1;left_S1;left_PMd,3,1;0.8;0.6,left_M1,1.0,left_PMd,10.484958993121015
pr_Agency_EBCI,test,06_02 Artem,rec_05AY_calibration_20260602_133912,test/06_02 Artem/rec_05AY_calibration_20260602_133912,C:\Users\hodor\Documents\lab-Shishkin\projects\BCI_classifier\data\pr_Agency_EBCI\trans\test\06_02 Artem\EPOCHS_rec_05AY_calibration_20260602_133912.hdf,"MATRIX_[10, 14]_robust_concat_rec_05AY_calibration_20260602_133912.hdf","C:\Users\hodor\Documents\lab-Shishkin\projects\BCI_classifier\data\pr_Agency_EBCI\features\csp\test\06_02 Artem\MATRIX_[10, 14]_robust_concat_rec_05AY_calibration_20260602_133912.hdf","[10, 14]",2,3,2,first5,0.26972039577490947,0.23,0.996,0.028211789360350403,1.4859548462115224,0.10731894348634274,0.2238425794672729,0.5178571428571428,0.5178571428571428,0.16289482493462737,0.33976105811996776,0.5026558830545951,0.10091791406065573,0.24762928108329146,63.09657901593604,0.7619315803187208,0.11561085310255688,0.5006452595223767,0.7469239454017078,0.08808756000642665,0.5691049420978171,36.90342098406396,31.017700090470125,-76.69170255588934,19.80186209245015,-0.8255432699951127,-0.5361315123628196,-0.1761854443968969,0.0002852931859483766,,92.61799410281196,False,92.45766435933304,False,86.13078583617404,False,97.52919620282661,False,64.1213226516797,False,57.77063340127146,False,77.70432228542242,False,,0,,,0.0,right_S1,57.77063340127146
pr_Agency_EBCI,test,06_02 Artem,rec_05AY_calibration_20260602_133912,test/06_02 Artem/rec_05AY_calibration_20260602_133912,C:\Users\hodor\Documents\lab-Shishkin\projects\BCI_classifier\data\pr_Agency_EBCI\trans\test\06_02 Artem\EPOCHS_rec_05AY_calibration_20260602_133912.hdf,"MATRIX_[10, 14]_robust_concat_rec_05AY_calibration_20260602_133912.hdf","C:\Users\hodor\Documents\lab-Shishkin\projects\BCI_classifier\data\pr_Agency_EBCI\features\csp\test\06_02 Artem\MATRIX_[10, 14]_robust_concat_rec_05AY_calibration_20260602_133912.hdf","[10, 14]",3,4,3,first5,0.2979321851352599,0.202,0.857,0.013108194266184814,1.4145914209670774,0.11741713729195344,0.1600537845624473,0.5535714285714286,0.5535714285714286,0.18241590972142765,0.2486549867309449,0.43107089645237257,0.19631598519827895,0.21788997294464138,52.42079821669097,0.5484159643338193,0.08707632108337926,0.36942775825968327,0.6097891919501136,0.04775404459758272,0.33441812774366203,47.57920178330903,58.62858292329471,-44.84266567489503,11.930412759621277,0.6705968327219611,-0.40405203308813775,-0.6221268701001561,0.00028508711741467797,,106.44770517979082,False,109.32514919770945,False,84.07419509471488,False,103.9423970902518,False,53.74567886899582,False,45.85178639909155,False,65.09700934342975,False,,0,,,0.0,right_S1,45.85178639909155
pr_Agency_EBCI,test,06_02 Artem,rec_05AY_calibration_20260602_133912,test/06_02 Artem/rec_05AY_calibration_20260602_133912,C:\Users\hodor\Documents\lab-Shishkin\projects\BCI_classifier\data\pr_Agency_EBCI\trans\test\06_02 Artem\EPOCHS_rec_05AY_calibration_20260602_133912.hdf,"MATRIX_[10, 14]_robust_concat_rec_05AY_calibration_20260602_133912.hdf","C:\Users\hodor\Documents\lab-Shishkin\projects\BCI_classifier\data\pr_Agency_EBCI\features\csp\test\06_02 Artem\MATRIX_[10, 14]_robust_concat_rec_05AY_calibration_20260602_133912.hdf","[10, 14]",4,5,4,first5,0.3110403794014447,0.189,0.795,0.017978870666786828,1.3915920262240908,0.16503743815627195,0.25338631302308423,0.5357142857142857,0.5357142857142857,0.25345035145427475,0.3891289807140222,0.6425793321682969,0.13688347625186398,0.22370567061787913,49.92494422532889,0.49849888450657787,0.12144749377980811,0.510850569073796,0.8942082748618033,0.0605414401753539,0.4457618275351603,50.07505577467111,45.9301517968486,-70.02349981449238,15.186841139104196,-0.5870952766660638,-0.7870981896279453,0.18919718814191933,0.00015488507074827698,,102.4520680359062,False,103.38665676834252,False,89.67471184356357,False,104.77736306162764,False,62.30958502580284,False,54.52096198586829,False,76.38140355414455,False,,0,,,0.0,right_S1,54.52096198586829
pr_Agency_EBCI,test,06_02 Artem,rec_05AY_calibration_20260602_133912,test/06_02 Artem/rec_05AY_calibration_20260602_133912,C:\Users\hodor\Documents\lab-Shishkin\projects\BCI_classifier\data\pr_Agency_EBCI\trans\test\06_02 Artem\EPOCHS_rec_05AY_calibration_20260602_133912.hdf,"MATRIX_[10, 14]_robust_concat_rec_05AY_calibration_20260602_133912.hdf","C:\Users\hodor\Documents\lab-Shishkin\projects\BCI_classifier\data\pr_Agency_EBCI\features\csp\test\06_02 Artem\MATRIX_[10, 14]_robust_concat_rec_05AY_calibration_20260602_133912.hdf","[10, 14]",51,52,-5,last5,0.7439280722929966,0.244,1.066,0.01429208675432636,1.5019490766722225,0.36703676258332063,0.4828497411139758,0.4821428571428571,0.4821428571428571,0.5440009159717074,0.7156522948653571,1.2596532108370644,0.15299822297768972,0.20327047723453487,29.0202058482098,0.0,0.3073553834442437,1.3427903227523108,1.8919349769439293,0.0,0.0,70.9797941517902,-23.664702144182165,-50.51760791116526,-3.342908455471839,0.3254939011836015,-0.9382301767680016,0.11737911097876201,0.0005068080953035521,,66.15832439290274,False,61.80609110895629,False,79.40269491321753,False,73.13085924519656,False,88.23061257431448,False,88.29305101983513,False,89.43472040594276,False,,0,,,0.0,left_S1,61.80609110895629
pr_Agency_EBCI,test,06_02 Artem,rec_05AY_calibration_20260602_133912,test/06_02 Artem/rec_05AY_calibration_20260602_133912,C:\Users\hodor\Documents\lab-Shishkin\projects\BCI_classifier\data\pr_Agency_EBCI\trans\test\06_02 Artem\EPOCHS_rec_05AY_calibration_20260602_133912.hdf,"MATRIX_[10, 14]_robust_concat_rec_05AY_calibration_20260602_133912.hdf","C:\Users\hodor\Documents\lab-Shishkin\projects\BCI_classifier\data\pr_Agency_EBCI\features\csp\test\06_02 Artem\MATRIX_[10, 14]_robust_concat_rec_05AY_calibration_20260602_133912.hdf","[10, 14]",52,53,-4,last5,0.7461447599308845,0.246,1.078,0.0022166876378878486,1.4941812206356817,0.1418601356222926,0.28932764754689944,0.4285714285714286,0.4285714285714286,0.20265733660327515,0.4133252107812849,0.61598254738456,0.0904610591310635,0.2072406553855366,22.11984600469961,0.0,0.15153170665660176,0.6640291860805557,0.9203895545413385,0.0,0.0,77.88015399530039,-15.24176276112051,-22.963866430659422,29.419871809453436,0.8315368636214493,-0.486951711831756,-0.26725357767993635,0.0005308259636388191,,33.74138705899634,True,35.71235955295133,False,36.563750132222594,False,33.06347124280866,True,57.734695273001655,False,61.93535959940428,False,52.917582709998506,False,left_M1;left_PMd,2,1;0.6,left_M1,1.0,left_PMd,33.06347124280866
pr_Agency_EBCI,test,06_02 Artem,rec_05AY_calibration_20260602_133912,test/06_02 Artem/rec_05AY_calibration_20260602_133912,C:\Users\hodor\Documents\lab-Shishkin\projects\BCI_classifier\data\pr_Agency_EBCI\trans\test\06_02 Artem\EPOCHS_rec_05AY_calibration_20260602_133912.hdf,"MATRIX_[10, 14]_robust_concat_rec_05AY_calibration_20260602_133912.hdf","C:\Users\hodor\Documents\lab-Shishkin\projects\BCI_classifier\data\pr_Agency_EBCI\features\csp\test\06_02 Artem\MATRIX_[10, 14]_robust_concat_rec_05AY_calibration_20260602_133912.hdf","[10, 14]",53,54,-3,last5,0.7599191548021068,0.26,1.152,0.01377439487122234,1.534325370666071,0.11928936987364334,0.04544194662164386,0.5357142857142857,0.5357142857142857,0.18319438944880942,0.06978584659752449,0.2529802360463339,0.1664090478361331,0.07486633543013423,18.52371571142587,0.0,0.06577486137204681,0.2914332319253766,0.38815399444298143,0.0,0.0,81.47628428857413,-65.52862642777735,44.29405347678556,30.98039493352989,0.011187885275461886,-0.9721398442348032,0.2341344794646783,7.508434744421634e-05,,78.49839588605244,False,80.71571371634988,False,86.91117163279404,False,69.05828312570993,False,124.89243516836139,False,132.3776253020364,False,110.03750555234237,False,,0,,,0.0,left_PMd,69.05828312570993
pr_Agency_EBCI,test,06_02 Artem,rec_05AY_calibration_20260602_133912,test/06_02 Artem/rec_05AY_calibration_20260602_133912,C:\Users\hodor\Documents\lab-Shishkin\projects\BCI_classifier\data\pr_Agency_EBCI\trans\test\06_02 Artem\EPOCHS_rec_05AY_calibration_20260602_133912.hdf,"MATRIX_[10, 14]_robust_concat_rec_05AY_calibration_20260602_133912.hdf","C:\Users\hodor\Documents\lab-Shishkin\projects\BCI_classifier\data\pr_Agency_EBCI\features\csp\test\06_02 Artem\MATRIX_[10, 14]_robust_concat_rec_05AY_calibration_20260602_133912.hdf","[10, 14]",54,55,-2,last5,0.7626222624889473,0.263,1.167,0.0027031076868404558,1.5288436692865561,0.10111871193181346,0.2620602853490409,0.5892857142857143,0.5892857142857143,0.16070652432020355,0.4164886677868686,0.5771951921070722,0.09071460829373666,0.23629382758807202,23.51240990470123,0.0,0.15180233552415998,0.6735867891889532,0.8824412153955349,0.0,0.0,76.48759009529877,-65.36587428594947,-34.2244842714292,42.14522044320509,0.62548649629078,-0.10301327107199869,0.7734047510462623,9.508457209284591e-05,,34.04187961558929,True,25.70850109631774,True,72.94308101766244,False,47.70625800692399,False,102.81797248019919,False,107.89992543398203,False,97.96359003757233,False,left_M1;left_S1,2,1;0.8,left_M1,1.0,left_S1,25.70850109631774
pr_Agency_EBCI,test,06_02 Artem,rec_05AY_calibration_20260602_133912,test/06_02 Artem/rec_05AY_calibration_20260602_133912,C:\Users\hodor\Documents\lab-Shishkin\projects\BCI_classifier\data\pr_Agency_EBCI\trans\test\06_02 Artem\EPOCHS_rec_05AY_calibration_20260602_133912.hdf,"MATRIX_[10, 14]_robust_concat_rec_05AY_calibration_20260602_133912.hdf","C:\Users\hodor\Documents\lab-Shishkin\projects\BCI_classifier\data\pr_Agency_EBCI\features\csp\test\06_02 Artem\MATRIX_[10, 14]_robust_concat_rec_05AY_calibration_20260602_133912.hdf","[10, 14]",55,56,-1,last5,0.8133357913155118,0.313,1.472,0.05071352882656455,1.6894933380908588,0.5759658459721415,0.21628526983604932,0.5892857142857143,0.5892857142857143,0.9153742909200107,0.34373908956086413,1.2591133804808747,0.20176241926946403,0.0927091072069838,68.82974466163483,0.8765948932326968,0.3941024880905138,1.8534148960678476,2.1272636682234984,0.3454682284704441,1.8647484681241726,31.170255338365166,-52.83723378166036,-16.650453283577612,-15.22363458491219,0.7605435949206368,0.38966751935952854,0.5193579349363845,0.0010238199964126699,,73.55483941822088,False,69.38784533603926,False,90.92252796017193,False,75.92446672464226,False,114.10028951058517,False,117.00994981494969,False,108.08466510549621,False,,0,,,0.0,left_S1,69.38784533603926
pr_Agency_EBCI,test,06_02 Artem,rec_05AY_calibration_20260602_133912,test/06_02 Artem/rec_05AY_calibration_20260602_133912,C:\Users\hodor\Documents\lab-Shishkin\projects\BCI_classifier\data\pr_Agency_EBCI\trans\test\06_02 Artem\EPOCHS_rec_05AY_calibration_20260602_133912.hdf,"MATRIX_[8, 15]_robust_concat_rec_05AY_calibration_20260602_133912.hdf","C:\Users\hodor\Documents\lab-Shishkin\projects\BCI_classifier\data\pr_Agency_EBCI\features\csp\test\06_02 Artem\MATRIX_[8, 15]_robust_concat_rec_05AY_calibration_20260602_133912.hdf","[8, 15]",0,1,0,first5,0.2008085512264894,0.299,1.381,0.05052222349079419,1.6584245792949899,0.08847307938127778,1.0062752488200553,0.6428571428571428,0.6428571428571428,0.14534863041209922,1.6531664802043764,1.7985151106164756,0.03461805150598002,0.45209927993654786,58.49959811004566,0.6699919622009132,0.5377560180743262,2.483749367761353,2.982701665679811,0.3602922097349675,1.9983861416487485,41.50040188995434,37.603712347862896,-2.085498341236899,47.67048481808341,0.833095208265722,-0.527361611756895,0.16685953496837755,0.0005997099808145099,,77.24721792727978,False,84.46724290592675,False,39.19261906878285,False,66.39434634709818,False,23.498895706232613,True,28.58830966825194,True,14.02117840617488,True,right_M1;right_S1;right_PMd,3,1;0.8;0.6,right_M1,1.0,right_PMd,14.02117840617488
pr_Agency_EBCI,test,06_02 Artem,rec_05AY_calibration_20260602_133912,test/06_02 Artem/rec_05AY_calibration_20260602_133912,C:\Users\hodor\Documents\lab-Shishkin\projects\BCI_classifier\data\pr_Agency_EBCI\trans\test\06_02 Artem\EPOCHS_rec_05AY_calibration_20260602_133912.hdf,"MATRIX_[8, 15]_robust_concat_rec_05AY_calibration_20260602_133912.hdf","C:\Users\hodor\Documents\lab-Shishkin\projects\BCI_classifier\data\pr_Agency_EBCI\features\csp\test\06_02 Artem\MATRIX_[8, 15]_robust_concat_rec_05AY_calibration_20260602_133912.hdf","[8, 15]",1,2,1,first5,0.2513307747172836,0.249,1.092,0.037874552750075396,1.535723054539075,0.774970591652762,0.45144402046798243,0.4285714285714286,0.4285714285714286,1.1071008452182316,0.6449200292399749,1.7520208744582066,0.2916591877593884,0.15929368755177312,53.5527847155576,0.571055694311152,0.43625319774009347,1.9132067949083618,2.6906188489391782,0.24912487273092937,1.5364932149076351,46.4472152844424,-36.99950092358501,-7.110560330853133,53.757165686335746,0.38583959003190765,0.7887184468740123,-0.47859275206030366,0.0004604537156587736,,17.066999741974243,True,23.495086095394015,True,37.25852997443726,False,9.317318581931678,True,74.96139415184851,False,82.26746152515135,False,65.04426591943927,False,left_M1;left_S1;left_PMd,3,1;0.8;0.6,left_M1,1.0,left_PMd,9.317318581931678
pr_Agency_EBCI,test,06_02 Artem,rec_05AY_calibration_20260602_133912,test/06_02 Artem/rec_05AY_calibration_20260602_133912,C:\Users\hodor\Documents\lab-Shishkin\projects\BCI_classifier\data\pr_Agency_EBCI\trans\test\06_02 Artem\EPOCHS_rec_05AY_calibration_20260602_133912.hdf,"MATRIX_[8, 15]_robust_concat_rec_05AY_calibration_20260602_133912.hdf","C:\Users\hodor\Documents\lab-Shishkin\projects\BCI_classifier\data\pr_Agency_EBCI\features\csp\test\06_02 Artem\MATRIX_[8, 15]_robust_concat_rec_05AY_calibration_20260602_133912.hdf","[8, 15]",2,3,2,first5,0.289205327467359,0.211,0.899,0.027556654075940046,1.4452578160400933,0.15013470119081596,0.4254807830191006,0.5892857142857143,0.5892857142857143,0.23860693582111822,0.6762105301553564,0.9148174659764746,0.10995436665401859,0.3831139024705718,61.64575550485159,0.7329151100970319,0.19302648532103614,0.8224209019128507,1.322147092952492,0.14147202774071033,0.9690215821957464,38.35424449514841,23.043074571594605,-57.16538547289812,24.033285996552753,-0.8911031958523508,-0.08707195061286312,-0.4453690264917375,0.0004869665164423835,,74.88590156104814,False,75.83334892887015,False,65.59434134507568,False,77.74639152139615,False,47.85076294377521,False,43.3527424938709,False,58.8530121793237,False,,0,,,0.0,right_S1,43.3527424938709
pr_Agency_EBCI,test,06_02 Artem,rec_05AY_calibration_20260602_133912,test/06_02 Artem/rec_05AY_calibration_20260602_133912,C:\Users\hodor\Documents\lab-Shishkin\projects\BCI_classifier\data\pr_Agency_EBCI\trans\test\06_02 Artem\EPOCHS_rec_05AY_calibration_20260602_133912.hdf,"MATRIX_[8, 15]_robust_concat_rec_05AY_calibration_20260602_133912.hdf","C:\Users\hodor\Documents\lab-Shishkin\projects\BCI_classifier\data\pr_Agency_EBCI\features\csp\test\06_02 Artem\MATRIX_[8, 15]_robust_concat_rec_05AY_calibration_20260602_133912.hdf","[8, 15]",3,4,3,first5,0.31676198154329904,0.183,0.769,0.014465212919990589,1.376588535857433,0.08431749444102399,0.32518997185792575,0.6785714285714286,0.6785714285714286,0.14153293709743311,0.5458545956186611,0.6873875327160942,0.04897290399758943,0.17034796028939428,77.92640313065785,1.0,0.12579191848704524,0.5286010126586764,0.9462497972283015,0.12579191848704524,0.9462497972283015,22.073596869342154,20.96262256466264,-69.05322840071356,28.04009393070445,0.16149729811886956,-0.9811233047220026,-0.10637520214637178,0.0004695312765643474,,77.82216976013267,False,77.86863031791384,False,72.88852535359779,False,83.10590504869758,False,55.11508375085251,False,50.41629693585803,False,67.51872130543441,False,,0,,,0.0,right_S1,50.41629693585803
pr_Agency_EBCI,test,06_02 Artem,rec_05AY_calibration_20260602_133912,test/06_02 Artem/rec_05AY_calibration_20260602_133912,C:\Users\hodor\Documents\lab-Shishkin\projects\BCI_classifier\data\pr_Agency_EBCI\trans\test\06_02 Artem\EPOCHS_rec_05AY_calibration_20260602_133912.hdf,"MATRIX_[8, 15]_robust_concat_rec_05AY_calibration_20260602_133912.hdf","C:\Users\hodor\Documents\lab-Shishkin\projects\BCI_classifier\data\pr_Agency_EBCI\features\csp\test\06_02 Artem\MATRIX_[8, 15]_robust_concat_rec_05AY_calibration_20260602_133912.hdf","[8, 15]",4,5,4,first5,0.33122719446328963,0.169,0.703,0.03173480740630774,1.359452729806664,0.3142918646591709,0.16756354997394798,0.5357142857142857,0.5357142857142857,0.48266250644086955,0.25732973745999155,0.739992243900861,0.21449265767493866,0.11954835192514245,53.06148347651825,0.5612296695303649,0.12505868921924554,0.5202145474623053,1.0059844760067844,0.07018664682241778,0.5645883350219649,46.93851652348175,40.12327895011623,-71.32434907051085,2.4075912161263537,0.6000527115701279,0.4976270675532,-0.6263417956481427,0.0002357318302773871,,104.43416056215796,False,104.45736824469043,False,94.69775081588845,False,107.34477443908051,False,71.61523387873456,False,64.5804220874046,False,83.83968843551398,False,,0,,,0.0,right_S1,64.5804220874046
pr_Agency_EBCI,test,06_02 Artem,rec_05AY_calibration_20260602_133912,test/06_02 Artem/rec_05AY_calibration_20260602_133912,C:\Users\hodor\Documents\lab-Shishkin\projects\BCI_classifier\data\pr_Agency_EBCI\trans\test\06_02 Artem\EPOCHS_rec_05AY_calibration_20260602_133912.hdf,"MATRIX_[8, 15]_robust_concat_rec_05AY_calibration_20260602_133912.hdf","C:\Users\hodor\Documents\lab-Shishkin\projects\BCI_classifier\data\pr_Agency_EBCI\features\csp\test\06_02 Artem\MATRIX_[8, 15]_robust_concat_rec_05AY_calibration_20260602_133912.hdf","[8, 15]",51,52,-5,last5,0.6936025805282999,0.194,0.817,0.01654949805385464,1.4008424104897912,0.1187682301983691,0.2224859040731378,0.5357142857142857,0.5357142857142857,0.18239406780463824,0.3416747812551759,0.5240688490598142,0.11627972706200346,0.1971404413823236,28.707473263373828,0.0,0.10166935671760396,0.42816424968186817,0.7341378697795606,0.0,0.0,71.29252673662617,-59.11493477602664,-59.97241673060488,11.935120460499403,-0.3916826795734237,0.9067141406896292,-0.15637821330239793,0.0001795222799169692,,61.400558498852156,False,52.88157835745244,False,92.35567339532889,False,74.90650756621048,False,110.82679816596165,False,112.81742051628312,False,110.59772859639448,False,,0,,,0.0,left_S1,52.88157835745244
pr_Agency_EBCI,test,06_02 Artem,rec_05AY_calibration_20260602_133912,test/06_02 Artem/rec_05AY_calibration_20260602_133912,C:\Users\hodor\Documents\lab-Shishkin\projects\BCI_classifier\data\pr_Agency_EBCI\trans\test\06_02 Artem\EPOCHS_rec_05AY_calibration_20260602_133912.hdf,"MATRIX_[8, 15]_robust_concat_rec_05AY_calibration_20260602_133912.hdf","C:\Users\hodor\Documents\lab-Shishkin\projects\BCI_classifier\data\pr_Agency_EBCI\features\csp\test\06_02 Artem\MATRIX_[8, 15]_robust_concat_rec_05AY_calibration_20260602_133912.hdf","[8, 15]",52,53,-4,last5,0.6963232564237039,0.196,0.83,0.0027206758954039234,1.3941330099019966,0.12260564088236703,0.03396776939809133,0.5535714285714286,0.5535714285714286,0.1904766206565345,0.05277135602917761,0.24324797668571213,0.17608665540460838,0.05217481722503657,18.423554241790416,0.0,0.04767660343039958,0.20189582064914105,0.3391200338894226,0.0,0.0,81.57644575820959,-60.53043514884367,39.15607383552907,29.176460673652006,-0.3448289215631786,0.8373490788880175,-0.42419280396886005,9.022667768863164e-05,,72.86929513109456,False,75.14554892029204,False,80.83193058962313,False,63.25683182508535,False,118.43275237169848,False,125.76154669666614,False,103.8308023142344,False,,0,,,0.0,left_PMd,63.25683182508535
pr_Agency_EBCI,test,06_02 Artem,rec_05AY_calibration_20260602_133912,test/06_02 Artem/rec_05AY_calibration_20260602_133912,C:\Users\hodor\Documents\lab-Shishkin\projects\BCI_classifier\data\pr_Agency_EBCI\trans\test\06_02 Artem\EPOCHS_rec_05AY_calibration_20260602_133912.hdf,"MATRIX_[8, 15]_robust_concat_rec_05AY_calibration_20260602_133912.hdf","C:\Users\hodor\Documents\lab-Shishkin\projects\BCI_classifier\data\pr_Agency_EBCI\features\csp\test\06_02 Artem\MATRIX_[8, 15]_robust_concat_rec_05AY_calibration_20260602_133912.hdf","[8, 15]",53,54,-3,last5,0.7153499324238632,0.215,0.922,0.019026676000159393,1.446362941360137,0.20849881259885616,0.11234307200002061,0.5,0.5,0.31274821889828425,0.16851460800003093,0.4812628268983152,0.2543814184703634,0.11947584191511564,20.745579910835204,0.0,0.10347150778313777,0.4437243264002466,0.6960807178799416,0.0,0.0,79.2544200891648,-64.47384439809503,-8.428916002176488,54.695991004677865,0.6469036907374268,-0.568279813256983,0.5085013950373237,8.768516908229162e-05,,32.47951525398869,True,31.267454555307967,True,64.60412308712631,False,36.49966758168151,False,101.68162323871393,False,108.67041719459907,False,92.48403270921902,False,left_M1;left_S1,2,1;0.8,left_M1,1.0,left_S1,31.267454555307967
pr_Agency_EBCI,test,06_02 Artem,rec_05AY_calibration_20260602_133912,test/06_02 Artem/rec_05AY_calibration_20260602_133912,C:\Users\hodor\Documents\lab-Shishkin\projects\BCI_classifier\data\pr_Agency_EBCI\trans\test\06_02 Artem\EPOCHS_rec_05AY_calibration_20260602_133912.hdf,"MATRIX_[8, 15]_robust_concat_rec_05AY_calibration_20260602_133912.hdf","C:\Users\hodor\Documents\lab-Shishkin\projects\BCI_classifier\data\pr_Agency_EBCI\features\csp\test\06_02 Artem\MATRIX_[8, 15]_robust_concat_rec_05AY_calibration_20260602_133912.hdf","[8, 15]",54,55,-2,last5,0.7459071762011212,0.246,1.077,0.030557243777257992,1.522068327876822,0.5901530483181252,0.5684710063717455,0.5178571428571428,0.5178571428571428,0.8957680197685829,0.8628577775285423,1.758625797297125,0.200845747802339,0.18755582790556638,34.473938689481834,0.0,0.43262194613509275,1.8940399836890036,2.676748626653078,0.0,0.0,65.52606131051817,-19.26676476880795,-40.91567841240206,6.631416114052587,0.19667990788899736,-0.6433230652043296,0.73990029572158,0.0007182389076626609,,54.80327008818031,False,51.90626574023544,False,65.03110205203718,False,59.97473099444325,False,76.01192366376728,False,77.01348521042061,False,75.86070136745587,False,,0,,,0.0,left_S1,51.90626574023544
pr_Agency_EBCI,test,06_02 Artem,rec_05AY_calibration_20260602_133912,test/06_02 Artem/rec_05AY_calibration_20260602_133912,C:\Users\hodor\Documents\lab-Shishkin\projects\BCI_classifier\data\pr_Agency_EBCI\trans\test\06_02 Artem\EPOCHS_rec_05AY_calibration_20260602_133912.hdf,"MATRIX_[8, 15]_robust_concat_rec_05AY_calibration_20260602_133912.hdf","C:\Users\hodor\Documents\lab-Shishkin\projects\BCI_classifier\data\pr_Agency_EBCI\features\csp\test\06_02 Artem\MATRIX_[8, 15]_robust_concat_rec_05AY_calibration_20260602_133912.hdf","[8, 15]",55,56,-1,last5,0.7891955915043092,0.289,1.32,0.043288415303187944,1.6280414080904853,0.6328596896270602,0.42138227904966696,0.5892857142857143,0.5892857142857143,1.005794863871578,0.6696968363467922,1.67549170021837,0.16805505775228935,0.1283894660290819,55.20381410667111,0.6040762821334222,0.4842171013631089,2.2116490442882486,2.7277698668674364,0.2925040663368493,1.6477810796928611,44.79618589332889,-49.67558758331205,-11.06336952150998,-19.537553208724574,-0.5911729988343082,-0.639548778956362,-0.4914181974496648,0.0009159040354779775,,77.84792899394776,False,74.39846865170728,False,92.22458387140848,False,78.64564371068523,False,114.95035737501502,False,117.81608910380405,False,108.39189584096678,False,,0,,,0.0,left_S1,74.39846865170728
pr_Agency_EBCI,test,06_02 Artem,rec_05AY_calibration_20260602_144111,test/06_02 Artem/rec_05AY_calibration_20260602_144111,C:\Users\hodor\Documents\lab-Shishkin\projects\BCI_classifier\data\pr_Agency_EBCI\trans\test\06_02 Artem\EPOCHS_rec_05AY_calibration_20260602_144111.hdf,"MATRIX_[8, 12]_robust_concat_rec_05AY_calibration_20260602_144111.hdf","C:\Users\hodor\Documents\lab-Shishkin\projects\BCI_classifier\data\pr_Agency_EBCI\features\csp\test\06_02 Artem\MATRIX_[8, 12]_robust_concat_rec_05AY_calibration_20260602_144111.hdf","[8, 12]",0,1,0,first5,0.22101904803668637,0.279,1.26,0.09500346493500778,1.6640238668674687,0.16047578431131,1.226027913689673,0.625,0.625,0.2607731495058787,1.9922953597457187,2.253068509251597,0.049875120526361845,0.3963292034408913,60.26446471967329,0.7052892943934659,0.6286061140811957,2.8388663216570125,3.749159773082166,0.44334916265174507,2.6442422509254877,39.73553528032671,13.386058146521266,-57.372555296499314,25.030239881466326,0.9779203525666649,-0.19845287608949208,0.06548465474978382,0.0007424712236751836,,67.17020342435329,False,67.41097967928516,False,62.49264814894294,False,71.48133369777484,False,50.83545863833571,False,47.91014937051881,False,60.08612614241543,False,,0,,,0.0,right_S1,47.91014937051881
pr_Agency_EBCI,test,06_02 Artem,rec_05AY_calibration_20260602_144111,test/06_02 Artem/rec_05AY_calibration_20260602_144111,C:\Users\hodor\Documents\lab-Shishkin\projects\BCI_classifier\data\pr_Agency_EBCI\trans\test\06_02 Artem\EPOCHS_rec_05AY_calibration_20260602_144111.hdf,"MATRIX_[8, 12]_robust_concat_rec_05AY_calibration_20260602_144111.hdf","C:\Users\hodor\Documents\lab-Shishkin\projects\BCI_classifier\data\pr_Agency_EBCI\features\csp\test\06_02 Artem\MATRIX_[8, 12]_robust_concat_rec_05AY_calibration_20260602_144111.hdf","[8, 12]",1,2,1,first5,0.31602251297169415,0.184,0.772,0.018266455551698813,1.3814441112860503,0.10697498750107626,0.6268044624629713,0.5535714285714286,0.5535714285714286,0.16619328415345777,0.9737855041835447,1.1399787883370025,0.0443538724414078,0.2942866753439892,66.89084812293746,0.837816962458749,0.20975609705400847,0.8800636245961659,1.5748169841391588,0.17573721609099194,1.319408382079918,33.109151877062544,33.12024417217036,-50.24081669363999,-2.6765962753839716,0.7709511855683093,-0.5009023816594778,0.3933587084566467,0.0006906633609559012,,94.38819611388953,False,95.09086141776908,False,82.07222289733829,False,94.67266655733229,False,64.34140505803039,False,58.97517193064165,False,72.48066256452643,False,,0,,,0.0,right_S1,58.97517193064165
pr_Agency_EBCI,test,06_02 Artem,rec_05AY_calibration_20260602_144111,test/06_02 Artem/rec_05AY_calibration_20260602_144111,C:\Users\hodor\Documents\lab-Shishkin\projects\BCI_classifier\data\pr_Agency_EBCI\trans\test\06_02 Artem\EPOCHS_rec_05AY_calibration_20260602_144111.hdf,"MATRIX_[8, 12]_robust_concat_rec_05AY_calibration_20260602_144111.hdf","C:\Users\hodor\Documents\lab-Shishkin\projects\BCI_classifier\data\pr_Agency_EBCI\features\csp\test\06_02 Artem\MATRIX_[8, 12]_robust_concat_rec_05AY_calibration_20260602_144111.hdf","[8, 12]",2,3,2,first5,0.33428896852339296,0.166,0.689,0.007033030637066284,1.336669932343012,0.11210655732011707,0.2736094910241421,0.4642857142857143,0.4642857142857143,0.1641560303616,0.4006424689996367,0.5647984993612367,0.10130288869181216,0.2179863049462231,45.36554260504017,0.40731085210080337,0.0937565508939653,0.38914616605989205,0.754949171928619,0.03818806063465335,0.3074989905110417,54.63445739495983,47.449440253238805,-24.289982255519735,23.155622242187874,-0.3025673737198084,0.3946405568205223,0.867589658348165,0.0005003062694025922,,89.68080239708637,False,94.15840266537758,False,61.64497945966093,False,83.8852472530782,False,34.78400382530546,True,29.90482954225397,True,41.50177584570711,False,right_M1;right_S1,2,1;0.8,right_M1,1.0,right_S1,29.90482954225397
pr_Agency_EBCI,test,06_02 Artem,rec_05AY_calibration_20260602_144111,test/06_02 Artem/rec_05AY_calibration_20260602_144111,C:\Users\hodor\Documents\lab-Shishkin\projects\BCI_classifier\data\pr_Agency_EBCI\trans\test\06_02 Artem\EPOCHS_rec_05AY_calibration_20260602_144111.hdf,"MATRIX_[8, 12]_robust_concat_rec_05AY_calibration_20260602_144111.hdf","C:\Users\hodor\Documents\lab-Shishkin\projects\BCI_classifier\data\pr_Agency_EBCI\features\csp\test\06_02 Artem\MATRIX_[8, 12]_robust_concat_rec_05AY_calibration_20260602_144111.hdf","[8, 12]",3,4,3,first5,0.34132199916045924,0.159,0.657,0.011248709011033808,1.3251541789310175,0.11194960133855753,0.2642811043012759,0.5357142857142857,0.5357142857142857,0.1719226020556419,0.4058602673198165,0.5777828693754584,0.07679586041211688,0.1866951026616879,27.044494858712977,0.0,0.0918674762306979,0.3796033451796762,0.765651383867643,0.0,0.0,72.95550514128702,45.93561149284531,-32.48645786549553,14.27765816267659,0.5271527284381745,-0.4358386475672563,-0.7294893242446617,0.0003816409424013057,,92.33752328387298,False,95.71744519694094,False,68.7259487327898,False,88.3561829981927,False,43.72059184446224,False,38.00850673508999,False,51.5948310086528,False,,0,,,0.0,right_S1,38.00850673508999
pr_Agency_EBCI,test,06_02 Artem,rec_05AY_calibration_20260602_144111,test/06_02 Artem/rec_05AY_calibration_20260602_144111,C:\Users\hodor\Documents\lab-Shishkin\projects\BCI_classifier\data\pr_Agency_EBCI\trans\test\06_02 Artem\EPOCHS_rec_05AY_calibration_20260602_144111.hdf,"MATRIX_[8, 12]_robust_concat_rec_05AY_calibration_20260602_144111.hdf","C:\Users\hodor\Documents\lab-Shishkin\projects\BCI_classifier\data\pr_Agency_EBCI\features\csp\test\06_02 Artem\MATRIX_[8, 12]_robust_concat_rec_05AY_calibration_20260602_144111.hdf","[8, 12]",4,5,4,first5,0.35257070817149305,0.147,0.608,0.012310063759343515,1.301238317490494,0.15690777248433452,0.14442677507124813,0.4642857142857143,0.4642857142857143,0.22975780970920415,0.21148206349718476,0.4412398732063889,0.14070818145684613,0.12683052705101094,54.887708164021,0.59775416328042,0.06486226136133917,0.2682738429094845,0.5741582302208004,0.03877168676852321,0.34320547249620126,45.112291835979,18.044760410057943,-73.85646401099696,21.8182027384851,-0.30471061012411155,0.8538003181780842,-0.4221095364437928,0.0002497642748296706,,81.08574717845121,False,80.24776367092308,False,78.98883173845203,False,87.32461896440593,False,63.05912223016877,False,58.37965249378063,False,74.86371558607144,False,,0,,,0.0,right_S1,58.37965249378063
pr_Agency_EBCI,test,06_02 Artem,rec_05AY_calibration_20260602_144111,test/06_02 Artem/rec_05AY_calibration_20260602_144111,C:\Users\hodor\Documents\lab-Shishkin\projects\BCI_classifier\data\pr_Agency_EBCI\trans\test\06_02 Artem\EPOCHS_rec_05AY_calibration_20260602_144111.hdf,"MATRIX_[8, 12]_robust_concat_rec_05AY_calibration_20260602_144111.hdf","C:\Users\hodor\Documents\lab-Shishkin\projects\BCI_classifier\data\pr_Agency_EBCI\features\csp\test\06_02 Artem\MATRIX_[8, 12]_robust_concat_rec_05AY_calibration_20260602_144111.hdf","[8, 12]",51,52,-5,last5,0.7511950559930672,0.251,1.105,0.01686775763310089,1.5189352286636333,0.1540456635878787,0.2421096057386701,0.5,0.5,0.23106849538181803,0.36316440860800514,0.5942329039898232,0.13845846196316813,0.2460453610647962,18.75181055260962,0.0,0.14915245890144563,0.6566273589087547,0.902601291901237,0.0,0.0,81.24818944739039,-42.46345042271345,-12.692304053576525,2.4002498587763923,0.9403508153282308,-0.1770891300542704,0.29048198589267654,0.0003212350318398199,,55.15952677629891,False,52.53481073859473,False,70.27989592418486,False,55.71483043735394,False,95.69383603480411,False,99.46741180082967,False,88.65691613183377,False,,0,,,0.0,left_S1,52.53481073859473
pr_Agency_EBCI,test,06_02 Artem,rec_05AY_calibration_20260602_144111,test/06_02 Artem/rec_05AY_calibration_20260602_144111,C:\Users\hodor\Documents\lab-Shishkin\projects\BCI_classifier\data\pr_Agency_EBCI\trans\test\06_02 Artem\EPOCHS_rec_05AY_calibration_20260602_144111.hdf,"MATRIX_[8, 12]_robust_concat_rec_05AY_calibration_20260602_144111.hdf","C:\Users\hodor\Documents\lab-Shishkin\projects\BCI_classifier\data\pr_Agency_EBCI\features\csp\test\06_02 Artem\MATRIX_[8, 12]_robust_concat_rec_05AY_calibration_20260602_144111.hdf","[8, 12]",52,53,-4,last5,0.7557376774531394,0.256,1.129,0.004542621460072116,1.516651644375114,0.20588554089097966,0.14515081374589361,0.5892857142857143,0.5892857142857143,0.32721094891602126,0.23068611470329523,0.5578970636193165,0.18658783685263416,0.10027557744169892,26.558890548228998,0.0,0.142821648286545,0.6298657848262083,0.8461354989302838,0.0,0.0,73.441109451771,50.30232546935082,-35.14056205946275,0.40873336135873023,0.12047220524460105,0.7989807903374077,0.5891656341261887,0.00042004356710673586,,103.25982970597526,False,105.86691390003081,False,81.83061956143908,False,99.79104774126888,False,58.472707850077306,False,52.507264067608766,False,65.76011524269794,False,,0,,,0.0,right_S1,52.507264067608766
pr_Agency_EBCI,test,06_02 Artem,rec_05AY_calibration_20260602_144111,test/06_02 Artem/rec_05AY_calibration_20260602_144111,C:\Users\hodor\Documents\lab-Shishkin\projects\BCI_classifier\data\pr_Agency_EBCI\trans\test\06_02 Artem\EPOCHS_rec_05AY_calibration_20260602_144111.hdf,"MATRIX_[8, 12]_robust_concat_rec_05AY_calibration_20260602_144111.hdf","C:\Users\hodor\Documents\lab-Shishkin\projects\BCI_classifier\data\pr_Agency_EBCI\features\csp\test\06_02 Artem\MATRIX_[8, 12]_robust_concat_rec_05AY_calibration_20260602_144111.hdf","[8, 12]",53,54,-3,last5,0.7652453059812778,0.265,1.182,0.009507628528138468,1.5400780862398267,0.13633210202995946,0.04117714682597377,0.5,0.5,0.20449815304493918,0.06176572023896066,0.26626387328389983,0.34523226793561457,0.0841316315748506,39.046818454921265,0.28093636909842534,0.07055992642023345,0.3147238982215696,0.4100671564018722,0.01982284953235244,0.11520277800605808,60.953181545078735,-36.14763916695678,5.030353286588363,41.2709387549245,0.7843772585576239,-0.23538420056862264,-0.5738872662642871,0.00029090727930410716,,32.553470697130535,True,37.101058393311526,False,41.33015849368286,False,21.286600854279605,True,79.15168030099369,False,86.30928057835177,False,67.09437355418542,False,left_M1;left_PMd,2,1;0.6,left_M1,1.0,left_PMd,21.286600854279605
pr_Agency_EBCI,test,06_02 Artem,rec_05AY_calibration_20260602_144111,test/06_02 Artem/rec_05AY_calibration_20260602_144111,C:\Users\hodor\Documents\lab-Shishkin\projects\BCI_classifier\data\pr_Agency_EBCI\trans\test\06_02 Artem\EPOCHS_rec_05AY_calibration_20260602_144111.hdf,"MATRIX_[8, 12]_robust_concat_rec_05AY_calibration_20260602_144111.hdf","C:\Users\hodor\Documents\lab-Shishkin\projects\BCI_classifier\data\pr_Agency_EBCI\features\csp\test\06_02 Artem\MATRIX_[8, 12]_robust_concat_rec_05AY_calibration_20260602_144111.hdf","[8, 12]",54,55,-2,last5,0.781939614712838,0.282,1.277,0.016694308731560192,1.5828311802491999,0.608470165056654,0.18757528040716237,0.5714285714285714,0.5714285714285714,0.9561674022318848,0.29476115492554084,1.2509285571574256,0.27476733216364035,0.08077808885199886,24.139066402911705,0.0,0.352761853118394,1.5974357674900324,1.9800087245329165,0.0,0.0,75.86093359708829,-40.82242013101995,-50.686395093847366,-28.152293199035615,0.9387027035287471,0.2484466589328843,-0.23898010806949616,0.00035939077622688617,,88.41395743705539,False,82.7870988825599,False,105.28799321522624,False,95.22684093668589,False,117.02758806601251,False,117.09769563660124,False,116.79153346649368,False,,0,,,0.0,left_S1,82.7870988825599
pr_Agency_EBCI,test,06_02 Artem,rec_05AY_calibration_20260602_144111,test/06_02 Artem/rec_05AY_calibration_20260602_144111,C:\Users\hodor\Documents\lab-Shishkin\projects\BCI_classifier\data\pr_Agency_EBCI\trans\test\06_02 Artem\EPOCHS_rec_05AY_calibration_20260602_144111.hdf,"MATRIX_[8, 12]_robust_concat_rec_05AY_calibration_20260602_144111.hdf","C:\Users\hodor\Documents\lab-Shishkin\projects\BCI_classifier\data\pr_Agency_EBCI\features\csp\test\06_02 Artem\MATRIX_[8, 12]_robust_concat_rec_05AY_calibration_20260602_144111.hdf","[8, 12]",55,56,-1,last5,0.7903035240430959,0.29,1.327,0.00836390933025788,1.589702134823099,0.3858350999426425,0.11742256848612893,0.5357142857142857,0.5357142857142857,0.5925324749119152,0.1803275158894123,0.7728599908013275,0.30953536570276763,0.0806046051481735,29.016366550910945,0.0,0.22412939733238496,1.0255852077933616,1.228617177296231,0.0,0.0,70.98363344908906,-40.32347135939877,-26.00740600348347,41.340623316743766,-0.2704648284275615,0.0702947154967038,-0.9601601062098379,0.0003093674723719341,,15.414908634174887,True,11.505384234319282,True,47.99805692874557,False,26.287486415817906,True,77.74444857321572,False,83.10666071235397,False,72.1613520820839,False,left_M1;left_S1;left_PMd,3,1;0.8;0.6,left_M1,1.0,left_S1,11.505384234319282
pr_Agency_EBCI,test,06_02 Artem,rec_05AY_calibration_20260602_144111,test/06_02 Artem/rec_05AY_calibration_20260602_144111,C:\Users\hodor\Documents\lab-Shishkin\projects\BCI_classifier\data\pr_Agency_EBCI\trans\test\06_02 Artem\EPOCHS_rec_05AY_calibration_20260602_144111.hdf,"MATRIX_[9, 13]_robust_concat_rec_05AY_calibration_20260602_144111.hdf","C:\Users\hodor\Documents\lab-Shishkin\projects\BCI_classifier\data\pr_Agency_EBCI\features\csp\test\06_02 Artem\MATRIX_[9, 13]_robust_concat_rec_05AY_calibration_20260602_144111.hdf","[9, 13]",0,1,0,first5,0.24928499109310653,0.251,1.102,0.048847096799755574,1.5510424851869546,0.2287931085957796,1.1604691607369872,0.6071428571428572,0.6071428571428572,0.3677032102432172,1.8650397226130153,2.2327429328562327,0.07333843253132047,0.3757140400972696,65.81532016041041,0.8163064032082081,0.5604184761469144,2.4604827120075687,3.463079147360941,0.4574731905549127,2.826933682807558,34.18467983958959,18.847264556254185,-57.7755391227885,21.29562913659281,-0.9181561711754798,0.35384969781580017,-0.17826843996638905,0.0007271444799966579,,73.16695175667536,False,73.5977483871483,False,66.20526167297712,False,76.65940156557984,False,51.37505944778125,False,47.43720188003595,False,61.36587177000222,False,,0,,,0.0,right_S1,47.43720188003595
pr_Agency_EBCI,test,06_02 Artem,rec_05AY_calibration_20260602_144111,test/06_02 Artem/rec_05AY_calibration_20260602_144111,C:\Users\hodor\Documents\lab-Shishkin\projects\BCI_classifier\data\pr_Agency_EBCI\trans\test\06_02 Artem\EPOCHS_rec_05AY_calibration_20260602_144111.hdf,"MATRIX_[9, 13]_robust_concat_rec_05AY_calibration_20260602_144111.hdf","C:\Users\hodor\Documents\lab-Shishkin\projects\BCI_classifier\data\pr_Agency_EBCI\features\csp\test\06_02 Artem\MATRIX_[9, 13]_robust_concat_rec_05AY_calibration_20260602_144111.hdf","[9, 13]",1,2,1,first5,0.2981320878928621,0.202,0.856,0.006426097991189372,1.4091922871768812,0.13265990319930393,0.34896018696411313,0.5,0.5,0.1989898547989559,0.5234402804461697,0.7224301352451257,0.09530561188355628,0.23569722551590308,69.43050228224052,0.8886100456448105,0.1459308873195154,0.6184001957698275,1.0180429746115822,0.1296756524419823,0.9046432141379768,30.569497717759475,45.61875914215283,-31.840873660237147,22.329440414964058,0.4296726470456601,-0.43299763920516743,-0.7923979182352306,0.0006230691406130041,,88.63863563046317,False,92.52447176575889,False,63.41301726226004,False,84.39084984335184,False,35.88462637342077,False,29.94705894826799,True,44.861057871633385,False,right_S1,1,0.8,right_S1,0.8,right_S1,29.94705894826799
pr_Agency_EBCI,test,06_02 Artem,rec_05AY_calibration_20260602_144111,test/06_02 Artem/rec_05AY_calibration_20260602_144111,C:\Users\hodor\Documents\lab-Shishkin\projects\BCI_classifier\data\pr_Agency_EBCI\trans\test\06_02 Artem\EPOCHS_rec_05AY_calibration_20260602_144111.hdf,"MATRIX_[9, 13]_robust_concat_rec_05AY_calibration_20260602_144111.hdf","C:\Users\hodor\Documents\lab-Shishkin\projects\BCI_classifier\data\pr_Agency_EBCI\features\csp\test\06_02 Artem\MATRIX_[9, 13]_robust_concat_rec_05AY_calibration_20260602_144111.hdf","[9, 13]",2,3,2,first5,0.3045581858840515,0.195,0.826,0.028131096216561735,1.4119422550489182,0.29751324254974765,0.1961989064571485,0.4642857142857143,0.4642857142857143,0.4356443908764162,0.28729125588368176,0.722935646760098,0.23468250884014202,0.1530972834077827,32.67242909349442,0.0,0.14097245111821913,0.597144844223841,1.020743387341701,0.0,0.0,67.32757090650557,54.849582595875994,-54.68550445124933,-35.39964226355419,-0.19352723705389907,0.08689436133025648,-0.9772392636848413,0.0004628502353938697,,132.47317255647735,False,132.77015194238993,False,118.7528872473185,False,131.8995233808075,False,98.23849323647059,False,91.72340688558259,False,106.08643182493259,False,,0,,,0.0,right_S1,91.72340688558259
pr_Agency_EBCI,test,06_02 Artem,rec_05AY_calibration_20260602_144111,test/06_02 Artem/rec_05AY_calibration_20260602_144111,C:\Users\hodor\Documents\lab-Shishkin\projects\BCI_classifier\data\pr_Agency_EBCI\trans\test\06_02 Artem\EPOCHS_rec_05AY_calibration_20260602_144111.hdf,"MATRIX_[9, 13]_robust_concat_rec_05AY_calibration_20260602_144111.hdf","C:\Users\hodor\Documents\lab-Shishkin\projects\BCI_classifier\data\pr_Agency_EBCI\features\csp\test\06_02 Artem\MATRIX_[9, 13]_robust_concat_rec_05AY_calibration_20260602_144111.hdf","[9, 13]",3,4,3,first5,0.3326892821006132,0.167,0.696,0.011119522562816897,1.3414278410719618,0.07342885815652385,0.4759175570636557,0.5714285714285714,0.5714285714285714,0.11538820567453748,0.747870446814316,0.8632586524888535,0.035526785165325744,0.27089960477122754,28.66513274449493,0.0,0.14416419496563854,0.600828022132242,1.1579991904948137,0.0,0.0,71.33486725550507,19.1574409012044,-62.735273119166116,10.079290184741168,-0.7872807910850589,0.4751623153963965,-0.39295003501160203,0.0003244985819188437,,81.55658318200597,False,81.05045709424374,False,76.69610933409697,False,85.60657653309997,False,62.39234544838032,False,57.88546038327334,False,71.99203125890122,False,,0,,,0.0,right_S1,57.88546038327334
pr_Agency_EBCI,test,06_02 Artem,rec_05AY_calibration_20260602_144111,test/06_02 Artem/rec_05AY_calibration_20260602_144111,C:\Users\hodor\Documents\lab-Shishkin\projects\BCI_classifier\data\pr_Agency_EBCI\trans\test\06_02 Artem\EPOCHS_rec_05AY_calibration_20260602_144111.hdf,"MATRIX_[9, 13]_robust_concat_rec_05AY_calibration_20260602_144111.hdf","C:\Users\hodor\Documents\lab-Shishkin\projects\BCI_classifier\data\pr_Agency_EBCI\features\csp\test\06_02 Artem\MATRIX_[9, 13]_robust_concat_rec_05AY_calibration_20260602_144111.hdf","[9, 13]",4,5,4,first5,0.3438088046634301,0.156,0.646,0.014322700060860227,1.3209373648379767,0.5014788830367627,0.21040709020401893,0.4821428571428571,0.4821428571428571,0.7432633445009161,0.3118533658380995,1.0551167103390156,0.29329067740308423,0.09155770046010485,40.095067101700124,0.3019013420340025,0.16459820681288642,0.6816053948790041,1.393743086951734,0.0496924195332007,0.4207729084013419,59.904932898299876,-21.42389456284075,-47.85666682088225,-20.955264271919297,-0.25947050336296046,-0.23568429873770536,0.9365511033644068,0.0010072833452152159,,81.87622426980074,False,77.8762303267093,False,91.89612381293718,False,86.91324267309551,False,98.93814692891603,False,98.30524673920473,False,99.76666749466254,False,,0,,,0.0,left_S1,77.8762303267093
pr_Agency_EBCI,test,06_02 Artem,rec_05AY_calibration_20260602_144111,test/06_02 Artem/rec_05AY_calibration_20260602_144111,C:\Users\hodor\Documents\lab-Shishkin\projects\BCI_classifier\data\pr_Agency_EBCI\trans\test\06_02 Artem\EPOCHS_rec_05AY_calibration_20260602_144111.hdf,"MATRIX_[9, 13]_robust_concat_rec_05AY_calibration_20260602_144111.hdf","C:\Users\hodor\Documents\lab-Shishkin\projects\BCI_classifier\data\pr_Agency_EBCI\features\csp\test\06_02 Artem\MATRIX_[9, 13]_robust_concat_rec_05AY_calibration_20260602_144111.hdf","[9, 13]",51,52,-5,last5,0.7365198907448443,0.237,1.028,0.004047249460956137,1.4778367924889864,0.04721590590018106,0.07215976370032845,0.5357142857142857,0.5357142857142857,0.07251014120384948,0.11081677996836153,0.183326921172211,0.05757069991871976,0.12550621530322323,47.575898778946026,0.45151797557892054,0.043448480317814,0.18846007496503292,0.27092726916202153,0.019617769875079953,0.12232853210116126,52.424101221053974,-2.880020595220274,-85.0111205322854,2.5341752248902694,0.2719879377550442,-0.1888325083554205,0.9435914611228517,0.0001794758562138196,,87.62353726745359,False,83.68670140189468,False,96.57903190848106,False,97.05833539587151,False,89.9589197854918,False,86.52922888554416,False,98.70604224910528,False,,0,,,0.0,left_S1,83.68670140189468
pr_Agency_EBCI,test,06_02 Artem,rec_05AY_calibration_20260602_144111,test/06_02 Artem/rec_05AY_calibration_20260602_144111,C:\Users\hodor\Documents\lab-Shishkin\projects\BCI_classifier\data\pr_Agency_EBCI\trans\test\06_02 Artem\EPOCHS_rec_05AY_calibration_20260602_144111.hdf,"MATRIX_[9, 13]_robust_concat_rec_05AY_calibration_20260602_144111.hdf","C:\Users\hodor\Documents\lab-Shishkin\projects\BCI_classifier\data\pr_Agency_EBCI\features\csp\test\06_02 Artem\MATRIX_[9, 13]_robust_concat_rec_05AY_calibration_20260602_144111.hdf","[9, 13]",52,53,-4,last5,0.7428442913743601,0.243,1.061,0.006324400629515892,1.4921473174118893,0.07990661435084387,0.0796523303542824,0.5357142857142857,0.5357142857142857,0.12271372918165308,0.1223232216155051,0.24503695079715818,0.12644920332139686,0.09256628786377519,22.774603658845823,0.0,0.059543979043709436,0.2599842047957848,0.3656312287987687,0.0,0.0,77.22539634115418,-21.07839728248995,-82.11562177722021,-7.994269387057925,-0.010849950220800816,0.418493134738228,-0.9081551490561386,0.0001983481969733826,,87.72312258803522,False,82.17702752462192,False,102.9229338022527,False,98.16466008694952,False,103.58878049901932,False,101.4605075694025,False,109.53118727387745,False,,0,,,0.0,left_S1,82.17702752462192
pr_Agency_EBCI,test,06_02 Artem,rec_05AY_calibration_20260602_144111,test/06_02 Artem/rec_05AY_calibration_20260602_144111,C:\Users\hodor\Documents\lab-Shishkin\projects\BCI_classifier\data\pr_Agency_EBCI\trans\test\06_02 Artem\EPOCHS_rec_05AY_calibration_20260602_144111.hdf,"MATRIX_[9, 13]_robust_concat_rec_05AY_calibration_20260602_144111.hdf","C:\Users\hodor\Documents\lab-Shishkin\projects\BCI_classifier\data\pr_Agency_EBCI\features\csp\test\06_02 Artem\MATRIX_[9, 13]_robust_concat_rec_05AY_calibration_20260602_144111.hdf","[9, 13]",53,54,-3,last5,0.7613877781809409,0.261,1.16,0.0185434868065808,1.5413594002260704,0.2898880297800352,0.10063791661351934,0.5357142857142857,0.5357142857142857,0.4451851885907683,0.1545510862279047,0.599736274818673,0.1939728656144104,0.07751621125906304,31.854937731247706,0.0,0.15653116772767364,0.6956940787896606,0.9244091448483275,0.0,0.0,68.1450622687523,-33.61257246711241,-45.397355776523725,-29.557609821271082,-0.9984436551844562,-0.055768932641637466,0.0003058985378521253,0.0004979800145632895,,88.22500350116619,False,83.42104785536432,False,101.72655360156864,False,93.54233152484143,False,112.35595969081913,False,112.27637062072264,False,111.86945920768515,False,,0,,,0.0,left_S1,83.42104785536432
pr_Agency_EBCI,test,06_02 Artem,rec_05AY_calibration_20260602_144111,test/06_02 Artem/rec_05AY_calibration_20260602_144111,C:\Users\hodor\Documents\lab-Shishkin\projects\BCI_classifier\data\pr_Agency_EBCI\trans\test\06_02 Artem\EPOCHS_rec_05AY_calibration_20260602_144111.hdf,"MATRIX_[9, 13]_robust_concat_rec_05AY_calibration_20260602_144111.hdf","C:\Users\hodor\Documents\lab-Shishkin\projects\BCI_classifier\data\pr_Agency_EBCI\features\csp\test\06_02 Artem\MATRIX_[9, 13]_robust_concat_rec_05AY_calibration_20260602_144111.hdf","[9, 13]",54,55,-2,last5,0.7810821297263969,0.281,1.272,0.019694351545455957,1.5841364511370926,0.7178289124260357,0.1988253990541396,0.5535714285714286,0.5535714285714286,1.1151984889475912,0.308889459244824,1.4240879481924154,0.2995796855206562,0.0797558553689106,23.610873902902156,0.0,0.4001687134420688,1.8114398701007524,2.2559496283566367,0.0,0.0,76.38912609709784,-30.653767217535663,2.7247134670742934,-2.219824527883684,0.5720105908569992,0.7706309792606097,0.2809479983044194,0.0005900787763764939,,64.28328307514393,False,64.33842741076657,False,68.13370190939659,False,59.25883839102213,False,92.44719012627814,False,96.3808390409446,False,83.33565776915228,False,,0,,,0.0,left_PMd,59.25883839102213
pr_Agency_EBCI,test,06_02 Artem,rec_05AY_calibration_20260602_144111,test/06_02 Artem/rec_05AY_calibration_20260602_144111,C:\Users\hodor\Documents\lab-Shishkin\projects\BCI_classifier\data\pr_Agency_EBCI\trans\test\06_02 Artem\EPOCHS_rec_05AY_calibration_20260602_144111.hdf,"MATRIX_[9, 13]_robust_concat_rec_05AY_calibration_20260602_144111.hdf","C:\Users\hodor\Documents\lab-Shishkin\projects\BCI_classifier\data\pr_Agency_EBCI\features\csp\test\06_02 Artem\MATRIX_[9, 13]_robust_concat_rec_05AY_calibration_20260602_144111.hdf","[9, 13]",55,56,-1,last5,0.7907803046401003,0.291,1.33,0.009698174913703395,1.5932886755995508,0.2857736845722605,0.10122683204750374,0.5535714285714286,0.5535714285714286,0.44396983138904755,0.15726311407380045,0.601232945462848,0.2509763673178682,0.08072632622958906,26.906832651911483,0.0,0.17495878712968876,0.7996398174655879,0.957937643403318,0.0,0.0,73.09316734808851,-48.97072748773589,-11.327013822723057,12.21733878306447,0.5696070725140758,0.17731139678494373,0.8025636744284634,0.0004625507387491192,,47.38951121764721,False,44.496422193099065,False,67.24999104126533,False,48.65965326200365,False,96.42380687196227,False,101.02976692998034,False,88.61423889085118,False,,0,,,0.0,left_S1,44.496422193099065
pr_Agency_EBCI,test,06_02 Artem,rec_05AY_calibration_20260602_144111,test/06_02 Artem/rec_05AY_calibration_20260602_144111,C:\Users\hodor\Documents\lab-Shishkin\projects\BCI_classifier\data\pr_Agency_EBCI\trans\test\06_02 Artem\EPOCHS_rec_05AY_calibration_20260602_144111.hdf,"MATRIX_[10, 14]_robust_concat_rec_05AY_calibration_20260602_144111.hdf","C:\Users\hodor\Documents\lab-Shishkin\projects\BCI_classifier\data\pr_Agency_EBCI\features\csp\test\06_02 Artem\MATRIX_[10, 14]_robust_concat_rec_05AY_calibration_20260602_144111.hdf","[10, 14]",0,1,0,first5,0.27841747575547116,0.222,0.952,0.01580091406968054,1.4580312116938763,0.3517614819925239,0.967874130728886,0.5357142857142857,0.5357142857142857,0.5402051330599473,1.4863781293336462,2.0265832623935935,0.12153043220749336,0.32948302864966195,62.04361215132159,0.7408722430264318,0.44990148425137777,1.929307265798701,2.95482164966626,0.33331952177823915,2.1891453433313033,37.95638784867841,30.752895782360817,-47.21561898051678,4.86205493246025,0.563913751320887,-0.5399407414661291,0.6248722083564059,0.0007470337757336145,,87.2353339290334,False,88.38182645087042,False,73.94666356874225,False,87.20583100096422,False,56.40555374296055,False,51.42820972341115,False,64.50219091584657,False,,0,,,0.0,right_S1,51.42820972341115
pr_Agency_EBCI,test,06_02 Artem,rec_05AY_calibration_20260602_144111,test/06_02 Artem/rec_05AY_calibration_20260602_144111,C:\Users\hodor\Documents\lab-Shishkin\projects\BCI_classifier\data\pr_Agency_EBCI\trans\test\06_02 Artem\EPOCHS_rec_05AY_calibration_20260602_144111.hdf,"MATRIX_[10, 14]_robust_concat_rec_05AY_calibration_20260602_144111.hdf","C:\Users\hodor\Documents\lab-Shishkin\projects\BCI_classifier\data\pr_Agency_EBCI\features\csp\test\06_02 Artem\MATRIX_[10, 14]_robust_concat_rec_05AY_calibration_20260602_144111.hdf","[10, 14]",1,2,1,first5,0.2942183898251517,0.206,0.875,0.0035882975320614685,1.4149567571664186,0.16404337119633428,0.24337462450355246,0.4642857142857143,0.4642857142857143,0.24020636496606093,0.35636998588020186,0.5965763508462628,0.1545421284159756,0.21234140500153803,52.2698636590991,0.5453972731819821,0.12289472827433014,0.52200430699048,0.8441297387956036,0.06702644968926029,0.460386057750941,47.7301363409009,39.789885571379095,-39.076883751942155,14.797648756542808,-0.79542970239979,0.39408100547866776,0.46042561794616055,0.0005448094252239081,,87.5731290213016,False,90.31052064110317,False,67.40740601362721,False,85.19903190472071,False,44.037590809477116,False,38.357389933041986,False,52.93777340904279,False,,0,,,0.0,right_S1,38.357389933041986
pr_Agency_EBCI,test,06_02 Artem,rec_05AY_calibration_20260602_144111,test/06_02 Artem/rec_05AY_calibration_20260602_144111,C:\Users\hodor\Documents\lab-Shishkin\projects\BCI_classifier\data\pr_Agency_EBCI\trans\test\06_02 Artem\EPOCHS_rec_05AY_calibration_20260602_144111.hdf,"MATRIX_[10, 14]_robust_concat_rec_05AY_calibration_20260602_144111.hdf","C:\Users\hodor\Documents\lab-Shishkin\projects\BCI_classifier\data\pr_Agency_EBCI\features\csp\test\06_02 Artem\MATRIX_[10, 14]_robust_concat_rec_05AY_calibration_20260602_144111.hdf","[10, 14]",2,3,2,first5,0.29780668735721316,0.202,0.858,0.0285416475489233,1.42706165121953,0.408614772978297,0.38344830116796474,0.5357142857142857,0.5357142857142857,0.6275155442166703,0.5888670339365173,1.2163825781531876,0.23574601998360348,0.17112074107714906,25.82632958794357,0.0,0.24570928078694393,1.0436562520554349,1.735852930493957,0.0,0.0,74.17367041205642,-8.841817251810673,-43.39164907484441,19.341379700879376,-0.9211475282279449,-0.02667419954844208,0.3882984912641274,0.0006556913496656026,,49.57274842351452,False,48.429193963437335,False,54.50506468469064,False,54.437663732796736,False,61.07928511796612,False,61.89355480381159,False,62.87879423850181,False,,0,,,0.0,left_S1,48.429193963437335
pr_Agency_EBCI,test,06_02 Artem,rec_05AY_calibration_20260602_144111,test/06_02 Artem/rec_05AY_calibration_20260602_144111,C:\Users\hodor\Documents\lab-Shishkin\projects\BCI_classifier\data\pr_Agency_EBCI\trans\test\06_02 Artem\EPOCHS_rec_05AY_calibration_20260602_144111.hdf,"MATRIX_[10, 14]_robust_concat_rec_05AY_calibration_20260602_144111.hdf","C:\Users\hodor\Documents\lab-Shishkin\projects\BCI_classifier\data\pr_Agency_EBCI\features\csp\test\06_02 Artem\MATRIX_[10, 14]_robust_concat_rec_05AY_calibration_20260602_144111.hdf","[10, 14]",3,4,3,first5,0.32634833490613646,0.174,0.725,0.010364888463755495,1.3552139623707737,0.20932924613405077,0.1688669809755336,0.4464285714285714,0.4464285714285714,0.30277980244389485,0.24425402605389682,0.5470338284977917,0.21283335051605362,0.14375462290981472,21.055237030189595,0.0,0.09518388615861575,0.39659952566089895,0.7413478822693466,0.0,0.0,78.9447629698104,20.901760563652005,-79.30299692716511,22.800199713548587,-0.12593558001482671,0.9284584456786403,0.3494354651925482,0.00011687668424897269,,86.01429278573112,False,85.08845588430728,False,83.95974567237731,False,92.61601533255643,False,66.24654739881609,False,61.061850201923704,False,78.97296444322767,False,,0,,,0.0,right_S1,61.061850201923704
pr_Agency_EBCI,test,06_02 Artem,rec_05AY_calibration_20260602_144111,test/06_02 Artem/rec_05AY_calibration_20260602_144111,C:\Users\hodor\Documents\lab-Shishkin\projects\BCI_classifier\data\pr_Agency_EBCI\trans\test\06_02 Artem\EPOCHS_rec_05AY_calibration_20260602_144111.hdf,"MATRIX_[10, 14]_robust_concat_rec_05AY_calibration_20260602_144111.hdf","C:\Users\hodor\Documents\lab-Shishkin\projects\BCI_classifier\data\pr_Agency_EBCI\features\csp\test\06_02 Artem\MATRIX_[10, 14]_robust_concat_rec_05AY_calibration_20260602_144111.hdf","[10, 14]",4,5,4,first5,0.33671322336989196,0.163,0.678,0.007763450296224272,1.3310617695931382,0.364868155333132,0.14151101949870543,0.5535714285714286,0.5535714285714286,0.5668487413211157,0.21984747672120308,0.7866962180423188,0.2851844094953576,0.11718425683451644,54.077854518108445,0.581557090362169,0.12823148354089797,0.5333800358326922,1.0471412601196382,0.07457392846086898,0.6089724244333519,45.922145481891555,-2.8873693692137237,-78.74185074690736,9.082508680553643,-0.9389977398066758,0.3214683312150054,0.12223484226600018,0.0003677785139130919,,79.33705012286435,False,75.81211611773456,False,87.70766619257253,False,88.52290469706892,False,81.91549738214783,False,78.94653256652107,False,90.33100257031516,False,,0,,,0.0,left_S1,75.81211611773456
pr_Agency_EBCI,test,06_02 Artem,rec_05AY_calibration_20260602_144111,test/06_02 Artem/rec_05AY_calibration_20260602_144111,C:\Users\hodor\Documents\lab-Shishkin\projects\BCI_classifier\data\pr_Agency_EBCI\trans\test\06_02 Artem\EPOCHS_rec_05AY_calibration_20260602_144111.hdf,"MATRIX_[10, 14]_robust_concat_rec_05AY_calibration_20260602_144111.hdf","C:\Users\hodor\Documents\lab-Shishkin\projects\BCI_classifier\data\pr_Agency_EBCI\features\csp\test\06_02 Artem\MATRIX_[10, 14]_robust_concat_rec_05AY_calibration_20260602_144111.hdf","[10, 14]",51,52,-5,last5,0.7413263983087596,0.241,1.053,0.01447120224180587,1.4959502389611008,0.07526554419608736,0.16992426496322593,0.5535714285714286,0.5535714285714286,0.11693039901892144,0.26398948306786885,0.3809198820867903,0.08580399041347338,0.22248559507237992,14.700798011195396,0.0,0.09180169158291646,0.40110863583739015,0.5698371886327682,0.0,0.0,85.29920198880461,64.22378618067424,-46.282030182415944,31.132269115042135,0.035401135548023654,0.2950617564390436,0.9548221402381791,8.691730246976514e-05,,105.63948231985185,False,109.47172899751665,False,80.43140947356667,False,102.90356948013424,False,43.72041873986571,False,34.56100940876084,True,58.275900332103824,False,right_S1,1,0.8,right_S1,0.8,right_S1,34.56100940876084
pr_Agency_EBCI,test,06_02 Artem,rec_05AY_calibration_20260602_144111,test/06_02 Artem/rec_05AY_calibration_20260602_144111,C:\Users\hodor\Documents\lab-Shishkin\projects\BCI_classifier\data\pr_Agency_EBCI\trans\test\06_02 Artem\EPOCHS_rec_05AY_calibration_20260602_144111.hdf,"MATRIX_[10, 14]_robust_concat_rec_05AY_calibration_20260602_144111.hdf","C:\Users\hodor\Documents\lab-Shishkin\projects\BCI_classifier\data\pr_Agency_EBCI\features\csp\test\06_02 Artem\MATRIX_[10, 14]_robust_concat_rec_05AY_calibration_20260602_144111.hdf","[10, 14]",52,53,-4,last5,0.745841491429913,0.246,1.077,0.004515093121153391,1.496442851631215,0.5188559604559426,0.2530429522336704,0.4642857142857143,0.4642857142857143,0.7597533706676304,0.37052718005644597,1.1302805507240763,0.259984668231835,0.13569671395958,25.99856209410905,0.0,0.2780490154781228,1.21731215312983,1.6914002504688368,0.0,0.0,74.00143790589095,-67.45808767515696,-35.91311007912318,-37.50431366095536,0.6189582138474606,-0.213970134395209,-0.755716554733094,0.00042996604113678153,,99.37097234676479,False,93.24216461881656,False,120.6915973680233,False,105.25748937950185,False,139.95911821086932,False,141.5169954183202,False,136.50803965369045,False,,0,,,0.0,left_S1,93.24216461881656
pr_Agency_EBCI,test,06_02 Artem,rec_05AY_calibration_20260602_144111,test/06_02 Artem/rec_05AY_calibration_20260602_144111,C:\Users\hodor\Documents\lab-Shishkin\projects\BCI_classifier\data\pr_Agency_EBCI\trans\test\06_02 Artem\EPOCHS_rec_05AY_calibration_20260602_144111.hdf,"MATRIX_[10, 14]_robust_concat_rec_05AY_calibration_20260602_144111.hdf","C:\Users\hodor\Documents\lab-Shishkin\projects\BCI_classifier\data\pr_Agency_EBCI\features\csp\test\06_02 Artem\MATRIX_[10, 14]_robust_concat_rec_05AY_calibration_20260602_144111.hdf","[10, 14]",53,54,-3,last5,0.750645734280981,0.251,1.102,0.0048042428510680635,1.5068234598224723,0.2532298169768433,0.23834852618636357,0.5,0.5,0.379844725465265,0.35752278927954534,0.7373675147448103,0.18776890367769875,0.17822948851292628,30.57138796063345,0.0,0.1850792462009474,0.812579001248781,1.111082669728473,0.0,0.0,69.42861203936656,13.638197074105312,-72.03594481808962,19.617212374719674,-0.015305517519029449,0.6854889472043546,-0.7279221417116944,0.00021043721906730963,,78.07118443267349,False,76.88481361615221,False,77.58856109851043,False,84.60525349949435,False,64.2744852958727,False,60.166913302418735,False,75.03712979194971,False,,0,,,0.0,right_S1,60.166913302418735
pr_Agency_EBCI,test,06_02 Artem,rec_05AY_calibration_20260602_144111,test/06_02 Artem/rec_05AY_calibration_20260602_144111,C:\Users\hodor\Documents\lab-Shishkin\projects\BCI_classifier\data\pr_Agency_EBCI\trans\test\06_02 Artem\EPOCHS_rec_05AY_calibration_20260602_144111.hdf,"MATRIX_[10, 14]_robust_concat_rec_05AY_calibration_20260602_144111.hdf","C:\Users\hodor\Documents\lab-Shishkin\projects\BCI_classifier\data\pr_Agency_EBCI\features\csp\test\06_02 Artem\MATRIX_[10, 14]_robust_concat_rec_05AY_calibration_20260602_144111.hdf","[10, 14]",54,55,-2,last5,0.7649234191102166,0.265,1.18,0.014277684829235526,1.5451343459189897,0.3095904415850737,0.08503453502568355,0.5535714285714286,0.5535714285714286,0.48097086460538235,0.13210722405775838,0.6130780886631407,0.2869761788469174,0.0652258812668674,25.1923621787461,0.0,0.1624656934957323,0.723432144622506,0.9472880115237863,0.0,0.0,74.8076378212539,-35.235793193964355,-35.97348618507351,-10.850616872815598,0.43932385420411846,0.8923039874164166,0.10386599620666158,0.000497540516877175,,67.91872613456847,False,63.49517361352385,False,82.94804663077882,False,72.82772554987761,False,98.42208888086749,False,99.75595385137444,False,96.1784094612315,False,,0,,,0.0,left_S1,63.49517361352385
pr_Agency_EBCI,test,06_02 Artem,rec_05AY_calibration_20260602_144111,test/06_02 Artem/rec_05AY_calibration_20260602_144111,C:\Users\hodor\Documents\lab-Shishkin\projects\BCI_classifier\data\pr_Agency_EBCI\trans\test\06_02 Artem\EPOCHS_rec_05AY_calibration_20260602_144111.hdf,"MATRIX_[10, 14]_robust_concat_rec_05AY_calibration_20260602_144111.hdf","C:\Users\hodor\Documents\lab-Shishkin\projects\BCI_classifier\data\pr_Agency_EBCI\features\csp\test\06_02 Artem\MATRIX_[10, 14]_robust_concat_rec_05AY_calibration_20260602_144111.hdf","[10, 14]",55,56,-1,last5,0.7825176012622527,0.283,1.28,0.01759418215203612,1.5859166141961047,0.20301070212236935,0.07183670045568905,0.6428571428571428,0.6428571428571428,0.3335175820581782,0.11801743646291771,0.4515350185210959,0.19127528888494744,0.08366331955948783,23.561820437114623,0.0,0.12778441024147014,0.5779648237070028,0.7160968877639519,0.0,0.0,76.43817956288538,-51.92347375685025,0.9754866160203908,3.1305523398184962,0.7463363743230523,0.5047872872799942,0.4337877487468094,0.00047448053819810647,,60.601241275115676,False,58.704165245009435,False,75.86409445213192,False,58.72027292581103,False,105.59114861138323,False,110.31465273599976,False,96.24707534906692,False,,0,,,0.0,left_S1,58.704165245009435
pr_Agency_EBCI,test,06_02 Artem,rec_05AY_calibration_20260602_144111,test/06_02 Artem/rec_05AY_calibration_20260602_144111,C:\Users\hodor\Documents\lab-Shishkin\projects\BCI_classifier\data\pr_Agency_EBCI\trans\test\06_02 Artem\EPOCHS_rec_05AY_calibration_20260602_144111.hdf,"MATRIX_[8, 15]_robust_concat_rec_05AY_calibration_20260602_144111.hdf","C:\Users\hodor\Documents\lab-Shishkin\projects\BCI_classifier\data\pr_Agency_EBCI\features\csp\test\06_02 Artem\MATRIX_[8, 15]_robust_concat_rec_05AY_calibration_20260602_144111.hdf","[8, 15]",0,1,0,first5,0.27482239892529603,0.225,0.97,0.0709764534207783,1.5138788080787005,0.23245985251290574,1.294829949446556,0.6071428571428572,0.6071428571428572,0.3735961915385985,2.0809767044676795,2.454572896006278,0.06758724256884904,0.3805647083078342,64.81440362644877,0.7962880725289754,0.5522789016014126,2.3809357091260894,3.715925890148268,0.43977310205460846,2.9589474647266814,35.185596373551235,16.72738118369933,-56.61000008919512,21.73022204870942,-0.9327574007134078,0.3172263777578372,-0.17126312115866935,0.0008220385821521178,,70.8378889658578,False,71.22679876747883,False,64.47227452889368,False,74.4169901101506,False,51.08095166191106,False,47.5715968178643,False,60.53446724371106,False,,0,,,0.0,right_S1,47.5715968178643
pr_Agency_EBCI,test,06_02 Artem,rec_05AY_calibration_20260602_144111,test/06_02 Artem/rec_05AY_calibration_20260602_144111,C:\Users\hodor\Documents\lab-Shishkin\projects\BCI_classifier\data\pr_Agency_EBCI\trans\test\06_02 Artem\EPOCHS_rec_05AY_calibration_20260602_144111.hdf,"MATRIX_[8, 15]_robust_concat_rec_05AY_calibration_20260602_144111.hdf","C:\Users\hodor\Documents\lab-Shishkin\projects\BCI_classifier\data\pr_Agency_EBCI\features\csp\test\06_02 Artem\MATRIX_[8, 15]_robust_concat_rec_05AY_calibration_20260602_144111.hdf","[8, 15]",1,2,1,first5,0.3457988523460743,0.154,0.638,0.023135005713002532,1.3222511635192096,0.20302347516357325,0.3501182285981487,0.4821428571428571,0.4821428571428571,0.3009097935460104,0.5189252316722561,0.8198350252182665,0.14564821815896492,0.22771852543441942,73.33119125527658,0.9666238251055317,0.12625459388361304,0.5230547460892541,1.0840278159886534,0.1220406984769235,1.0478471140117476,26.66880874472342,48.21914296026116,-32.405049027129785,18.073788012492603,0.5125190912328986,-0.6276521229084803,-0.5859837828219152,0.0006573086513674939,,92.74646325241041,False,96.41714514093555,False,67.94420332610142,False,88.56275587025671,False,40.7228419876745,False,34.57527815946467,True,49.42486940585111,False,right_S1,1,0.8,right_S1,0.8,right_S1,34.57527815946467
pr_Agency_EBCI,test,06_02 Artem,rec_05AY_calibration_20260602_144111,test/06_02 Artem/rec_05AY_calibration_20260602_144111,C:\Users\hodor\Documents\lab-Shishkin\projects\BCI_classifier\data\pr_Agency_EBCI\trans\test\06_02 Artem\EPOCHS_rec_05AY_calibration_20260602_144111.hdf,"MATRIX_[8, 15]_robust_concat_rec_05AY_calibration_20260602_144111.hdf","C:\Users\hodor\Documents\lab-Shishkin\projects\BCI_classifier\data\pr_Agency_EBCI\features\csp\test\06_02 Artem\MATRIX_[8, 15]_robust_concat_rec_05AY_calibration_20260602_144111.hdf","[8, 15]",2,3,2,first5,0.36893385805907686,0.131,0.537,0.01224122287914664,1.2684144007886728,0.10978025966349819,0.433094361858411,0.4642857142857143,0.4642857142857143,0.16074966593583664,0.634173887006959,0.7949235529427956,0.060867301056488736,0.262560852419982,46.917703128684714,0.4383540625736943,0.10413498543550623,0.4268739479302813,1.008292482078739,0.04564799392170664,0.44198910578172906,53.082296871315286,30.683277038529415,66.2296022812085,0.9554851084330688,0.5024467430710848,-0.8292946670382556,0.24457642077511904,0.0002098608148787489,,124.97175354483214,False,130.95242501295874,False,97.01884154502623,False,109.4699021578768,False,105.82791356972899,False,109.5159672116429,False,92.45070281041582,False,,0,,,0.0,right_PMd,92.45070281041582
pr_Agency_EBCI,test,06_02 Artem,rec_05AY_calibration_20260602_144111,test/06_02 Artem/rec_05AY_calibration_20260602_144111,C:\Users\hodor\Documents\lab-Shishkin\projects\BCI_classifier\data\pr_Agency_EBCI\trans\test\06_02 Artem\EPOCHS_rec_05AY_calibration_20260602_144111.hdf,"MATRIX_[8, 15]_robust_concat_rec_05AY_calibration_20260602_144111.hdf","C:\Users\hodor\Documents\lab-Shishkin\projects\BCI_classifier\data\pr_Agency_EBCI\features\csp\test\06_02 Artem\MATRIX_[8, 15]_robust_concat_rec_05AY_calibration_20260602_144111.hdf","[8, 15]",3,4,3,first5,0.3811750809382235,0.119,0.485,0.011400235869254205,1.243426512273765,0.28362960645018465,0.19643668566500644,0.5178571428571428,0.5178571428571428,0.4305092240761731,0.2981628264558133,0.7286720505319864,0.23787466216695596,0.1538009957046644,23.608069014085938,0.0,0.08671197401330637,0.3534059445080134,0.9060501463843605,0.0,0.0,76.39193098591406,12.512063114444075,-78.3899903164764,20.53262268281728,0.6783208546931904,-0.7266921772846047,0.10862457162935346,0.0001646091593828879,,81.05323046002306,False,79.39365228432156,False,82.46615538769537,False,88.62230446282555,False,69.04990282053743,False,64.81763201334306,False,80.3278393801552,False,,0,,,0.0,right_S1,64.81763201334306
pr_Agency_EBCI,test,06_02 Artem,rec_05AY_calibration_20260602_144111,test/06_02 Artem/rec_05AY_calibration_20260602_144111,C:\Users\hodor\Documents\lab-Shishkin\projects\BCI_classifier\data\pr_Agency_EBCI\trans\test\06_02 Artem\EPOCHS_rec_05AY_calibration_20260602_144111.hdf,"MATRIX_[8, 15]_robust_concat_rec_05AY_calibration_20260602_144111.hdf","C:\Users\hodor\Documents\lab-Shishkin\projects\BCI_classifier\data\pr_Agency_EBCI\features\csp\test\06_02 Artem\MATRIX_[8, 15]_robust_concat_rec_05AY_calibration_20260602_144111.hdf","[8, 15]",4,5,4,first5,0.3925753168074777,0.107,0.436,0.005575996801164607,1.2163865266308984,0.22780042592116345,0.15692950496504607,0.5535714285714286,0.5535714285714286,0.3539042331275218,0.24380119521355373,0.5977054283410755,0.16487473757355933,0.10241305543521692,57.45528393813494,0.6491056787626988,0.06395448083249508,0.2605995667567089,0.7270408299282343,0.041513216690692724,0.47192633139876233,42.54471606186506,27.510910570082643,-66.65969959263873,37.098232036136885,0.44882668437424605,0.8799875100402593,0.15548822967274833,0.00028683220948972976,,78.80839144999052,False,79.9860172214704,False,69.80926341882883,False,82.94394722207315,False,47.425641174822694,False,42.141784195492676,False,61.631780737934214,False,,0,,,0.0,right_S1,42.141784195492676
pr_Agency_EBCI,test,06_02 Artem,rec_05AY_calibration_20260602_144111,test/06_02 Artem/rec_05AY_calibration_20260602_144111,C:\Users\hodor\Documents\lab-Shishkin\projects\BCI_classifier\data\pr_Agency_EBCI\trans\test\06_02 Artem\EPOCHS_rec_05AY_calibration_20260602_144111.hdf,"MATRIX_[8, 15]_robust_concat_rec_05AY_calibration_20260602_144111.hdf","C:\Users\hodor\Documents\lab-Shishkin\projects\BCI_classifier\data\pr_Agency_EBCI\features\csp\test\06_02 Artem\MATRIX_[8, 15]_robust_concat_rec_05AY_calibration_20260602_144111.hdf","[8, 15]",51,52,-5,last5,0.6974135095730959,0.197,0.835,0.004988375409644252,1.3979308398227996,0.11760184564080384,0.11598488779761877,0.6071428571428572,0.6071428571428572,0.18900296620843474,0.18640428396045874,0.3754072501688935,0.13303568795579274,0.1110492264522816,25.86116167780002,0.0,0.07395522828327201,0.313465053891026,0.5247933725041691,0.0,0.0,74.13883832219997,-64.92099866220784,-25.393769555742846,13.788384161331123,-0.40202032706483726,0.01558126789161543,-0.9154981598657481,0.00032069837923295175,,51.18776483599674,False,44.796396323594436,False,80.90439629553939,False,58.715618648570846,False,109.40206157227217,False,113.63733936885122,False,103.53103748853133,False,,0,,,0.0,left_S1,44.796396323594436
pr_Agency_EBCI,test,06_02 Artem,rec_05AY_calibration_20260602_144111,test/06_02 Artem/rec_05AY_calibration_20260602_144111,C:\Users\hodor\Documents\lab-Shishkin\projects\BCI_classifier\data\pr_Agency_EBCI\trans\test\06_02 Artem\EPOCHS_rec_05AY_calibration_20260602_144111.hdf,"MATRIX_[8, 15]_robust_concat_rec_05AY_calibration_20260602_144111.hdf","C:\Users\hodor\Documents\lab-Shishkin\projects\BCI_classifier\data\pr_Agency_EBCI\features\csp\test\06_02 Artem\MATRIX_[8, 15]_robust_concat_rec_05AY_calibration_20260602_144111.hdf","[8, 15]",52,53,-4,last5,0.7065907873978452,0.207,0.879,0.009177277824749308,1.4215987860388923,0.24025800992862986,0.20579215870419482,0.5,0.5,0.3603870148929448,0.3086882380562922,0.669075252949237,0.1432003348621009,0.1280928272188467,15.936949976714383,0.0,0.13849857736049204,0.5881171473423793,0.9511565673613,0.0,0.0,84.06305002328561,-15.856091697590273,-81.12615607512431,20.05123363256799,0.7022322285181868,0.11193692872683557,0.7030931810347649,7.600339366190578e-05,,70.43783466969697,False,65.71233863395469,False,85.647322429579,False,82.38460423235028,False,85.11618974912214,False,83.55797301238643,False,92.53704817342673,False,,0,,,0.0,left_S1,65.71233863395469
pr_Agency_EBCI,test,06_02 Artem,rec_05AY_calibration_20260602_144111,test/06_02 Artem/rec_05AY_calibration_20260602_144111,C:\Users\hodor\Documents\lab-Shishkin\projects\BCI_classifier\data\pr_Agency_EBCI\trans\test\06_02 Artem\EPOCHS_rec_05AY_calibration_20260602_144111.hdf,"MATRIX_[8, 15]_robust_concat_rec_05AY_calibration_20260602_144111.hdf","C:\Users\hodor\Documents\lab-Shishkin\projects\BCI_classifier\data\pr_Agency_EBCI\features\csp\test\06_02 Artem\MATRIX_[8, 15]_robust_concat_rec_05AY_calibration_20260602_144111.hdf","[8, 15]",53,54,-3,last5,0.7178726943132333,0.218,0.934,0.011281906915388107,1.4458378228302184,0.1965991255576225,0.049760277192718236,0.6071428571428572,0.6071428571428572,0.3159628803604647,0.07997187405972574,0.39593475442019044,0.26969649211381735,0.07019183867907257,26.134673719941425,0.0,0.08631377646360151,0.3698030606284579,0.5724574433137054,0.0,0.0,73.86532628005858,-58.55734456307308,-9.667039670830592,-4.193701748427205,-0.9503029633273854,-0.21512372994045498,-0.22504679226262272,0.0003639535586024443,,65.86007345663496,False,62.010539837346144,False,85.50126501636234,False,67.52638046118793,False,113.0035702657039,False,116.97410370468916,False,105.44303983314066,False,,0,,,0.0,left_S1,62.010539837346144
pr_Agency_EBCI,test,06_02 Artem,rec_05AY_calibration_20260602_144111,test/06_02 Artem/rec_05AY_calibration_20260602_144111,C:\Users\hodor\Documents\lab-Shishkin\projects\BCI_classifier\data\pr_Agency_EBCI\trans\test\06_02 Artem\EPOCHS_rec_05AY_calibration_20260602_144111.hdf,"MATRIX_[8, 15]_robust_concat_rec_05AY_calibration_20260602_144111.hdf","C:\Users\hodor\Documents\lab-Shishkin\projects\BCI_classifier\data\pr_Agency_EBCI\features\csp\test\06_02 Artem\MATRIX_[8, 15]_robust_concat_rec_05AY_calibration_20260602_144111.hdf","[8, 15]",54,55,-2,last5,0.7330714731492375,0.233,1.01,0.015198778836004179,1.480165261875156,0.5715509968741228,0.16748211677908437,0.5892857142857143,0.5892857142857143,0.9083578343178024,0.2661769355953305,1.1745347699131328,0.26261503102356415,0.07368668723074145,37.688035070615925,0.25376070141231855,0.27366660138975996,1.1862801176122642,1.7385055652899482,0.06944582872179088,0.4411643916571966,62.311964929384075,-42.30304922173643,-33.30357516631021,-13.332061959907877,0.8402875284087877,0.47978741886410875,0.2524299948507843,0.0005553576743582948,,70.23688315962862,False,65.41623474064751,False,87.31148981532237,False,75.17834095568371,False,104.99932782598833,False,106.70611995989367,False,101.92999784991419,False,,0,,,0.0,left_S1,65.41623474064751
pr_Agency_EBCI,test,06_02 Artem,rec_05AY_calibration_20260602_144111,test/06_02 Artem/rec_05AY_calibration_20260602_144111,C:\Users\hodor\Documents\lab-Shishkin\projects\BCI_classifier\data\pr_Agency_EBCI\trans\test\06_02 Artem\EPOCHS_rec_05AY_calibration_20260602_144111.hdf,"MATRIX_[8, 15]_robust_concat_rec_05AY_calibration_20260602_144111.hdf","C:\Users\hodor\Documents\lab-Shishkin\projects\BCI_classifier\data\pr_Agency_EBCI\features\csp\test\06_02 Artem\MATRIX_[8, 15]_robust_concat_rec_05AY_calibration_20260602_144111.hdf","[8, 15]",55,56,-1,last5,0.7515086173881994,0.252,1.107,0.018437144238961922,1.5225846413928736,0.4128117802830752,0.16392277787355672,0.4821428571428571,0.4821428571428571,0.6118460314909865,0.2429569743483073,0.8548030058392938,0.2894282344484645,0.10808812429033578,43.72988177007772,0.3745976354015544,0.21541035747150203,0.9462669274640982,1.3015099281073716,0.08069221054982821,0.48754254152066845,56.27011822992228,-37.70154294612253,-15.908743387699085,34.96734683823099,0.06499060324700645,-0.1135644413194169,-0.9914027129060112,0.0004781324274514384,,22.599473024539193,True,22.520024859818943,True,45.27794880194928,False,24.475307077362807,True,77.0698278525943,False,82.7104028199322,False,69.4378388668378,False,left_M1;left_S1;left_PMd,3,1;0.8;0.6,left_M1,1.0,left_S1,22.520024859818943
