project,stage,subject,record,file,matrix,matrix_path,band,component,component_1based,component_relative,edge_group,eigenvalue,eigen_score_abs_diff,eigen_score_logit,eigengap,weighted_contra,weighted_ipsi,locality,gof,gof_coef,final_score_method,final_score,rank_within_file,rank_within_matrix
pr_Agency_EBCI,test,05_15 Arina,01_calib_MI,test/05_15 Arina/01_calib_MI,"MATRIX_[9, 13]_robust_concat_01_calib_MI.hdf","C:\Users\hodor\Documents\lab-Shishkin\projects\BCI_classifier\data\pr_Agency_EBCI\features\csp\test\05_15 Arina\MATRIX_[9, 13]_robust_concat_01_calib_MI.hdf","[9, 13]",0,1,0,first5,0.05876386170462866,0.441,2.774,0.16282385936609745,1.67525927619561,0.4101935549036634,0.5714285714285714,,0.0,final_score_1,1.4452188119517964,1,1
pr_Agency_EBCI,test,05_15 Arina,01_calib_MI,test/05_15 Arina/01_calib_MI,"MATRIX_[10, 14]_robust_concat_01_calib_MI.hdf","C:\Users\hodor\Documents\lab-Shishkin\projects\BCI_classifier\data\pr_Agency_EBCI\features\csp\test\05_15 Arina\MATRIX_[10, 14]_robust_concat_01_calib_MI.hdf","[10, 14]",0,1,0,first5,0.06731709710824363,0.433,2.629,0.1346635314282436,1.6364268173000474,0.40313532948797653,0.5714285714285714,,0.0,final_score_1,1.3877763578787654,2,1
pr_Agency_EBCI,test,05_15 Arina,01_calib_MI,test/05_15 Arina/01_calib_MI,"MATRIX_[8, 12]_robust_concat_01_calib_MI.hdf","C:\Users\hodor\Documents\lab-Shishkin\projects\BCI_classifier\data\pr_Agency_EBCI\features\csp\test\05_15 Arina\MATRIX_[8, 12]_robust_concat_01_calib_MI.hdf","[8, 12]",0,1,0,first5,0.07247237199588641,0.428,2.549,0.15443440126400154,1.5352287273943468,0.338594998555494,0.5714285714285714,,0.0,final_score_1,1.2602803002531215,3,1
pr_Agency_EBCI,test,05_15 Arina,01_calib_MI,test/05_15 Arina/01_calib_MI,"MATRIX_[8, 15]_robust_concat_01_calib_MI.hdf","C:\Users\hodor\Documents\lab-Shishkin\projects\BCI_classifier\data\pr_Agency_EBCI\features\csp\test\05_15 Arina\MATRIX_[8, 15]_robust_concat_01_calib_MI.hdf","[8, 15]",0,1,0,first5,0.09254235187034832,0.407,2.283,0.1394249419817305,1.489884778795834,0.35816086645677264,0.5714285714285714,,0.0,final_score_1,1.181957193399417,4,1
pr_Agency_EBCI,test,05_15 Arina,01_calib_MI,test/05_15 Arina/01_calib_MI,"MATRIX_[10, 14]_robust_concat_01_calib_MI.hdf","C:\Users\hodor\Documents\lab-Shishkin\projects\BCI_classifier\data\pr_Agency_EBCI\features\csp\test\05_15 Arina\MATRIX_[10, 14]_robust_concat_01_calib_MI.hdf","[10, 14]",55,56,-1,last5,0.8867087131395703,0.387,2.058,0.013321264942004918,0.4878719856130359,0.4464880446301023,0.5,,0.0,final_score_1,0.5423959975561418,5,2
pr_Agency_EBCI,test,05_15 Arina,01_calib_MI,test/05_15 Arina/01_calib_MI,"MATRIX_[8, 12]_robust_concat_01_calib_MI.hdf","C:\Users\hodor\Documents\lab-Shishkin\projects\BCI_classifier\data\pr_Agency_EBCI\features\csp\test\05_15 Arina\MATRIX_[8, 12]_robust_concat_01_calib_MI.hdf","[8, 12]",54,55,-2,last5,0.8613566156095741,0.361,1.827,0.018691581416562686,0.4321624587756928,0.46039866492635523,0.5535714285714286,,0.0,final_score_1,0.5005833430733968,6,2
pr_Agency_EBCI,test,05_15 Arina,01_calib_MI,test/05_15 Arina/01_calib_MI,"MATRIX_[8, 12]_robust_concat_01_calib_MI.hdf","C:\Users\hodor\Documents\lab-Shishkin\projects\BCI_classifier\data\pr_Agency_EBCI\features\csp\test\05_15 Arina\MATRIX_[8, 12]_robust_concat_01_calib_MI.hdf","[8, 12]",1,2,1,first5,0.22690677325988795,0.273,1.226,0.01699170931634153,0.6981825945696911,0.3691654815115959,0.6071428571428572,,0.0,final_score_1,0.46829896838066476,7,3
pr_Agency_EBCI,test,05_15 Arina,01_calib_MI,test/05_15 Arina/01_calib_MI,"MATRIX_[9, 13]_robust_concat_01_calib_MI.hdf","C:\Users\hodor\Documents\lab-Shishkin\projects\BCI_classifier\data\pr_Agency_EBCI\features\csp\test\05_15 Arina\MATRIX_[9, 13]_robust_concat_01_calib_MI.hdf","[9, 13]",54,55,-2,last5,0.8775237306608505,0.378,1.969,0.02249248348196553,0.43387554041902454,0.37666529577523417,0.5,,0.0,final_score_1,0.45957665412214466,8,2
pr_Agency_EBCI,test,05_15 Arina,01_calib_MI,test/05_15 Arina/01_calib_MI,"MATRIX_[8, 15]_robust_concat_01_calib_MI.hdf","C:\Users\hodor\Documents\lab-Shishkin\projects\BCI_classifier\data\pr_Agency_EBCI\features\csp\test\05_15 Arina\MATRIX_[8, 15]_robust_concat_01_calib_MI.hdf","[8, 15]",1,2,1,first5,0.23196729385207882,0.268,1.197,0.05168829607199399,0.5407962467739273,0.32138429231015125,0.625,,0.0,final_score_1,0.37547962477111624,9,2
pr_Agency_EBCI,test,05_15 Arina,01_calib_MI,test/05_15 Arina/01_calib_MI,"MATRIX_[8, 12]_robust_concat_01_calib_MI.hdf","C:\Users\hodor\Documents\lab-Shishkin\projects\BCI_classifier\data\pr_Agency_EBCI\features\csp\test\05_15 Arina\MATRIX_[8, 12]_robust_concat_01_calib_MI.hdf","[8, 12]",53,54,-3,last5,0.8426650341930114,0.343,1.678,0.011135974992998676,0.22177933834729216,0.4152281265726548,0.5,,0.0,final_score_1,0.32774034070131275,10,4
pr_Agency_EBCI,test,05_15 Arina,01_calib_MI,test/05_15 Arina/01_calib_MI,"MATRIX_[10, 14]_robust_concat_01_calib_MI.hdf","C:\Users\hodor\Documents\lab-Shishkin\projects\BCI_classifier\data\pr_Agency_EBCI\features\csp\test\05_15 Arina\MATRIX_[10, 14]_robust_concat_01_calib_MI.hdf","[10, 14]",2,3,2,first5,0.26217726027717914,0.238,1.035,0.07029518008794311,0.3484371340392123,0.5395690801733422,0.4821428571428571,,0.0,final_score_1,0.31324419206347853,11,3
pr_Agency_EBCI,test,05_15 Arina,01_calib_MI,test/05_15 Arina/01_calib_MI,"MATRIX_[8, 15]_robust_concat_01_calib_MI.hdf","C:\Users\hodor\Documents\lab-Shishkin\projects\BCI_classifier\data\pr_Agency_EBCI\features\csp\test\05_15 Arina\MATRIX_[8, 15]_robust_concat_01_calib_MI.hdf","[8, 15]",55,56,-1,last5,0.8249705423269255,0.325,1.55,0.001315425911165069,0.22585232181136278,0.373085093526483,0.5892857142857143,,0.0,final_score_1,0.30936187033298557,12,3
pr_Agency_EBCI,test,05_15 Arina,01_calib_MI,test/05_15 Arina/01_calib_MI,"MATRIX_[8, 15]_robust_concat_01_calib_MI.hdf","C:\Users\hodor\Documents\lab-Shishkin\projects\BCI_classifier\data\pr_Agency_EBCI\features\csp\test\05_15 Arina\MATRIX_[8, 15]_robust_concat_01_calib_MI.hdf","[8, 15]",54,55,-2,last5,0.8236551164157604,0.324,1.541,0.0126109095327821,0.3715474757948263,0.279882174438509,0.4642857142857143,,0.0,final_score_1,0.30905683834641523,13,4
pr_Agency_EBCI,test,05_15 Arina,01_calib_MI,test/05_15 Arina/01_calib_MI,"MATRIX_[9, 13]_robust_concat_01_calib_MI.hdf","C:\Users\hodor\Documents\lab-Shishkin\projects\BCI_classifier\data\pr_Agency_EBCI\features\csp\test\05_15 Arina\MATRIX_[9, 13]_robust_concat_01_calib_MI.hdf","[9, 13]",55,56,-1,last5,0.8930877576372015,0.393,2.123,0.015564026976350953,0.20587944113970458,0.2660750301378249,0.6428571428571428,,0.0,final_score_1,0.30471403327697066,14,3
pr_Agency_EBCI,test,05_15 Arina,01_calib_MI,test/05_15 Arina/01_calib_MI,"MATRIX_[10, 14]_robust_concat_01_calib_MI.hdf","C:\Users\hodor\Documents\lab-Shishkin\projects\BCI_classifier\data\pr_Agency_EBCI\features\csp\test\05_15 Arina\MATRIX_[10, 14]_robust_concat_01_calib_MI.hdf","[10, 14]",1,2,1,first5,0.20198062853648724,0.298,1.374,0.0601966317406919,0.40566460620745637,0.2177746352239631,0.6071428571428572,,0.0,final_score_1,0.298582865271262,15,4
pr_Agency_EBCI,test,05_15 Arina,01_calib_MI,test/05_15 Arina/01_calib_MI,"MATRIX_[9, 13]_robust_concat_01_calib_MI.hdf","C:\Users\hodor\Documents\lab-Shishkin\projects\BCI_classifier\data\pr_Agency_EBCI\features\csp\test\05_15 Arina\MATRIX_[9, 13]_robust_concat_01_calib_MI.hdf","[9, 13]",2,3,2,first5,0.2517051549574245,0.248,1.09,0.09241994923731611,0.379158884606173,0.40289960194131835,0.5357142857142857,,0.0,final_score_1,0.29785256073365884,16,4
pr_Agency_EBCI,test,05_15 Arina,01_calib_MI,test/05_15 Arina/01_calib_MI,"MATRIX_[10, 14]_robust_concat_01_calib_MI.hdf","C:\Users\hodor\Documents\lab-Shishkin\projects\BCI_classifier\data\pr_Agency_EBCI\features\csp\test\05_15 Arina\MATRIX_[10, 14]_robust_concat_01_calib_MI.hdf","[10, 14]",51,52,-5,last5,0.8511233678531412,0.351,1.743,0.0030670820554957734,0.2010625023297749,0.23276512224977766,0.5357142857142857,,0.0,final_score_1,0.2338485834921138,17,5
pr_Agency_EBCI,test,05_15 Arina,01_calib_MI,test/05_15 Arina/01_calib_MI,"MATRIX_[8, 15]_robust_concat_01_calib_MI.hdf","C:\Users\hodor\Documents\lab-Shishkin\projects\BCI_classifier\data\pr_Agency_EBCI\features\csp\test\05_15 Arina\MATRIX_[8, 15]_robust_concat_01_calib_MI.hdf","[8, 15]",53,54,-3,last5,0.8110442068829783,0.311,1.457,0.015422129342069102,0.25588933975201855,0.2192048762676137,0.5178571428571428,,0.0,final_score_1,0.2242699214371246,18,5
pr_Agency_EBCI,test,05_15 Arina,01_calib_MI,test/05_15 Arina/01_calib_MI,"MATRIX_[9, 13]_robust_concat_01_calib_MI.hdf","C:\Users\hodor\Documents\lab-Shishkin\projects\BCI_classifier\data\pr_Agency_EBCI\features\csp\test\05_15 Arina\MATRIX_[9, 13]_robust_concat_01_calib_MI.hdf","[9, 13]",1,2,1,first5,0.2215877210707261,0.278,1.256,0.030117433886698408,0.3695180016118394,0.1650203834724846,0.5,,0.0,final_score_1,0.22290250658016314,19,5
pr_Agency_EBCI,test,05_15 Arina,01_calib_MI,test/05_15 Arina/01_calib_MI,"MATRIX_[9, 13]_robust_concat_01_calib_MI.hdf","C:\Users\hodor\Documents\lab-Shishkin\projects\BCI_classifier\data\pr_Agency_EBCI\features\csp\test\05_15 Arina\MATRIX_[9, 13]_robust_concat_01_calib_MI.hdf","[9, 13]",53,54,-3,last5,0.855031247178885,0.355,1.775,0.0023199101033029024,0.19839752957674406,0.20301506267282082,0.4642857142857143,,0.0,final_score_1,0.20866286714972918,20,6
pr_Agency_EBCI,test,05_15 Arina,01_calib_MI,test/05_15 Arina/01_calib_MI,"MATRIX_[8, 12]_robust_concat_01_calib_MI.hdf","C:\Users\hodor\Documents\lab-Shishkin\projects\BCI_classifier\data\pr_Agency_EBCI\features\csp\test\05_15 Arina\MATRIX_[8, 12]_robust_concat_01_calib_MI.hdf","[8, 12]",2,3,2,first5,0.24389848257622948,0.256,1.131,0.07849487944372957,0.19405860722702328,0.3601390615847425,0.4642857142857143,,0.0,final_score_1,0.20774495470886767,21,5
pr_Agency_EBCI,test,05_15 Arina,01_calib_MI,test/05_15 Arina/01_calib_MI,"MATRIX_[9, 13]_robust_concat_01_calib_MI.hdf","C:\Users\hodor\Documents\lab-Shishkin\projects\BCI_classifier\data\pr_Agency_EBCI\features\csp\test\05_15 Arina\MATRIX_[9, 13]_robust_concat_01_calib_MI.hdf","[9, 13]",51,52,-5,last5,0.8460750820341445,0.346,1.704,0.006961300449805252,0.15820383232941362,0.18889612961903296,0.6071428571428572,,0.0,final_score_1,0.19301237169776117,22,7
pr_Agency_EBCI,test,05_15 Arina,01_calib_MI,test/05_15 Arina/01_calib_MI,"MATRIX_[9, 13]_robust_concat_01_calib_MI.hdf","C:\Users\hodor\Documents\lab-Shishkin\projects\BCI_classifier\data\pr_Agency_EBCI\features\csp\test\05_15 Arina\MATRIX_[9, 13]_robust_concat_01_calib_MI.hdf","[9, 13]",52,53,-4,last5,0.8527113370755821,0.353,1.756,0.006636255041437611,0.1502048268869598,0.18482468300675675,0.4821428571428571,,0.0,final_score_1,0.1752862430424286,23,8
pr_Agency_EBCI,test,05_15 Arina,01_calib_MI,test/05_15 Arina/01_calib_MI,"MATRIX_[8, 12]_robust_concat_01_calib_MI.hdf","C:\Users\hodor\Documents\lab-Shishkin\projects\BCI_classifier\data\pr_Agency_EBCI\features\csp\test\05_15 Arina\MATRIX_[8, 12]_robust_concat_01_calib_MI.hdf","[8, 12]",51,52,-5,last5,0.8230556938714513,0.323,1.537,0.008574878819339382,0.17243812614596982,0.17999221928888925,0.4642857142857143,,0.0,final_score_1,0.16668696659263713,24,6
pr_Agency_EBCI,test,05_15 Arina,01_calib_MI,test/05_15 Arina/01_calib_MI,"MATRIX_[8, 12]_robust_concat_01_calib_MI.hdf","C:\Users\hodor\Documents\lab-Shishkin\projects\BCI_classifier\data\pr_Agency_EBCI\features\csp\test\05_15 Arina\MATRIX_[8, 12]_robust_concat_01_calib_MI.hdf","[8, 12]",52,53,-4,last5,0.8315290592000127,0.332,1.597,0.008473365328561466,0.198181530547052,0.10900752540523419,0.5892857142857143,,0.0,final_score_1,0.1620861111656813,25,7
pr_Agency_EBCI,test,05_15 Arina,01_calib_MI,test/05_15 Arina/01_calib_MI,"MATRIX_[8, 12]_robust_concat_01_calib_MI.hdf","C:\Users\hodor\Documents\lab-Shishkin\projects\BCI_classifier\data\pr_Agency_EBCI\features\csp\test\05_15 Arina\MATRIX_[8, 12]_robust_concat_01_calib_MI.hdf","[8, 12]",55,56,-1,last5,0.871095749476839,0.371,1.911,0.009739133867264882,0.1506178606244766,0.13659697488978179,0.4821428571428571,,0.0,final_score_1,0.15793225767840283,26,8
pr_Agency_EBCI,test,05_15 Arina,01_calib_MI,test/05_15 Arina/01_calib_MI,"MATRIX_[10, 14]_robust_concat_01_calib_MI.hdf","C:\Users\hodor\Documents\lab-Shishkin\projects\BCI_classifier\data\pr_Agency_EBCI\features\csp\test\05_15 Arina\MATRIX_[10, 14]_robust_concat_01_calib_MI.hdf","[10, 14]",54,55,-2,last5,0.8733874481975654,0.373,1.931,0.011008694718912637,0.14278309229189282,0.13097046246533245,0.5,,0.0,final_score_1,0.15316511388666754,27,6
pr_Agency_EBCI,test,05_15 Arina,01_calib_MI,test/05_15 Arina/01_calib_MI,"MATRIX_[10, 14]_robust_concat_01_calib_MI.hdf","C:\Users\hodor\Documents\lab-Shishkin\projects\BCI_classifier\data\pr_Agency_EBCI\features\csp\test\05_15 Arina\MATRIX_[10, 14]_robust_concat_01_calib_MI.hdf","[10, 14]",53,54,-3,last5,0.8623787534786528,0.362,1.835,0.0054535659980173845,0.12735666669839893,0.1519114573060308,0.4821428571428571,,0.0,final_score_1,0.14983732238994815,28,7
pr_Agency_EBCI,test,05_15 Arina,01_calib_MI,test/05_15 Arina/01_calib_MI,"MATRIX_[8, 15]_robust_concat_01_calib_MI.hdf","C:\Users\hodor\Documents\lab-Shishkin\projects\BCI_classifier\data\pr_Agency_EBCI\features\csp\test\05_15 Arina\MATRIX_[8, 15]_robust_concat_01_calib_MI.hdf","[8, 15]",51,52,-5,last5,0.7925526523192675,0.293,1.34,0.009847515700432963,0.1757941342623977,0.16938818755829138,0.4464285714285714,,0.0,final_score_1,0.14628950078161454,29,6
pr_Agency_EBCI,test,05_15 Arina,01_calib_MI,test/05_15 Arina/01_calib_MI,"MATRIX_[10, 14]_robust_concat_01_calib_MI.hdf","C:\Users\hodor\Documents\lab-Shishkin\projects\BCI_classifier\data\pr_Agency_EBCI\features\csp\test\05_15 Arina\MATRIX_[10, 14]_robust_concat_01_calib_MI.hdf","[10, 14]",3,4,3,first5,0.33247244036512225,0.168,0.697,0.02702470920429878,0.17765067141663177,0.3914131020148157,0.5,,0.0,final_score_1,0.1434040709047248,30,8
pr_Agency_EBCI,test,05_15 Arina,01_calib_MI,test/05_15 Arina/01_calib_MI,"MATRIX_[8, 15]_robust_concat_01_calib_MI.hdf","C:\Users\hodor\Documents\lab-Shishkin\projects\BCI_classifier\data\pr_Agency_EBCI\features\csp\test\05_15 Arina\MATRIX_[8, 15]_robust_concat_01_calib_MI.hdf","[8, 15]",3,4,3,first5,0.38536348326412984,0.115,0.467,0.021323506178352714,0.11919953407519739,0.5919143555382325,0.5892857142857143,,0.0,final_score_1,0.12996876178916886,31,7
pr_Agency_EBCI,test,05_15 Arina,01_calib_MI,test/05_15 Arina/01_calib_MI,"MATRIX_[8, 15]_robust_concat_01_calib_MI.hdf","C:\Users\hodor\Documents\lab-Shishkin\projects\BCI_classifier\data\pr_Agency_EBCI\features\csp\test\05_15 Arina\MATRIX_[8, 15]_robust_concat_01_calib_MI.hdf","[8, 15]",2,3,2,first5,0.2836555899240728,0.216,0.926,0.10170789334005703,0.1569096252001172,0.2419157760971397,0.4821428571428571,,0.0,final_score_1,0.1276811034724504,32,8
pr_Agency_EBCI,test,05_15 Arina,01_calib_MI,test/05_15 Arina/01_calib_MI,"MATRIX_[10, 14]_robust_concat_01_calib_MI.hdf","C:\Users\hodor\Documents\lab-Shishkin\projects\BCI_classifier\data\pr_Agency_EBCI\features\csp\test\05_15 Arina\MATRIX_[10, 14]_robust_concat_01_calib_MI.hdf","[10, 14]",52,53,-4,last5,0.8569251874806354,0.357,1.79,0.005801819627494154,0.1305826895388247,0.04949949660882429,0.5178571428571428,,0.0,final_score_1,0.0975820346187573,33,9
pr_Agency_EBCI,test,05_15 Arina,01_calib_MI,test/05_15 Arina/01_calib_MI,"MATRIX_[8, 15]_robust_concat_01_calib_MI.hdf","C:\Users\hodor\Documents\lab-Shishkin\projects\BCI_classifier\data\pr_Agency_EBCI\features\csp\test\05_15 Arina\MATRIX_[8, 15]_robust_concat_01_calib_MI.hdf","[8, 15]",52,53,-4,last5,0.7956220775409092,0.296,1.359,0.003069425221641664,0.08919353736167718,0.08046060488462779,0.4821428571428571,,0.0,final_score_1,0.07442969583405751,34,9
pr_Agency_EBCI,test,05_15 Arina,01_calib_MI,test/05_15 Arina/01_calib_MI,"MATRIX_[10, 14]_robust_concat_01_calib_MI.hdf","C:\Users\hodor\Documents\lab-Shishkin\projects\BCI_classifier\data\pr_Agency_EBCI\features\csp\test\05_15 Arina\MATRIX_[10, 14]_robust_concat_01_calib_MI.hdf","[10, 14]",4,5,4,first5,0.359497149569421,0.141,0.578,0.027545034870015916,0.17671701936301315,0.16846136721399319,0.4642857142857143,,0.0,final_score_1,0.0712670090286312,35,10
pr_Agency_EBCI,test,05_15 Arina,01_calib_MI,test/05_15 Arina/01_calib_MI,"MATRIX_[8, 12]_robust_concat_01_calib_MI.hdf","C:\Users\hodor\Documents\lab-Shishkin\projects\BCI_classifier\data\pr_Agency_EBCI\features\csp\test\05_15 Arina\MATRIX_[8, 12]_robust_concat_01_calib_MI.hdf","[8, 12]",4,5,4,first5,0.3265796689563091,0.173,0.724,0.034182923169397306,0.055586547762672696,0.12141735981971044,0.4821428571428571,,0.0,final_score_1,0.04538569837456142,36,9
pr_Agency_EBCI,test,05_15 Arina,01_calib_MI,test/05_15 Arina/01_calib_MI,"MATRIX_[8, 15]_robust_concat_01_calib_MI.hdf","C:\Users\hodor\Documents\lab-Shishkin\projects\BCI_classifier\data\pr_Agency_EBCI\features\csp\test\05_15 Arina\MATRIX_[8, 15]_robust_concat_01_calib_MI.hdf","[8, 15]",4,5,4,first5,0.40668698944248255,0.093,0.378,0.008653569690921181,0.17067474664510335,0.13054563236773223,0.4464285714285714,,0.0,final_score_1,0.040519519912565895,37,10
pr_Agency_EBCI,test,05_15 Arina,01_calib_MI,test/05_15 Arina/01_calib_MI,"MATRIX_[8, 12]_robust_concat_01_calib_MI.hdf","C:\Users\hodor\Documents\lab-Shishkin\projects\BCI_classifier\data\pr_Agency_EBCI\features\csp\test\05_15 Arina\MATRIX_[8, 12]_robust_concat_01_calib_MI.hdf","[8, 12]",3,4,3,first5,0.32239336201995905,0.178,0.743,0.004186306936350026,0.07135819952652149,0.07797245980656906,0.4821428571428571,,0.0,final_score_1,0.03939662787476928,38,10
pr_Agency_EBCI,test,05_15 Arina,01_calib_MI,test/05_15 Arina/01_calib_MI,"MATRIX_[9, 13]_robust_concat_01_calib_MI.hdf","C:\Users\hodor\Documents\lab-Shishkin\projects\BCI_classifier\data\pr_Agency_EBCI\features\csp\test\05_15 Arina\MATRIX_[9, 13]_robust_concat_01_calib_MI.hdf","[9, 13]",3,4,3,first5,0.3441251041947406,0.156,0.645,0.009172606763958258,0.030110673359472977,0.08212639160388516,0.5535714285714286,,0.0,final_score_1,0.027201454387191012,39,9
pr_Agency_EBCI,test,05_15 Arina,01_calib_MI,test/05_15 Arina/01_calib_MI,"MATRIX_[9, 13]_robust_concat_01_calib_MI.hdf","C:\Users\hodor\Documents\lab-Shishkin\projects\BCI_classifier\data\pr_Agency_EBCI\features\csp\test\05_15 Arina\MATRIX_[9, 13]_robust_concat_01_calib_MI.hdf","[9, 13]",4,5,4,first5,0.3532977109586989,0.147,0.605,0.020407735205132504,0.0394021478378354,0.08297710699488782,0.4821428571428571,,0.0,final_score_1,0.02666338014667957,40,10
pr_Agency_EBCI,test,05_15 Arina,01_calib_MI,test/05_15 Arina/01_calib_MI,"MATRIX_[9, 13]_robust_concat_01_calib_MI.hdf","C:\Users\hodor\Documents\lab-Shishkin\projects\BCI_classifier\data\pr_Agency_EBCI\features\csp\test\05_15 Arina\MATRIX_[9, 13]_robust_concat_01_calib_MI.hdf","[9, 13]",0,1,0,first5,0.05876386170462866,0.441,2.774,0.16282385936609745,1.67525927619561,0.4101935549036634,0.5714285714285714,,0.0,final_score_2,9.090786812594747,1,1
pr_Agency_EBCI,test,05_15 Arina,01_calib_MI,test/05_15 Arina/01_calib_MI,"MATRIX_[10, 14]_robust_concat_01_calib_MI.hdf","C:\Users\hodor\Documents\lab-Shishkin\projects\BCI_classifier\data\pr_Agency_EBCI\features\csp\test\05_15 Arina\MATRIX_[10, 14]_robust_concat_01_calib_MI.hdf","[10, 14]",0,1,0,first5,0.06731709710824363,0.433,2.629,0.1346635314282436,1.6364268173000474,0.40313532948797653,0.5714285714285714,,0.0,final_score_2,8.426013960423266,2,1
pr_Agency_EBCI,test,05_15 Arina,01_calib_MI,test/05_15 Arina/01_calib_MI,"MATRIX_[8, 12]_robust_concat_01_calib_MI.hdf","C:\Users\hodor\Documents\lab-Shishkin\projects\BCI_classifier\data\pr_Agency_EBCI\features\csp\test\05_15 Arina\MATRIX_[8, 12]_robust_concat_01_calib_MI.hdf","[8, 12]",0,1,0,first5,0.07247237199588641,0.428,2.549,0.15443440126400154,1.5352287273943468,0.338594998555494,0.5714285714285714,,0.0,final_score_2,7.505734778843941,3,1
pr_Agency_EBCI,test,05_15 Arina,01_calib_MI,test/05_15 Arina/01_calib_MI,"MATRIX_[8, 15]_robust_concat_01_calib_MI.hdf","C:\Users\hodor\Documents\lab-Shishkin\projects\BCI_classifier\data\pr_Agency_EBCI\features\csp\test\05_15 Arina\MATRIX_[8, 15]_robust_concat_01_calib_MI.hdf","[8, 15]",0,1,0,first5,0.09254235187034832,0.407,2.283,0.1394249419817305,1.489884778795834,0.35816086645677264,0.5714285714285714,,0.0,final_score_2,6.629995755604101,4,1
pr_Agency_EBCI,test,05_15 Arina,01_calib_MI,test/05_15 Arina/01_calib_MI,"MATRIX_[10, 14]_robust_concat_01_calib_MI.hdf","C:\Users\hodor\Documents\lab-Shishkin\projects\BCI_classifier\data\pr_Agency_EBCI\features\csp\test\05_15 Arina\MATRIX_[10, 14]_robust_concat_01_calib_MI.hdf","[10, 14]",55,56,-1,last5,0.8867087131395703,0.387,2.058,0.013321264942004918,0.4878719856130359,0.4464880446301023,0.5,,0.0,final_score_2,2.8843694133605675,5,2
pr_Agency_EBCI,test,05_15 Arina,01_calib_MI,test/05_15 Arina/01_calib_MI,"MATRIX_[8, 12]_robust_concat_01_calib_MI.hdf","C:\Users\hodor\Documents\lab-Shishkin\projects\BCI_classifier\data\pr_Agency_EBCI\features\csp\test\05_15 Arina\MATRIX_[8, 12]_robust_concat_01_calib_MI.hdf","[8, 12]",54,55,-2,last5,0.8613566156095741,0.361,1.827,0.018691581416562686,0.4321624587756928,0.46039866492635523,0.5535714285714286,,0.0,final_score_2,2.5334231794878006,6,2
pr_Agency_EBCI,test,05_15 Arina,01_calib_MI,test/05_15 Arina/01_calib_MI,"MATRIX_[9, 13]_robust_concat_01_calib_MI.hdf","C:\Users\hodor\Documents\lab-Shishkin\projects\BCI_classifier\data\pr_Agency_EBCI\features\csp\test\05_15 Arina\MATRIX_[9, 13]_robust_concat_01_calib_MI.hdf","[9, 13]",54,55,-2,last5,0.8775237306608505,0.378,1.969,0.02249248348196553,0.43387554041902454,0.37666529577523417,0.5,,0.0,final_score_2,2.393932359699743,7,2
pr_Agency_EBCI,test,05_15 Arina,01_calib_MI,test/05_15 Arina/01_calib_MI,"MATRIX_[8, 12]_robust_concat_01_calib_MI.hdf","C:\Users\hodor\Documents\lab-Shishkin\projects\BCI_classifier\data\pr_Agency_EBCI\features\csp\test\05_15 Arina\MATRIX_[8, 12]_robust_concat_01_calib_MI.hdf","[8, 12]",1,2,1,first5,0.22690677325988795,0.273,1.226,0.01699170931634153,0.6981825945696911,0.3691654815115959,0.6071428571428572,,0.0,final_score_2,2.1030569056215933,8,3
pr_Agency_EBCI,test,05_15 Arina,01_calib_MI,test/05_15 Arina/01_calib_MI,"MATRIX_[8, 15]_robust_concat_01_calib_MI.hdf","C:\Users\hodor\Documents\lab-Shishkin\projects\BCI_classifier\data\pr_Agency_EBCI\features\csp\test\05_15 Arina\MATRIX_[8, 15]_robust_concat_01_calib_MI.hdf","[8, 15]",1,2,1,first5,0.23196729385207882,0.268,1.197,0.05168829607199399,0.5407962467739273,0.32138429231015125,0.625,,0.0,final_score_2,1.6770489210859183,9,2
pr_Agency_EBCI,test,05_15 Arina,01_calib_MI,test/05_15 Arina/01_calib_MI,"MATRIX_[9, 13]_robust_concat_01_calib_MI.hdf","C:\Users\hodor\Documents\lab-Shishkin\projects\BCI_classifier\data\pr_Agency_EBCI\features\csp\test\05_15 Arina\MATRIX_[9, 13]_robust_concat_01_calib_MI.hdf","[9, 13]",55,56,-1,last5,0.8930877576372015,0.393,2.123,0.015564026976350953,0.20587944113970458,0.2660750301378249,0.6428571428571428,,0.0,final_score_2,1.646076062715035,10,3
pr_Agency_EBCI,test,05_15 Arina,01_calib_MI,test/05_15 Arina/01_calib_MI,"MATRIX_[8, 12]_robust_concat_01_calib_MI.hdf","C:\Users\hodor\Documents\lab-Shishkin\projects\BCI_classifier\data\pr_Agency_EBCI\features\csp\test\05_15 Arina\MATRIX_[8, 12]_robust_concat_01_calib_MI.hdf","[8, 12]",53,54,-3,last5,0.8426650341930114,0.343,1.678,0.011135974992998676,0.22177933834729216,0.4152281265726548,0.5,,0.0,final_score_2,1.6033477892035064,11,4
pr_Agency_EBCI,test,05_15 Arina,01_calib_MI,test/05_15 Arina/01_calib_MI,"MATRIX_[8, 15]_robust_concat_01_calib_MI.hdf","C:\Users\hodor\Documents\lab-Shishkin\projects\BCI_classifier\data\pr_Agency_EBCI\features\csp\test\05_15 Arina\MATRIX_[8, 15]_robust_concat_01_calib_MI.hdf","[8, 15]",55,56,-1,last5,0.8249705423269255,0.325,1.55,0.001315425911165069,0.22585232181136278,0.373085093526483,0.5892857142857143,,0.0,final_score_2,1.4754181508188542,12,3
pr_Agency_EBCI,test,05_15 Arina,01_calib_MI,test/05_15 Arina/01_calib_MI,"MATRIX_[8, 15]_robust_concat_01_calib_MI.hdf","C:\Users\hodor\Documents\lab-Shishkin\projects\BCI_classifier\data\pr_Agency_EBCI\features\csp\test\05_15 Arina\MATRIX_[8, 15]_robust_concat_01_calib_MI.hdf","[8, 15]",54,55,-2,last5,0.8236551164157604,0.324,1.541,0.0126109095327821,0.3715474757948263,0.279882174438509,0.4642857142857143,,0.0,final_score_2,1.4699277404068698,13,4
pr_Agency_EBCI,test,05_15 Arina,01_calib_MI,test/05_15 Arina/01_calib_MI,"MATRIX_[10, 14]_robust_concat_01_calib_MI.hdf","C:\Users\hodor\Documents\lab-Shishkin\projects\BCI_classifier\data\pr_Agency_EBCI\features\csp\test\05_15 Arina\MATRIX_[10, 14]_robust_concat_01_calib_MI.hdf","[10, 14]",1,2,1,first5,0.20198062853648724,0.298,1.374,0.0601966317406919,0.40566460620745637,0.2177746352239631,0.6071428571428572,,0.0,final_score_2,1.3766874392037385,14,3
pr_Agency_EBCI,test,05_15 Arina,01_calib_MI,test/05_15 Arina/01_calib_MI,"MATRIX_[10, 14]_robust_concat_01_calib_MI.hdf","C:\Users\hodor\Documents\lab-Shishkin\projects\BCI_classifier\data\pr_Agency_EBCI\features\csp\test\05_15 Arina\MATRIX_[10, 14]_robust_concat_01_calib_MI.hdf","[10, 14]",2,3,2,first5,0.26217726027717914,0.238,1.035,0.07029518008794311,0.3484371340392123,0.5395690801733422,0.4821428571428571,,0.0,final_score_2,1.3622173898558836,15,4
pr_Agency_EBCI,test,05_15 Arina,01_calib_MI,test/05_15 Arina/01_calib_MI,"MATRIX_[9, 13]_robust_concat_01_calib_MI.hdf","C:\Users\hodor\Documents\lab-Shishkin\projects\BCI_classifier\data\pr_Agency_EBCI\features\csp\test\05_15 Arina\MATRIX_[9, 13]_robust_concat_01_calib_MI.hdf","[9, 13]",2,3,2,first5,0.2517051549574245,0.248,1.09,0.09241994923731611,0.379158884606173,0.40289960194131835,0.5357142857142857,,0.0,final_score_2,1.3091100451600328,16,4
pr_Agency_EBCI,test,05_15 Arina,01_calib_MI,test/05_15 Arina/01_calib_MI,"MATRIX_[10, 14]_robust_concat_01_calib_MI.hdf","C:\Users\hodor\Documents\lab-Shishkin\projects\BCI_classifier\data\pr_Agency_EBCI\features\csp\test\05_15 Arina\MATRIX_[10, 14]_robust_concat_01_calib_MI.hdf","[10, 14]",51,52,-5,last5,0.8511233678531412,0.351,1.743,0.0030670820554957734,0.2010625023297749,0.23276512224977766,0.5357142857142857,,0.0,final_score_2,1.1612480940933172,17,5
pr_Agency_EBCI,test,05_15 Arina,01_calib_MI,test/05_15 Arina/01_calib_MI,"MATRIX_[8, 15]_robust_concat_01_calib_MI.hdf","C:\Users\hodor\Documents\lab-Shishkin\projects\BCI_classifier\data\pr_Agency_EBCI\features\csp\test\05_15 Arina\MATRIX_[8, 15]_robust_concat_01_calib_MI.hdf","[8, 15]",53,54,-3,last5,0.8110442068829783,0.311,1.457,0.015422129342069102,0.25588933975201855,0.2192048762676137,0.5178571428571428,,0.0,final_score_2,1.0506793425527028,18,5
pr_Agency_EBCI,test,05_15 Arina,01_calib_MI,test/05_15 Arina/01_calib_MI,"MATRIX_[9, 13]_robust_concat_01_calib_MI.hdf","C:\Users\hodor\Documents\lab-Shishkin\projects\BCI_classifier\data\pr_Agency_EBCI\features\csp\test\05_15 Arina\MATRIX_[9, 13]_robust_concat_01_calib_MI.hdf","[9, 13]",53,54,-3,last5,0.855031247178885,0.355,1.775,0.0023199101033029024,0.19839752957674406,0.20301506267282082,0.4642857142857143,,0.0,final_score_2,1.0433143357486458,19,5
pr_Agency_EBCI,test,05_15 Arina,01_calib_MI,test/05_15 Arina/01_calib_MI,"MATRIX_[9, 13]_robust_concat_01_calib_MI.hdf","C:\Users\hodor\Documents\lab-Shishkin\projects\BCI_classifier\data\pr_Agency_EBCI\features\csp\test\05_15 Arina\MATRIX_[9, 13]_robust_concat_01_calib_MI.hdf","[9, 13]",1,2,1,first5,0.2215877210707261,0.278,1.256,0.030117433886698408,0.3695180016118394,0.1650203834724846,0.5,,0.0,final_score_2,1.0070703174988664,20,6
pr_Agency_EBCI,test,05_15 Arina,01_calib_MI,test/05_15 Arina/01_calib_MI,"MATRIX_[9, 13]_robust_concat_01_calib_MI.hdf","C:\Users\hodor\Documents\lab-Shishkin\projects\BCI_classifier\data\pr_Agency_EBCI\features\csp\test\05_15 Arina\MATRIX_[9, 13]_robust_concat_01_calib_MI.hdf","[9, 13]",51,52,-5,last5,0.8460750820341445,0.346,1.704,0.006961300449805252,0.15820383232941362,0.18889612961903296,0.6071428571428572,,0.0,final_score_2,0.9505580386502459,21,7
pr_Agency_EBCI,test,05_15 Arina,01_calib_MI,test/05_15 Arina/01_calib_MI,"MATRIX_[8, 12]_robust_concat_01_calib_MI.hdf","C:\Users\hodor\Documents\lab-Shishkin\projects\BCI_classifier\data\pr_Agency_EBCI\features\csp\test\05_15 Arina\MATRIX_[8, 12]_robust_concat_01_calib_MI.hdf","[8, 12]",2,3,2,first5,0.24389848257622948,0.256,1.131,0.07849487944372957,0.19405860722702328,0.3601390615847425,0.4642857142857143,,0.0,final_score_2,0.9178107178739426,22,5
pr_Agency_EBCI,test,05_15 Arina,01_calib_MI,test/05_15 Arina/01_calib_MI,"MATRIX_[9, 13]_robust_concat_01_calib_MI.hdf","C:\Users\hodor\Documents\lab-Shishkin\projects\BCI_classifier\data\pr_Agency_EBCI\features\csp\test\05_15 Arina\MATRIX_[9, 13]_robust_concat_01_calib_MI.hdf","[9, 13]",52,53,-4,last5,0.8527113370755821,0.353,1.756,0.006636255041437611,0.1502048268869598,0.18482468300675675,0.4821428571428571,,0.0,final_score_2,0.8719621608569535,23,8
pr_Agency_EBCI,test,05_15 Arina,01_calib_MI,test/05_15 Arina/01_calib_MI,"MATRIX_[8, 12]_robust_concat_01_calib_MI.hdf","C:\Users\hodor\Documents\lab-Shishkin\projects\BCI_classifier\data\pr_Agency_EBCI\features\csp\test\05_15 Arina\MATRIX_[8, 12]_robust_concat_01_calib_MI.hdf","[8, 12]",55,56,-1,last5,0.871095749476839,0.371,1.911,0.009739133867264882,0.1506178606244766,0.13659697488978179,0.4821428571428571,,0.0,final_score_2,0.8135001197396976,24,6
pr_Agency_EBCI,test,05_15 Arina,01_calib_MI,test/05_15 Arina/01_calib_MI,"MATRIX_[8, 12]_robust_concat_01_calib_MI.hdf","C:\Users\hodor\Documents\lab-Shishkin\projects\BCI_classifier\data\pr_Agency_EBCI\features\csp\test\05_15 Arina\MATRIX_[8, 12]_robust_concat_01_calib_MI.hdf","[8, 12]",51,52,-5,last5,0.8230556938714513,0.323,1.537,0.008574878819339382,0.17243812614596982,0.17999221928888925,0.4642857142857143,,0.0,final_score_2,0.7931822527953041,25,7
pr_Agency_EBCI,test,05_15 Arina,01_calib_MI,test/05_15 Arina/01_calib_MI,"MATRIX_[10, 14]_robust_concat_01_calib_MI.hdf","C:\Users\hodor\Documents\lab-Shishkin\projects\BCI_classifier\data\pr_Agency_EBCI\features\csp\test\05_15 Arina\MATRIX_[10, 14]_robust_concat_01_calib_MI.hdf","[10, 14]",54,55,-2,last5,0.8733874481975654,0.373,1.931,0.011008694718912637,0.14278309229189282,0.13097046246533245,0.5,,0.0,final_score_2,0.792927171354303,26,6
pr_Agency_EBCI,test,05_15 Arina,01_calib_MI,test/05_15 Arina/01_calib_MI,"MATRIX_[8, 12]_robust_concat_01_calib_MI.hdf","C:\Users\hodor\Documents\lab-Shishkin\projects\BCI_classifier\data\pr_Agency_EBCI\features\csp\test\05_15 Arina\MATRIX_[8, 12]_robust_concat_01_calib_MI.hdf","[8, 12]",52,53,-4,last5,0.8315290592000127,0.332,1.597,0.008473365328561466,0.198181530547052,0.10900752540523419,0.5892857142857143,,0.0,final_score_2,0.7796732516011838,27,8
pr_Agency_EBCI,test,05_15 Arina,01_calib_MI,test/05_15 Arina/01_calib_MI,"MATRIX_[10, 14]_robust_concat_01_calib_MI.hdf","C:\Users\hodor\Documents\lab-Shishkin\projects\BCI_classifier\data\pr_Agency_EBCI\features\csp\test\05_15 Arina\MATRIX_[10, 14]_robust_concat_01_calib_MI.hdf","[10, 14]",53,54,-3,last5,0.8623787534786528,0.362,1.835,0.0054535659980173845,0.12735666669839893,0.1519114573060308,0.4821428571428571,,0.0,final_score_2,0.759534493330262,28,7
pr_Agency_EBCI,test,05_15 Arina,01_calib_MI,test/05_15 Arina/01_calib_MI,"MATRIX_[8, 15]_robust_concat_01_calib_MI.hdf","C:\Users\hodor\Documents\lab-Shishkin\projects\BCI_classifier\data\pr_Agency_EBCI\features\csp\test\05_15 Arina\MATRIX_[8, 15]_robust_concat_01_calib_MI.hdf","[8, 15]",51,52,-5,last5,0.7925526523192675,0.293,1.34,0.009847515700432963,0.1757941342623977,0.16938818755829138,0.4464285714285714,,0.0,final_score_2,0.6690373073288857,29,6
pr_Agency_EBCI,test,05_15 Arina,01_calib_MI,test/05_15 Arina/01_calib_MI,"MATRIX_[10, 14]_robust_concat_01_calib_MI.hdf","C:\Users\hodor\Documents\lab-Shishkin\projects\BCI_classifier\data\pr_Agency_EBCI\features\csp\test\05_15 Arina\MATRIX_[10, 14]_robust_concat_01_calib_MI.hdf","[10, 14]",3,4,3,first5,0.33247244036512225,0.168,0.697,0.02702470920429878,0.17765067141663177,0.3914131020148157,0.5,,0.0,final_score_2,0.5949561751225784,30,8
pr_Agency_EBCI,test,05_15 Arina,01_calib_MI,test/05_15 Arina/01_calib_MI,"MATRIX_[8, 15]_robust_concat_01_calib_MI.hdf","C:\Users\hodor\Documents\lab-Shishkin\projects\BCI_classifier\data\pr_Agency_EBCI\features\csp\test\05_15 Arina\MATRIX_[8, 15]_robust_concat_01_calib_MI.hdf","[8, 15]",2,3,2,first5,0.2836555899240728,0.216,0.926,0.10170789334005703,0.1569096252001172,0.2419157760971397,0.4821428571428571,,0.0,final_score_2,0.5473736195161532,31,7
pr_Agency_EBCI,test,05_15 Arina,01_calib_MI,test/05_15 Arina/01_calib_MI,"MATRIX_[8, 15]_robust_concat_01_calib_MI.hdf","C:\Users\hodor\Documents\lab-Shishkin\projects\BCI_classifier\data\pr_Agency_EBCI\features\csp\test\05_15 Arina\MATRIX_[8, 15]_robust_concat_01_calib_MI.hdf","[8, 15]",3,4,3,first5,0.38536348326412984,0.115,0.467,0.021323506178352714,0.11919953407519739,0.5919143555382325,0.5892857142857143,,0.0,final_score_2,0.5277861891786249,32,8
pr_Agency_EBCI,test,05_15 Arina,01_calib_MI,test/05_15 Arina/01_calib_MI,"MATRIX_[10, 14]_robust_concat_01_calib_MI.hdf","C:\Users\hodor\Documents\lab-Shishkin\projects\BCI_classifier\data\pr_Agency_EBCI\features\csp\test\05_15 Arina\MATRIX_[10, 14]_robust_concat_01_calib_MI.hdf","[10, 14]",52,53,-4,last5,0.8569251874806354,0.357,1.79,0.005801819627494154,0.1305826895388247,0.04949949660882429,0.5178571428571428,,0.0,final_score_2,0.4892768682565142,33,9
pr_Agency_EBCI,test,05_15 Arina,01_calib_MI,test/05_15 Arina/01_calib_MI,"MATRIX_[8, 15]_robust_concat_01_calib_MI.hdf","C:\Users\hodor\Documents\lab-Shishkin\projects\BCI_classifier\data\pr_Agency_EBCI\features\csp\test\05_15 Arina\MATRIX_[8, 15]_robust_concat_01_calib_MI.hdf","[8, 15]",52,53,-4,last5,0.7956220775409092,0.296,1.359,0.003069425221641664,0.08919353736167718,0.08046060488462779,0.4821428571428571,,0.0,final_score_2,0.3417228264813654,34,9
pr_Agency_EBCI,test,05_15 Arina,01_calib_MI,test/05_15 Arina/01_calib_MI,"MATRIX_[10, 14]_robust_concat_01_calib_MI.hdf","C:\Users\hodor\Documents\lab-Shishkin\projects\BCI_classifier\data\pr_Agency_EBCI\features\csp\test\05_15 Arina\MATRIX_[10, 14]_robust_concat_01_calib_MI.hdf","[10, 14]",4,5,4,first5,0.359497149569421,0.141,0.578,0.027545034870015916,0.17671701936301315,0.16846136721399319,0.4642857142857143,,0.0,final_score_2,0.29214419303935346,35,10
pr_Agency_EBCI,test,05_15 Arina,01_calib_MI,test/05_15 Arina/01_calib_MI,"MATRIX_[8, 12]_robust_concat_01_calib_MI.hdf","C:\Users\hodor\Documents\lab-Shishkin\projects\BCI_classifier\data\pr_Agency_EBCI\features\csp\test\05_15 Arina\MATRIX_[8, 12]_robust_concat_01_calib_MI.hdf","[8, 12]",4,5,4,first5,0.3265796689563091,0.173,0.724,0.034182923169397306,0.055586547762672696,0.12141735981971044,0.4821428571428571,,0.0,final_score_2,0.189937835972153,36,9
pr_Agency_EBCI,test,05_15 Arina,01_calib_MI,test/05_15 Arina/01_calib_MI,"MATRIX_[8, 15]_robust_concat_01_calib_MI.hdf","C:\Users\hodor\Documents\lab-Shishkin\projects\BCI_classifier\data\pr_Agency_EBCI\features\csp\test\05_15 Arina\MATRIX_[8, 15]_robust_concat_01_calib_MI.hdf","[8, 15]",4,5,4,first5,0.40668698944248255,0.093,0.378,0.008653569690921181,0.17067474664510335,0.13054563236773223,0.4464285714285714,,0.0,final_score_2,0.16469224222526785,37,10
pr_Agency_EBCI,test,05_15 Arina,01_calib_MI,test/05_15 Arina/01_calib_MI,"MATRIX_[8, 12]_robust_concat_01_calib_MI.hdf","C:\Users\hodor\Documents\lab-Shishkin\projects\BCI_classifier\data\pr_Agency_EBCI\features\csp\test\05_15 Arina\MATRIX_[8, 12]_robust_concat_01_calib_MI.hdf","[8, 12]",3,4,3,first5,0.32239336201995905,0.178,0.743,0.004186306936350026,0.07135819952652149,0.07797245980656906,0.4821428571428571,,0.0,final_score_2,0.1644477219716493,38,10
pr_Agency_EBCI,test,05_15 Arina,01_calib_MI,test/05_15 Arina/01_calib_MI,"MATRIX_[9, 13]_robust_concat_01_calib_MI.hdf","C:\Users\hodor\Documents\lab-Shishkin\projects\BCI_classifier\data\pr_Agency_EBCI\features\csp\test\05_15 Arina\MATRIX_[9, 13]_robust_concat_01_calib_MI.hdf","[9, 13]",3,4,3,first5,0.3441251041947406,0.156,0.645,0.009172606763958258,0.030110673359472977,0.08212639160388516,0.5535714285714286,,0.0,final_score_2,0.11246755179319361,39,9
pr_Agency_EBCI,test,05_15 Arina,01_calib_MI,test/05_15 Arina/01_calib_MI,"MATRIX_[9, 13]_robust_concat_01_calib_MI.hdf","C:\Users\hodor\Documents\lab-Shishkin\projects\BCI_classifier\data\pr_Agency_EBCI\features\csp\test\05_15 Arina\MATRIX_[9, 13]_robust_concat_01_calib_MI.hdf","[9, 13]",4,5,4,first5,0.3532977109586989,0.147,0.605,0.020407735205132504,0.0394021478378354,0.08297710699488782,0.4821428571428571,,0.0,final_score_2,0.10973704073973566,40,10
pr_Agency_EBCI,test,05_15 Arina,01_calib_MI,test/05_15 Arina/01_calib_MI,"MATRIX_[9, 13]_robust_concat_01_calib_MI.hdf","C:\Users\hodor\Documents\lab-Shishkin\projects\BCI_classifier\data\pr_Agency_EBCI\features\csp\test\05_15 Arina\MATRIX_[9, 13]_robust_concat_01_calib_MI.hdf","[9, 13]",0,1,0,first5,0.05876386170462866,0.441,2.774,0.16282385936609745,1.67525927619561,0.4101935549036634,0.5714285714285714,,0.0,final_score_3,7.108842205421505,1,1
pr_Agency_EBCI,test,05_15 Arina,01_calib_MI,test/05_15 Arina/01_calib_MI,"MATRIX_[10, 14]_robust_concat_01_calib_MI.hdf","C:\Users\hodor\Documents\lab-Shishkin\projects\BCI_classifier\data\pr_Agency_EBCI\features\csp\test\05_15 Arina\MATRIX_[10, 14]_robust_concat_01_calib_MI.hdf","[10, 14]",0,1,0,first5,0.06731709710824363,0.433,2.629,0.1346635314282436,1.6364268173000474,0.40313532948797653,0.5714285714285714,,0.0,final_score_3,6.728110407162748,2,1
pr_Agency_EBCI,test,05_15 Arina,01_calib_MI,test/05_15 Arina/01_calib_MI,"MATRIX_[8, 12]_robust_concat_01_calib_MI.hdf","C:\Users\hodor\Documents\lab-Shishkin\projects\BCI_classifier\data\pr_Agency_EBCI\features\csp\test\05_15 Arina\MATRIX_[8, 12]_robust_concat_01_calib_MI.hdf","[8, 12]",0,1,0,first5,0.07247237199588641,0.428,2.549,0.15443440126400154,1.5352287273943468,0.338594998555494,0.5714285714285714,,0.0,final_score_3,6.2436632756621915,3,1
pr_Agency_EBCI,test,05_15 Arina,01_calib_MI,test/05_15 Arina/01_calib_MI,"MATRIX_[8, 15]_robust_concat_01_calib_MI.hdf","C:\Users\hodor\Documents\lab-Shishkin\projects\BCI_classifier\data\pr_Agency_EBCI\features\csp\test\05_15 Arina\MATRIX_[8, 15]_robust_concat_01_calib_MI.hdf","[8, 15]",0,1,0,first5,0.09254235187034832,0.407,2.283,0.1394249419817305,1.489884778795834,0.35816086645677264,0.5714285714285714,,0.0,final_score_3,5.927163367511341,4,1
pr_Agency_EBCI,test,05_15 Arina,01_calib_MI,test/05_15 Arina/01_calib_MI,"MATRIX_[8, 12]_robust_concat_01_calib_MI.hdf","C:\Users\hodor\Documents\lab-Shishkin\projects\BCI_classifier\data\pr_Agency_EBCI\features\csp\test\05_15 Arina\MATRIX_[8, 12]_robust_concat_01_calib_MI.hdf","[8, 12]",1,2,1,first5,0.22690677325988795,0.273,1.226,0.01699170931634153,0.6981825945696911,0.3691654815115959,0.6071428571428572,,0.0,final_score_3,2.6838075730960083,5,2
pr_Agency_EBCI,test,05_15 Arina,01_calib_MI,test/05_15 Arina/01_calib_MI,"MATRIX_[10, 14]_robust_concat_01_calib_MI.hdf","C:\Users\hodor\Documents\lab-Shishkin\projects\BCI_classifier\data\pr_Agency_EBCI\features\csp\test\05_15 Arina\MATRIX_[10, 14]_robust_concat_01_calib_MI.hdf","[10, 14]",55,56,-1,last5,0.8867087131395703,0.387,2.058,0.013321264942004918,0.4878719856130359,0.4464880446301023,0.5,,0.0,final_score_3,2.5152336436247045,6,2
pr_Agency_EBCI,test,05_15 Arina,01_calib_MI,test/05_15 Arina/01_calib_MI,"MATRIX_[8, 12]_robust_concat_01_calib_MI.hdf","C:\Users\hodor\Documents\lab-Shishkin\projects\BCI_classifier\data\pr_Agency_EBCI\features\csp\test\05_15 Arina\MATRIX_[8, 12]_robust_concat_01_calib_MI.hdf","[8, 12]",54,55,-2,last5,0.8613566156095741,0.361,1.827,0.018691581416562686,0.4321624587756928,0.46039866492635523,0.5535714285714286,,0.0,final_score_3,2.42525092343523,7,3
pr_Agency_EBCI,test,05_15 Arina,01_calib_MI,test/05_15 Arina/01_calib_MI,"MATRIX_[8, 15]_robust_concat_01_calib_MI.hdf","C:\Users\hodor\Documents\lab-Shishkin\projects\BCI_classifier\data\pr_Agency_EBCI\features\csp\test\05_15 Arina\MATRIX_[8, 15]_robust_concat_01_calib_MI.hdf","[8, 15]",1,2,1,first5,0.23196729385207882,0.268,1.197,0.05168829607199399,0.5407962467739273,0.32138429231015125,0.625,,0.0,final_score_3,2.229634233610543,8,2
pr_Agency_EBCI,test,05_15 Arina,01_calib_MI,test/05_15 Arina/01_calib_MI,"MATRIX_[9, 13]_robust_concat_01_calib_MI.hdf","C:\Users\hodor\Documents\lab-Shishkin\projects\BCI_classifier\data\pr_Agency_EBCI\features\csp\test\05_15 Arina\MATRIX_[9, 13]_robust_concat_01_calib_MI.hdf","[9, 13]",54,55,-2,last5,0.8775237306608505,0.378,1.969,0.02249248348196553,0.43387554041902454,0.37666529577523417,0.5,,0.0,final_score_3,2.1763126437418343,9,2
pr_Agency_EBCI,test,05_15 Arina,01_calib_MI,test/05_15 Arina/01_calib_MI,"MATRIX_[10, 14]_robust_concat_01_calib_MI.hdf","C:\Users\hodor\Documents\lab-Shishkin\projects\BCI_classifier\data\pr_Agency_EBCI\features\csp\test\05_15 Arina\MATRIX_[10, 14]_robust_concat_01_calib_MI.hdf","[10, 14]",2,3,2,first5,0.26217726027717914,0.238,1.035,0.07029518008794311,0.3484371340392123,0.5395690801733422,0.4821428571428571,,0.0,final_score_3,2.0307186791909824,10,3
pr_Agency_EBCI,test,05_15 Arina,01_calib_MI,test/05_15 Arina/01_calib_MI,"MATRIX_[9, 13]_robust_concat_01_calib_MI.hdf","C:\Users\hodor\Documents\lab-Shishkin\projects\BCI_classifier\data\pr_Agency_EBCI\features\csp\test\05_15 Arina\MATRIX_[9, 13]_robust_concat_01_calib_MI.hdf","[9, 13]",2,3,2,first5,0.2517051549574245,0.248,1.09,0.09241994923731611,0.379158884606173,0.40289960194131835,0.5357142857142857,,0.0,final_score_3,1.9068335856952312,11,3
pr_Agency_EBCI,test,05_15 Arina,01_calib_MI,test/05_15 Arina/01_calib_MI,"MATRIX_[10, 14]_robust_concat_01_calib_MI.hdf","C:\Users\hodor\Documents\lab-Shishkin\projects\BCI_classifier\data\pr_Agency_EBCI\features\csp\test\05_15 Arina\MATRIX_[10, 14]_robust_concat_01_calib_MI.hdf","[10, 14]",1,2,1,first5,0.20198062853648724,0.298,1.374,0.0601966317406919,0.40566460620745637,0.2177746352239631,0.6071428571428572,,0.0,final_score_3,1.6710163854108504,12,4
pr_Agency_EBCI,test,05_15 Arina,01_calib_MI,test/05_15 Arina/01_calib_MI,"MATRIX_[8, 12]_robust_concat_01_calib_MI.hdf","C:\Users\hodor\Documents\lab-Shishkin\projects\BCI_classifier\data\pr_Agency_EBCI\features\csp\test\05_15 Arina\MATRIX_[8, 12]_robust_concat_01_calib_MI.hdf","[8, 12]",53,54,-3,last5,0.8426650341930114,0.343,1.678,0.011135974992998676,0.22177933834729216,0.4152281265726548,0.5,,0.0,final_score_3,1.6255907117355326,13,4
pr_Agency_EBCI,test,05_15 Arina,01_calib_MI,test/05_15 Arina/01_calib_MI,"MATRIX_[8, 15]_robust_concat_01_calib_MI.hdf","C:\Users\hodor\Documents\lab-Shishkin\projects\BCI_classifier\data\pr_Agency_EBCI\features\csp\test\05_15 Arina\MATRIX_[8, 15]_robust_concat_01_calib_MI.hdf","[8, 15]",54,55,-2,last5,0.8236551164157604,0.324,1.541,0.0126109095327821,0.3715474757948263,0.279882174438509,0.4642857142857143,,0.0,final_score_3,1.58758275870714,14,3
pr_Agency_EBCI,test,05_15 Arina,01_calib_MI,test/05_15 Arina/01_calib_MI,"MATRIX_[8, 15]_robust_concat_01_calib_MI.hdf","C:\Users\hodor\Documents\lab-Shishkin\projects\BCI_classifier\data\pr_Agency_EBCI\features\csp\test\05_15 Arina\MATRIX_[8, 15]_robust_concat_01_calib_MI.hdf","[8, 15]",55,56,-1,last5,0.8249705423269255,0.325,1.55,0.001315425911165069,0.22585232181136278,0.373085093526483,0.5892857142857143,,0.0,final_score_3,1.5722341890942688,15,4
pr_Agency_EBCI,test,05_15 Arina,01_calib_MI,test/05_15 Arina/01_calib_MI,"MATRIX_[9, 13]_robust_concat_01_calib_MI.hdf","C:\Users\hodor\Documents\lab-Shishkin\projects\BCI_classifier\data\pr_Agency_EBCI\features\csp\test\05_15 Arina\MATRIX_[9, 13]_robust_concat_01_calib_MI.hdf","[9, 13]",55,56,-1,last5,0.8930877576372015,0.393,2.123,0.015564026976350953,0.20587944113970458,0.2660750301378249,0.6428571428571428,,0.0,final_score_3,1.403752150531579,16,4
pr_Agency_EBCI,test,05_15 Arina,01_calib_MI,test/05_15 Arina/01_calib_MI,"MATRIX_[8, 15]_robust_concat_01_calib_MI.hdf","C:\Users\hodor\Documents\lab-Shishkin\projects\BCI_classifier\data\pr_Agency_EBCI\features\csp\test\05_15 Arina\MATRIX_[8, 15]_robust_concat_01_calib_MI.hdf","[8, 15]",3,4,3,first5,0.38536348326412984,0.115,0.467,0.021323506178352714,0.11919953407519739,0.5919143555382325,0.5892857142857143,,0.0,final_score_3,1.4011862283511272,17,5
pr_Agency_EBCI,test,05_15 Arina,01_calib_MI,test/05_15 Arina/01_calib_MI,"MATRIX_[8, 12]_robust_concat_01_calib_MI.hdf","C:\Users\hodor\Documents\lab-Shishkin\projects\BCI_classifier\data\pr_Agency_EBCI\features\csp\test\05_15 Arina\MATRIX_[8, 12]_robust_concat_01_calib_MI.hdf","[8, 12]",2,3,2,first5,0.24389848257622948,0.256,1.131,0.07849487944372957,0.19405860722702328,0.3601390615847425,0.4642857142857143,,0.0,final_score_3,1.2922212994489122,18,5
pr_Agency_EBCI,test,05_15 Arina,01_calib_MI,test/05_15 Arina/01_calib_MI,"MATRIX_[9, 13]_robust_concat_01_calib_MI.hdf","C:\Users\hodor\Documents\lab-Shishkin\projects\BCI_classifier\data\pr_Agency_EBCI\features\csp\test\05_15 Arina\MATRIX_[9, 13]_robust_concat_01_calib_MI.hdf","[9, 13]",1,2,1,first5,0.2215877210707261,0.278,1.256,0.030117433886698408,0.3695180016118394,0.1650203834724846,0.5,,0.0,final_score_3,1.274465596807242,19,5
pr_Agency_EBCI,test,05_15 Arina,01_calib_MI,test/05_15 Arina/01_calib_MI,"MATRIX_[8, 15]_robust_concat_01_calib_MI.hdf","C:\Users\hodor\Documents\lab-Shishkin\projects\BCI_classifier\data\pr_Agency_EBCI\features\csp\test\05_15 Arina\MATRIX_[8, 15]_robust_concat_01_calib_MI.hdf","[8, 15]",53,54,-3,last5,0.8110442068829783,0.311,1.457,0.015422129342069102,0.25588933975201855,0.2192048762676137,0.5178571428571428,,0.0,final_score_3,1.1834998711335185,20,6
pr_Agency_EBCI,test,05_15 Arina,01_calib_MI,test/05_15 Arina/01_calib_MI,"MATRIX_[10, 14]_robust_concat_01_calib_MI.hdf","C:\Users\hodor\Documents\lab-Shishkin\projects\BCI_classifier\data\pr_Agency_EBCI\features\csp\test\05_15 Arina\MATRIX_[10, 14]_robust_concat_01_calib_MI.hdf","[10, 14]",3,4,3,first5,0.33247244036512225,0.168,0.697,0.02702470920429878,0.17765067141663177,0.3914131020148157,0.5,,0.0,final_score_3,1.155905615216272,21,5
pr_Agency_EBCI,test,05_15 Arina,01_calib_MI,test/05_15 Arina/01_calib_MI,"MATRIX_[10, 14]_robust_concat_01_calib_MI.hdf","C:\Users\hodor\Documents\lab-Shishkin\projects\BCI_classifier\data\pr_Agency_EBCI\features\csp\test\05_15 Arina\MATRIX_[10, 14]_robust_concat_01_calib_MI.hdf","[10, 14]",51,52,-5,last5,0.8511233678531412,0.351,1.743,0.0030670820554957734,0.2010625023297749,0.23276512224977766,0.5357142857142857,,0.0,final_score_3,1.1368013787650673,22,6
pr_Agency_EBCI,test,05_15 Arina,01_calib_MI,test/05_15 Arina/01_calib_MI,"MATRIX_[9, 13]_robust_concat_01_calib_MI.hdf","C:\Users\hodor\Documents\lab-Shishkin\projects\BCI_classifier\data\pr_Agency_EBCI\features\csp\test\05_15 Arina\MATRIX_[9, 13]_robust_concat_01_calib_MI.hdf","[9, 13]",53,54,-3,last5,0.855031247178885,0.355,1.775,0.0023199101033029024,0.19839752957674406,0.20301506267282082,0.4642857142857143,,0.0,final_score_3,1.0070447750396319,23,6
pr_Agency_EBCI,test,05_15 Arina,01_calib_MI,test/05_15 Arina/01_calib_MI,"MATRIX_[9, 13]_robust_concat_01_calib_MI.hdf","C:\Users\hodor\Documents\lab-Shishkin\projects\BCI_classifier\data\pr_Agency_EBCI\features\csp\test\05_15 Arina\MATRIX_[9, 13]_robust_concat_01_calib_MI.hdf","[9, 13]",51,52,-5,last5,0.8460750820341445,0.346,1.704,0.006961300449805252,0.15820383232941362,0.18889612961903296,0.6071428571428572,,0.0,final_score_3,0.9492384363951961,24,7
pr_Agency_EBCI,test,05_15 Arina,01_calib_MI,test/05_15 Arina/01_calib_MI,"MATRIX_[8, 15]_robust_concat_01_calib_MI.hdf","C:\Users\hodor\Documents\lab-Shishkin\projects\BCI_classifier\data\pr_Agency_EBCI\features\csp\test\05_15 Arina\MATRIX_[8, 15]_robust_concat_01_calib_MI.hdf","[8, 15]",2,3,2,first5,0.2836555899240728,0.216,0.926,0.10170789334005703,0.1569096252001172,0.2419157760971397,0.4821428571428571,,0.0,final_score_3,0.8984231309388307,25,7
pr_Agency_EBCI,test,05_15 Arina,01_calib_MI,test/05_15 Arina/01_calib_MI,"MATRIX_[8, 12]_robust_concat_01_calib_MI.hdf","C:\Users\hodor\Documents\lab-Shishkin\projects\BCI_classifier\data\pr_Agency_EBCI\features\csp\test\05_15 Arina\MATRIX_[8, 12]_robust_concat_01_calib_MI.hdf","[8, 12]",51,52,-5,last5,0.8230556938714513,0.323,1.537,0.008574878819339382,0.17243812614596982,0.17999221928888925,0.4642857142857143,,0.0,final_score_3,0.8551499354434985,26,6
pr_Agency_EBCI,test,05_15 Arina,01_calib_MI,test/05_15 Arina/01_calib_MI,"MATRIX_[9, 13]_robust_concat_01_calib_MI.hdf","C:\Users\hodor\Documents\lab-Shishkin\projects\BCI_classifier\data\pr_Agency_EBCI\features\csp\test\05_15 Arina\MATRIX_[9, 13]_robust_concat_01_calib_MI.hdf","[9, 13]",52,53,-4,last5,0.8527113370755821,0.353,1.756,0.006636255041437611,0.1502048268869598,0.18482468300675675,0.4821428571428571,,0.0,final_score_3,0.8517870579622412,27,8
pr_Agency_EBCI,test,05_15 Arina,01_calib_MI,test/05_15 Arina/01_calib_MI,"MATRIX_[8, 12]_robust_concat_01_calib_MI.hdf","C:\Users\hodor\Documents\lab-Shishkin\projects\BCI_classifier\data\pr_Agency_EBCI\features\csp\test\05_15 Arina\MATRIX_[8, 12]_robust_concat_01_calib_MI.hdf","[8, 12]",52,53,-4,last5,0.8315290592000127,0.332,1.597,0.008473365328561466,0.198181530547052,0.10900752540523419,0.5892857142857143,,0.0,final_score_3,0.8178770598796167,28,7
pr_Agency_EBCI,test,05_15 Arina,01_calib_MI,test/05_15 Arina/01_calib_MI,"MATRIX_[8, 15]_robust_concat_01_calib_MI.hdf","C:\Users\hodor\Documents\lab-Shishkin\projects\BCI_classifier\data\pr_Agency_EBCI\features\csp\test\05_15 Arina\MATRIX_[8, 15]_robust_concat_01_calib_MI.hdf","[8, 15]",51,52,-5,last5,0.7925526523192675,0.293,1.34,0.009847515700432963,0.1757941342623977,0.16938818755829138,0.4464285714285714,,0.0,final_score_3,0.7976229268197474,29,8
pr_Agency_EBCI,test,05_15 Arina,01_calib_MI,test/05_15 Arina/01_calib_MI,"MATRIX_[8, 12]_robust_concat_01_calib_MI.hdf","C:\Users\hodor\Documents\lab-Shishkin\projects\BCI_classifier\data\pr_Agency_EBCI\features\csp\test\05_15 Arina\MATRIX_[8, 12]_robust_concat_01_calib_MI.hdf","[8, 12]",55,56,-1,last5,0.871095749476839,0.371,1.911,0.009739133867264882,0.1506178606244766,0.13659697488978179,0.4821428571428571,,0.0,final_score_3,0.7477104258776817,30,8
pr_Agency_EBCI,test,05_15 Arina,01_calib_MI,test/05_15 Arina/01_calib_MI,"MATRIX_[10, 14]_robust_concat_01_calib_MI.hdf","C:\Users\hodor\Documents\lab-Shishkin\projects\BCI_classifier\data\pr_Agency_EBCI\features\csp\test\05_15 Arina\MATRIX_[10, 14]_robust_concat_01_calib_MI.hdf","[10, 14]",54,55,-2,last5,0.8733874481975654,0.373,1.931,0.011008694718912637,0.14278309229189282,0.13097046246533245,0.5,,0.0,final_score_3,0.7237051518306361,31,7
pr_Agency_EBCI,test,05_15 Arina,01_calib_MI,test/05_15 Arina/01_calib_MI,"MATRIX_[10, 14]_robust_concat_01_calib_MI.hdf","C:\Users\hodor\Documents\lab-Shishkin\projects\BCI_classifier\data\pr_Agency_EBCI\features\csp\test\05_15 Arina\MATRIX_[10, 14]_robust_concat_01_calib_MI.hdf","[10, 14]",53,54,-3,last5,0.8623787534786528,0.362,1.835,0.0054535659980173845,0.12735666669839893,0.1519114573060308,0.4821428571428571,,0.0,final_score_3,0.7168584909072268,32,8
pr_Agency_EBCI,test,05_15 Arina,01_calib_MI,test/05_15 Arina/01_calib_MI,"MATRIX_[10, 14]_robust_concat_01_calib_MI.hdf","C:\Users\hodor\Documents\lab-Shishkin\projects\BCI_classifier\data\pr_Agency_EBCI\features\csp\test\05_15 Arina\MATRIX_[10, 14]_robust_concat_01_calib_MI.hdf","[10, 14]",4,5,4,first5,0.359497149569421,0.141,0.578,0.027545034870015916,0.17671701936301315,0.16846136721399319,0.4642857142857143,,0.0,final_score_3,0.6558260073972662,33,9
pr_Agency_EBCI,test,05_15 Arina,01_calib_MI,test/05_15 Arina/01_calib_MI,"MATRIX_[8, 15]_robust_concat_01_calib_MI.hdf","C:\Users\hodor\Documents\lab-Shishkin\projects\BCI_classifier\data\pr_Agency_EBCI\features\csp\test\05_15 Arina\MATRIX_[8, 15]_robust_concat_01_calib_MI.hdf","[8, 15]",4,5,4,first5,0.40668698944248255,0.093,0.378,0.008653569690921181,0.17067474664510335,0.13054563236773223,0.4464285714285714,,0.0,final_score_3,0.5181353562834645,34,9
pr_Agency_EBCI,test,05_15 Arina,01_calib_MI,test/05_15 Arina/01_calib_MI,"MATRIX_[10, 14]_robust_concat_01_calib_MI.hdf","C:\Users\hodor\Documents\lab-Shishkin\projects\BCI_classifier\data\pr_Agency_EBCI\features\csp\test\05_15 Arina\MATRIX_[10, 14]_robust_concat_01_calib_MI.hdf","[10, 14]",52,53,-4,last5,0.8569251874806354,0.357,1.79,0.005801819627494154,0.1305826895388247,0.04949949660882429,0.5178571428571428,,0.0,final_score_3,0.47076771523802097,35,10
pr_Agency_EBCI,test,05_15 Arina,01_calib_MI,test/05_15 Arina/01_calib_MI,"MATRIX_[8, 15]_robust_concat_01_calib_MI.hdf","C:\Users\hodor\Documents\lab-Shishkin\projects\BCI_classifier\data\pr_Agency_EBCI\features\csp\test\05_15 Arina\MATRIX_[8, 15]_robust_concat_01_calib_MI.hdf","[8, 15]",52,53,-4,last5,0.7956220775409092,0.296,1.359,0.003069425221641664,0.08919353736167718,0.08046060488462779,0.4821428571428571,,0.0,final_score_3,0.4012248923257029,36,10
pr_Agency_EBCI,test,05_15 Arina,01_calib_MI,test/05_15 Arina/01_calib_MI,"MATRIX_[8, 12]_robust_concat_01_calib_MI.hdf","C:\Users\hodor\Documents\lab-Shishkin\projects\BCI_classifier\data\pr_Agency_EBCI\features\csp\test\05_15 Arina\MATRIX_[8, 12]_robust_concat_01_calib_MI.hdf","[8, 12]",4,5,4,first5,0.3265796689563091,0.173,0.724,0.034182923169397306,0.055586547762672696,0.12141735981971044,0.4821428571428571,,0.0,final_score_3,0.35932213742083474,37,9
pr_Agency_EBCI,test,05_15 Arina,01_calib_MI,test/05_15 Arina/01_calib_MI,"MATRIX_[8, 12]_robust_concat_01_calib_MI.hdf","C:\Users\hodor\Documents\lab-Shishkin\projects\BCI_classifier\data\pr_Agency_EBCI\features\csp\test\05_15 Arina\MATRIX_[8, 12]_robust_concat_01_calib_MI.hdf","[8, 12]",3,4,3,first5,0.32239336201995905,0.178,0.743,0.004186306936350026,0.07135819952652149,0.07797245980656906,0.4821428571428571,,0.0,final_score_3,0.3007823313386758,38,10
pr_Agency_EBCI,test,05_15 Arina,01_calib_MI,test/05_15 Arina/01_calib_MI,"MATRIX_[9, 13]_robust_concat_01_calib_MI.hdf","C:\Users\hodor\Documents\lab-Shishkin\projects\BCI_classifier\data\pr_Agency_EBCI\features\csp\test\05_15 Arina\MATRIX_[9, 13]_robust_concat_01_calib_MI.hdf","[9, 13]",4,5,4,first5,0.3532977109586989,0.147,0.605,0.020407735205132504,0.0394021478378354,0.08297710699488782,0.4821428571428571,,0.0,final_score_3,0.23688685551297423,39,9
pr_Agency_EBCI,test,05_15 Arina,01_calib_MI,test/05_15 Arina/01_calib_MI,"MATRIX_[9, 13]_robust_concat_01_calib_MI.hdf","C:\Users\hodor\Documents\lab-Shishkin\projects\BCI_classifier\data\pr_Agency_EBCI\features\csp\test\05_15 Arina\MATRIX_[9, 13]_robust_concat_01_calib_MI.hdf","[9, 13]",3,4,3,first5,0.3441251041947406,0.156,0.645,0.009172606763958258,0.030110673359472977,0.08212639160388516,0.5535714285714286,,0.0,final_score_3,0.22976923910617636,40,10
pr_Agency_EBCI,test,05_15 Arina,01_calib_MI,test/05_15 Arina/01_calib_MI,"MATRIX_[8, 12]_robust_concat_01_calib_MI.hdf","C:\Users\hodor\Documents\lab-Shishkin\projects\BCI_classifier\data\pr_Agency_EBCI\features\csp\test\05_15 Arina\MATRIX_[8, 12]_robust_concat_01_calib_MI.hdf","[8, 12]",0,1,0,first5,0.07247237199588641,0.428,2.549,0.15443440126400154,1.5352287273943468,0.338594998555494,0.5714285714285714,,0.0,final_score_4,0.0,1,1
pr_Agency_EBCI,test,05_15 Arina,01_calib_MI,test/05_15 Arina/01_calib_MI,"MATRIX_[8, 12]_robust_concat_01_calib_MI.hdf","C:\Users\hodor\Documents\lab-Shishkin\projects\BCI_classifier\data\pr_Agency_EBCI\features\csp\test\05_15 Arina\MATRIX_[8, 12]_robust_concat_01_calib_MI.hdf","[8, 12]",1,2,1,first5,0.22690677325988795,0.273,1.226,0.01699170931634153,0.6981825945696911,0.3691654815115959,0.6071428571428572,,0.0,final_score_4,0.0,2,2
pr_Agency_EBCI,test,05_15 Arina,01_calib_MI,test/05_15 Arina/01_calib_MI,"MATRIX_[8, 12]_robust_concat_01_calib_MI.hdf","C:\Users\hodor\Documents\lab-Shishkin\projects\BCI_classifier\data\pr_Agency_EBCI\features\csp\test\05_15 Arina\MATRIX_[8, 12]_robust_concat_01_calib_MI.hdf","[8, 12]",2,3,2,first5,0.24389848257622948,0.256,1.131,0.07849487944372957,0.19405860722702328,0.3601390615847425,0.4642857142857143,,0.0,final_score_4,0.0,3,3
pr_Agency_EBCI,test,05_15 Arina,01_calib_MI,test/05_15 Arina/01_calib_MI,"MATRIX_[8, 12]_robust_concat_01_calib_MI.hdf","C:\Users\hodor\Documents\lab-Shishkin\projects\BCI_classifier\data\pr_Agency_EBCI\features\csp\test\05_15 Arina\MATRIX_[8, 12]_robust_concat_01_calib_MI.hdf","[8, 12]",3,4,3,first5,0.32239336201995905,0.178,0.743,0.004186306936350026,0.07135819952652149,0.07797245980656906,0.4821428571428571,,0.0,final_score_4,0.0,4,4
pr_Agency_EBCI,test,05_15 Arina,01_calib_MI,test/05_15 Arina/01_calib_MI,"MATRIX_[8, 12]_robust_concat_01_calib_MI.hdf","C:\Users\hodor\Documents\lab-Shishkin\projects\BCI_classifier\data\pr_Agency_EBCI\features\csp\test\05_15 Arina\MATRIX_[8, 12]_robust_concat_01_calib_MI.hdf","[8, 12]",4,5,4,first5,0.3265796689563091,0.173,0.724,0.034182923169397306,0.055586547762672696,0.12141735981971044,0.4821428571428571,,0.0,final_score_4,0.0,5,5
pr_Agency_EBCI,test,05_15 Arina,01_calib_MI,test/05_15 Arina/01_calib_MI,"MATRIX_[8, 12]_robust_concat_01_calib_MI.hdf","C:\Users\hodor\Documents\lab-Shishkin\projects\BCI_classifier\data\pr_Agency_EBCI\features\csp\test\05_15 Arina\MATRIX_[8, 12]_robust_concat_01_calib_MI.hdf","[8, 12]",51,52,-5,last5,0.8230556938714513,0.323,1.537,0.008574878819339382,0.17243812614596982,0.17999221928888925,0.4642857142857143,,0.0,final_score_4,0.0,6,6
pr_Agency_EBCI,test,05_15 Arina,01_calib_MI,test/05_15 Arina/01_calib_MI,"MATRIX_[8, 12]_robust_concat_01_calib_MI.hdf","C:\Users\hodor\Documents\lab-Shishkin\projects\BCI_classifier\data\pr_Agency_EBCI\features\csp\test\05_15 Arina\MATRIX_[8, 12]_robust_concat_01_calib_MI.hdf","[8, 12]",52,53,-4,last5,0.8315290592000127,0.332,1.597,0.008473365328561466,0.198181530547052,0.10900752540523419,0.5892857142857143,,0.0,final_score_4,0.0,7,7
pr_Agency_EBCI,test,05_15 Arina,01_calib_MI,test/05_15 Arina/01_calib_MI,"MATRIX_[8, 12]_robust_concat_01_calib_MI.hdf","C:\Users\hodor\Documents\lab-Shishkin\projects\BCI_classifier\data\pr_Agency_EBCI\features\csp\test\05_15 Arina\MATRIX_[8, 12]_robust_concat_01_calib_MI.hdf","[8, 12]",53,54,-3,last5,0.8426650341930114,0.343,1.678,0.011135974992998676,0.22177933834729216,0.4152281265726548,0.5,,0.0,final_score_4,0.0,8,8
pr_Agency_EBCI,test,05_15 Arina,01_calib_MI,test/05_15 Arina/01_calib_MI,"MATRIX_[8, 12]_robust_concat_01_calib_MI.hdf","C:\Users\hodor\Documents\lab-Shishkin\projects\BCI_classifier\data\pr_Agency_EBCI\features\csp\test\05_15 Arina\MATRIX_[8, 12]_robust_concat_01_calib_MI.hdf","[8, 12]",54,55,-2,last5,0.8613566156095741,0.361,1.827,0.018691581416562686,0.4321624587756928,0.46039866492635523,0.5535714285714286,,0.0,final_score_4,0.0,9,9
pr_Agency_EBCI,test,05_15 Arina,01_calib_MI,test/05_15 Arina/01_calib_MI,"MATRIX_[8, 12]_robust_concat_01_calib_MI.hdf","C:\Users\hodor\Documents\lab-Shishkin\projects\BCI_classifier\data\pr_Agency_EBCI\features\csp\test\05_15 Arina\MATRIX_[8, 12]_robust_concat_01_calib_MI.hdf","[8, 12]",55,56,-1,last5,0.871095749476839,0.371,1.911,0.009739133867264882,0.1506178606244766,0.13659697488978179,0.4821428571428571,,0.0,final_score_4,0.0,10,10
pr_Agency_EBCI,test,05_15 Arina,01_calib_MI,test/05_15 Arina/01_calib_MI,"MATRIX_[9, 13]_robust_concat_01_calib_MI.hdf","C:\Users\hodor\Documents\lab-Shishkin\projects\BCI_classifier\data\pr_Agency_EBCI\features\csp\test\05_15 Arina\MATRIX_[9, 13]_robust_concat_01_calib_MI.hdf","[9, 13]",0,1,0,first5,0.05876386170462866,0.441,2.774,0.16282385936609745,1.67525927619561,0.4101935549036634,0.5714285714285714,,0.0,final_score_4,0.0,11,1
pr_Agency_EBCI,test,05_15 Arina,01_calib_MI,test/05_15 Arina/01_calib_MI,"MATRIX_[9, 13]_robust_concat_01_calib_MI.hdf","C:\Users\hodor\Documents\lab-Shishkin\projects\BCI_classifier\data\pr_Agency_EBCI\features\csp\test\05_15 Arina\MATRIX_[9, 13]_robust_concat_01_calib_MI.hdf","[9, 13]",1,2,1,first5,0.2215877210707261,0.278,1.256,0.030117433886698408,0.3695180016118394,0.1650203834724846,0.5,,0.0,final_score_4,0.0,12,2
pr_Agency_EBCI,test,05_15 Arina,01_calib_MI,test/05_15 Arina/01_calib_MI,"MATRIX_[9, 13]_robust_concat_01_calib_MI.hdf","C:\Users\hodor\Documents\lab-Shishkin\projects\BCI_classifier\data\pr_Agency_EBCI\features\csp\test\05_15 Arina\MATRIX_[9, 13]_robust_concat_01_calib_MI.hdf","[9, 13]",2,3,2,first5,0.2517051549574245,0.248,1.09,0.09241994923731611,0.379158884606173,0.40289960194131835,0.5357142857142857,,0.0,final_score_4,0.0,13,3
pr_Agency_EBCI,test,05_15 Arina,01_calib_MI,test/05_15 Arina/01_calib_MI,"MATRIX_[9, 13]_robust_concat_01_calib_MI.hdf","C:\Users\hodor\Documents\lab-Shishkin\projects\BCI_classifier\data\pr_Agency_EBCI\features\csp\test\05_15 Arina\MATRIX_[9, 13]_robust_concat_01_calib_MI.hdf","[9, 13]",3,4,3,first5,0.3441251041947406,0.156,0.645,0.009172606763958258,0.030110673359472977,0.08212639160388516,0.5535714285714286,,0.0,final_score_4,0.0,14,4
pr_Agency_EBCI,test,05_15 Arina,01_calib_MI,test/05_15 Arina/01_calib_MI,"MATRIX_[9, 13]_robust_concat_01_calib_MI.hdf","C:\Users\hodor\Documents\lab-Shishkin\projects\BCI_classifier\data\pr_Agency_EBCI\features\csp\test\05_15 Arina\MATRIX_[9, 13]_robust_concat_01_calib_MI.hdf","[9, 13]",4,5,4,first5,0.3532977109586989,0.147,0.605,0.020407735205132504,0.0394021478378354,0.08297710699488782,0.4821428571428571,,0.0,final_score_4,0.0,15,5
pr_Agency_EBCI,test,05_15 Arina,01_calib_MI,test/05_15 Arina/01_calib_MI,"MATRIX_[9, 13]_robust_concat_01_calib_MI.hdf","C:\Users\hodor\Documents\lab-Shishkin\projects\BCI_classifier\data\pr_Agency_EBCI\features\csp\test\05_15 Arina\MATRIX_[9, 13]_robust_concat_01_calib_MI.hdf","[9, 13]",51,52,-5,last5,0.8460750820341445,0.346,1.704,0.006961300449805252,0.15820383232941362,0.18889612961903296,0.6071428571428572,,0.0,final_score_4,0.0,16,6
pr_Agency_EBCI,test,05_15 Arina,01_calib_MI,test/05_15 Arina/01_calib_MI,"MATRIX_[9, 13]_robust_concat_01_calib_MI.hdf","C:\Users\hodor\Documents\lab-Shishkin\projects\BCI_classifier\data\pr_Agency_EBCI\features\csp\test\05_15 Arina\MATRIX_[9, 13]_robust_concat_01_calib_MI.hdf","[9, 13]",52,53,-4,last5,0.8527113370755821,0.353,1.756,0.006636255041437611,0.1502048268869598,0.18482468300675675,0.4821428571428571,,0.0,final_score_4,0.0,17,7
pr_Agency_EBCI,test,05_15 Arina,01_calib_MI,test/05_15 Arina/01_calib_MI,"MATRIX_[9, 13]_robust_concat_01_calib_MI.hdf","C:\Users\hodor\Documents\lab-Shishkin\projects\BCI_classifier\data\pr_Agency_EBCI\features\csp\test\05_15 Arina\MATRIX_[9, 13]_robust_concat_01_calib_MI.hdf","[9, 13]",53,54,-3,last5,0.855031247178885,0.355,1.775,0.0023199101033029024,0.19839752957674406,0.20301506267282082,0.4642857142857143,,0.0,final_score_4,0.0,18,8
pr_Agency_EBCI,test,05_15 Arina,01_calib_MI,test/05_15 Arina/01_calib_MI,"MATRIX_[9, 13]_robust_concat_01_calib_MI.hdf","C:\Users\hodor\Documents\lab-Shishkin\projects\BCI_classifier\data\pr_Agency_EBCI\features\csp\test\05_15 Arina\MATRIX_[9, 13]_robust_concat_01_calib_MI.hdf","[9, 13]",54,55,-2,last5,0.8775237306608505,0.378,1.969,0.02249248348196553,0.43387554041902454,0.37666529577523417,0.5,,0.0,final_score_4,0.0,19,9
pr_Agency_EBCI,test,05_15 Arina,01_calib_MI,test/05_15 Arina/01_calib_MI,"MATRIX_[9, 13]_robust_concat_01_calib_MI.hdf","C:\Users\hodor\Documents\lab-Shishkin\projects\BCI_classifier\data\pr_Agency_EBCI\features\csp\test\05_15 Arina\MATRIX_[9, 13]_robust_concat_01_calib_MI.hdf","[9, 13]",55,56,-1,last5,0.8930877576372015,0.393,2.123,0.015564026976350953,0.20587944113970458,0.2660750301378249,0.6428571428571428,,0.0,final_score_4,0.0,20,10
pr_Agency_EBCI,test,05_15 Arina,01_calib_MI,test/05_15 Arina/01_calib_MI,"MATRIX_[10, 14]_robust_concat_01_calib_MI.hdf","C:\Users\hodor\Documents\lab-Shishkin\projects\BCI_classifier\data\pr_Agency_EBCI\features\csp\test\05_15 Arina\MATRIX_[10, 14]_robust_concat_01_calib_MI.hdf","[10, 14]",0,1,0,first5,0.06731709710824363,0.433,2.629,0.1346635314282436,1.6364268173000474,0.40313532948797653,0.5714285714285714,,0.0,final_score_4,0.0,21,1
pr_Agency_EBCI,test,05_15 Arina,01_calib_MI,test/05_15 Arina/01_calib_MI,"MATRIX_[10, 14]_robust_concat_01_calib_MI.hdf","C:\Users\hodor\Documents\lab-Shishkin\projects\BCI_classifier\data\pr_Agency_EBCI\features\csp\test\05_15 Arina\MATRIX_[10, 14]_robust_concat_01_calib_MI.hdf","[10, 14]",1,2,1,first5,0.20198062853648724,0.298,1.374,0.0601966317406919,0.40566460620745637,0.2177746352239631,0.6071428571428572,,0.0,final_score_4,0.0,22,2
pr_Agency_EBCI,test,05_15 Arina,01_calib_MI,test/05_15 Arina/01_calib_MI,"MATRIX_[10, 14]_robust_concat_01_calib_MI.hdf","C:\Users\hodor\Documents\lab-Shishkin\projects\BCI_classifier\data\pr_Agency_EBCI\features\csp\test\05_15 Arina\MATRIX_[10, 14]_robust_concat_01_calib_MI.hdf","[10, 14]",2,3,2,first5,0.26217726027717914,0.238,1.035,0.07029518008794311,0.3484371340392123,0.5395690801733422,0.4821428571428571,,0.0,final_score_4,0.0,23,3
pr_Agency_EBCI,test,05_15 Arina,01_calib_MI,test/05_15 Arina/01_calib_MI,"MATRIX_[10, 14]_robust_concat_01_calib_MI.hdf","C:\Users\hodor\Documents\lab-Shishkin\projects\BCI_classifier\data\pr_Agency_EBCI\features\csp\test\05_15 Arina\MATRIX_[10, 14]_robust_concat_01_calib_MI.hdf","[10, 14]",3,4,3,first5,0.33247244036512225,0.168,0.697,0.02702470920429878,0.17765067141663177,0.3914131020148157,0.5,,0.0,final_score_4,0.0,24,4
pr_Agency_EBCI,test,05_15 Arina,01_calib_MI,test/05_15 Arina/01_calib_MI,"MATRIX_[10, 14]_robust_concat_01_calib_MI.hdf","C:\Users\hodor\Documents\lab-Shishkin\projects\BCI_classifier\data\pr_Agency_EBCI\features\csp\test\05_15 Arina\MATRIX_[10, 14]_robust_concat_01_calib_MI.hdf","[10, 14]",4,5,4,first5,0.359497149569421,0.141,0.578,0.027545034870015916,0.17671701936301315,0.16846136721399319,0.4642857142857143,,0.0,final_score_4,0.0,25,5
pr_Agency_EBCI,test,05_15 Arina,01_calib_MI,test/05_15 Arina/01_calib_MI,"MATRIX_[10, 14]_robust_concat_01_calib_MI.hdf","C:\Users\hodor\Documents\lab-Shishkin\projects\BCI_classifier\data\pr_Agency_EBCI\features\csp\test\05_15 Arina\MATRIX_[10, 14]_robust_concat_01_calib_MI.hdf","[10, 14]",51,52,-5,last5,0.8511233678531412,0.351,1.743,0.0030670820554957734,0.2010625023297749,0.23276512224977766,0.5357142857142857,,0.0,final_score_4,0.0,26,6
pr_Agency_EBCI,test,05_15 Arina,01_calib_MI,test/05_15 Arina/01_calib_MI,"MATRIX_[10, 14]_robust_concat_01_calib_MI.hdf","C:\Users\hodor\Documents\lab-Shishkin\projects\BCI_classifier\data\pr_Agency_EBCI\features\csp\test\05_15 Arina\MATRIX_[10, 14]_robust_concat_01_calib_MI.hdf","[10, 14]",52,53,-4,last5,0.8569251874806354,0.357,1.79,0.005801819627494154,0.1305826895388247,0.04949949660882429,0.5178571428571428,,0.0,final_score_4,0.0,27,7
pr_Agency_EBCI,test,05_15 Arina,01_calib_MI,test/05_15 Arina/01_calib_MI,"MATRIX_[10, 14]_robust_concat_01_calib_MI.hdf","C:\Users\hodor\Documents\lab-Shishkin\projects\BCI_classifier\data\pr_Agency_EBCI\features\csp\test\05_15 Arina\MATRIX_[10, 14]_robust_concat_01_calib_MI.hdf","[10, 14]",53,54,-3,last5,0.8623787534786528,0.362,1.835,0.0054535659980173845,0.12735666669839893,0.1519114573060308,0.4821428571428571,,0.0,final_score_4,0.0,28,8
pr_Agency_EBCI,test,05_15 Arina,01_calib_MI,test/05_15 Arina/01_calib_MI,"MATRIX_[10, 14]_robust_concat_01_calib_MI.hdf","C:\Users\hodor\Documents\lab-Shishkin\projects\BCI_classifier\data\pr_Agency_EBCI\features\csp\test\05_15 Arina\MATRIX_[10, 14]_robust_concat_01_calib_MI.hdf","[10, 14]",54,55,-2,last5,0.8733874481975654,0.373,1.931,0.011008694718912637,0.14278309229189282,0.13097046246533245,0.5,,0.0,final_score_4,0.0,29,9
pr_Agency_EBCI,test,05_15 Arina,01_calib_MI,test/05_15 Arina/01_calib_MI,"MATRIX_[10, 14]_robust_concat_01_calib_MI.hdf","C:\Users\hodor\Documents\lab-Shishkin\projects\BCI_classifier\data\pr_Agency_EBCI\features\csp\test\05_15 Arina\MATRIX_[10, 14]_robust_concat_01_calib_MI.hdf","[10, 14]",55,56,-1,last5,0.8867087131395703,0.387,2.058,0.013321264942004918,0.4878719856130359,0.4464880446301023,0.5,,0.0,final_score_4,0.0,30,10
pr_Agency_EBCI,test,05_15 Arina,01_calib_MI,test/05_15 Arina/01_calib_MI,"MATRIX_[8, 15]_robust_concat_01_calib_MI.hdf","C:\Users\hodor\Documents\lab-Shishkin\projects\BCI_classifier\data\pr_Agency_EBCI\features\csp\test\05_15 Arina\MATRIX_[8, 15]_robust_concat_01_calib_MI.hdf","[8, 15]",0,1,0,first5,0.09254235187034832,0.407,2.283,0.1394249419817305,1.489884778795834,0.35816086645677264,0.5714285714285714,,0.0,final_score_4,0.0,31,1
pr_Agency_EBCI,test,05_15 Arina,01_calib_MI,test/05_15 Arina/01_calib_MI,"MATRIX_[8, 15]_robust_concat_01_calib_MI.hdf","C:\Users\hodor\Documents\lab-Shishkin\projects\BCI_classifier\data\pr_Agency_EBCI\features\csp\test\05_15 Arina\MATRIX_[8, 15]_robust_concat_01_calib_MI.hdf","[8, 15]",1,2,1,first5,0.23196729385207882,0.268,1.197,0.05168829607199399,0.5407962467739273,0.32138429231015125,0.625,,0.0,final_score_4,0.0,32,2
pr_Agency_EBCI,test,05_15 Arina,01_calib_MI,test/05_15 Arina/01_calib_MI,"MATRIX_[8, 15]_robust_concat_01_calib_MI.hdf","C:\Users\hodor\Documents\lab-Shishkin\projects\BCI_classifier\data\pr_Agency_EBCI\features\csp\test\05_15 Arina\MATRIX_[8, 15]_robust_concat_01_calib_MI.hdf","[8, 15]",2,3,2,first5,0.2836555899240728,0.216,0.926,0.10170789334005703,0.1569096252001172,0.2419157760971397,0.4821428571428571,,0.0,final_score_4,0.0,33,3
pr_Agency_EBCI,test,05_15 Arina,01_calib_MI,test/05_15 Arina/01_calib_MI,"MATRIX_[8, 15]_robust_concat_01_calib_MI.hdf","C:\Users\hodor\Documents\lab-Shishkin\projects\BCI_classifier\data\pr_Agency_EBCI\features\csp\test\05_15 Arina\MATRIX_[8, 15]_robust_concat_01_calib_MI.hdf","[8, 15]",3,4,3,first5,0.38536348326412984,0.115,0.467,0.021323506178352714,0.11919953407519739,0.5919143555382325,0.5892857142857143,,0.0,final_score_4,0.0,34,4
pr_Agency_EBCI,test,05_15 Arina,01_calib_MI,test/05_15 Arina/01_calib_MI,"MATRIX_[8, 15]_robust_concat_01_calib_MI.hdf","C:\Users\hodor\Documents\lab-Shishkin\projects\BCI_classifier\data\pr_Agency_EBCI\features\csp\test\05_15 Arina\MATRIX_[8, 15]_robust_concat_01_calib_MI.hdf","[8, 15]",4,5,4,first5,0.40668698944248255,0.093,0.378,0.008653569690921181,0.17067474664510335,0.13054563236773223,0.4464285714285714,,0.0,final_score_4,0.0,35,5
pr_Agency_EBCI,test,05_15 Arina,01_calib_MI,test/05_15 Arina/01_calib_MI,"MATRIX_[8, 15]_robust_concat_01_calib_MI.hdf","C:\Users\hodor\Documents\lab-Shishkin\projects\BCI_classifier\data\pr_Agency_EBCI\features\csp\test\05_15 Arina\MATRIX_[8, 15]_robust_concat_01_calib_MI.hdf","[8, 15]",51,52,-5,last5,0.7925526523192675,0.293,1.34,0.009847515700432963,0.1757941342623977,0.16938818755829138,0.4464285714285714,,0.0,final_score_4,0.0,36,6
pr_Agency_EBCI,test,05_15 Arina,01_calib_MI,test/05_15 Arina/01_calib_MI,"MATRIX_[8, 15]_robust_concat_01_calib_MI.hdf","C:\Users\hodor\Documents\lab-Shishkin\projects\BCI_classifier\data\pr_Agency_EBCI\features\csp\test\05_15 Arina\MATRIX_[8, 15]_robust_concat_01_calib_MI.hdf","[8, 15]",52,53,-4,last5,0.7956220775409092,0.296,1.359,0.003069425221641664,0.08919353736167718,0.08046060488462779,0.4821428571428571,,0.0,final_score_4,0.0,37,7
pr_Agency_EBCI,test,05_15 Arina,01_calib_MI,test/05_15 Arina/01_calib_MI,"MATRIX_[8, 15]_robust_concat_01_calib_MI.hdf","C:\Users\hodor\Documents\lab-Shishkin\projects\BCI_classifier\data\pr_Agency_EBCI\features\csp\test\05_15 Arina\MATRIX_[8, 15]_robust_concat_01_calib_MI.hdf","[8, 15]",53,54,-3,last5,0.8110442068829783,0.311,1.457,0.015422129342069102,0.25588933975201855,0.2192048762676137,0.5178571428571428,,0.0,final_score_4,0.0,38,8
pr_Agency_EBCI,test,05_15 Arina,01_calib_MI,test/05_15 Arina/01_calib_MI,"MATRIX_[8, 15]_robust_concat_01_calib_MI.hdf","C:\Users\hodor\Documents\lab-Shishkin\projects\BCI_classifier\data\pr_Agency_EBCI\features\csp\test\05_15 Arina\MATRIX_[8, 15]_robust_concat_01_calib_MI.hdf","[8, 15]",54,55,-2,last5,0.8236551164157604,0.324,1.541,0.0126109095327821,0.3715474757948263,0.279882174438509,0.4642857142857143,,0.0,final_score_4,0.0,39,9
pr_Agency_EBCI,test,05_15 Arina,01_calib_MI,test/05_15 Arina/01_calib_MI,"MATRIX_[8, 15]_robust_concat_01_calib_MI.hdf","C:\Users\hodor\Documents\lab-Shishkin\projects\BCI_classifier\data\pr_Agency_EBCI\features\csp\test\05_15 Arina\MATRIX_[8, 15]_robust_concat_01_calib_MI.hdf","[8, 15]",55,56,-1,last5,0.8249705423269255,0.325,1.55,0.001315425911165069,0.22585232181136278,0.373085093526483,0.5892857142857143,,0.0,final_score_4,0.0,40,10
pr_Agency_EBCI,test,05_15 Arina,01_calib_MI,test/05_15 Arina/01_calib_MI,"MATRIX_[8, 12]_robust_concat_01_calib_MI.hdf","C:\Users\hodor\Documents\lab-Shishkin\projects\BCI_classifier\data\pr_Agency_EBCI\features\csp\test\05_15 Arina\MATRIX_[8, 12]_robust_concat_01_calib_MI.hdf","[8, 12]",0,1,0,first5,0.07247237199588641,0.428,2.549,0.15443440126400154,1.5352287273943468,0.338594998555494,0.5714285714285714,,0.0,final_score_5,0.0,1,1
pr_Agency_EBCI,test,05_15 Arina,01_calib_MI,test/05_15 Arina/01_calib_MI,"MATRIX_[8, 12]_robust_concat_01_calib_MI.hdf","C:\Users\hodor\Documents\lab-Shishkin\projects\BCI_classifier\data\pr_Agency_EBCI\features\csp\test\05_15 Arina\MATRIX_[8, 12]_robust_concat_01_calib_MI.hdf","[8, 12]",1,2,1,first5,0.22690677325988795,0.273,1.226,0.01699170931634153,0.6981825945696911,0.3691654815115959,0.6071428571428572,,0.0,final_score_5,0.0,2,2
pr_Agency_EBCI,test,05_15 Arina,01_calib_MI,test/05_15 Arina/01_calib_MI,"MATRIX_[8, 12]_robust_concat_01_calib_MI.hdf","C:\Users\hodor\Documents\lab-Shishkin\projects\BCI_classifier\data\pr_Agency_EBCI\features\csp\test\05_15 Arina\MATRIX_[8, 12]_robust_concat_01_calib_MI.hdf","[8, 12]",2,3,2,first5,0.24389848257622948,0.256,1.131,0.07849487944372957,0.19405860722702328,0.3601390615847425,0.4642857142857143,,0.0,final_score_5,0.0,3,3
pr_Agency_EBCI,test,05_15 Arina,01_calib_MI,test/05_15 Arina/01_calib_MI,"MATRIX_[8, 12]_robust_concat_01_calib_MI.hdf","C:\Users\hodor\Documents\lab-Shishkin\projects\BCI_classifier\data\pr_Agency_EBCI\features\csp\test\05_15 Arina\MATRIX_[8, 12]_robust_concat_01_calib_MI.hdf","[8, 12]",3,4,3,first5,0.32239336201995905,0.178,0.743,0.004186306936350026,0.07135819952652149,0.07797245980656906,0.4821428571428571,,0.0,final_score_5,0.0,4,4
pr_Agency_EBCI,test,05_15 Arina,01_calib_MI,test/05_15 Arina/01_calib_MI,"MATRIX_[8, 12]_robust_concat_01_calib_MI.hdf","C:\Users\hodor\Documents\lab-Shishkin\projects\BCI_classifier\data\pr_Agency_EBCI\features\csp\test\05_15 Arina\MATRIX_[8, 12]_robust_concat_01_calib_MI.hdf","[8, 12]",4,5,4,first5,0.3265796689563091,0.173,0.724,0.034182923169397306,0.055586547762672696,0.12141735981971044,0.4821428571428571,,0.0,final_score_5,0.0,5,5
pr_Agency_EBCI,test,05_15 Arina,01_calib_MI,test/05_15 Arina/01_calib_MI,"MATRIX_[8, 12]_robust_concat_01_calib_MI.hdf","C:\Users\hodor\Documents\lab-Shishkin\projects\BCI_classifier\data\pr_Agency_EBCI\features\csp\test\05_15 Arina\MATRIX_[8, 12]_robust_concat_01_calib_MI.hdf","[8, 12]",51,52,-5,last5,0.8230556938714513,0.323,1.537,0.008574878819339382,0.17243812614596982,0.17999221928888925,0.4642857142857143,,0.0,final_score_5,0.0,6,6
pr_Agency_EBCI,test,05_15 Arina,01_calib_MI,test/05_15 Arina/01_calib_MI,"MATRIX_[8, 12]_robust_concat_01_calib_MI.hdf","C:\Users\hodor\Documents\lab-Shishkin\projects\BCI_classifier\data\pr_Agency_EBCI\features\csp\test\05_15 Arina\MATRIX_[8, 12]_robust_concat_01_calib_MI.hdf","[8, 12]",52,53,-4,last5,0.8315290592000127,0.332,1.597,0.008473365328561466,0.198181530547052,0.10900752540523419,0.5892857142857143,,0.0,final_score_5,0.0,7,7
pr_Agency_EBCI,test,05_15 Arina,01_calib_MI,test/05_15 Arina/01_calib_MI,"MATRIX_[8, 12]_robust_concat_01_calib_MI.hdf","C:\Users\hodor\Documents\lab-Shishkin\projects\BCI_classifier\data\pr_Agency_EBCI\features\csp\test\05_15 Arina\MATRIX_[8, 12]_robust_concat_01_calib_MI.hdf","[8, 12]",53,54,-3,last5,0.8426650341930114,0.343,1.678,0.011135974992998676,0.22177933834729216,0.4152281265726548,0.5,,0.0,final_score_5,0.0,8,8
pr_Agency_EBCI,test,05_15 Arina,01_calib_MI,test/05_15 Arina/01_calib_MI,"MATRIX_[8, 12]_robust_concat_01_calib_MI.hdf","C:\Users\hodor\Documents\lab-Shishkin\projects\BCI_classifier\data\pr_Agency_EBCI\features\csp\test\05_15 Arina\MATRIX_[8, 12]_robust_concat_01_calib_MI.hdf","[8, 12]",54,55,-2,last5,0.8613566156095741,0.361,1.827,0.018691581416562686,0.4321624587756928,0.46039866492635523,0.5535714285714286,,0.0,final_score_5,0.0,9,9
pr_Agency_EBCI,test,05_15 Arina,01_calib_MI,test/05_15 Arina/01_calib_MI,"MATRIX_[8, 12]_robust_concat_01_calib_MI.hdf","C:\Users\hodor\Documents\lab-Shishkin\projects\BCI_classifier\data\pr_Agency_EBCI\features\csp\test\05_15 Arina\MATRIX_[8, 12]_robust_concat_01_calib_MI.hdf","[8, 12]",55,56,-1,last5,0.871095749476839,0.371,1.911,0.009739133867264882,0.1506178606244766,0.13659697488978179,0.4821428571428571,,0.0,final_score_5,0.0,10,10
pr_Agency_EBCI,test,05_15 Arina,01_calib_MI,test/05_15 Arina/01_calib_MI,"MATRIX_[9, 13]_robust_concat_01_calib_MI.hdf","C:\Users\hodor\Documents\lab-Shishkin\projects\BCI_classifier\data\pr_Agency_EBCI\features\csp\test\05_15 Arina\MATRIX_[9, 13]_robust_concat_01_calib_MI.hdf","[9, 13]",0,1,0,first5,0.05876386170462866,0.441,2.774,0.16282385936609745,1.67525927619561,0.4101935549036634,0.5714285714285714,,0.0,final_score_5,0.0,11,1
pr_Agency_EBCI,test,05_15 Arina,01_calib_MI,test/05_15 Arina/01_calib_MI,"MATRIX_[9, 13]_robust_concat_01_calib_MI.hdf","C:\Users\hodor\Documents\lab-Shishkin\projects\BCI_classifier\data\pr_Agency_EBCI\features\csp\test\05_15 Arina\MATRIX_[9, 13]_robust_concat_01_calib_MI.hdf","[9, 13]",1,2,1,first5,0.2215877210707261,0.278,1.256,0.030117433886698408,0.3695180016118394,0.1650203834724846,0.5,,0.0,final_score_5,0.0,12,2
pr_Agency_EBCI,test,05_15 Arina,01_calib_MI,test/05_15 Arina/01_calib_MI,"MATRIX_[9, 13]_robust_concat_01_calib_MI.hdf","C:\Users\hodor\Documents\lab-Shishkin\projects\BCI_classifier\data\pr_Agency_EBCI\features\csp\test\05_15 Arina\MATRIX_[9, 13]_robust_concat_01_calib_MI.hdf","[9, 13]",2,3,2,first5,0.2517051549574245,0.248,1.09,0.09241994923731611,0.379158884606173,0.40289960194131835,0.5357142857142857,,0.0,final_score_5,0.0,13,3
pr_Agency_EBCI,test,05_15 Arina,01_calib_MI,test/05_15 Arina/01_calib_MI,"MATRIX_[9, 13]_robust_concat_01_calib_MI.hdf","C:\Users\hodor\Documents\lab-Shishkin\projects\BCI_classifier\data\pr_Agency_EBCI\features\csp\test\05_15 Arina\MATRIX_[9, 13]_robust_concat_01_calib_MI.hdf","[9, 13]",3,4,3,first5,0.3441251041947406,0.156,0.645,0.009172606763958258,0.030110673359472977,0.08212639160388516,0.5535714285714286,,0.0,final_score_5,0.0,14,4
pr_Agency_EBCI,test,05_15 Arina,01_calib_MI,test/05_15 Arina/01_calib_MI,"MATRIX_[9, 13]_robust_concat_01_calib_MI.hdf","C:\Users\hodor\Documents\lab-Shishkin\projects\BCI_classifier\data\pr_Agency_EBCI\features\csp\test\05_15 Arina\MATRIX_[9, 13]_robust_concat_01_calib_MI.hdf","[9, 13]",4,5,4,first5,0.3532977109586989,0.147,0.605,0.020407735205132504,0.0394021478378354,0.08297710699488782,0.4821428571428571,,0.0,final_score_5,0.0,15,5
pr_Agency_EBCI,test,05_15 Arina,01_calib_MI,test/05_15 Arina/01_calib_MI,"MATRIX_[9, 13]_robust_concat_01_calib_MI.hdf","C:\Users\hodor\Documents\lab-Shishkin\projects\BCI_classifier\data\pr_Agency_EBCI\features\csp\test\05_15 Arina\MATRIX_[9, 13]_robust_concat_01_calib_MI.hdf","[9, 13]",51,52,-5,last5,0.8460750820341445,0.346,1.704,0.006961300449805252,0.15820383232941362,0.18889612961903296,0.6071428571428572,,0.0,final_score_5,0.0,16,6
pr_Agency_EBCI,test,05_15 Arina,01_calib_MI,test/05_15 Arina/01_calib_MI,"MATRIX_[9, 13]_robust_concat_01_calib_MI.hdf","C:\Users\hodor\Documents\lab-Shishkin\projects\BCI_classifier\data\pr_Agency_EBCI\features\csp\test\05_15 Arina\MATRIX_[9, 13]_robust_concat_01_calib_MI.hdf","[9, 13]",52,53,-4,last5,0.8527113370755821,0.353,1.756,0.006636255041437611,0.1502048268869598,0.18482468300675675,0.4821428571428571,,0.0,final_score_5,0.0,17,7
pr_Agency_EBCI,test,05_15 Arina,01_calib_MI,test/05_15 Arina/01_calib_MI,"MATRIX_[9, 13]_robust_concat_01_calib_MI.hdf","C:\Users\hodor\Documents\lab-Shishkin\projects\BCI_classifier\data\pr_Agency_EBCI\features\csp\test\05_15 Arina\MATRIX_[9, 13]_robust_concat_01_calib_MI.hdf","[9, 13]",53,54,-3,last5,0.855031247178885,0.355,1.775,0.0023199101033029024,0.19839752957674406,0.20301506267282082,0.4642857142857143,,0.0,final_score_5,0.0,18,8
pr_Agency_EBCI,test,05_15 Arina,01_calib_MI,test/05_15 Arina/01_calib_MI,"MATRIX_[9, 13]_robust_concat_01_calib_MI.hdf","C:\Users\hodor\Documents\lab-Shishkin\projects\BCI_classifier\data\pr_Agency_EBCI\features\csp\test\05_15 Arina\MATRIX_[9, 13]_robust_concat_01_calib_MI.hdf","[9, 13]",54,55,-2,last5,0.8775237306608505,0.378,1.969,0.02249248348196553,0.43387554041902454,0.37666529577523417,0.5,,0.0,final_score_5,0.0,19,9
pr_Agency_EBCI,test,05_15 Arina,01_calib_MI,test/05_15 Arina/01_calib_MI,"MATRIX_[9, 13]_robust_concat_01_calib_MI.hdf","C:\Users\hodor\Documents\lab-Shishkin\projects\BCI_classifier\data\pr_Agency_EBCI\features\csp\test\05_15 Arina\MATRIX_[9, 13]_robust_concat_01_calib_MI.hdf","[9, 13]",55,56,-1,last5,0.8930877576372015,0.393,2.123,0.015564026976350953,0.20587944113970458,0.2660750301378249,0.6428571428571428,,0.0,final_score_5,0.0,20,10
pr_Agency_EBCI,test,05_15 Arina,01_calib_MI,test/05_15 Arina/01_calib_MI,"MATRIX_[10, 14]_robust_concat_01_calib_MI.hdf","C:\Users\hodor\Documents\lab-Shishkin\projects\BCI_classifier\data\pr_Agency_EBCI\features\csp\test\05_15 Arina\MATRIX_[10, 14]_robust_concat_01_calib_MI.hdf","[10, 14]",0,1,0,first5,0.06731709710824363,0.433,2.629,0.1346635314282436,1.6364268173000474,0.40313532948797653,0.5714285714285714,,0.0,final_score_5,0.0,21,1
pr_Agency_EBCI,test,05_15 Arina,01_calib_MI,test/05_15 Arina/01_calib_MI,"MATRIX_[10, 14]_robust_concat_01_calib_MI.hdf","C:\Users\hodor\Documents\lab-Shishkin\projects\BCI_classifier\data\pr_Agency_EBCI\features\csp\test\05_15 Arina\MATRIX_[10, 14]_robust_concat_01_calib_MI.hdf","[10, 14]",1,2,1,first5,0.20198062853648724,0.298,1.374,0.0601966317406919,0.40566460620745637,0.2177746352239631,0.6071428571428572,,0.0,final_score_5,0.0,22,2
pr_Agency_EBCI,test,05_15 Arina,01_calib_MI,test/05_15 Arina/01_calib_MI,"MATRIX_[10, 14]_robust_concat_01_calib_MI.hdf","C:\Users\hodor\Documents\lab-Shishkin\projects\BCI_classifier\data\pr_Agency_EBCI\features\csp\test\05_15 Arina\MATRIX_[10, 14]_robust_concat_01_calib_MI.hdf","[10, 14]",2,3,2,first5,0.26217726027717914,0.238,1.035,0.07029518008794311,0.3484371340392123,0.5395690801733422,0.4821428571428571,,0.0,final_score_5,0.0,23,3
pr_Agency_EBCI,test,05_15 Arina,01_calib_MI,test/05_15 Arina/01_calib_MI,"MATRIX_[10, 14]_robust_concat_01_calib_MI.hdf","C:\Users\hodor\Documents\lab-Shishkin\projects\BCI_classifier\data\pr_Agency_EBCI\features\csp\test\05_15 Arina\MATRIX_[10, 14]_robust_concat_01_calib_MI.hdf","[10, 14]",3,4,3,first5,0.33247244036512225,0.168,0.697,0.02702470920429878,0.17765067141663177,0.3914131020148157,0.5,,0.0,final_score_5,0.0,24,4
pr_Agency_EBCI,test,05_15 Arina,01_calib_MI,test/05_15 Arina/01_calib_MI,"MATRIX_[10, 14]_robust_concat_01_calib_MI.hdf","C:\Users\hodor\Documents\lab-Shishkin\projects\BCI_classifier\data\pr_Agency_EBCI\features\csp\test\05_15 Arina\MATRIX_[10, 14]_robust_concat_01_calib_MI.hdf","[10, 14]",4,5,4,first5,0.359497149569421,0.141,0.578,0.027545034870015916,0.17671701936301315,0.16846136721399319,0.4642857142857143,,0.0,final_score_5,0.0,25,5
pr_Agency_EBCI,test,05_15 Arina,01_calib_MI,test/05_15 Arina/01_calib_MI,"MATRIX_[10, 14]_robust_concat_01_calib_MI.hdf","C:\Users\hodor\Documents\lab-Shishkin\projects\BCI_classifier\data\pr_Agency_EBCI\features\csp\test\05_15 Arina\MATRIX_[10, 14]_robust_concat_01_calib_MI.hdf","[10, 14]",51,52,-5,last5,0.8511233678531412,0.351,1.743,0.0030670820554957734,0.2010625023297749,0.23276512224977766,0.5357142857142857,,0.0,final_score_5,0.0,26,6
pr_Agency_EBCI,test,05_15 Arina,01_calib_MI,test/05_15 Arina/01_calib_MI,"MATRIX_[10, 14]_robust_concat_01_calib_MI.hdf","C:\Users\hodor\Documents\lab-Shishkin\projects\BCI_classifier\data\pr_Agency_EBCI\features\csp\test\05_15 Arina\MATRIX_[10, 14]_robust_concat_01_calib_MI.hdf","[10, 14]",52,53,-4,last5,0.8569251874806354,0.357,1.79,0.005801819627494154,0.1305826895388247,0.04949949660882429,0.5178571428571428,,0.0,final_score_5,0.0,27,7
pr_Agency_EBCI,test,05_15 Arina,01_calib_MI,test/05_15 Arina/01_calib_MI,"MATRIX_[10, 14]_robust_concat_01_calib_MI.hdf","C:\Users\hodor\Documents\lab-Shishkin\projects\BCI_classifier\data\pr_Agency_EBCI\features\csp\test\05_15 Arina\MATRIX_[10, 14]_robust_concat_01_calib_MI.hdf","[10, 14]",53,54,-3,last5,0.8623787534786528,0.362,1.835,0.0054535659980173845,0.12735666669839893,0.1519114573060308,0.4821428571428571,,0.0,final_score_5,0.0,28,8
pr_Agency_EBCI,test,05_15 Arina,01_calib_MI,test/05_15 Arina/01_calib_MI,"MATRIX_[10, 14]_robust_concat_01_calib_MI.hdf","C:\Users\hodor\Documents\lab-Shishkin\projects\BCI_classifier\data\pr_Agency_EBCI\features\csp\test\05_15 Arina\MATRIX_[10, 14]_robust_concat_01_calib_MI.hdf","[10, 14]",54,55,-2,last5,0.8733874481975654,0.373,1.931,0.011008694718912637,0.14278309229189282,0.13097046246533245,0.5,,0.0,final_score_5,0.0,29,9
pr_Agency_EBCI,test,05_15 Arina,01_calib_MI,test/05_15 Arina/01_calib_MI,"MATRIX_[10, 14]_robust_concat_01_calib_MI.hdf","C:\Users\hodor\Documents\lab-Shishkin\projects\BCI_classifier\data\pr_Agency_EBCI\features\csp\test\05_15 Arina\MATRIX_[10, 14]_robust_concat_01_calib_MI.hdf","[10, 14]",55,56,-1,last5,0.8867087131395703,0.387,2.058,0.013321264942004918,0.4878719856130359,0.4464880446301023,0.5,,0.0,final_score_5,0.0,30,10
pr_Agency_EBCI,test,05_15 Arina,01_calib_MI,test/05_15 Arina/01_calib_MI,"MATRIX_[8, 15]_robust_concat_01_calib_MI.hdf","C:\Users\hodor\Documents\lab-Shishkin\projects\BCI_classifier\data\pr_Agency_EBCI\features\csp\test\05_15 Arina\MATRIX_[8, 15]_robust_concat_01_calib_MI.hdf","[8, 15]",0,1,0,first5,0.09254235187034832,0.407,2.283,0.1394249419817305,1.489884778795834,0.35816086645677264,0.5714285714285714,,0.0,final_score_5,0.0,31,1
pr_Agency_EBCI,test,05_15 Arina,01_calib_MI,test/05_15 Arina/01_calib_MI,"MATRIX_[8, 15]_robust_concat_01_calib_MI.hdf","C:\Users\hodor\Documents\lab-Shishkin\projects\BCI_classifier\data\pr_Agency_EBCI\features\csp\test\05_15 Arina\MATRIX_[8, 15]_robust_concat_01_calib_MI.hdf","[8, 15]",1,2,1,first5,0.23196729385207882,0.268,1.197,0.05168829607199399,0.5407962467739273,0.32138429231015125,0.625,,0.0,final_score_5,0.0,32,2
pr_Agency_EBCI,test,05_15 Arina,01_calib_MI,test/05_15 Arina/01_calib_MI,"MATRIX_[8, 15]_robust_concat_01_calib_MI.hdf","C:\Users\hodor\Documents\lab-Shishkin\projects\BCI_classifier\data\pr_Agency_EBCI\features\csp\test\05_15 Arina\MATRIX_[8, 15]_robust_concat_01_calib_MI.hdf","[8, 15]",2,3,2,first5,0.2836555899240728,0.216,0.926,0.10170789334005703,0.1569096252001172,0.2419157760971397,0.4821428571428571,,0.0,final_score_5,0.0,33,3
pr_Agency_EBCI,test,05_15 Arina,01_calib_MI,test/05_15 Arina/01_calib_MI,"MATRIX_[8, 15]_robust_concat_01_calib_MI.hdf","C:\Users\hodor\Documents\lab-Shishkin\projects\BCI_classifier\data\pr_Agency_EBCI\features\csp\test\05_15 Arina\MATRIX_[8, 15]_robust_concat_01_calib_MI.hdf","[8, 15]",3,4,3,first5,0.38536348326412984,0.115,0.467,0.021323506178352714,0.11919953407519739,0.5919143555382325,0.5892857142857143,,0.0,final_score_5,0.0,34,4
pr_Agency_EBCI,test,05_15 Arina,01_calib_MI,test/05_15 Arina/01_calib_MI,"MATRIX_[8, 15]_robust_concat_01_calib_MI.hdf","C:\Users\hodor\Documents\lab-Shishkin\projects\BCI_classifier\data\pr_Agency_EBCI\features\csp\test\05_15 Arina\MATRIX_[8, 15]_robust_concat_01_calib_MI.hdf","[8, 15]",4,5,4,first5,0.40668698944248255,0.093,0.378,0.008653569690921181,0.17067474664510335,0.13054563236773223,0.4464285714285714,,0.0,final_score_5,0.0,35,5
pr_Agency_EBCI,test,05_15 Arina,01_calib_MI,test/05_15 Arina/01_calib_MI,"MATRIX_[8, 15]_robust_concat_01_calib_MI.hdf","C:\Users\hodor\Documents\lab-Shishkin\projects\BCI_classifier\data\pr_Agency_EBCI\features\csp\test\05_15 Arina\MATRIX_[8, 15]_robust_concat_01_calib_MI.hdf","[8, 15]",51,52,-5,last5,0.7925526523192675,0.293,1.34,0.009847515700432963,0.1757941342623977,0.16938818755829138,0.4464285714285714,,0.0,final_score_5,0.0,36,6
pr_Agency_EBCI,test,05_15 Arina,01_calib_MI,test/05_15 Arina/01_calib_MI,"MATRIX_[8, 15]_robust_concat_01_calib_MI.hdf","C:\Users\hodor\Documents\lab-Shishkin\projects\BCI_classifier\data\pr_Agency_EBCI\features\csp\test\05_15 Arina\MATRIX_[8, 15]_robust_concat_01_calib_MI.hdf","[8, 15]",52,53,-4,last5,0.7956220775409092,0.296,1.359,0.003069425221641664,0.08919353736167718,0.08046060488462779,0.4821428571428571,,0.0,final_score_5,0.0,37,7
pr_Agency_EBCI,test,05_15 Arina,01_calib_MI,test/05_15 Arina/01_calib_MI,"MATRIX_[8, 15]_robust_concat_01_calib_MI.hdf","C:\Users\hodor\Documents\lab-Shishkin\projects\BCI_classifier\data\pr_Agency_EBCI\features\csp\test\05_15 Arina\MATRIX_[8, 15]_robust_concat_01_calib_MI.hdf","[8, 15]",53,54,-3,last5,0.8110442068829783,0.311,1.457,0.015422129342069102,0.25588933975201855,0.2192048762676137,0.5178571428571428,,0.0,final_score_5,0.0,38,8
pr_Agency_EBCI,test,05_15 Arina,01_calib_MI,test/05_15 Arina/01_calib_MI,"MATRIX_[8, 15]_robust_concat_01_calib_MI.hdf","C:\Users\hodor\Documents\lab-Shishkin\projects\BCI_classifier\data\pr_Agency_EBCI\features\csp\test\05_15 Arina\MATRIX_[8, 15]_robust_concat_01_calib_MI.hdf","[8, 15]",54,55,-2,last5,0.8236551164157604,0.324,1.541,0.0126109095327821,0.3715474757948263,0.279882174438509,0.4642857142857143,,0.0,final_score_5,0.0,39,9
pr_Agency_EBCI,test,05_15 Arina,01_calib_MI,test/05_15 Arina/01_calib_MI,"MATRIX_[8, 15]_robust_concat_01_calib_MI.hdf","C:\Users\hodor\Documents\lab-Shishkin\projects\BCI_classifier\data\pr_Agency_EBCI\features\csp\test\05_15 Arina\MATRIX_[8, 15]_robust_concat_01_calib_MI.hdf","[8, 15]",55,56,-1,last5,0.8249705423269255,0.325,1.55,0.001315425911165069,0.22585232181136278,0.373085093526483,0.5892857142857143,,0.0,final_score_5,0.0,40,10
pr_Agency_EBCI,test,05_15 Arina,02_calib_MI,test/05_15 Arina/02_calib_MI,"MATRIX_[10, 14]_robust_concat_02_calib_MI.hdf","C:\Users\hodor\Documents\lab-Shishkin\projects\BCI_classifier\data\pr_Agency_EBCI\features\csp\test\05_15 Arina\MATRIX_[10, 14]_robust_concat_02_calib_MI.hdf","[10, 14]",0,1,0,first5,0.14326209298014225,0.357,1.788,0.05222045555092675,1.420869812439509,0.44307330924107075,0.5535714285714286,,0.0,final_score_1,1.0337894538620915,1,1
pr_Agency_EBCI,test,05_15 Arina,02_calib_MI,test/05_15 Arina/02_calib_MI,"MATRIX_[9, 13]_robust_concat_02_calib_MI.hdf","C:\Users\hodor\Documents\lab-Shishkin\projects\BCI_classifier\data\pr_Agency_EBCI\features\csp\test\05_15 Arina\MATRIX_[9, 13]_robust_concat_02_calib_MI.hdf","[9, 13]",0,1,0,first5,0.11807216184580732,0.382,2.011,0.0977919556284087,1.2999503317228778,0.4008005581542232,0.5535714285714286,,0.0,final_score_1,1.0093349120388495,2,1
pr_Agency_EBCI,test,05_15 Arina,02_calib_MI,test/05_15 Arina/02_calib_MI,"MATRIX_[8, 12]_robust_concat_02_calib_MI.hdf","C:\Users\hodor\Documents\lab-Shishkin\projects\BCI_classifier\data\pr_Agency_EBCI\features\csp\test\05_15 Arina\MATRIX_[8, 12]_robust_concat_02_calib_MI.hdf","[8, 12]",0,1,0,first5,0.11464841745795484,0.385,2.044,0.1098051650533805,1.1910758917274695,0.3576326987505296,0.5357142857142857,,0.0,final_score_1,0.915673954120117,3,1
pr_Agency_EBCI,test,05_15 Arina,02_calib_MI,test/05_15 Arina/02_calib_MI,"MATRIX_[8, 15]_robust_concat_02_calib_MI.hdf","C:\Users\hodor\Documents\lab-Shishkin\projects\BCI_classifier\data\pr_Agency_EBCI\features\csp\test\05_15 Arina\MATRIX_[8, 15]_robust_concat_02_calib_MI.hdf","[8, 15]",0,1,0,first5,0.16329774071593453,0.337,1.634,0.06741876921868684,1.2586550818691162,0.38100680842675005,0.5535714285714286,,0.0,final_score_1,0.8584508385997234,4,1
pr_Agency_EBCI,test,05_15 Arina,02_calib_MI,test/05_15 Arina/02_calib_MI,"MATRIX_[10, 14]_robust_concat_02_calib_MI.hdf","C:\Users\hodor\Documents\lab-Shishkin\projects\BCI_classifier\data\pr_Agency_EBCI\features\csp\test\05_15 Arina\MATRIX_[10, 14]_robust_concat_02_calib_MI.hdf","[10, 14]",1,2,1,first5,0.195482548531069,0.305,1.415,0.08728970713868522,0.7039514515038332,0.413326981474953,0.5714285714285714,,0.0,final_score_1,0.535495591806261,5,2
pr_Agency_EBCI,test,05_15 Arina,02_calib_MI,test/05_15 Arina/02_calib_MI,"MATRIX_[9, 13]_robust_concat_02_calib_MI.hdf","C:\Users\hodor\Documents\lab-Shishkin\projects\BCI_classifier\data\pr_Agency_EBCI\features\csp\test\05_15 Arina\MATRIX_[9, 13]_robust_concat_02_calib_MI.hdf","[9, 13]",1,2,1,first5,0.21586411747421602,0.284,1.29,0.054348731867849776,0.7986771235099772,0.30594597876557744,0.5714285714285714,,0.0,final_score_1,0.49297751021554753,6,2
pr_Agency_EBCI,test,05_15 Arina,02_calib_MI,test/05_15 Arina/02_calib_MI,"MATRIX_[8, 12]_robust_concat_02_calib_MI.hdf","C:\Users\hodor\Documents\lab-Shishkin\projects\BCI_classifier\data\pr_Agency_EBCI\features\csp\test\05_15 Arina\MATRIX_[8, 12]_robust_concat_02_calib_MI.hdf","[8, 12]",1,2,1,first5,0.22445358251133535,0.276,1.24,0.003990377189580091,0.785429119149812,0.323711593100359,0.5892857142857143,,0.0,final_score_1,0.4865166509948787,7,2
pr_Agency_EBCI,test,05_15 Arina,02_calib_MI,test/05_15 Arina/02_calib_MI,"MATRIX_[8, 15]_robust_concat_02_calib_MI.hdf","C:\Users\hodor\Documents\lab-Shishkin\projects\BCI_classifier\data\pr_Agency_EBCI\features\csp\test\05_15 Arina\MATRIX_[8, 15]_robust_concat_02_calib_MI.hdf","[8, 15]",1,2,1,first5,0.23071650993462137,0.269,1.204,0.08217122953078113,0.7844362763457143,0.3426508050089545,0.5714285714285714,,0.0,final_score_1,0.4764358105326379,8,2
pr_Agency_EBCI,test,05_15 Arina,02_calib_MI,test/05_15 Arina/02_calib_MI,"MATRIX_[9, 13]_robust_concat_02_calib_MI.hdf","C:\Users\hodor\Documents\lab-Shishkin\projects\BCI_classifier\data\pr_Agency_EBCI\features\csp\test\05_15 Arina\MATRIX_[9, 13]_robust_concat_02_calib_MI.hdf","[9, 13]",2,3,2,first5,0.2702128493420658,0.23,0.994,0.019811232739018414,0.3297548274833745,0.6962920857313382,0.5714285714285714,,0.0,final_score_1,0.370842670061889,9,3
pr_Agency_EBCI,test,05_15 Arina,02_calib_MI,test/05_15 Arina/02_calib_MI,"MATRIX_[8, 12]_robust_concat_02_calib_MI.hdf","C:\Users\hodor\Documents\lab-Shishkin\projects\BCI_classifier\data\pr_Agency_EBCI\features\csp\test\05_15 Arina\MATRIX_[8, 12]_robust_concat_02_calib_MI.hdf","[8, 12]",3,4,3,first5,0.27245397470613786,0.228,0.982,0.07365456930568792,0.5150264116024215,0.5194447296737379,0.5714285714285714,,0.0,final_score_1,0.3706362317600868,10,3
pr_Agency_EBCI,test,05_15 Arina,02_calib_MI,test/05_15 Arina/02_calib_MI,"MATRIX_[9, 13]_robust_concat_02_calib_MI.hdf","C:\Users\hodor\Documents\lab-Shishkin\projects\BCI_classifier\data\pr_Agency_EBCI\features\csp\test\05_15 Arina\MATRIX_[9, 13]_robust_concat_02_calib_MI.hdf","[9, 13]",51,52,-5,last5,0.8904178281758305,0.39,2.095,0.002788795354370599,0.173026401731664,0.42078354377202754,0.5,,0.0,final_score_1,0.34737881811965954,11,4
pr_Agency_EBCI,test,05_15 Arina,02_calib_MI,test/05_15 Arina/02_calib_MI,"MATRIX_[8, 12]_robust_concat_02_calib_MI.hdf","C:\Users\hodor\Documents\lab-Shishkin\projects\BCI_classifier\data\pr_Agency_EBCI\features\csp\test\05_15 Arina\MATRIX_[8, 12]_robust_concat_02_calib_MI.hdf","[8, 12]",55,56,-1,last5,0.8934212730681721,0.393,2.126,0.005223503191420953,0.2806680072751435,0.26976229994601075,0.5714285714285714,,0.0,final_score_1,0.33993003115957854,12,4
pr_Agency_EBCI,test,05_15 Arina,02_calib_MI,test/05_15 Arina/02_calib_MI,"MATRIX_[10, 14]_robust_concat_02_calib_MI.hdf","C:\Users\hodor\Documents\lab-Shishkin\projects\BCI_classifier\data\pr_Agency_EBCI\features\csp\test\05_15 Arina\MATRIX_[10, 14]_robust_concat_02_calib_MI.hdf","[10, 14]",54,55,-2,last5,0.9131964447840212,0.413,2.353,0.008064962876992765,0.05554695913376631,0.4500891608001345,0.5892857142857143,,0.0,final_score_1,0.33188690822161415,13,3
pr_Agency_EBCI,test,05_15 Arina,02_calib_MI,test/05_15 Arina/02_calib_MI,"MATRIX_[10, 14]_robust_concat_02_calib_MI.hdf","C:\Users\hodor\Documents\lab-Shishkin\projects\BCI_classifier\data\pr_Agency_EBCI\features\csp\test\05_15 Arina\MATRIX_[10, 14]_robust_concat_02_calib_MI.hdf","[10, 14]",2,3,2,first5,0.2827722556697542,0.217,0.931,0.03909736191046109,0.22361543120658028,0.6907349252803665,0.5535714285714286,,0.0,final_score_1,0.30825036393066196,14,4
pr_Agency_EBCI,test,05_15 Arina,02_calib_MI,test/05_15 Arina/02_calib_MI,"MATRIX_[10, 14]_robust_concat_02_calib_MI.hdf","C:\Users\hodor\Documents\lab-Shishkin\projects\BCI_classifier\data\pr_Agency_EBCI\features\csp\test\05_15 Arina\MATRIX_[10, 14]_robust_concat_02_calib_MI.hdf","[10, 14]",53,54,-3,last5,0.9051314819070284,0.405,2.256,0.010281983116618543,0.16310437714488465,0.30260815798970175,0.5357142857142857,,0.0,final_score_1,0.2896565642631722,15,5
pr_Agency_EBCI,test,05_15 Arina,02_calib_MI,test/05_15 Arina/02_calib_MI,"MATRIX_[8, 15]_robust_concat_02_calib_MI.hdf","C:\Users\hodor\Documents\lab-Shishkin\projects\BCI_classifier\data\pr_Agency_EBCI\features\csp\test\05_15 Arina\MATRIX_[8, 15]_robust_concat_02_calib_MI.hdf","[8, 15]",54,55,-2,last5,0.8542435325091208,0.354,1.768,0.01109361368210704,0.09880829995944126,0.4195747841850055,0.5535714285714286,,0.0,final_score_1,0.2850921825978691,16,3
pr_Agency_EBCI,test,05_15 Arina,02_calib_MI,test/05_15 Arina/02_calib_MI,"MATRIX_[9, 13]_robust_concat_02_calib_MI.hdf","C:\Users\hodor\Documents\lab-Shishkin\projects\BCI_classifier\data\pr_Agency_EBCI\features\csp\test\05_15 Arina\MATRIX_[9, 13]_robust_concat_02_calib_MI.hdf","[9, 13]",55,56,-1,last5,0.9145235985731801,0.415,2.37,0.0044177473087204655,0.22887119131449538,0.1591285207403213,0.5535714285714286,,0.0,final_score_1,0.25015588578105635,17,5
pr_Agency_EBCI,test,05_15 Arina,02_calib_MI,test/05_15 Arina/02_calib_MI,"MATRIX_[8, 15]_robust_concat_02_calib_MI.hdf","C:\Users\hodor\Documents\lab-Shishkin\projects\BCI_classifier\data\pr_Agency_EBCI\features\csp\test\05_15 Arina\MATRIX_[8, 15]_robust_concat_02_calib_MI.hdf","[8, 15]",2,3,2,first5,0.3128877394654025,0.187,0.787,0.019309601033976054,0.2705886824394679,0.5689872314461252,0.5535714285714286,,0.0,final_score_1,0.2439117954107985,18,4
pr_Agency_EBCI,test,05_15 Arina,02_calib_MI,test/05_15 Arina/02_calib_MI,"MATRIX_[8, 15]_robust_concat_02_calib_MI.hdf","C:\Users\hodor\Documents\lab-Shishkin\projects\BCI_classifier\data\pr_Agency_EBCI\features\csp\test\05_15 Arina\MATRIX_[8, 15]_robust_concat_02_calib_MI.hdf","[8, 15]",52,53,-4,last5,0.8382921153477532,0.338,1.646,0.005187359460824936,0.1867353781634417,0.28621017708000285,0.4285714285714286,,0.0,final_score_1,0.2283651395318347,19,5
pr_Agency_EBCI,test,05_15 Arina,02_calib_MI,test/05_15 Arina/02_calib_MI,"MATRIX_[10, 14]_robust_concat_02_calib_MI.hdf","C:\Users\hodor\Documents\lab-Shishkin\projects\BCI_classifier\data\pr_Agency_EBCI\features\csp\test\05_15 Arina\MATRIX_[10, 14]_robust_concat_02_calib_MI.hdf","[10, 14]",52,53,-4,last5,0.8948494987904099,0.395,2.141,0.006121962166767192,0.22064223973310146,0.15267092568860466,0.5178571428571428,,0.0,final_score_1,0.22382124158988898,20,6
pr_Agency_EBCI,test,05_15 Arina,02_calib_MI,test/05_15 Arina/02_calib_MI,"MATRIX_[8, 15]_robust_concat_02_calib_MI.hdf","C:\Users\hodor\Documents\lab-Shishkin\projects\BCI_classifier\data\pr_Agency_EBCI\features\csp\test\05_15 Arina\MATRIX_[8, 15]_robust_concat_02_calib_MI.hdf","[8, 15]",51,52,-5,last5,0.8331047558869282,0.333,1.608,0.015989163614443247,0.20921922989209424,0.19627359240793285,0.6071428571428572,,0.0,final_score_1,0.21701106936306808,21,6
pr_Agency_EBCI,test,05_15 Arina,02_calib_MI,test/05_15 Arina/02_calib_MI,"MATRIX_[8, 12]_robust_concat_02_calib_MI.hdf","C:\Users\hodor\Documents\lab-Shishkin\projects\BCI_classifier\data\pr_Agency_EBCI\features\csp\test\05_15 Arina\MATRIX_[8, 12]_robust_concat_02_calib_MI.hdf","[8, 12]",54,55,-2,last5,0.8881977698767511,0.388,2.072,0.01399717646401788,0.21429304879676447,0.15662705325002468,0.4464285714285714,,0.0,final_score_1,0.20816566012725876,22,5
pr_Agency_EBCI,test,05_15 Arina,02_calib_MI,test/05_15 Arina/02_calib_MI,"MATRIX_[9, 13]_robust_concat_02_calib_MI.hdf","C:\Users\hodor\Documents\lab-Shishkin\projects\BCI_classifier\data\pr_Agency_EBCI\features\csp\test\05_15 Arina\MATRIX_[9, 13]_robust_concat_02_calib_MI.hdf","[9, 13]",53,54,-3,last5,0.8983804227798871,0.398,2.179,0.0017433866175757817,0.19396932799295355,0.09356528428740422,0.4464285714285714,,0.0,final_score_1,0.16552751483382452,23,6
pr_Agency_EBCI,test,05_15 Arina,02_calib_MI,test/05_15 Arina/02_calib_MI,"MATRIX_[8, 12]_robust_concat_02_calib_MI.hdf","C:\Users\hodor\Documents\lab-Shishkin\projects\BCI_classifier\data\pr_Agency_EBCI\features\csp\test\05_15 Arina\MATRIX_[8, 12]_robust_concat_02_calib_MI.hdf","[8, 12]",51,52,-5,last5,0.8578358129869287,0.358,1.797,0.001242937951408507,0.08618462553659986,0.2218161340016168,0.4821428571428571,,0.0,final_score_1,0.16342740301640304,24,6
pr_Agency_EBCI,test,05_15 Arina,02_calib_MI,test/05_15 Arina/02_calib_MI,"MATRIX_[9, 13]_robust_concat_02_calib_MI.hdf","C:\Users\hodor\Documents\lab-Shishkin\projects\BCI_classifier\data\pr_Agency_EBCI\features\csp\test\05_15 Arina\MATRIX_[9, 13]_robust_concat_02_calib_MI.hdf","[9, 13]",54,55,-2,last5,0.9101058512644596,0.41,2.315,0.011725428484572586,0.1121137546246059,0.14845085648036405,0.5178571428571428,,0.0,final_score_1,0.1621549410180036,25,7
pr_Agency_EBCI,test,05_15 Arina,02_calib_MI,test/05_15 Arina/02_calib_MI,"MATRIX_[9, 13]_robust_concat_02_calib_MI.hdf","C:\Users\hodor\Documents\lab-Shishkin\projects\BCI_classifier\data\pr_Agency_EBCI\features\csp\test\05_15 Arina\MATRIX_[9, 13]_robust_concat_02_calib_MI.hdf","[9, 13]",3,4,3,first5,0.2900240820810842,0.21,0.895,0.0634112010507406,0.2059863639069871,0.28426372841568026,0.5535714285714286,,0.0,final_score_1,0.1599440926202702,26,8
pr_Agency_EBCI,test,05_15 Arina,02_calib_MI,test/05_15 Arina/02_calib_MI,"MATRIX_[8, 12]_robust_concat_02_calib_MI.hdf","C:\Users\hodor\Documents\lab-Shishkin\projects\BCI_classifier\data\pr_Agency_EBCI\features\csp\test\05_15 Arina\MATRIX_[8, 12]_robust_concat_02_calib_MI.hdf","[8, 12]",2,3,2,first5,0.22844395970091544,0.272,1.217,0.04401001500522242,0.18320931787090342,0.21067613850407818,0.4642857142857143,,0.0,final_score_1,0.1568789503390641,27,7
pr_Agency_EBCI,test,05_15 Arina,02_calib_MI,test/05_15 Arina/02_calib_MI,"MATRIX_[8, 15]_robust_concat_02_calib_MI.hdf","C:\Users\hodor\Documents\lab-Shishkin\projects\BCI_classifier\data\pr_Agency_EBCI\features\csp\test\05_15 Arina\MATRIX_[8, 15]_robust_concat_02_calib_MI.hdf","[8, 15]",53,54,-3,last5,0.8431499188270137,0.343,1.682,0.0048578034792605695,0.18798020952565864,0.12404023951045867,0.4107142857142857,,0.0,final_score_1,0.15097889477735127,28,7
pr_Agency_EBCI,test,05_15 Arina,02_calib_MI,test/05_15 Arina/02_calib_MI,"MATRIX_[8, 15]_robust_concat_02_calib_MI.hdf","C:\Users\hodor\Documents\lab-Shishkin\projects\BCI_classifier\data\pr_Agency_EBCI\features\csp\test\05_15 Arina\MATRIX_[8, 15]_robust_concat_02_calib_MI.hdf","[8, 15]",4,5,4,first5,0.3954303675900973,0.105,0.425,0.022008729249456738,0.20369278131463847,0.7060944311258275,0.5714285714285714,,0.0,final_score_1,0.15011489005267686,29,8
pr_Agency_EBCI,test,05_15 Arina,02_calib_MI,test/05_15 Arina/02_calib_MI,"MATRIX_[8, 12]_robust_concat_02_calib_MI.hdf","C:\Users\hodor\Documents\lab-Shishkin\projects\BCI_classifier\data\pr_Agency_EBCI\features\csp\test\05_15 Arina\MATRIX_[8, 12]_robust_concat_02_calib_MI.hdf","[8, 12]",53,54,-3,last5,0.8742005934127333,0.374,1.939,0.010941935590021434,0.11940164950692775,0.11530588032140751,0.5535714285714286,,0.0,final_score_1,0.13637345724204236,30,8
pr_Agency_EBCI,test,05_15 Arina,02_calib_MI,test/05_15 Arina/02_calib_MI,"MATRIX_[9, 13]_robust_concat_02_calib_MI.hdf","C:\Users\hodor\Documents\lab-Shishkin\projects\BCI_classifier\data\pr_Agency_EBCI\features\csp\test\05_15 Arina\MATRIX_[9, 13]_robust_concat_02_calib_MI.hdf","[9, 13]",4,5,4,first5,0.3534352831318248,0.147,0.604,0.07560546665447976,0.23213604412277616,0.32290245997905437,0.5714285714285714,,0.0,final_score_1,0.12821389444752285,31,9
pr_Agency_EBCI,test,05_15 Arina,02_calib_MI,test/05_15 Arina/02_calib_MI,"MATRIX_[8, 12]_robust_concat_02_calib_MI.hdf","C:\Users\hodor\Documents\lab-Shishkin\projects\BCI_classifier\data\pr_Agency_EBCI\features\csp\test\05_15 Arina\MATRIX_[8, 12]_robust_concat_02_calib_MI.hdf","[8, 12]",4,5,4,first5,0.3461085440118258,0.154,0.636,0.035254746899832545,0.36825600381956025,0.13433828431782358,0.5892857142857143,,0.0,final_score_1,0.1230099520216247,32,9
pr_Agency_EBCI,test,05_15 Arina,02_calib_MI,test/05_15 Arina/02_calib_MI,"MATRIX_[10, 14]_robust_concat_02_calib_MI.hdf","C:\Users\hodor\Documents\lab-Shishkin\projects\BCI_classifier\data\pr_Agency_EBCI\features\csp\test\05_15 Arina\MATRIX_[10, 14]_robust_concat_02_calib_MI.hdf","[10, 14]",4,5,4,first5,0.3757472206392476,0.124,0.508,0.0230201661683741,0.11712805938595662,0.4830876962311272,0.5892857142857143,,0.0,final_score_1,0.11828537641053816,33,7
pr_Agency_EBCI,test,05_15 Arina,02_calib_MI,test/05_15 Arina/02_calib_MI,"MATRIX_[9, 13]_robust_concat_02_calib_MI.hdf","C:\Users\hodor\Documents\lab-Shishkin\projects\BCI_classifier\data\pr_Agency_EBCI\features\csp\test\05_15 Arina\MATRIX_[9, 13]_robust_concat_02_calib_MI.hdf","[9, 13]",52,53,-4,last5,0.8966370361623113,0.397,2.16,0.00621920798648079,0.06344048712920583,0.1255701837970727,0.4821428571428571,,0.0,final_score_1,0.11121590388735365,34,10
pr_Agency_EBCI,test,05_15 Arina,02_calib_MI,test/05_15 Arina/02_calib_MI,"MATRIX_[8, 12]_robust_concat_02_calib_MI.hdf","C:\Users\hodor\Documents\lab-Shishkin\projects\BCI_classifier\data\pr_Agency_EBCI\features\csp\test\05_15 Arina\MATRIX_[8, 12]_robust_concat_02_calib_MI.hdf","[8, 12]",52,53,-4,last5,0.8632586578227118,0.363,1.843,0.005422844835783147,0.11785155541112625,0.058395666864450274,0.4642857142857143,,0.0,final_score_1,0.09368169318312163,35,10
pr_Agency_EBCI,test,05_15 Arina,02_calib_MI,test/05_15 Arina/02_calib_MI,"MATRIX_[10, 14]_robust_concat_02_calib_MI.hdf","C:\Users\hodor\Documents\lab-Shishkin\projects\BCI_classifier\data\pr_Agency_EBCI\features\csp\test\05_15 Arina\MATRIX_[10, 14]_robust_concat_02_calib_MI.hdf","[10, 14]",55,56,-1,last5,0.9238904306672031,0.424,2.496,0.010693985883181933,0.0596084607710686,0.0808273532299127,0.4464285714285714,,0.0,final_score_1,0.08612727850088753,36,8
pr_Agency_EBCI,test,05_15 Arina,02_calib_MI,test/05_15 Arina/02_calib_MI,"MATRIX_[10, 14]_robust_concat_02_calib_MI.hdf","C:\Users\hodor\Documents\lab-Shishkin\projects\BCI_classifier\data\pr_Agency_EBCI\features\csp\test\05_15 Arina\MATRIX_[10, 14]_robust_concat_02_calib_MI.hdf","[10, 14]",51,52,-5,last5,0.8887275366236427,0.389,2.078,0.005751848225653111,0.08185339804472151,0.04900939397844545,0.5,,0.0,final_score_1,0.07635843914551792,37,9
pr_Agency_EBCI,test,05_15 Arina,02_calib_MI,test/05_15 Arina/02_calib_MI,"MATRIX_[10, 14]_robust_concat_02_calib_MI.hdf","C:\Users\hodor\Documents\lab-Shishkin\projects\BCI_classifier\data\pr_Agency_EBCI\features\csp\test\05_15 Arina\MATRIX_[10, 14]_robust_concat_02_calib_MI.hdf","[10, 14]",3,4,3,first5,0.3218696175802153,0.178,0.745,0.053877603059032275,0.14931430307335444,0.10088019169356388,0.5,,0.0,final_score_1,0.06680193010276719,38,10
pr_Agency_EBCI,test,05_15 Arina,02_calib_MI,test/05_15 Arina/02_calib_MI,"MATRIX_[8, 15]_robust_concat_02_calib_MI.hdf","C:\Users\hodor\Documents\lab-Shishkin\projects\BCI_classifier\data\pr_Agency_EBCI\features\csp\test\05_15 Arina\MATRIX_[8, 15]_robust_concat_02_calib_MI.hdf","[8, 15]",3,4,3,first5,0.33219734049937855,0.168,0.698,0.06323302709071876,0.13824596991690336,0.11600834386474043,0.4821428571428571,,0.0,final_score_1,0.06330932413162932,39,9
pr_Agency_EBCI,test,05_15 Arina,02_calib_MI,test/05_15 Arina/02_calib_MI,"MATRIX_[8, 15]_robust_concat_02_calib_MI.hdf","C:\Users\hodor\Documents\lab-Shishkin\projects\BCI_classifier\data\pr_Agency_EBCI\features\csp\test\05_15 Arina\MATRIX_[8, 15]_robust_concat_02_calib_MI.hdf","[8, 15]",55,56,-1,last5,0.8769780390234962,0.377,1.964,0.022734506514375474,0.04563460913708822,0.04911178104051127,0.6071428571428572,,0.0,final_score_1,0.0574061610486777,40,10
pr_Agency_EBCI,test,05_15 Arina,02_calib_MI,test/05_15 Arina/02_calib_MI,"MATRIX_[9, 13]_robust_concat_02_calib_MI.hdf","C:\Users\hodor\Documents\lab-Shishkin\projects\BCI_classifier\data\pr_Agency_EBCI\features\csp\test\05_15 Arina\MATRIX_[9, 13]_robust_concat_02_calib_MI.hdf","[9, 13]",0,1,0,first5,0.11807216184580732,0.382,2.011,0.0977919556284087,1.2999503317228778,0.4008005581542232,0.5535714285714286,,0.0,final_score_2,5.313540597146928,1,1
pr_Agency_EBCI,test,05_15 Arina,02_calib_MI,test/05_15 Arina/02_calib_MI,"MATRIX_[10, 14]_robust_concat_02_calib_MI.hdf","C:\Users\hodor\Documents\lab-Shishkin\projects\BCI_classifier\data\pr_Agency_EBCI\features\csp\test\05_15 Arina\MATRIX_[10, 14]_robust_concat_02_calib_MI.hdf","[10, 14]",0,1,0,first5,0.14326209298014225,0.357,1.788,0.05222045555092675,1.420869812439509,0.44307330924107075,0.5535714285714286,,0.0,final_score_2,5.177634575645434,2,1
pr_Agency_EBCI,test,05_15 Arina,02_calib_MI,test/05_15 Arina/02_calib_MI,"MATRIX_[8, 12]_robust_concat_02_calib_MI.hdf","C:\Users\hodor\Documents\lab-Shishkin\projects\BCI_classifier\data\pr_Agency_EBCI\features\csp\test\05_15 Arina\MATRIX_[8, 12]_robust_concat_02_calib_MI.hdf","[8, 12]",0,1,0,first5,0.11464841745795484,0.385,2.044,0.1098051650533805,1.1910758917274695,0.3576326987505296,0.5357142857142857,,0.0,final_score_2,4.8613962655104395,3,1
pr_Agency_EBCI,test,05_15 Arina,02_calib_MI,test/05_15 Arina/02_calib_MI,"MATRIX_[8, 15]_robust_concat_02_calib_MI.hdf","C:\Users\hodor\Documents\lab-Shishkin\projects\BCI_classifier\data\pr_Agency_EBCI\features\csp\test\05_15 Arina\MATRIX_[8, 15]_robust_concat_02_calib_MI.hdf","[8, 15]",0,1,0,first5,0.16329774071593453,0.337,1.634,0.06741876921868684,1.2586550818691162,0.38100680842675005,0.5535714285714286,,0.0,final_score_2,4.162340267869282,4,1
pr_Agency_EBCI,test,05_15 Arina,02_calib_MI,test/05_15 Arina/02_calib_MI,"MATRIX_[10, 14]_robust_concat_02_calib_MI.hdf","C:\Users\hodor\Documents\lab-Shishkin\projects\BCI_classifier\data\pr_Agency_EBCI\features\csp\test\05_15 Arina\MATRIX_[10, 14]_robust_concat_02_calib_MI.hdf","[10, 14]",1,2,1,first5,0.195482548531069,0.305,1.415,0.08728970713868522,0.7039514515038332,0.413326981474953,0.5714285714285714,,0.0,final_score_2,2.4843484013306867,5,2
pr_Agency_EBCI,test,05_15 Arina,02_calib_MI,test/05_15 Arina/02_calib_MI,"MATRIX_[9, 13]_robust_concat_02_calib_MI.hdf","C:\Users\hodor\Documents\lab-Shishkin\projects\BCI_classifier\data\pr_Agency_EBCI\features\csp\test\05_15 Arina\MATRIX_[9, 13]_robust_concat_02_calib_MI.hdf","[9, 13]",1,2,1,first5,0.21586411747421602,0.284,1.29,0.054348731867849776,0.7986771235099772,0.30594597876557744,0.5714285714285714,,0.0,final_score_2,2.239228831612875,6,2
pr_Agency_EBCI,test,05_15 Arina,02_calib_MI,test/05_15 Arina/02_calib_MI,"MATRIX_[8, 12]_robust_concat_02_calib_MI.hdf","C:\Users\hodor\Documents\lab-Shishkin\projects\BCI_classifier\data\pr_Agency_EBCI\features\csp\test\05_15 Arina\MATRIX_[8, 12]_robust_concat_02_calib_MI.hdf","[8, 12]",1,2,1,first5,0.22445358251133535,0.276,1.24,0.003990377189580091,0.785429119149812,0.323711593100359,0.5892857142857143,,0.0,final_score_2,2.1857994464987303,7,2
pr_Agency_EBCI,test,05_15 Arina,02_calib_MI,test/05_15 Arina/02_calib_MI,"MATRIX_[8, 15]_robust_concat_02_calib_MI.hdf","C:\Users\hodor\Documents\lab-Shishkin\projects\BCI_classifier\data\pr_Agency_EBCI\features\csp\test\05_15 Arina\MATRIX_[8, 15]_robust_concat_02_calib_MI.hdf","[8, 15]",1,2,1,first5,0.23071650993462137,0.269,1.204,0.08217122953078113,0.7844362763457143,0.3426508050089545,0.5714285714285714,,0.0,final_score_2,2.1324487579230333,8,2
pr_Agency_EBCI,test,05_15 Arina,02_calib_MI,test/05_15 Arina/02_calib_MI,"MATRIX_[10, 14]_robust_concat_02_calib_MI.hdf","C:\Users\hodor\Documents\lab-Shishkin\projects\BCI_classifier\data\pr_Agency_EBCI\features\csp\test\05_15 Arina\MATRIX_[10, 14]_robust_concat_02_calib_MI.hdf","[10, 14]",54,55,-2,last5,0.9131964447840212,0.413,2.353,0.008064962876992765,0.05554695913376631,0.4500891608001345,0.5892857142857143,,0.0,final_score_2,1.8908714165749594,9,3
pr_Agency_EBCI,test,05_15 Arina,02_calib_MI,test/05_15 Arina/02_calib_MI,"MATRIX_[9, 13]_robust_concat_02_calib_MI.hdf","C:\Users\hodor\Documents\lab-Shishkin\projects\BCI_classifier\data\pr_Agency_EBCI\features\csp\test\05_15 Arina\MATRIX_[9, 13]_robust_concat_02_calib_MI.hdf","[9, 13]",51,52,-5,last5,0.8904178281758305,0.39,2.095,0.002788795354370599,0.173026401731664,0.42078354377202754,0.5,,0.0,final_score_2,1.8660477537453508,10,3
pr_Agency_EBCI,test,05_15 Arina,02_calib_MI,test/05_15 Arina/02_calib_MI,"MATRIX_[8, 12]_robust_concat_02_calib_MI.hdf","C:\Users\hodor\Documents\lab-Shishkin\projects\BCI_classifier\data\pr_Agency_EBCI\features\csp\test\05_15 Arina\MATRIX_[8, 12]_robust_concat_02_calib_MI.hdf","[8, 12]",55,56,-1,last5,0.8934212730681721,0.393,2.126,0.005223503191420953,0.2806680072751435,0.26976229994601075,0.5714285714285714,,0.0,final_score_2,1.8389090235248446,11,3
pr_Agency_EBCI,test,05_15 Arina,02_calib_MI,test/05_15 Arina/02_calib_MI,"MATRIX_[10, 14]_robust_concat_02_calib_MI.hdf","C:\Users\hodor\Documents\lab-Shishkin\projects\BCI_classifier\data\pr_Agency_EBCI\features\csp\test\05_15 Arina\MATRIX_[10, 14]_robust_concat_02_calib_MI.hdf","[10, 14]",53,54,-3,last5,0.9051314819070284,0.405,2.256,0.010281983116618543,0.16310437714488465,0.30260815798970175,0.5357142857142857,,0.0,final_score_2,1.6134943431548554,12,4
pr_Agency_EBCI,test,05_15 Arina,02_calib_MI,test/05_15 Arina/02_calib_MI,"MATRIX_[9, 13]_robust_concat_02_calib_MI.hdf","C:\Users\hodor\Documents\lab-Shishkin\projects\BCI_classifier\data\pr_Agency_EBCI\features\csp\test\05_15 Arina\MATRIX_[9, 13]_robust_concat_02_calib_MI.hdf","[9, 13]",2,3,2,first5,0.2702128493420658,0.23,0.994,0.019811232739018414,0.3297548274833745,0.6962920857313382,0.5714285714285714,,0.0,final_score_2,1.602685278441381,13,4
pr_Agency_EBCI,test,05_15 Arina,02_calib_MI,test/05_15 Arina/02_calib_MI,"MATRIX_[8, 12]_robust_concat_02_calib_MI.hdf","C:\Users\hodor\Documents\lab-Shishkin\projects\BCI_classifier\data\pr_Agency_EBCI\features\csp\test\05_15 Arina\MATRIX_[8, 12]_robust_concat_02_calib_MI.hdf","[8, 12]",3,4,3,first5,0.27245397470613786,0.228,0.982,0.07365456930568792,0.5150264116024215,0.5194447296737379,0.5714285714285714,,0.0,final_score_2,1.5963367525807246,14,4
pr_Agency_EBCI,test,05_15 Arina,02_calib_MI,test/05_15 Arina/02_calib_MI,"MATRIX_[9, 13]_robust_concat_02_calib_MI.hdf","C:\Users\hodor\Documents\lab-Shishkin\projects\BCI_classifier\data\pr_Agency_EBCI\features\csp\test\05_15 Arina\MATRIX_[9, 13]_robust_concat_02_calib_MI.hdf","[9, 13]",55,56,-1,last5,0.9145235985731801,0.415,2.37,0.0044177473087204655,0.22887119131449538,0.1591285207403213,0.5535714285714286,,0.0,final_score_2,1.4286010826532618,15,5
pr_Agency_EBCI,test,05_15 Arina,02_calib_MI,test/05_15 Arina/02_calib_MI,"MATRIX_[8, 15]_robust_concat_02_calib_MI.hdf","C:\Users\hodor\Documents\lab-Shishkin\projects\BCI_classifier\data\pr_Agency_EBCI\features\csp\test\05_15 Arina\MATRIX_[8, 15]_robust_concat_02_calib_MI.hdf","[8, 15]",54,55,-2,last5,0.8542435325091208,0.354,1.768,0.01109361368210704,0.09880829995944126,0.4195747841850055,0.5535714285714286,,0.0,final_score_2,1.4238502226921828,16,3
pr_Agency_EBCI,test,05_15 Arina,02_calib_MI,test/05_15 Arina/02_calib_MI,"MATRIX_[10, 14]_robust_concat_02_calib_MI.hdf","C:\Users\hodor\Documents\lab-Shishkin\projects\BCI_classifier\data\pr_Agency_EBCI\features\csp\test\05_15 Arina\MATRIX_[10, 14]_robust_concat_02_calib_MI.hdf","[10, 14]",2,3,2,first5,0.2827722556697542,0.217,0.931,0.03909736191046109,0.22361543120658028,0.6907349252803665,0.5535714285714286,,0.0,final_score_2,1.3224934968638078,17,5
pr_Agency_EBCI,test,05_15 Arina,02_calib_MI,test/05_15 Arina/02_calib_MI,"MATRIX_[10, 14]_robust_concat_02_calib_MI.hdf","C:\Users\hodor\Documents\lab-Shishkin\projects\BCI_classifier\data\pr_Agency_EBCI\features\csp\test\05_15 Arina\MATRIX_[10, 14]_robust_concat_02_calib_MI.hdf","[10, 14]",52,53,-4,last5,0.8948494987904099,0.395,2.141,0.006121962166767192,0.22064223973310146,0.15267092568860466,0.5178571428571428,,0.0,final_score_2,1.213167793022664,18,6
pr_Agency_EBCI,test,05_15 Arina,02_calib_MI,test/05_15 Arina/02_calib_MI,"MATRIX_[8, 15]_robust_concat_02_calib_MI.hdf","C:\Users\hodor\Documents\lab-Shishkin\projects\BCI_classifier\data\pr_Agency_EBCI\features\csp\test\05_15 Arina\MATRIX_[8, 15]_robust_concat_02_calib_MI.hdf","[8, 15]",52,53,-4,last5,0.8382921153477532,0.338,1.646,0.005187359460824936,0.1867353781634417,0.28621017708000285,0.4285714285714286,,0.0,final_score_2,1.1120976913295855,19,4
pr_Agency_EBCI,test,05_15 Arina,02_calib_MI,test/05_15 Arina/02_calib_MI,"MATRIX_[8, 12]_robust_concat_02_calib_MI.hdf","C:\Users\hodor\Documents\lab-Shishkin\projects\BCI_classifier\data\pr_Agency_EBCI\features\csp\test\05_15 Arina\MATRIX_[8, 12]_robust_concat_02_calib_MI.hdf","[8, 12]",54,55,-2,last5,0.8881977698767511,0.388,2.072,0.01399717646401788,0.21429304879676447,0.15662705325002468,0.4464285714285714,,0.0,final_score_2,1.1116475458342272,20,5
pr_Agency_EBCI,test,05_15 Arina,02_calib_MI,test/05_15 Arina/02_calib_MI,"MATRIX_[8, 15]_robust_concat_02_calib_MI.hdf","C:\Users\hodor\Documents\lab-Shishkin\projects\BCI_classifier\data\pr_Agency_EBCI\features\csp\test\05_15 Arina\MATRIX_[8, 15]_robust_concat_02_calib_MI.hdf","[8, 15]",51,52,-5,last5,0.8331047558869282,0.333,1.608,0.015989163614443247,0.20921922989209424,0.19627359240793285,0.6071428571428572,,0.0,final_score_2,1.0479093079153556,21,5
pr_Agency_EBCI,test,05_15 Arina,02_calib_MI,test/05_15 Arina/02_calib_MI,"MATRIX_[8, 15]_robust_concat_02_calib_MI.hdf","C:\Users\hodor\Documents\lab-Shishkin\projects\BCI_classifier\data\pr_Agency_EBCI\features\csp\test\05_15 Arina\MATRIX_[8, 15]_robust_concat_02_calib_MI.hdf","[8, 15]",2,3,2,first5,0.3128877394654025,0.187,0.787,0.019309601033976054,0.2705886824394679,0.5689872314461252,0.5535714285714286,,0.0,final_score_2,1.0265164865684409,22,6
pr_Agency_EBCI,test,05_15 Arina,02_calib_MI,test/05_15 Arina/02_calib_MI,"MATRIX_[9, 13]_robust_concat_02_calib_MI.hdf","C:\Users\hodor\Documents\lab-Shishkin\projects\BCI_classifier\data\pr_Agency_EBCI\features\csp\test\05_15 Arina\MATRIX_[9, 13]_robust_concat_02_calib_MI.hdf","[9, 13]",54,55,-2,last5,0.9101058512644596,0.41,2.315,0.011725428484572586,0.1121137546246059,0.14845085648036405,0.5178571428571428,,0.0,final_score_2,0.9155821669675082,23,6
pr_Agency_EBCI,test,05_15 Arina,02_calib_MI,test/05_15 Arina/02_calib_MI,"MATRIX_[9, 13]_robust_concat_02_calib_MI.hdf","C:\Users\hodor\Documents\lab-Shishkin\projects\BCI_classifier\data\pr_Agency_EBCI\features\csp\test\05_15 Arina\MATRIX_[9, 13]_robust_concat_02_calib_MI.hdf","[9, 13]",53,54,-3,last5,0.8983804227798871,0.398,2.179,0.0017433866175757817,0.19396932799295355,0.09356528428740422,0.4464285714285714,,0.0,final_score_2,0.9062423488012654,24,7
pr_Agency_EBCI,test,05_15 Arina,02_calib_MI,test/05_15 Arina/02_calib_MI,"MATRIX_[8, 12]_robust_concat_02_calib_MI.hdf","C:\Users\hodor\Documents\lab-Shishkin\projects\BCI_classifier\data\pr_Agency_EBCI\features\csp\test\05_15 Arina\MATRIX_[8, 12]_robust_concat_02_calib_MI.hdf","[8, 12]",51,52,-5,last5,0.8578358129869287,0.358,1.797,0.001242937951408507,0.08618462553659986,0.2218161340016168,0.4821428571428571,,0.0,final_score_2,0.8203325229622243,25,6
pr_Agency_EBCI,test,05_15 Arina,02_calib_MI,test/05_15 Arina/02_calib_MI,"MATRIX_[8, 15]_robust_concat_02_calib_MI.hdf","C:\Users\hodor\Documents\lab-Shishkin\projects\BCI_classifier\data\pr_Agency_EBCI\features\csp\test\05_15 Arina\MATRIX_[8, 15]_robust_concat_02_calib_MI.hdf","[8, 15]",53,54,-3,last5,0.8431499188270137,0.343,1.682,0.0048578034792605695,0.18798020952565864,0.12404023951045867,0.4107142857142857,,0.0,final_score_2,0.7403688076253784,26,7
pr_Agency_EBCI,test,05_15 Arina,02_calib_MI,test/05_15 Arina/02_calib_MI,"MATRIX_[8, 12]_robust_concat_02_calib_MI.hdf","C:\Users\hodor\Documents\lab-Shishkin\projects\BCI_classifier\data\pr_Agency_EBCI\features\csp\test\05_15 Arina\MATRIX_[8, 12]_robust_concat_02_calib_MI.hdf","[8, 12]",53,54,-3,last5,0.8742005934127333,0.374,1.939,0.010941935590021434,0.11940164950692775,0.11530588032140751,0.5535714285714286,,0.0,final_score_2,0.7070270951666315,27,7
pr_Agency_EBCI,test,05_15 Arina,02_calib_MI,test/05_15 Arina/02_calib_MI,"MATRIX_[8, 12]_robust_concat_02_calib_MI.hdf","C:\Users\hodor\Documents\lab-Shishkin\projects\BCI_classifier\data\pr_Agency_EBCI\features\csp\test\05_15 Arina\MATRIX_[8, 12]_robust_concat_02_calib_MI.hdf","[8, 12]",2,3,2,first5,0.22844395970091544,0.272,1.217,0.04401001500522242,0.18320931787090342,0.21067613850407818,0.4642857142857143,,0.0,final_score_2,0.7019179505979449,28,8
pr_Agency_EBCI,test,05_15 Arina,02_calib_MI,test/05_15 Arina/02_calib_MI,"MATRIX_[9, 13]_robust_concat_02_calib_MI.hdf","C:\Users\hodor\Documents\lab-Shishkin\projects\BCI_classifier\data\pr_Agency_EBCI\features\csp\test\05_15 Arina\MATRIX_[9, 13]_robust_concat_02_calib_MI.hdf","[9, 13]",3,4,3,first5,0.2900240820810842,0.21,0.895,0.0634112010507406,0.2059863639069871,0.28426372841568026,0.5535714285714286,,0.0,final_score_2,0.681666489976866,29,8
pr_Agency_EBCI,test,05_15 Arina,02_calib_MI,test/05_15 Arina/02_calib_MI,"MATRIX_[8, 15]_robust_concat_02_calib_MI.hdf","C:\Users\hodor\Documents\lab-Shishkin\projects\BCI_classifier\data\pr_Agency_EBCI\features\csp\test\05_15 Arina\MATRIX_[8, 15]_robust_concat_02_calib_MI.hdf","[8, 15]",4,5,4,first5,0.3954303675900973,0.105,0.425,0.022008729249456738,0.20369278131463847,0.7060944311258275,0.5714285714285714,,0.0,final_score_2,0.607607888308454,30,8
pr_Agency_EBCI,test,05_15 Arina,02_calib_MI,test/05_15 Arina/02_calib_MI,"MATRIX_[9, 13]_robust_concat_02_calib_MI.hdf","C:\Users\hodor\Documents\lab-Shishkin\projects\BCI_classifier\data\pr_Agency_EBCI\features\csp\test\05_15 Arina\MATRIX_[9, 13]_robust_concat_02_calib_MI.hdf","[9, 13]",52,53,-4,last5,0.8966370361623113,0.397,2.16,0.00621920798648079,0.06344048712920583,0.1255701837970727,0.4821428571428571,,0.0,final_score_2,0.6051041622082718,31,9
pr_Agency_EBCI,test,05_15 Arina,02_calib_MI,test/05_15 Arina/02_calib_MI,"MATRIX_[9, 13]_robust_concat_02_calib_MI.hdf","C:\Users\hodor\Documents\lab-Shishkin\projects\BCI_classifier\data\pr_Agency_EBCI\features\csp\test\05_15 Arina\MATRIX_[9, 13]_robust_concat_02_calib_MI.hdf","[9, 13]",4,5,4,first5,0.3534352831318248,0.147,0.604,0.07560546665447976,0.23213604412277616,0.32290245997905437,0.5714285714285714,,0.0,final_score_2,0.5268108316075089,32,10
pr_Agency_EBCI,test,05_15 Arina,02_calib_MI,test/05_15 Arina/02_calib_MI,"MATRIX_[8, 12]_robust_concat_02_calib_MI.hdf","C:\Users\hodor\Documents\lab-Shishkin\projects\BCI_classifier\data\pr_Agency_EBCI\features\csp\test\05_15 Arina\MATRIX_[8, 12]_robust_concat_02_calib_MI.hdf","[8, 12]",4,5,4,first5,0.3461085440118258,0.154,0.636,0.035254746899832545,0.36825600381956025,0.13433828431782358,0.5892857142857143,,0.0,final_score_2,0.5080151265308657,33,9
pr_Agency_EBCI,test,05_15 Arina,02_calib_MI,test/05_15 Arina/02_calib_MI,"MATRIX_[10, 14]_robust_concat_02_calib_MI.hdf","C:\Users\hodor\Documents\lab-Shishkin\projects\BCI_classifier\data\pr_Agency_EBCI\features\csp\test\05_15 Arina\MATRIX_[10, 14]_robust_concat_02_calib_MI.hdf","[10, 14]",55,56,-1,last5,0.9238904306672031,0.424,2.496,0.010693985883181933,0.0596084607710686,0.0808273532299127,0.4464285714285714,,0.0,final_score_2,0.5070134130618285,34,7
pr_Agency_EBCI,test,05_15 Arina,02_calib_MI,test/05_15 Arina/02_calib_MI,"MATRIX_[10, 14]_robust_concat_02_calib_MI.hdf","C:\Users\hodor\Documents\lab-Shishkin\projects\BCI_classifier\data\pr_Agency_EBCI\features\csp\test\05_15 Arina\MATRIX_[10, 14]_robust_concat_02_calib_MI.hdf","[10, 14]",4,5,4,first5,0.3757472206392476,0.124,0.508,0.0230201661683741,0.11712805938595662,0.4830876962311272,0.5892857142857143,,0.0,final_score_2,0.4845884775528499,35,8
pr_Agency_EBCI,test,05_15 Arina,02_calib_MI,test/05_15 Arina/02_calib_MI,"MATRIX_[8, 12]_robust_concat_02_calib_MI.hdf","C:\Users\hodor\Documents\lab-Shishkin\projects\BCI_classifier\data\pr_Agency_EBCI\features\csp\test\05_15 Arina\MATRIX_[8, 12]_robust_concat_02_calib_MI.hdf","[8, 12]",52,53,-4,last5,0.8632586578227118,0.363,1.843,0.005422844835783147,0.11785155541112625,0.058395666864450274,0.4642857142857143,,0.0,final_score_2,0.4756346020289068,36,10
pr_Agency_EBCI,test,05_15 Arina,02_calib_MI,test/05_15 Arina/02_calib_MI,"MATRIX_[10, 14]_robust_concat_02_calib_MI.hdf","C:\Users\hodor\Documents\lab-Shishkin\projects\BCI_classifier\data\pr_Agency_EBCI\features\csp\test\05_15 Arina\MATRIX_[10, 14]_robust_concat_02_calib_MI.hdf","[10, 14]",51,52,-5,last5,0.8887275366236427,0.389,2.078,0.005751848225653111,0.08185339804472151,0.04900939397844545,0.5,,0.0,final_score_2,0.4078993227362114,37,9
pr_Agency_EBCI,test,05_15 Arina,02_calib_MI,test/05_15 Arina/02_calib_MI,"MATRIX_[8, 15]_robust_concat_02_calib_MI.hdf","C:\Users\hodor\Documents\lab-Shishkin\projects\BCI_classifier\data\pr_Agency_EBCI\features\csp\test\05_15 Arina\MATRIX_[8, 15]_robust_concat_02_calib_MI.hdf","[8, 15]",55,56,-1,last5,0.8769780390234962,0.377,1.964,0.022734506514375474,0.04563460913708822,0.04911178104051127,0.6071428571428572,,0.0,final_score_2,0.29906021299629443,38,9
pr_Agency_EBCI,test,05_15 Arina,02_calib_MI,test/05_15 Arina/02_calib_MI,"MATRIX_[10, 14]_robust_concat_02_calib_MI.hdf","C:\Users\hodor\Documents\lab-Shishkin\projects\BCI_classifier\data\pr_Agency_EBCI\features\csp\test\05_15 Arina\MATRIX_[10, 14]_robust_concat_02_calib_MI.hdf","[10, 14]",3,4,3,first5,0.3218696175802153,0.178,0.745,0.053877603059032275,0.14931430307335444,0.10088019169356388,0.5,,0.0,final_score_2,0.2795923479020312,39,10
pr_Agency_EBCI,test,05_15 Arina,02_calib_MI,test/05_15 Arina/02_calib_MI,"MATRIX_[8, 15]_robust_concat_02_calib_MI.hdf","C:\Users\hodor\Documents\lab-Shishkin\projects\BCI_classifier\data\pr_Agency_EBCI\features\csp\test\05_15 Arina\MATRIX_[8, 15]_robust_concat_02_calib_MI.hdf","[8, 15]",3,4,3,first5,0.33219734049937855,0.168,0.698,0.06323302709071876,0.13824596991690336,0.11600834386474043,0.4821428571428571,,0.0,final_score_2,0.263035168118317,40,10
pr_Agency_EBCI,test,05_15 Arina,02_calib_MI,test/05_15 Arina/02_calib_MI,"MATRIX_[10, 14]_robust_concat_02_calib_MI.hdf","C:\Users\hodor\Documents\lab-Shishkin\projects\BCI_classifier\data\pr_Agency_EBCI\features\csp\test\05_15 Arina\MATRIX_[10, 14]_robust_concat_02_calib_MI.hdf","[10, 14]",0,1,0,first5,0.14326209298014225,0.357,1.788,0.05222045555092675,1.420869812439509,0.44307330924107075,0.5535714285714286,,0.0,final_score_3,5.1792875109470575,1,1
pr_Agency_EBCI,test,05_15 Arina,02_calib_MI,test/05_15 Arina/02_calib_MI,"MATRIX_[9, 13]_robust_concat_02_calib_MI.hdf","C:\Users\hodor\Documents\lab-Shishkin\projects\BCI_classifier\data\pr_Agency_EBCI\features\csp\test\05_15 Arina\MATRIX_[9, 13]_robust_concat_02_calib_MI.hdf","[9, 13]",0,1,0,first5,0.11807216184580732,0.382,2.011,0.0977919556284087,1.2999503317228778,0.4008005581542232,0.5535714285714286,,0.0,final_score_3,5.055727153437423,2,1
pr_Agency_EBCI,test,05_15 Arina,02_calib_MI,test/05_15 Arina/02_calib_MI,"MATRIX_[8, 12]_robust_concat_02_calib_MI.hdf","C:\Users\hodor\Documents\lab-Shishkin\projects\BCI_classifier\data\pr_Agency_EBCI\features\csp\test\05_15 Arina\MATRIX_[8, 12]_robust_concat_02_calib_MI.hdf","[8, 12]",0,1,0,first5,0.11464841745795484,0.385,2.044,0.1098051650533805,1.1910758917274695,0.3576326987505296,0.5357142857142857,,0.0,final_score_3,4.611904733714696,3,1
pr_Agency_EBCI,test,05_15 Arina,02_calib_MI,test/05_15 Arina/02_calib_MI,"MATRIX_[8, 15]_robust_concat_02_calib_MI.hdf","C:\Users\hodor\Documents\lab-Shishkin\projects\BCI_classifier\data\pr_Agency_EBCI\features\csp\test\05_15 Arina\MATRIX_[8, 15]_robust_concat_02_calib_MI.hdf","[8, 15]",0,1,0,first5,0.16329774071593453,0.337,1.634,0.06741876921868684,1.2586550818691162,0.38100680842675005,0.5535714285714286,,0.0,final_score_3,4.495736338373097,4,1
pr_Agency_EBCI,test,05_15 Arina,02_calib_MI,test/05_15 Arina/02_calib_MI,"MATRIX_[10, 14]_robust_concat_02_calib_MI.hdf","C:\Users\hodor\Documents\lab-Shishkin\projects\BCI_classifier\data\pr_Agency_EBCI\features\csp\test\05_15 Arina\MATRIX_[10, 14]_robust_concat_02_calib_MI.hdf","[10, 14]",1,2,1,first5,0.195482548531069,0.305,1.415,0.08728970713868522,0.7039514515038332,0.413326981474953,0.5714285714285714,,0.0,final_score_3,3.0136874489676306,5,2
pr_Agency_EBCI,test,05_15 Arina,02_calib_MI,test/05_15 Arina/02_calib_MI,"MATRIX_[8, 15]_robust_concat_02_calib_MI.hdf","C:\Users\hodor\Documents\lab-Shishkin\projects\BCI_classifier\data\pr_Agency_EBCI\features\csp\test\05_15 Arina\MATRIX_[8, 15]_robust_concat_02_calib_MI.hdf","[8, 15]",1,2,1,first5,0.23071650993462137,0.269,1.204,0.08217122953078113,0.7844362763457143,0.3426508050089545,0.5714285714285714,,0.0,final_score_3,2.8806057285698854,6,2
pr_Agency_EBCI,test,05_15 Arina,02_calib_MI,test/05_15 Arina/02_calib_MI,"MATRIX_[9, 13]_robust_concat_02_calib_MI.hdf","C:\Users\hodor\Documents\lab-Shishkin\projects\BCI_classifier\data\pr_Agency_EBCI\features\csp\test\05_15 Arina\MATRIX_[9, 13]_robust_concat_02_calib_MI.hdf","[9, 13]",1,2,1,first5,0.21586411747421602,0.284,1.29,0.054348731867849776,0.7986771235099772,0.30594597876557744,0.5714285714285714,,0.0,final_score_3,2.8289621340853066,7,2
pr_Agency_EBCI,test,05_15 Arina,02_calib_MI,test/05_15 Arina/02_calib_MI,"MATRIX_[8, 12]_robust_concat_02_calib_MI.hdf","C:\Users\hodor\Documents\lab-Shishkin\projects\BCI_classifier\data\pr_Agency_EBCI\features\csp\test\05_15 Arina\MATRIX_[8, 12]_robust_concat_02_calib_MI.hdf","[8, 12]",1,2,1,first5,0.22445358251133535,0.276,1.24,0.003990377189580091,0.785429119149812,0.323711593100359,0.5892857142857143,,0.0,final_score_3,2.74354033088756,8,2
pr_Agency_EBCI,test,05_15 Arina,02_calib_MI,test/05_15 Arina/02_calib_MI,"MATRIX_[8, 12]_robust_concat_02_calib_MI.hdf","C:\Users\hodor\Documents\lab-Shishkin\projects\BCI_classifier\data\pr_Agency_EBCI\features\csp\test\05_15 Arina\MATRIX_[8, 12]_robust_concat_02_calib_MI.hdf","[8, 12]",3,4,3,first5,0.27245397470613786,0.228,0.982,0.07365456930568792,0.5150264116024215,0.5194447296737379,0.5714285714285714,,0.0,final_score_3,2.4760661793173417,9,3
pr_Agency_EBCI,test,05_15 Arina,02_calib_MI,test/05_15 Arina/02_calib_MI,"MATRIX_[9, 13]_robust_concat_02_calib_MI.hdf","C:\Users\hodor\Documents\lab-Shishkin\projects\BCI_classifier\data\pr_Agency_EBCI\features\csp\test\05_15 Arina\MATRIX_[9, 13]_robust_concat_02_calib_MI.hdf","[9, 13]",2,3,2,first5,0.2702128493420658,0.23,0.994,0.019811232739018414,0.3297548274833745,0.6962920857313382,0.5714285714285714,,0.0,final_score_3,2.3834321769600897,10,3
pr_Agency_EBCI,test,05_15 Arina,02_calib_MI,test/05_15 Arina/02_calib_MI,"MATRIX_[10, 14]_robust_concat_02_calib_MI.hdf","C:\Users\hodor\Documents\lab-Shishkin\projects\BCI_classifier\data\pr_Agency_EBCI\features\csp\test\05_15 Arina\MATRIX_[10, 14]_robust_concat_02_calib_MI.hdf","[10, 14]",2,3,2,first5,0.2827722556697542,0.217,0.931,0.03909736191046109,0.22361543120658028,0.6907349252803665,0.5535714285714286,,0.0,final_score_3,2.0852164215540583,11,3
pr_Agency_EBCI,test,05_15 Arina,02_calib_MI,test/05_15 Arina/02_calib_MI,"MATRIX_[8, 15]_robust_concat_02_calib_MI.hdf","C:\Users\hodor\Documents\lab-Shishkin\projects\BCI_classifier\data\pr_Agency_EBCI\features\csp\test\05_15 Arina\MATRIX_[8, 15]_robust_concat_02_calib_MI.hdf","[8, 15]",2,3,2,first5,0.3128877394654025,0.187,0.787,0.019309601033976054,0.2705886824394679,0.5689872314461252,0.5535714285714286,,0.0,final_score_3,1.8110041005784538,12,3
pr_Agency_EBCI,test,05_15 Arina,02_calib_MI,test/05_15 Arina/02_calib_MI,"MATRIX_[8, 15]_robust_concat_02_calib_MI.hdf","C:\Users\hodor\Documents\lab-Shishkin\projects\BCI_classifier\data\pr_Agency_EBCI\features\csp\test\05_15 Arina\MATRIX_[8, 15]_robust_concat_02_calib_MI.hdf","[8, 15]",4,5,4,first5,0.3954303675900973,0.105,0.425,0.022008729249456738,0.20369278131463847,0.7060944311258275,0.5714285714285714,,0.0,final_score_3,1.7431107515405828,13,4
pr_Agency_EBCI,test,05_15 Arina,02_calib_MI,test/05_15 Arina/02_calib_MI,"MATRIX_[9, 13]_robust_concat_02_calib_MI.hdf","C:\Users\hodor\Documents\lab-Shishkin\projects\BCI_classifier\data\pr_Agency_EBCI\features\csp\test\05_15 Arina\MATRIX_[9, 13]_robust_concat_02_calib_MI.hdf","[9, 13]",51,52,-5,last5,0.8904178281758305,0.39,2.095,0.002788795354370599,0.173026401731664,0.42078354377202754,0.5,,0.0,final_score_3,1.5893476282315717,14,4
pr_Agency_EBCI,test,05_15 Arina,02_calib_MI,test/05_15 Arina/02_calib_MI,"MATRIX_[8, 12]_robust_concat_02_calib_MI.hdf","C:\Users\hodor\Documents\lab-Shishkin\projects\BCI_classifier\data\pr_Agency_EBCI\features\csp\test\05_15 Arina\MATRIX_[8, 12]_robust_concat_02_calib_MI.hdf","[8, 12]",55,56,-1,last5,0.8934212730681721,0.393,2.126,0.005223503191420953,0.2806680072751435,0.26976229994601075,0.5714285714285714,,0.0,final_score_3,1.5519244760771727,15,4
pr_Agency_EBCI,test,05_15 Arina,02_calib_MI,test/05_15 Arina/02_calib_MI,"MATRIX_[10, 14]_robust_concat_02_calib_MI.hdf","C:\Users\hodor\Documents\lab-Shishkin\projects\BCI_classifier\data\pr_Agency_EBCI\features\csp\test\05_15 Arina\MATRIX_[10, 14]_robust_concat_02_calib_MI.hdf","[10, 14]",54,55,-2,last5,0.9131964447840212,0.413,2.353,0.008064962876992765,0.05554695913376631,0.4500891608001345,0.5892857142857143,,0.0,final_score_3,1.478080700857704,16,4
pr_Agency_EBCI,test,05_15 Arina,02_calib_MI,test/05_15 Arina/02_calib_MI,"MATRIX_[8, 15]_robust_concat_02_calib_MI.hdf","C:\Users\hodor\Documents\lab-Shishkin\projects\BCI_classifier\data\pr_Agency_EBCI\features\csp\test\05_15 Arina\MATRIX_[8, 15]_robust_concat_02_calib_MI.hdf","[8, 15]",54,55,-2,last5,0.8542435325091208,0.354,1.768,0.01109361368210704,0.09880829995944126,0.4195747841850055,0.5535714285714286,,0.0,final_score_3,1.3881803239274073,17,5
pr_Agency_EBCI,test,05_15 Arina,02_calib_MI,test/05_15 Arina/02_calib_MI,"MATRIX_[10, 14]_robust_concat_02_calib_MI.hdf","C:\Users\hodor\Documents\lab-Shishkin\projects\BCI_classifier\data\pr_Agency_EBCI\features\csp\test\05_15 Arina\MATRIX_[10, 14]_robust_concat_02_calib_MI.hdf","[10, 14]",53,54,-3,last5,0.9051314819070284,0.405,2.256,0.010281983116618543,0.16310437714488465,0.30260815798970175,0.5357142857142857,,0.0,final_score_3,1.3064274973822316,18,5
pr_Agency_EBCI,test,05_15 Arina,02_calib_MI,test/05_15 Arina/02_calib_MI,"MATRIX_[10, 14]_robust_concat_02_calib_MI.hdf","C:\Users\hodor\Documents\lab-Shishkin\projects\BCI_classifier\data\pr_Agency_EBCI\features\csp\test\05_15 Arina\MATRIX_[10, 14]_robust_concat_02_calib_MI.hdf","[10, 14]",4,5,4,first5,0.3757472206392476,0.124,0.508,0.0230201661683741,0.11712805938595662,0.4830876962311272,0.5892857142857143,,0.0,final_score_3,1.2013768747935503,19,6
pr_Agency_EBCI,test,05_15 Arina,02_calib_MI,test/05_15 Arina/02_calib_MI,"MATRIX_[9, 13]_robust_concat_02_calib_MI.hdf","C:\Users\hodor\Documents\lab-Shishkin\projects\BCI_classifier\data\pr_Agency_EBCI\features\csp\test\05_15 Arina\MATRIX_[9, 13]_robust_concat_02_calib_MI.hdf","[9, 13]",4,5,4,first5,0.3534352831318248,0.147,0.604,0.07560546665447976,0.23213604412277616,0.32290245997905437,0.5714285714285714,,0.0,final_score_3,1.1674058377688092,20,5
pr_Agency_EBCI,test,05_15 Arina,02_calib_MI,test/05_15 Arina/02_calib_MI,"MATRIX_[8, 15]_robust_concat_02_calib_MI.hdf","C:\Users\hodor\Documents\lab-Shishkin\projects\BCI_classifier\data\pr_Agency_EBCI\features\csp\test\05_15 Arina\MATRIX_[8, 15]_robust_concat_02_calib_MI.hdf","[8, 15]",52,53,-4,last5,0.8382921153477532,0.338,1.646,0.005187359460824936,0.1867353781634417,0.28621017708000285,0.4285714285714286,,0.0,final_score_3,1.137105234822597,21,6
pr_Agency_EBCI,test,05_15 Arina,02_calib_MI,test/05_15 Arina/02_calib_MI,"MATRIX_[9, 13]_robust_concat_02_calib_MI.hdf","C:\Users\hodor\Documents\lab-Shishkin\projects\BCI_classifier\data\pr_Agency_EBCI\features\csp\test\05_15 Arina\MATRIX_[9, 13]_robust_concat_02_calib_MI.hdf","[9, 13]",3,4,3,first5,0.2900240820810842,0.21,0.895,0.0634112010507406,0.2059863639069871,0.28426372841568026,0.5535714285714286,,0.0,final_score_3,1.1220957095836304,22,6
pr_Agency_EBCI,test,05_15 Arina,02_calib_MI,test/05_15 Arina/02_calib_MI,"MATRIX_[9, 13]_robust_concat_02_calib_MI.hdf","C:\Users\hodor\Documents\lab-Shishkin\projects\BCI_classifier\data\pr_Agency_EBCI\features\csp\test\05_15 Arina\MATRIX_[9, 13]_robust_concat_02_calib_MI.hdf","[9, 13]",55,56,-1,last5,0.9145235985731801,0.415,2.37,0.0044177473087204655,0.22887119131449538,0.1591285207403213,0.5535714285714286,,0.0,final_score_3,1.1075175404690965,23,7
pr_Agency_EBCI,test,05_15 Arina,02_calib_MI,test/05_15 Arina/02_calib_MI,"MATRIX_[8, 15]_robust_concat_02_calib_MI.hdf","C:\Users\hodor\Documents\lab-Shishkin\projects\BCI_classifier\data\pr_Agency_EBCI\features\csp\test\05_15 Arina\MATRIX_[8, 15]_robust_concat_02_calib_MI.hdf","[8, 15]",51,52,-5,last5,0.8331047558869282,0.333,1.608,0.015989163614443247,0.20921922989209424,0.19627359240793285,0.6071428571428572,,0.0,final_score_3,1.099586333685088,24,7
pr_Agency_EBCI,test,05_15 Arina,02_calib_MI,test/05_15 Arina/02_calib_MI,"MATRIX_[8, 12]_robust_concat_02_calib_MI.hdf","C:\Users\hodor\Documents\lab-Shishkin\projects\BCI_classifier\data\pr_Agency_EBCI\features\csp\test\05_15 Arina\MATRIX_[8, 12]_robust_concat_02_calib_MI.hdf","[8, 12]",4,5,4,first5,0.3461085440118258,0.154,0.636,0.035254746899832545,0.36825600381956025,0.13433828431782358,0.5892857142857143,,0.0,final_score_3,1.0621325651603233,25,5
pr_Agency_EBCI,test,05_15 Arina,02_calib_MI,test/05_15 Arina/02_calib_MI,"MATRIX_[10, 14]_robust_concat_02_calib_MI.hdf","C:\Users\hodor\Documents\lab-Shishkin\projects\BCI_classifier\data\pr_Agency_EBCI\features\csp\test\05_15 Arina\MATRIX_[10, 14]_robust_concat_02_calib_MI.hdf","[10, 14]",52,53,-4,last5,0.8948494987904099,0.395,2.141,0.006121962166767192,0.22064223973310146,0.15267092568860466,0.5178571428571428,,0.0,final_score_3,1.0197594385302533,26,7
pr_Agency_EBCI,test,05_15 Arina,02_calib_MI,test/05_15 Arina/02_calib_MI,"MATRIX_[8, 12]_robust_concat_02_calib_MI.hdf","C:\Users\hodor\Documents\lab-Shishkin\projects\BCI_classifier\data\pr_Agency_EBCI\features\csp\test\05_15 Arina\MATRIX_[8, 12]_robust_concat_02_calib_MI.hdf","[8, 12]",54,55,-2,last5,0.8881977698767511,0.388,2.072,0.01399717646401788,0.21429304879676447,0.15662705325002468,0.4464285714285714,,0.0,final_score_3,0.9644956794863947,27,6
pr_Agency_EBCI,test,05_15 Arina,02_calib_MI,test/05_15 Arina/02_calib_MI,"MATRIX_[8, 12]_robust_concat_02_calib_MI.hdf","C:\Users\hodor\Documents\lab-Shishkin\projects\BCI_classifier\data\pr_Agency_EBCI\features\csp\test\05_15 Arina\MATRIX_[8, 12]_robust_concat_02_calib_MI.hdf","[8, 12]",2,3,2,first5,0.22844395970091544,0.272,1.217,0.04401001500522242,0.18320931787090342,0.21067613850407818,0.4642857142857143,,0.0,final_score_3,0.9181357273466257,28,7
pr_Agency_EBCI,test,05_15 Arina,02_calib_MI,test/05_15 Arina/02_calib_MI,"MATRIX_[8, 12]_robust_concat_02_calib_MI.hdf","C:\Users\hodor\Documents\lab-Shishkin\projects\BCI_classifier\data\pr_Agency_EBCI\features\csp\test\05_15 Arina\MATRIX_[8, 12]_robust_concat_02_calib_MI.hdf","[8, 12]",51,52,-5,last5,0.8578358129869287,0.358,1.797,0.001242937951408507,0.08618462553659986,0.2218161340016168,0.4821428571428571,,0.0,final_score_3,0.7841684522629856,29,8
pr_Agency_EBCI,test,05_15 Arina,02_calib_MI,test/05_15 Arina/02_calib_MI,"MATRIX_[9, 13]_robust_concat_02_calib_MI.hdf","C:\Users\hodor\Documents\lab-Shishkin\projects\BCI_classifier\data\pr_Agency_EBCI\features\csp\test\05_15 Arina\MATRIX_[9, 13]_robust_concat_02_calib_MI.hdf","[9, 13]",53,54,-3,last5,0.8983804227798871,0.398,2.179,0.0017433866175757817,0.19396932799295355,0.09356528428740422,0.4464285714285714,,0.0,final_score_3,0.7481076219614026,30,8
pr_Agency_EBCI,test,05_15 Arina,02_calib_MI,test/05_15 Arina/02_calib_MI,"MATRIX_[8, 15]_robust_concat_02_calib_MI.hdf","C:\Users\hodor\Documents\lab-Shishkin\projects\BCI_classifier\data\pr_Agency_EBCI\features\csp\test\05_15 Arina\MATRIX_[8, 15]_robust_concat_02_calib_MI.hdf","[8, 15]",53,54,-3,last5,0.8431499188270137,0.343,1.682,0.0048578034792605695,0.18798020952565864,0.12404023951045867,0.4107142857142857,,0.0,final_score_3,0.7450631976463168,31,8
pr_Agency_EBCI,test,05_15 Arina,02_calib_MI,test/05_15 Arina/02_calib_MI,"MATRIX_[9, 13]_robust_concat_02_calib_MI.hdf","C:\Users\hodor\Documents\lab-Shishkin\projects\BCI_classifier\data\pr_Agency_EBCI\features\csp\test\05_15 Arina\MATRIX_[9, 13]_robust_concat_02_calib_MI.hdf","[9, 13]",54,55,-2,last5,0.9101058512644596,0.41,2.315,0.011725428484572586,0.1121137546246059,0.14845085648036405,0.5178571428571428,,0.0,final_score_3,0.7274150828347861,32,9
pr_Agency_EBCI,test,05_15 Arina,02_calib_MI,test/05_15 Arina/02_calib_MI,"MATRIX_[8, 12]_robust_concat_02_calib_MI.hdf","C:\Users\hodor\Documents\lab-Shishkin\projects\BCI_classifier\data\pr_Agency_EBCI\features\csp\test\05_15 Arina\MATRIX_[8, 12]_robust_concat_02_calib_MI.hdf","[8, 12]",53,54,-3,last5,0.8742005934127333,0.374,1.939,0.010941935590021434,0.11940164950692775,0.11530588032140751,0.5535714285714286,,0.0,final_score_3,0.6433505852372866,33,9
pr_Agency_EBCI,test,05_15 Arina,02_calib_MI,test/05_15 Arina/02_calib_MI,"MATRIX_[10, 14]_robust_concat_02_calib_MI.hdf","C:\Users\hodor\Documents\lab-Shishkin\projects\BCI_classifier\data\pr_Agency_EBCI\features\csp\test\05_15 Arina\MATRIX_[10, 14]_robust_concat_02_calib_MI.hdf","[10, 14]",3,4,3,first5,0.3218696175802153,0.178,0.745,0.053877603059032275,0.14931430307335444,0.10088019169356388,0.5,,0.0,final_score_3,0.5232921138505283,34,8
pr_Agency_EBCI,test,05_15 Arina,02_calib_MI,test/05_15 Arina/02_calib_MI,"MATRIX_[8, 15]_robust_concat_02_calib_MI.hdf","C:\Users\hodor\Documents\lab-Shishkin\projects\BCI_classifier\data\pr_Agency_EBCI\features\csp\test\05_15 Arina\MATRIX_[8, 15]_robust_concat_02_calib_MI.hdf","[8, 15]",3,4,3,first5,0.33219734049937855,0.168,0.698,0.06323302709071876,0.13824596991690336,0.11600834386474043,0.4821428571428571,,0.0,final_score_3,0.5194728241641223,35,9
pr_Agency_EBCI,test,05_15 Arina,02_calib_MI,test/05_15 Arina/02_calib_MI,"MATRIX_[9, 13]_robust_concat_02_calib_MI.hdf","C:\Users\hodor\Documents\lab-Shishkin\projects\BCI_classifier\data\pr_Agency_EBCI\features\csp\test\05_15 Arina\MATRIX_[9, 13]_robust_concat_02_calib_MI.hdf","[9, 13]",52,53,-4,last5,0.8966370361623113,0.397,2.16,0.00621920798648079,0.06344048712920583,0.1255701837970727,0.4821428571428571,,0.0,final_score_3,0.5053393229625898,36,10
pr_Agency_EBCI,test,05_15 Arina,02_calib_MI,test/05_15 Arina/02_calib_MI,"MATRIX_[8, 12]_robust_concat_02_calib_MI.hdf","C:\Users\hodor\Documents\lab-Shishkin\projects\BCI_classifier\data\pr_Agency_EBCI\features\csp\test\05_15 Arina\MATRIX_[8, 12]_robust_concat_02_calib_MI.hdf","[8, 12]",52,53,-4,last5,0.8632586578227118,0.363,1.843,0.005422844835783147,0.11785155541112625,0.058395666864450274,0.4642857142857143,,0.0,final_score_3,0.447471761271251,37,10
pr_Agency_EBCI,test,05_15 Arina,02_calib_MI,test/05_15 Arina/02_calib_MI,"MATRIX_[10, 14]_robust_concat_02_calib_MI.hdf","C:\Users\hodor\Documents\lab-Shishkin\projects\BCI_classifier\data\pr_Agency_EBCI\features\csp\test\05_15 Arina\MATRIX_[10, 14]_robust_concat_02_calib_MI.hdf","[10, 14]",55,56,-1,last5,0.9238904306672031,0.424,2.496,0.010693985883181933,0.0596084607710686,0.0808273532299127,0.4464285714285714,,0.0,final_score_3,0.37906910642640446,38,9
pr_Agency_EBCI,test,05_15 Arina,02_calib_MI,test/05_15 Arina/02_calib_MI,"MATRIX_[10, 14]_robust_concat_02_calib_MI.hdf","C:\Users\hodor\Documents\lab-Shishkin\projects\BCI_classifier\data\pr_Agency_EBCI\features\csp\test\05_15 Arina\MATRIX_[10, 14]_robust_concat_02_calib_MI.hdf","[10, 14]",51,52,-5,last5,0.8887275366236427,0.389,2.078,0.005751848225653111,0.08185339804472151,0.04900939397844545,0.5,,0.0,final_score_3,0.3507678749366374,39,10
pr_Agency_EBCI,test,05_15 Arina,02_calib_MI,test/05_15 Arina/02_calib_MI,"MATRIX_[8, 15]_robust_concat_02_calib_MI.hdf","C:\Users\hodor\Documents\lab-Shishkin\projects\BCI_classifier\data\pr_Agency_EBCI\features\csp\test\05_15 Arina\MATRIX_[8, 15]_robust_concat_02_calib_MI.hdf","[8, 15]",55,56,-1,last5,0.8769780390234962,0.377,1.964,0.022734506514375474,0.04563460913708822,0.04911178104051127,0.6071428571428572,,0.0,final_score_3,0.2723037092806604,40,10
pr_Agency_EBCI,test,05_15 Arina,02_calib_MI,test/05_15 Arina/02_calib_MI,"MATRIX_[8, 12]_robust_concat_02_calib_MI.hdf","C:\Users\hodor\Documents\lab-Shishkin\projects\BCI_classifier\data\pr_Agency_EBCI\features\csp\test\05_15 Arina\MATRIX_[8, 12]_robust_concat_02_calib_MI.hdf","[8, 12]",0,1,0,first5,0.11464841745795484,0.385,2.044,0.1098051650533805,1.1910758917274695,0.3576326987505296,0.5357142857142857,,0.0,final_score_4,0.0,1,1
pr_Agency_EBCI,test,05_15 Arina,02_calib_MI,test/05_15 Arina/02_calib_MI,"MATRIX_[8, 12]_robust_concat_02_calib_MI.hdf","C:\Users\hodor\Documents\lab-Shishkin\projects\BCI_classifier\data\pr_Agency_EBCI\features\csp\test\05_15 Arina\MATRIX_[8, 12]_robust_concat_02_calib_MI.hdf","[8, 12]",1,2,1,first5,0.22445358251133535,0.276,1.24,0.003990377189580091,0.785429119149812,0.323711593100359,0.5892857142857143,,0.0,final_score_4,0.0,2,2
pr_Agency_EBCI,test,05_15 Arina,02_calib_MI,test/05_15 Arina/02_calib_MI,"MATRIX_[8, 12]_robust_concat_02_calib_MI.hdf","C:\Users\hodor\Documents\lab-Shishkin\projects\BCI_classifier\data\pr_Agency_EBCI\features\csp\test\05_15 Arina\MATRIX_[8, 12]_robust_concat_02_calib_MI.hdf","[8, 12]",2,3,2,first5,0.22844395970091544,0.272,1.217,0.04401001500522242,0.18320931787090342,0.21067613850407818,0.4642857142857143,,0.0,final_score_4,0.0,3,3
pr_Agency_EBCI,test,05_15 Arina,02_calib_MI,test/05_15 Arina/02_calib_MI,"MATRIX_[8, 12]_robust_concat_02_calib_MI.hdf","C:\Users\hodor\Documents\lab-Shishkin\projects\BCI_classifier\data\pr_Agency_EBCI\features\csp\test\05_15 Arina\MATRIX_[8, 12]_robust_concat_02_calib_MI.hdf","[8, 12]",3,4,3,first5,0.27245397470613786,0.228,0.982,0.07365456930568792,0.5150264116024215,0.5194447296737379,0.5714285714285714,,0.0,final_score_4,0.0,4,4
pr_Agency_EBCI,test,05_15 Arina,02_calib_MI,test/05_15 Arina/02_calib_MI,"MATRIX_[8, 12]_robust_concat_02_calib_MI.hdf","C:\Users\hodor\Documents\lab-Shishkin\projects\BCI_classifier\data\pr_Agency_EBCI\features\csp\test\05_15 Arina\MATRIX_[8, 12]_robust_concat_02_calib_MI.hdf","[8, 12]",4,5,4,first5,0.3461085440118258,0.154,0.636,0.035254746899832545,0.36825600381956025,0.13433828431782358,0.5892857142857143,,0.0,final_score_4,0.0,5,5
pr_Agency_EBCI,test,05_15 Arina,02_calib_MI,test/05_15 Arina/02_calib_MI,"MATRIX_[8, 12]_robust_concat_02_calib_MI.hdf","C:\Users\hodor\Documents\lab-Shishkin\projects\BCI_classifier\data\pr_Agency_EBCI\features\csp\test\05_15 Arina\MATRIX_[8, 12]_robust_concat_02_calib_MI.hdf","[8, 12]",51,52,-5,last5,0.8578358129869287,0.358,1.797,0.001242937951408507,0.08618462553659986,0.2218161340016168,0.4821428571428571,,0.0,final_score_4,0.0,6,6
pr_Agency_EBCI,test,05_15 Arina,02_calib_MI,test/05_15 Arina/02_calib_MI,"MATRIX_[8, 12]_robust_concat_02_calib_MI.hdf","C:\Users\hodor\Documents\lab-Shishkin\projects\BCI_classifier\data\pr_Agency_EBCI\features\csp\test\05_15 Arina\MATRIX_[8, 12]_robust_concat_02_calib_MI.hdf","[8, 12]",52,53,-4,last5,0.8632586578227118,0.363,1.843,0.005422844835783147,0.11785155541112625,0.058395666864450274,0.4642857142857143,,0.0,final_score_4,0.0,7,7
pr_Agency_EBCI,test,05_15 Arina,02_calib_MI,test/05_15 Arina/02_calib_MI,"MATRIX_[8, 12]_robust_concat_02_calib_MI.hdf","C:\Users\hodor\Documents\lab-Shishkin\projects\BCI_classifier\data\pr_Agency_EBCI\features\csp\test\05_15 Arina\MATRIX_[8, 12]_robust_concat_02_calib_MI.hdf","[8, 12]",53,54,-3,last5,0.8742005934127333,0.374,1.939,0.010941935590021434,0.11940164950692775,0.11530588032140751,0.5535714285714286,,0.0,final_score_4,0.0,8,8
pr_Agency_EBCI,test,05_15 Arina,02_calib_MI,test/05_15 Arina/02_calib_MI,"MATRIX_[8, 12]_robust_concat_02_calib_MI.hdf","C:\Users\hodor\Documents\lab-Shishkin\projects\BCI_classifier\data\pr_Agency_EBCI\features\csp\test\05_15 Arina\MATRIX_[8, 12]_robust_concat_02_calib_MI.hdf","[8, 12]",54,55,-2,last5,0.8881977698767511,0.388,2.072,0.01399717646401788,0.21429304879676447,0.15662705325002468,0.4464285714285714,,0.0,final_score_4,0.0,9,9
pr_Agency_EBCI,test,05_15 Arina,02_calib_MI,test/05_15 Arina/02_calib_MI,"MATRIX_[8, 12]_robust_concat_02_calib_MI.hdf","C:\Users\hodor\Documents\lab-Shishkin\projects\BCI_classifier\data\pr_Agency_EBCI\features\csp\test\05_15 Arina\MATRIX_[8, 12]_robust_concat_02_calib_MI.hdf","[8, 12]",55,56,-1,last5,0.8934212730681721,0.393,2.126,0.005223503191420953,0.2806680072751435,0.26976229994601075,0.5714285714285714,,0.0,final_score_4,0.0,10,10
pr_Agency_EBCI,test,05_15 Arina,02_calib_MI,test/05_15 Arina/02_calib_MI,"MATRIX_[9, 13]_robust_concat_02_calib_MI.hdf","C:\Users\hodor\Documents\lab-Shishkin\projects\BCI_classifier\data\pr_Agency_EBCI\features\csp\test\05_15 Arina\MATRIX_[9, 13]_robust_concat_02_calib_MI.hdf","[9, 13]",0,1,0,first5,0.11807216184580732,0.382,2.011,0.0977919556284087,1.2999503317228778,0.4008005581542232,0.5535714285714286,,0.0,final_score_4,0.0,11,1
pr_Agency_EBCI,test,05_15 Arina,02_calib_MI,test/05_15 Arina/02_calib_MI,"MATRIX_[9, 13]_robust_concat_02_calib_MI.hdf","C:\Users\hodor\Documents\lab-Shishkin\projects\BCI_classifier\data\pr_Agency_EBCI\features\csp\test\05_15 Arina\MATRIX_[9, 13]_robust_concat_02_calib_MI.hdf","[9, 13]",1,2,1,first5,0.21586411747421602,0.284,1.29,0.054348731867849776,0.7986771235099772,0.30594597876557744,0.5714285714285714,,0.0,final_score_4,0.0,12,2
pr_Agency_EBCI,test,05_15 Arina,02_calib_MI,test/05_15 Arina/02_calib_MI,"MATRIX_[9, 13]_robust_concat_02_calib_MI.hdf","C:\Users\hodor\Documents\lab-Shishkin\projects\BCI_classifier\data\pr_Agency_EBCI\features\csp\test\05_15 Arina\MATRIX_[9, 13]_robust_concat_02_calib_MI.hdf","[9, 13]",2,3,2,first5,0.2702128493420658,0.23,0.994,0.019811232739018414,0.3297548274833745,0.6962920857313382,0.5714285714285714,,0.0,final_score_4,0.0,13,3
pr_Agency_EBCI,test,05_15 Arina,02_calib_MI,test/05_15 Arina/02_calib_MI,"MATRIX_[9, 13]_robust_concat_02_calib_MI.hdf","C:\Users\hodor\Documents\lab-Shishkin\projects\BCI_classifier\data\pr_Agency_EBCI\features\csp\test\05_15 Arina\MATRIX_[9, 13]_robust_concat_02_calib_MI.hdf","[9, 13]",3,4,3,first5,0.2900240820810842,0.21,0.895,0.0634112010507406,0.2059863639069871,0.28426372841568026,0.5535714285714286,,0.0,final_score_4,0.0,14,4
pr_Agency_EBCI,test,05_15 Arina,02_calib_MI,test/05_15 Arina/02_calib_MI,"MATRIX_[9, 13]_robust_concat_02_calib_MI.hdf","C:\Users\hodor\Documents\lab-Shishkin\projects\BCI_classifier\data\pr_Agency_EBCI\features\csp\test\05_15 Arina\MATRIX_[9, 13]_robust_concat_02_calib_MI.hdf","[9, 13]",4,5,4,first5,0.3534352831318248,0.147,0.604,0.07560546665447976,0.23213604412277616,0.32290245997905437,0.5714285714285714,,0.0,final_score_4,0.0,15,5
pr_Agency_EBCI,test,05_15 Arina,02_calib_MI,test/05_15 Arina/02_calib_MI,"MATRIX_[9, 13]_robust_concat_02_calib_MI.hdf","C:\Users\hodor\Documents\lab-Shishkin\projects\BCI_classifier\data\pr_Agency_EBCI\features\csp\test\05_15 Arina\MATRIX_[9, 13]_robust_concat_02_calib_MI.hdf","[9, 13]",51,52,-5,last5,0.8904178281758305,0.39,2.095,0.002788795354370599,0.173026401731664,0.42078354377202754,0.5,,0.0,final_score_4,0.0,16,6
pr_Agency_EBCI,test,05_15 Arina,02_calib_MI,test/05_15 Arina/02_calib_MI,"MATRIX_[9, 13]_robust_concat_02_calib_MI.hdf","C:\Users\hodor\Documents\lab-Shishkin\projects\BCI_classifier\data\pr_Agency_EBCI\features\csp\test\05_15 Arina\MATRIX_[9, 13]_robust_concat_02_calib_MI.hdf","[9, 13]",52,53,-4,last5,0.8966370361623113,0.397,2.16,0.00621920798648079,0.06344048712920583,0.1255701837970727,0.4821428571428571,,0.0,final_score_4,0.0,17,7
pr_Agency_EBCI,test,05_15 Arina,02_calib_MI,test/05_15 Arina/02_calib_MI,"MATRIX_[9, 13]_robust_concat_02_calib_MI.hdf","C:\Users\hodor\Documents\lab-Shishkin\projects\BCI_classifier\data\pr_Agency_EBCI\features\csp\test\05_15 Arina\MATRIX_[9, 13]_robust_concat_02_calib_MI.hdf","[9, 13]",53,54,-3,last5,0.8983804227798871,0.398,2.179,0.0017433866175757817,0.19396932799295355,0.09356528428740422,0.4464285714285714,,0.0,final_score_4,0.0,18,8
pr_Agency_EBCI,test,05_15 Arina,02_calib_MI,test/05_15 Arina/02_calib_MI,"MATRIX_[9, 13]_robust_concat_02_calib_MI.hdf","C:\Users\hodor\Documents\lab-Shishkin\projects\BCI_classifier\data\pr_Agency_EBCI\features\csp\test\05_15 Arina\MATRIX_[9, 13]_robust_concat_02_calib_MI.hdf","[9, 13]",54,55,-2,last5,0.9101058512644596,0.41,2.315,0.011725428484572586,0.1121137546246059,0.14845085648036405,0.5178571428571428,,0.0,final_score_4,0.0,19,9
pr_Agency_EBCI,test,05_15 Arina,02_calib_MI,test/05_15 Arina/02_calib_MI,"MATRIX_[9, 13]_robust_concat_02_calib_MI.hdf","C:\Users\hodor\Documents\lab-Shishkin\projects\BCI_classifier\data\pr_Agency_EBCI\features\csp\test\05_15 Arina\MATRIX_[9, 13]_robust_concat_02_calib_MI.hdf","[9, 13]",55,56,-1,last5,0.9145235985731801,0.415,2.37,0.0044177473087204655,0.22887119131449538,0.1591285207403213,0.5535714285714286,,0.0,final_score_4,0.0,20,10
pr_Agency_EBCI,test,05_15 Arina,02_calib_MI,test/05_15 Arina/02_calib_MI,"MATRIX_[10, 14]_robust_concat_02_calib_MI.hdf","C:\Users\hodor\Documents\lab-Shishkin\projects\BCI_classifier\data\pr_Agency_EBCI\features\csp\test\05_15 Arina\MATRIX_[10, 14]_robust_concat_02_calib_MI.hdf","[10, 14]",0,1,0,first5,0.14326209298014225,0.357,1.788,0.05222045555092675,1.420869812439509,0.44307330924107075,0.5535714285714286,,0.0,final_score_4,0.0,21,1
pr_Agency_EBCI,test,05_15 Arina,02_calib_MI,test/05_15 Arina/02_calib_MI,"MATRIX_[10, 14]_robust_concat_02_calib_MI.hdf","C:\Users\hodor\Documents\lab-Shishkin\projects\BCI_classifier\data\pr_Agency_EBCI\features\csp\test\05_15 Arina\MATRIX_[10, 14]_robust_concat_02_calib_MI.hdf","[10, 14]",1,2,1,first5,0.195482548531069,0.305,1.415,0.08728970713868522,0.7039514515038332,0.413326981474953,0.5714285714285714,,0.0,final_score_4,0.0,22,2
pr_Agency_EBCI,test,05_15 Arina,02_calib_MI,test/05_15 Arina/02_calib_MI,"MATRIX_[10, 14]_robust_concat_02_calib_MI.hdf","C:\Users\hodor\Documents\lab-Shishkin\projects\BCI_classifier\data\pr_Agency_EBCI\features\csp\test\05_15 Arina\MATRIX_[10, 14]_robust_concat_02_calib_MI.hdf","[10, 14]",2,3,2,first5,0.2827722556697542,0.217,0.931,0.03909736191046109,0.22361543120658028,0.6907349252803665,0.5535714285714286,,0.0,final_score_4,0.0,23,3
pr_Agency_EBCI,test,05_15 Arina,02_calib_MI,test/05_15 Arina/02_calib_MI,"MATRIX_[10, 14]_robust_concat_02_calib_MI.hdf","C:\Users\hodor\Documents\lab-Shishkin\projects\BCI_classifier\data\pr_Agency_EBCI\features\csp\test\05_15 Arina\MATRIX_[10, 14]_robust_concat_02_calib_MI.hdf","[10, 14]",3,4,3,first5,0.3218696175802153,0.178,0.745,0.053877603059032275,0.14931430307335444,0.10088019169356388,0.5,,0.0,final_score_4,0.0,24,4
pr_Agency_EBCI,test,05_15 Arina,02_calib_MI,test/05_15 Arina/02_calib_MI,"MATRIX_[10, 14]_robust_concat_02_calib_MI.hdf","C:\Users\hodor\Documents\lab-Shishkin\projects\BCI_classifier\data\pr_Agency_EBCI\features\csp\test\05_15 Arina\MATRIX_[10, 14]_robust_concat_02_calib_MI.hdf","[10, 14]",4,5,4,first5,0.3757472206392476,0.124,0.508,0.0230201661683741,0.11712805938595662,0.4830876962311272,0.5892857142857143,,0.0,final_score_4,0.0,25,5
pr_Agency_EBCI,test,05_15 Arina,02_calib_MI,test/05_15 Arina/02_calib_MI,"MATRIX_[10, 14]_robust_concat_02_calib_MI.hdf","C:\Users\hodor\Documents\lab-Shishkin\projects\BCI_classifier\data\pr_Agency_EBCI\features\csp\test\05_15 Arina\MATRIX_[10, 14]_robust_concat_02_calib_MI.hdf","[10, 14]",51,52,-5,last5,0.8887275366236427,0.389,2.078,0.005751848225653111,0.08185339804472151,0.04900939397844545,0.5,,0.0,final_score_4,0.0,26,6
pr_Agency_EBCI,test,05_15 Arina,02_calib_MI,test/05_15 Arina/02_calib_MI,"MATRIX_[10, 14]_robust_concat_02_calib_MI.hdf","C:\Users\hodor\Documents\lab-Shishkin\projects\BCI_classifier\data\pr_Agency_EBCI\features\csp\test\05_15 Arina\MATRIX_[10, 14]_robust_concat_02_calib_MI.hdf","[10, 14]",52,53,-4,last5,0.8948494987904099,0.395,2.141,0.006121962166767192,0.22064223973310146,0.15267092568860466,0.5178571428571428,,0.0,final_score_4,0.0,27,7
pr_Agency_EBCI,test,05_15 Arina,02_calib_MI,test/05_15 Arina/02_calib_MI,"MATRIX_[10, 14]_robust_concat_02_calib_MI.hdf","C:\Users\hodor\Documents\lab-Shishkin\projects\BCI_classifier\data\pr_Agency_EBCI\features\csp\test\05_15 Arina\MATRIX_[10, 14]_robust_concat_02_calib_MI.hdf","[10, 14]",53,54,-3,last5,0.9051314819070284,0.405,2.256,0.010281983116618543,0.16310437714488465,0.30260815798970175,0.5357142857142857,,0.0,final_score_4,0.0,28,8
pr_Agency_EBCI,test,05_15 Arina,02_calib_MI,test/05_15 Arina/02_calib_MI,"MATRIX_[10, 14]_robust_concat_02_calib_MI.hdf","C:\Users\hodor\Documents\lab-Shishkin\projects\BCI_classifier\data\pr_Agency_EBCI\features\csp\test\05_15 Arina\MATRIX_[10, 14]_robust_concat_02_calib_MI.hdf","[10, 14]",54,55,-2,last5,0.9131964447840212,0.413,2.353,0.008064962876992765,0.05554695913376631,0.4500891608001345,0.5892857142857143,,0.0,final_score_4,0.0,29,9
pr_Agency_EBCI,test,05_15 Arina,02_calib_MI,test/05_15 Arina/02_calib_MI,"MATRIX_[10, 14]_robust_concat_02_calib_MI.hdf","C:\Users\hodor\Documents\lab-Shishkin\projects\BCI_classifier\data\pr_Agency_EBCI\features\csp\test\05_15 Arina\MATRIX_[10, 14]_robust_concat_02_calib_MI.hdf","[10, 14]",55,56,-1,last5,0.9238904306672031,0.424,2.496,0.010693985883181933,0.0596084607710686,0.0808273532299127,0.4464285714285714,,0.0,final_score_4,0.0,30,10
pr_Agency_EBCI,test,05_15 Arina,02_calib_MI,test/05_15 Arina/02_calib_MI,"MATRIX_[8, 15]_robust_concat_02_calib_MI.hdf","C:\Users\hodor\Documents\lab-Shishkin\projects\BCI_classifier\data\pr_Agency_EBCI\features\csp\test\05_15 Arina\MATRIX_[8, 15]_robust_concat_02_calib_MI.hdf","[8, 15]",0,1,0,first5,0.16329774071593453,0.337,1.634,0.06741876921868684,1.2586550818691162,0.38100680842675005,0.5535714285714286,,0.0,final_score_4,0.0,31,1
pr_Agency_EBCI,test,05_15 Arina,02_calib_MI,test/05_15 Arina/02_calib_MI,"MATRIX_[8, 15]_robust_concat_02_calib_MI.hdf","C:\Users\hodor\Documents\lab-Shishkin\projects\BCI_classifier\data\pr_Agency_EBCI\features\csp\test\05_15 Arina\MATRIX_[8, 15]_robust_concat_02_calib_MI.hdf","[8, 15]",1,2,1,first5,0.23071650993462137,0.269,1.204,0.08217122953078113,0.7844362763457143,0.3426508050089545,0.5714285714285714,,0.0,final_score_4,0.0,32,2
pr_Agency_EBCI,test,05_15 Arina,02_calib_MI,test/05_15 Arina/02_calib_MI,"MATRIX_[8, 15]_robust_concat_02_calib_MI.hdf","C:\Users\hodor\Documents\lab-Shishkin\projects\BCI_classifier\data\pr_Agency_EBCI\features\csp\test\05_15 Arina\MATRIX_[8, 15]_robust_concat_02_calib_MI.hdf","[8, 15]",2,3,2,first5,0.3128877394654025,0.187,0.787,0.019309601033976054,0.2705886824394679,0.5689872314461252,0.5535714285714286,,0.0,final_score_4,0.0,33,3
pr_Agency_EBCI,test,05_15 Arina,02_calib_MI,test/05_15 Arina/02_calib_MI,"MATRIX_[8, 15]_robust_concat_02_calib_MI.hdf","C:\Users\hodor\Documents\lab-Shishkin\projects\BCI_classifier\data\pr_Agency_EBCI\features\csp\test\05_15 Arina\MATRIX_[8, 15]_robust_concat_02_calib_MI.hdf","[8, 15]",3,4,3,first5,0.33219734049937855,0.168,0.698,0.06323302709071876,0.13824596991690336,0.11600834386474043,0.4821428571428571,,0.0,final_score_4,0.0,34,4
pr_Agency_EBCI,test,05_15 Arina,02_calib_MI,test/05_15 Arina/02_calib_MI,"MATRIX_[8, 15]_robust_concat_02_calib_MI.hdf","C:\Users\hodor\Documents\lab-Shishkin\projects\BCI_classifier\data\pr_Agency_EBCI\features\csp\test\05_15 Arina\MATRIX_[8, 15]_robust_concat_02_calib_MI.hdf","[8, 15]",4,5,4,first5,0.3954303675900973,0.105,0.425,0.022008729249456738,0.20369278131463847,0.7060944311258275,0.5714285714285714,,0.0,final_score_4,0.0,35,5
pr_Agency_EBCI,test,05_15 Arina,02_calib_MI,test/05_15 Arina/02_calib_MI,"MATRIX_[8, 15]_robust_concat_02_calib_MI.hdf","C:\Users\hodor\Documents\lab-Shishkin\projects\BCI_classifier\data\pr_Agency_EBCI\features\csp\test\05_15 Arina\MATRIX_[8, 15]_robust_concat_02_calib_MI.hdf","[8, 15]",51,52,-5,last5,0.8331047558869282,0.333,1.608,0.015989163614443247,0.20921922989209424,0.19627359240793285,0.6071428571428572,,0.0,final_score_4,0.0,36,6
pr_Agency_EBCI,test,05_15 Arina,02_calib_MI,test/05_15 Arina/02_calib_MI,"MATRIX_[8, 15]_robust_concat_02_calib_MI.hdf","C:\Users\hodor\Documents\lab-Shishkin\projects\BCI_classifier\data\pr_Agency_EBCI\features\csp\test\05_15 Arina\MATRIX_[8, 15]_robust_concat_02_calib_MI.hdf","[8, 15]",52,53,-4,last5,0.8382921153477532,0.338,1.646,0.005187359460824936,0.1867353781634417,0.28621017708000285,0.4285714285714286,,0.0,final_score_4,0.0,37,7
pr_Agency_EBCI,test,05_15 Arina,02_calib_MI,test/05_15 Arina/02_calib_MI,"MATRIX_[8, 15]_robust_concat_02_calib_MI.hdf","C:\Users\hodor\Documents\lab-Shishkin\projects\BCI_classifier\data\pr_Agency_EBCI\features\csp\test\05_15 Arina\MATRIX_[8, 15]_robust_concat_02_calib_MI.hdf","[8, 15]",53,54,-3,last5,0.8431499188270137,0.343,1.682,0.0048578034792605695,0.18798020952565864,0.12404023951045867,0.4107142857142857,,0.0,final_score_4,0.0,38,8
pr_Agency_EBCI,test,05_15 Arina,02_calib_MI,test/05_15 Arina/02_calib_MI,"MATRIX_[8, 15]_robust_concat_02_calib_MI.hdf","C:\Users\hodor\Documents\lab-Shishkin\projects\BCI_classifier\data\pr_Agency_EBCI\features\csp\test\05_15 Arina\MATRIX_[8, 15]_robust_concat_02_calib_MI.hdf","[8, 15]",54,55,-2,last5,0.8542435325091208,0.354,1.768,0.01109361368210704,0.09880829995944126,0.4195747841850055,0.5535714285714286,,0.0,final_score_4,0.0,39,9
pr_Agency_EBCI,test,05_15 Arina,02_calib_MI,test/05_15 Arina/02_calib_MI,"MATRIX_[8, 15]_robust_concat_02_calib_MI.hdf","C:\Users\hodor\Documents\lab-Shishkin\projects\BCI_classifier\data\pr_Agency_EBCI\features\csp\test\05_15 Arina\MATRIX_[8, 15]_robust_concat_02_calib_MI.hdf","[8, 15]",55,56,-1,last5,0.8769780390234962,0.377,1.964,0.022734506514375474,0.04563460913708822,0.04911178104051127,0.6071428571428572,,0.0,final_score_4,0.0,40,10
pr_Agency_EBCI,test,05_15 Arina,02_calib_MI,test/05_15 Arina/02_calib_MI,"MATRIX_[8, 12]_robust_concat_02_calib_MI.hdf","C:\Users\hodor\Documents\lab-Shishkin\projects\BCI_classifier\data\pr_Agency_EBCI\features\csp\test\05_15 Arina\MATRIX_[8, 12]_robust_concat_02_calib_MI.hdf","[8, 12]",0,1,0,first5,0.11464841745795484,0.385,2.044,0.1098051650533805,1.1910758917274695,0.3576326987505296,0.5357142857142857,,0.0,final_score_5,0.0,1,1
pr_Agency_EBCI,test,05_15 Arina,02_calib_MI,test/05_15 Arina/02_calib_MI,"MATRIX_[8, 12]_robust_concat_02_calib_MI.hdf","C:\Users\hodor\Documents\lab-Shishkin\projects\BCI_classifier\data\pr_Agency_EBCI\features\csp\test\05_15 Arina\MATRIX_[8, 12]_robust_concat_02_calib_MI.hdf","[8, 12]",1,2,1,first5,0.22445358251133535,0.276,1.24,0.003990377189580091,0.785429119149812,0.323711593100359,0.5892857142857143,,0.0,final_score_5,0.0,2,2
pr_Agency_EBCI,test,05_15 Arina,02_calib_MI,test/05_15 Arina/02_calib_MI,"MATRIX_[8, 12]_robust_concat_02_calib_MI.hdf","C:\Users\hodor\Documents\lab-Shishkin\projects\BCI_classifier\data\pr_Agency_EBCI\features\csp\test\05_15 Arina\MATRIX_[8, 12]_robust_concat_02_calib_MI.hdf","[8, 12]",2,3,2,first5,0.22844395970091544,0.272,1.217,0.04401001500522242,0.18320931787090342,0.21067613850407818,0.4642857142857143,,0.0,final_score_5,0.0,3,3
pr_Agency_EBCI,test,05_15 Arina,02_calib_MI,test/05_15 Arina/02_calib_MI,"MATRIX_[8, 12]_robust_concat_02_calib_MI.hdf","C:\Users\hodor\Documents\lab-Shishkin\projects\BCI_classifier\data\pr_Agency_EBCI\features\csp\test\05_15 Arina\MATRIX_[8, 12]_robust_concat_02_calib_MI.hdf","[8, 12]",3,4,3,first5,0.27245397470613786,0.228,0.982,0.07365456930568792,0.5150264116024215,0.5194447296737379,0.5714285714285714,,0.0,final_score_5,0.0,4,4
pr_Agency_EBCI,test,05_15 Arina,02_calib_MI,test/05_15 Arina/02_calib_MI,"MATRIX_[8, 12]_robust_concat_02_calib_MI.hdf","C:\Users\hodor\Documents\lab-Shishkin\projects\BCI_classifier\data\pr_Agency_EBCI\features\csp\test\05_15 Arina\MATRIX_[8, 12]_robust_concat_02_calib_MI.hdf","[8, 12]",4,5,4,first5,0.3461085440118258,0.154,0.636,0.035254746899832545,0.36825600381956025,0.13433828431782358,0.5892857142857143,,0.0,final_score_5,0.0,5,5
pr_Agency_EBCI,test,05_15 Arina,02_calib_MI,test/05_15 Arina/02_calib_MI,"MATRIX_[8, 12]_robust_concat_02_calib_MI.hdf","C:\Users\hodor\Documents\lab-Shishkin\projects\BCI_classifier\data\pr_Agency_EBCI\features\csp\test\05_15 Arina\MATRIX_[8, 12]_robust_concat_02_calib_MI.hdf","[8, 12]",51,52,-5,last5,0.8578358129869287,0.358,1.797,0.001242937951408507,0.08618462553659986,0.2218161340016168,0.4821428571428571,,0.0,final_score_5,0.0,6,6
pr_Agency_EBCI,test,05_15 Arina,02_calib_MI,test/05_15 Arina/02_calib_MI,"MATRIX_[8, 12]_robust_concat_02_calib_MI.hdf","C:\Users\hodor\Documents\lab-Shishkin\projects\BCI_classifier\data\pr_Agency_EBCI\features\csp\test\05_15 Arina\MATRIX_[8, 12]_robust_concat_02_calib_MI.hdf","[8, 12]",52,53,-4,last5,0.8632586578227118,0.363,1.843,0.005422844835783147,0.11785155541112625,0.058395666864450274,0.4642857142857143,,0.0,final_score_5,0.0,7,7
pr_Agency_EBCI,test,05_15 Arina,02_calib_MI,test/05_15 Arina/02_calib_MI,"MATRIX_[8, 12]_robust_concat_02_calib_MI.hdf","C:\Users\hodor\Documents\lab-Shishkin\projects\BCI_classifier\data\pr_Agency_EBCI\features\csp\test\05_15 Arina\MATRIX_[8, 12]_robust_concat_02_calib_MI.hdf","[8, 12]",53,54,-3,last5,0.8742005934127333,0.374,1.939,0.010941935590021434,0.11940164950692775,0.11530588032140751,0.5535714285714286,,0.0,final_score_5,0.0,8,8
pr_Agency_EBCI,test,05_15 Arina,02_calib_MI,test/05_15 Arina/02_calib_MI,"MATRIX_[8, 12]_robust_concat_02_calib_MI.hdf","C:\Users\hodor\Documents\lab-Shishkin\projects\BCI_classifier\data\pr_Agency_EBCI\features\csp\test\05_15 Arina\MATRIX_[8, 12]_robust_concat_02_calib_MI.hdf","[8, 12]",54,55,-2,last5,0.8881977698767511,0.388,2.072,0.01399717646401788,0.21429304879676447,0.15662705325002468,0.4464285714285714,,0.0,final_score_5,0.0,9,9
pr_Agency_EBCI,test,05_15 Arina,02_calib_MI,test/05_15 Arina/02_calib_MI,"MATRIX_[8, 12]_robust_concat_02_calib_MI.hdf","C:\Users\hodor\Documents\lab-Shishkin\projects\BCI_classifier\data\pr_Agency_EBCI\features\csp\test\05_15 Arina\MATRIX_[8, 12]_robust_concat_02_calib_MI.hdf","[8, 12]",55,56,-1,last5,0.8934212730681721,0.393,2.126,0.005223503191420953,0.2806680072751435,0.26976229994601075,0.5714285714285714,,0.0,final_score_5,0.0,10,10
pr_Agency_EBCI,test,05_15 Arina,02_calib_MI,test/05_15 Arina/02_calib_MI,"MATRIX_[9, 13]_robust_concat_02_calib_MI.hdf","C:\Users\hodor\Documents\lab-Shishkin\projects\BCI_classifier\data\pr_Agency_EBCI\features\csp\test\05_15 Arina\MATRIX_[9, 13]_robust_concat_02_calib_MI.hdf","[9, 13]",0,1,0,first5,0.11807216184580732,0.382,2.011,0.0977919556284087,1.2999503317228778,0.4008005581542232,0.5535714285714286,,0.0,final_score_5,0.0,11,1
pr_Agency_EBCI,test,05_15 Arina,02_calib_MI,test/05_15 Arina/02_calib_MI,"MATRIX_[9, 13]_robust_concat_02_calib_MI.hdf","C:\Users\hodor\Documents\lab-Shishkin\projects\BCI_classifier\data\pr_Agency_EBCI\features\csp\test\05_15 Arina\MATRIX_[9, 13]_robust_concat_02_calib_MI.hdf","[9, 13]",1,2,1,first5,0.21586411747421602,0.284,1.29,0.054348731867849776,0.7986771235099772,0.30594597876557744,0.5714285714285714,,0.0,final_score_5,0.0,12,2
pr_Agency_EBCI,test,05_15 Arina,02_calib_MI,test/05_15 Arina/02_calib_MI,"MATRIX_[9, 13]_robust_concat_02_calib_MI.hdf","C:\Users\hodor\Documents\lab-Shishkin\projects\BCI_classifier\data\pr_Agency_EBCI\features\csp\test\05_15 Arina\MATRIX_[9, 13]_robust_concat_02_calib_MI.hdf","[9, 13]",2,3,2,first5,0.2702128493420658,0.23,0.994,0.019811232739018414,0.3297548274833745,0.6962920857313382,0.5714285714285714,,0.0,final_score_5,0.0,13,3
pr_Agency_EBCI,test,05_15 Arina,02_calib_MI,test/05_15 Arina/02_calib_MI,"MATRIX_[9, 13]_robust_concat_02_calib_MI.hdf","C:\Users\hodor\Documents\lab-Shishkin\projects\BCI_classifier\data\pr_Agency_EBCI\features\csp\test\05_15 Arina\MATRIX_[9, 13]_robust_concat_02_calib_MI.hdf","[9, 13]",3,4,3,first5,0.2900240820810842,0.21,0.895,0.0634112010507406,0.2059863639069871,0.28426372841568026,0.5535714285714286,,0.0,final_score_5,0.0,14,4
pr_Agency_EBCI,test,05_15 Arina,02_calib_MI,test/05_15 Arina/02_calib_MI,"MATRIX_[9, 13]_robust_concat_02_calib_MI.hdf","C:\Users\hodor\Documents\lab-Shishkin\projects\BCI_classifier\data\pr_Agency_EBCI\features\csp\test\05_15 Arina\MATRIX_[9, 13]_robust_concat_02_calib_MI.hdf","[9, 13]",4,5,4,first5,0.3534352831318248,0.147,0.604,0.07560546665447976,0.23213604412277616,0.32290245997905437,0.5714285714285714,,0.0,final_score_5,0.0,15,5
pr_Agency_EBCI,test,05_15 Arina,02_calib_MI,test/05_15 Arina/02_calib_MI,"MATRIX_[9, 13]_robust_concat_02_calib_MI.hdf","C:\Users\hodor\Documents\lab-Shishkin\projects\BCI_classifier\data\pr_Agency_EBCI\features\csp\test\05_15 Arina\MATRIX_[9, 13]_robust_concat_02_calib_MI.hdf","[9, 13]",51,52,-5,last5,0.8904178281758305,0.39,2.095,0.002788795354370599,0.173026401731664,0.42078354377202754,0.5,,0.0,final_score_5,0.0,16,6
pr_Agency_EBCI,test,05_15 Arina,02_calib_MI,test/05_15 Arina/02_calib_MI,"MATRIX_[9, 13]_robust_concat_02_calib_MI.hdf","C:\Users\hodor\Documents\lab-Shishkin\projects\BCI_classifier\data\pr_Agency_EBCI\features\csp\test\05_15 Arina\MATRIX_[9, 13]_robust_concat_02_calib_MI.hdf","[9, 13]",52,53,-4,last5,0.8966370361623113,0.397,2.16,0.00621920798648079,0.06344048712920583,0.1255701837970727,0.4821428571428571,,0.0,final_score_5,0.0,17,7
pr_Agency_EBCI,test,05_15 Arina,02_calib_MI,test/05_15 Arina/02_calib_MI,"MATRIX_[9, 13]_robust_concat_02_calib_MI.hdf","C:\Users\hodor\Documents\lab-Shishkin\projects\BCI_classifier\data\pr_Agency_EBCI\features\csp\test\05_15 Arina\MATRIX_[9, 13]_robust_concat_02_calib_MI.hdf","[9, 13]",53,54,-3,last5,0.8983804227798871,0.398,2.179,0.0017433866175757817,0.19396932799295355,0.09356528428740422,0.4464285714285714,,0.0,final_score_5,0.0,18,8
pr_Agency_EBCI,test,05_15 Arina,02_calib_MI,test/05_15 Arina/02_calib_MI,"MATRIX_[9, 13]_robust_concat_02_calib_MI.hdf","C:\Users\hodor\Documents\lab-Shishkin\projects\BCI_classifier\data\pr_Agency_EBCI\features\csp\test\05_15 Arina\MATRIX_[9, 13]_robust_concat_02_calib_MI.hdf","[9, 13]",54,55,-2,last5,0.9101058512644596,0.41,2.315,0.011725428484572586,0.1121137546246059,0.14845085648036405,0.5178571428571428,,0.0,final_score_5,0.0,19,9
pr_Agency_EBCI,test,05_15 Arina,02_calib_MI,test/05_15 Arina/02_calib_MI,"MATRIX_[9, 13]_robust_concat_02_calib_MI.hdf","C:\Users\hodor\Documents\lab-Shishkin\projects\BCI_classifier\data\pr_Agency_EBCI\features\csp\test\05_15 Arina\MATRIX_[9, 13]_robust_concat_02_calib_MI.hdf","[9, 13]",55,56,-1,last5,0.9145235985731801,0.415,2.37,0.0044177473087204655,0.22887119131449538,0.1591285207403213,0.5535714285714286,,0.0,final_score_5,0.0,20,10
pr_Agency_EBCI,test,05_15 Arina,02_calib_MI,test/05_15 Arina/02_calib_MI,"MATRIX_[10, 14]_robust_concat_02_calib_MI.hdf","C:\Users\hodor\Documents\lab-Shishkin\projects\BCI_classifier\data\pr_Agency_EBCI\features\csp\test\05_15 Arina\MATRIX_[10, 14]_robust_concat_02_calib_MI.hdf","[10, 14]",0,1,0,first5,0.14326209298014225,0.357,1.788,0.05222045555092675,1.420869812439509,0.44307330924107075,0.5535714285714286,,0.0,final_score_5,0.0,21,1
pr_Agency_EBCI,test,05_15 Arina,02_calib_MI,test/05_15 Arina/02_calib_MI,"MATRIX_[10, 14]_robust_concat_02_calib_MI.hdf","C:\Users\hodor\Documents\lab-Shishkin\projects\BCI_classifier\data\pr_Agency_EBCI\features\csp\test\05_15 Arina\MATRIX_[10, 14]_robust_concat_02_calib_MI.hdf","[10, 14]",1,2,1,first5,0.195482548531069,0.305,1.415,0.08728970713868522,0.7039514515038332,0.413326981474953,0.5714285714285714,,0.0,final_score_5,0.0,22,2
pr_Agency_EBCI,test,05_15 Arina,02_calib_MI,test/05_15 Arina/02_calib_MI,"MATRIX_[10, 14]_robust_concat_02_calib_MI.hdf","C:\Users\hodor\Documents\lab-Shishkin\projects\BCI_classifier\data\pr_Agency_EBCI\features\csp\test\05_15 Arina\MATRIX_[10, 14]_robust_concat_02_calib_MI.hdf","[10, 14]",2,3,2,first5,0.2827722556697542,0.217,0.931,0.03909736191046109,0.22361543120658028,0.6907349252803665,0.5535714285714286,,0.0,final_score_5,0.0,23,3
pr_Agency_EBCI,test,05_15 Arina,02_calib_MI,test/05_15 Arina/02_calib_MI,"MATRIX_[10, 14]_robust_concat_02_calib_MI.hdf","C:\Users\hodor\Documents\lab-Shishkin\projects\BCI_classifier\data\pr_Agency_EBCI\features\csp\test\05_15 Arina\MATRIX_[10, 14]_robust_concat_02_calib_MI.hdf","[10, 14]",3,4,3,first5,0.3218696175802153,0.178,0.745,0.053877603059032275,0.14931430307335444,0.10088019169356388,0.5,,0.0,final_score_5,0.0,24,4
pr_Agency_EBCI,test,05_15 Arina,02_calib_MI,test/05_15 Arina/02_calib_MI,"MATRIX_[10, 14]_robust_concat_02_calib_MI.hdf","C:\Users\hodor\Documents\lab-Shishkin\projects\BCI_classifier\data\pr_Agency_EBCI\features\csp\test\05_15 Arina\MATRIX_[10, 14]_robust_concat_02_calib_MI.hdf","[10, 14]",4,5,4,first5,0.3757472206392476,0.124,0.508,0.0230201661683741,0.11712805938595662,0.4830876962311272,0.5892857142857143,,0.0,final_score_5,0.0,25,5
pr_Agency_EBCI,test,05_15 Arina,02_calib_MI,test/05_15 Arina/02_calib_MI,"MATRIX_[10, 14]_robust_concat_02_calib_MI.hdf","C:\Users\hodor\Documents\lab-Shishkin\projects\BCI_classifier\data\pr_Agency_EBCI\features\csp\test\05_15 Arina\MATRIX_[10, 14]_robust_concat_02_calib_MI.hdf","[10, 14]",51,52,-5,last5,0.8887275366236427,0.389,2.078,0.005751848225653111,0.08185339804472151,0.04900939397844545,0.5,,0.0,final_score_5,0.0,26,6
pr_Agency_EBCI,test,05_15 Arina,02_calib_MI,test/05_15 Arina/02_calib_MI,"MATRIX_[10, 14]_robust_concat_02_calib_MI.hdf","C:\Users\hodor\Documents\lab-Shishkin\projects\BCI_classifier\data\pr_Agency_EBCI\features\csp\test\05_15 Arina\MATRIX_[10, 14]_robust_concat_02_calib_MI.hdf","[10, 14]",52,53,-4,last5,0.8948494987904099,0.395,2.141,0.006121962166767192,0.22064223973310146,0.15267092568860466,0.5178571428571428,,0.0,final_score_5,0.0,27,7
pr_Agency_EBCI,test,05_15 Arina,02_calib_MI,test/05_15 Arina/02_calib_MI,"MATRIX_[10, 14]_robust_concat_02_calib_MI.hdf","C:\Users\hodor\Documents\lab-Shishkin\projects\BCI_classifier\data\pr_Agency_EBCI\features\csp\test\05_15 Arina\MATRIX_[10, 14]_robust_concat_02_calib_MI.hdf","[10, 14]",53,54,-3,last5,0.9051314819070284,0.405,2.256,0.010281983116618543,0.16310437714488465,0.30260815798970175,0.5357142857142857,,0.0,final_score_5,0.0,28,8
pr_Agency_EBCI,test,05_15 Arina,02_calib_MI,test/05_15 Arina/02_calib_MI,"MATRIX_[10, 14]_robust_concat_02_calib_MI.hdf","C:\Users\hodor\Documents\lab-Shishkin\projects\BCI_classifier\data\pr_Agency_EBCI\features\csp\test\05_15 Arina\MATRIX_[10, 14]_robust_concat_02_calib_MI.hdf","[10, 14]",54,55,-2,last5,0.9131964447840212,0.413,2.353,0.008064962876992765,0.05554695913376631,0.4500891608001345,0.5892857142857143,,0.0,final_score_5,0.0,29,9
pr_Agency_EBCI,test,05_15 Arina,02_calib_MI,test/05_15 Arina/02_calib_MI,"MATRIX_[10, 14]_robust_concat_02_calib_MI.hdf","C:\Users\hodor\Documents\lab-Shishkin\projects\BCI_classifier\data\pr_Agency_EBCI\features\csp\test\05_15 Arina\MATRIX_[10, 14]_robust_concat_02_calib_MI.hdf","[10, 14]",55,56,-1,last5,0.9238904306672031,0.424,2.496,0.010693985883181933,0.0596084607710686,0.0808273532299127,0.4464285714285714,,0.0,final_score_5,0.0,30,10
pr_Agency_EBCI,test,05_15 Arina,02_calib_MI,test/05_15 Arina/02_calib_MI,"MATRIX_[8, 15]_robust_concat_02_calib_MI.hdf","C:\Users\hodor\Documents\lab-Shishkin\projects\BCI_classifier\data\pr_Agency_EBCI\features\csp\test\05_15 Arina\MATRIX_[8, 15]_robust_concat_02_calib_MI.hdf","[8, 15]",0,1,0,first5,0.16329774071593453,0.337,1.634,0.06741876921868684,1.2586550818691162,0.38100680842675005,0.5535714285714286,,0.0,final_score_5,0.0,31,1
pr_Agency_EBCI,test,05_15 Arina,02_calib_MI,test/05_15 Arina/02_calib_MI,"MATRIX_[8, 15]_robust_concat_02_calib_MI.hdf","C:\Users\hodor\Documents\lab-Shishkin\projects\BCI_classifier\data\pr_Agency_EBCI\features\csp\test\05_15 Arina\MATRIX_[8, 15]_robust_concat_02_calib_MI.hdf","[8, 15]",1,2,1,first5,0.23071650993462137,0.269,1.204,0.08217122953078113,0.7844362763457143,0.3426508050089545,0.5714285714285714,,0.0,final_score_5,0.0,32,2
pr_Agency_EBCI,test,05_15 Arina,02_calib_MI,test/05_15 Arina/02_calib_MI,"MATRIX_[8, 15]_robust_concat_02_calib_MI.hdf","C:\Users\hodor\Documents\lab-Shishkin\projects\BCI_classifier\data\pr_Agency_EBCI\features\csp\test\05_15 Arina\MATRIX_[8, 15]_robust_concat_02_calib_MI.hdf","[8, 15]",2,3,2,first5,0.3128877394654025,0.187,0.787,0.019309601033976054,0.2705886824394679,0.5689872314461252,0.5535714285714286,,0.0,final_score_5,0.0,33,3
pr_Agency_EBCI,test,05_15 Arina,02_calib_MI,test/05_15 Arina/02_calib_MI,"MATRIX_[8, 15]_robust_concat_02_calib_MI.hdf","C:\Users\hodor\Documents\lab-Shishkin\projects\BCI_classifier\data\pr_Agency_EBCI\features\csp\test\05_15 Arina\MATRIX_[8, 15]_robust_concat_02_calib_MI.hdf","[8, 15]",3,4,3,first5,0.33219734049937855,0.168,0.698,0.06323302709071876,0.13824596991690336,0.11600834386474043,0.4821428571428571,,0.0,final_score_5,0.0,34,4
pr_Agency_EBCI,test,05_15 Arina,02_calib_MI,test/05_15 Arina/02_calib_MI,"MATRIX_[8, 15]_robust_concat_02_calib_MI.hdf","C:\Users\hodor\Documents\lab-Shishkin\projects\BCI_classifier\data\pr_Agency_EBCI\features\csp\test\05_15 Arina\MATRIX_[8, 15]_robust_concat_02_calib_MI.hdf","[8, 15]",4,5,4,first5,0.3954303675900973,0.105,0.425,0.022008729249456738,0.20369278131463847,0.7060944311258275,0.5714285714285714,,0.0,final_score_5,0.0,35,5
pr_Agency_EBCI,test,05_15 Arina,02_calib_MI,test/05_15 Arina/02_calib_MI,"MATRIX_[8, 15]_robust_concat_02_calib_MI.hdf","C:\Users\hodor\Documents\lab-Shishkin\projects\BCI_classifier\data\pr_Agency_EBCI\features\csp\test\05_15 Arina\MATRIX_[8, 15]_robust_concat_02_calib_MI.hdf","[8, 15]",51,52,-5,last5,0.8331047558869282,0.333,1.608,0.015989163614443247,0.20921922989209424,0.19627359240793285,0.6071428571428572,,0.0,final_score_5,0.0,36,6
pr_Agency_EBCI,test,05_15 Arina,02_calib_MI,test/05_15 Arina/02_calib_MI,"MATRIX_[8, 15]_robust_concat_02_calib_MI.hdf","C:\Users\hodor\Documents\lab-Shishkin\projects\BCI_classifier\data\pr_Agency_EBCI\features\csp\test\05_15 Arina\MATRIX_[8, 15]_robust_concat_02_calib_MI.hdf","[8, 15]",52,53,-4,last5,0.8382921153477532,0.338,1.646,0.005187359460824936,0.1867353781634417,0.28621017708000285,0.4285714285714286,,0.0,final_score_5,0.0,37,7
pr_Agency_EBCI,test,05_15 Arina,02_calib_MI,test/05_15 Arina/02_calib_MI,"MATRIX_[8, 15]_robust_concat_02_calib_MI.hdf","C:\Users\hodor\Documents\lab-Shishkin\projects\BCI_classifier\data\pr_Agency_EBCI\features\csp\test\05_15 Arina\MATRIX_[8, 15]_robust_concat_02_calib_MI.hdf","[8, 15]",53,54,-3,last5,0.8431499188270137,0.343,1.682,0.0048578034792605695,0.18798020952565864,0.12404023951045867,0.4107142857142857,,0.0,final_score_5,0.0,38,8
pr_Agency_EBCI,test,05_15 Arina,02_calib_MI,test/05_15 Arina/02_calib_MI,"MATRIX_[8, 15]_robust_concat_02_calib_MI.hdf","C:\Users\hodor\Documents\lab-Shishkin\projects\BCI_classifier\data\pr_Agency_EBCI\features\csp\test\05_15 Arina\MATRIX_[8, 15]_robust_concat_02_calib_MI.hdf","[8, 15]",54,55,-2,last5,0.8542435325091208,0.354,1.768,0.01109361368210704,0.09880829995944126,0.4195747841850055,0.5535714285714286,,0.0,final_score_5,0.0,39,9
pr_Agency_EBCI,test,05_15 Arina,02_calib_MI,test/05_15 Arina/02_calib_MI,"MATRIX_[8, 15]_robust_concat_02_calib_MI.hdf","C:\Users\hodor\Documents\lab-Shishkin\projects\BCI_classifier\data\pr_Agency_EBCI\features\csp\test\05_15 Arina\MATRIX_[8, 15]_robust_concat_02_calib_MI.hdf","[8, 15]",55,56,-1,last5,0.8769780390234962,0.377,1.964,0.022734506514375474,0.04563460913708822,0.04911178104051127,0.6071428571428572,,0.0,final_score_5,0.0,40,10
pr_Agency_EBCI,test,05_15 Arina,03_calib_MI,test/05_15 Arina/03_calib_MI,"MATRIX_[10, 14]_robust_concat_03_calib_MI.hdf","C:\Users\hodor\Documents\lab-Shishkin\projects\BCI_classifier\data\pr_Agency_EBCI\features\csp\test\05_15 Arina\MATRIX_[10, 14]_robust_concat_03_calib_MI.hdf","[10, 14]",0,1,0,first5,0.1631498865958888,0.337,1.635,0.023147454101180465,1.4040777164701455,0.6662756216013952,0.5357142857142857,,0.0,final_score_1,1.0714817936426677,1,1
pr_Agency_EBCI,test,05_15 Arina,03_calib_MI,test/05_15 Arina/03_calib_MI,"MATRIX_[8, 15]_robust_concat_03_calib_MI.hdf","C:\Users\hodor\Documents\lab-Shishkin\projects\BCI_classifier\data\pr_Agency_EBCI\features\csp\test\05_15 Arina\MATRIX_[8, 15]_robust_concat_03_calib_MI.hdf","[8, 15]",0,1,0,first5,0.17663719232504024,0.323,1.539,0.028961641125789916,1.3042195434517303,0.5551449396826019,0.5357142857142857,,0.0,final_score_1,0.9223111895090264,2,1
pr_Agency_EBCI,test,05_15 Arina,03_calib_MI,test/05_15 Arina/03_calib_MI,"MATRIX_[9, 13]_robust_concat_03_calib_MI.hdf","C:\Users\hodor\Documents\lab-Shishkin\projects\BCI_classifier\data\pr_Agency_EBCI\features\csp\test\05_15 Arina\MATRIX_[9, 13]_robust_concat_03_calib_MI.hdf","[9, 13]",0,1,0,first5,0.16190681065864732,0.338,1.644,0.018743760124968367,1.2150731494179998,0.46121426255682574,0.5535714285714286,,0.0,final_score_1,0.8802304935094951,3,1
pr_Agency_EBCI,test,05_15 Arina,03_calib_MI,test/05_15 Arina/03_calib_MI,"MATRIX_[8, 12]_robust_concat_03_calib_MI.hdf","C:\Users\hodor\Documents\lab-Shishkin\projects\BCI_classifier\data\pr_Agency_EBCI\features\csp\test\05_15 Arina\MATRIX_[8, 12]_robust_concat_03_calib_MI.hdf","[8, 12]",1,2,1,first5,0.14864871341302727,0.351,1.745,0.0952825863152936,1.2204042568442734,0.2517681657865698,0.5892857142857143,,0.0,final_score_1,0.8212356126886591,4,1
pr_Agency_EBCI,test,05_15 Arina,03_calib_MI,test/05_15 Arina/03_calib_MI,"MATRIX_[10, 14]_robust_concat_03_calib_MI.hdf","C:\Users\hodor\Documents\lab-Shishkin\projects\BCI_classifier\data\pr_Agency_EBCI\features\csp\test\05_15 Arina\MATRIX_[10, 14]_robust_concat_03_calib_MI.hdf","[10, 14]",54,55,-2,last5,0.8571958654510324,0.357,1.792,0.01578843350141501,0.5097135543277448,0.5465357200346134,0.5178571428571428,,0.0,final_score_1,0.5723550755451028,5,2
pr_Agency_EBCI,test,05_15 Arina,03_calib_MI,test/05_15 Arina/03_calib_MI,"MATRIX_[8, 12]_robust_concat_03_calib_MI.hdf","C:\Users\hodor\Documents\lab-Shishkin\projects\BCI_classifier\data\pr_Agency_EBCI\features\csp\test\05_15 Arina\MATRIX_[8, 12]_robust_concat_03_calib_MI.hdf","[8, 12]",2,3,2,first5,0.24393129972832087,0.256,1.131,0.06653216586061325,0.7794463455894669,0.5760515898028271,0.5535714285714286,,0.0,final_score_1,0.5391008931617353,6,2
pr_Agency_EBCI,test,05_15 Arina,03_calib_MI,test/05_15 Arina/03_calib_MI,"MATRIX_[8, 12]_robust_concat_03_calib_MI.hdf","C:\Users\hodor\Documents\lab-Shishkin\projects\BCI_classifier\data\pr_Agency_EBCI\features\csp\test\05_15 Arina\MATRIX_[8, 12]_robust_concat_03_calib_MI.hdf","[8, 12]",55,56,-1,last5,0.8482028054169704,0.348,1.721,0.02459999458053297,0.5159172426516725,0.4719853172371,0.5535714285714286,,0.0,final_score_1,0.5341024625570086,7,3
pr_Agency_EBCI,test,05_15 Arina,03_calib_MI,test/05_15 Arina/03_calib_MI,"MATRIX_[8, 15]_robust_concat_03_calib_MI.hdf","C:\Users\hodor\Documents\lab-Shishkin\projects\BCI_classifier\data\pr_Agency_EBCI\features\csp\test\05_15 Arina\MATRIX_[8, 15]_robust_concat_03_calib_MI.hdf","[8, 15]",55,56,-1,last5,0.8045853528040701,0.305,1.415,0.02230196155928954,0.5818946521510631,0.49242428305913033,0.5892857142857143,,0.0,final_score_1,0.5207569195764412,8,2
pr_Agency_EBCI,test,05_15 Arina,03_calib_MI,test/05_15 Arina/03_calib_MI,"MATRIX_[9, 13]_robust_concat_03_calib_MI.hdf","C:\Users\hodor\Documents\lab-Shishkin\projects\BCI_classifier\data\pr_Agency_EBCI\features\csp\test\05_15 Arina\MATRIX_[9, 13]_robust_concat_03_calib_MI.hdf","[9, 13]",55,56,-1,last5,0.8591369360691132,0.359,1.808,0.026358057546050917,0.42612999848328614,0.49093084608577103,0.5714285714285714,,0.0,final_score_1,0.5173533250290295,9,2
pr_Agency_EBCI,test,05_15 Arina,03_calib_MI,test/05_15 Arina/03_calib_MI,"MATRIX_[10, 14]_robust_concat_03_calib_MI.hdf","C:\Users\hodor\Documents\lab-Shishkin\projects\BCI_classifier\data\pr_Agency_EBCI\features\csp\test\05_15 Arina\MATRIX_[10, 14]_robust_concat_03_calib_MI.hdf","[10, 14]",1,2,1,first5,0.18629734069706927,0.314,1.474,0.07934977282349687,0.4656842544384766,0.5556512768624355,0.4821428571428571,,0.0,final_score_1,0.4753222610136495,10,3
pr_Agency_EBCI,test,05_15 Arina,03_calib_MI,test/05_15 Arina/03_calib_MI,"MATRIX_[9, 13]_robust_concat_03_calib_MI.hdf","C:\Users\hodor\Documents\lab-Shishkin\projects\BCI_classifier\data\pr_Agency_EBCI\features\csp\test\05_15 Arina\MATRIX_[9, 13]_robust_concat_03_calib_MI.hdf","[9, 13]",1,2,1,first5,0.18065057078361568,0.319,1.512,0.06863458379440948,0.4762428610049573,0.5258233438059978,0.4642857142857143,,0.0,final_score_1,0.4680722818829458,11,3
pr_Agency_EBCI,test,05_15 Arina,03_calib_MI,test/05_15 Arina/03_calib_MI,"MATRIX_[10, 14]_robust_concat_03_calib_MI.hdf","C:\Users\hodor\Documents\lab-Shishkin\projects\BCI_classifier\data\pr_Agency_EBCI\features\csp\test\05_15 Arina\MATRIX_[10, 14]_robust_concat_03_calib_MI.hdf","[10, 14]",55,56,-1,last5,0.8646827840659048,0.365,1.855,0.007486918614872384,0.327885570466941,0.4178900419204374,0.5892857142857143,,0.0,final_score_1,0.43261644229292834,12,4
pr_Agency_EBCI,test,05_15 Arina,03_calib_MI,test/05_15 Arina/03_calib_MI,"MATRIX_[8, 15]_robust_concat_03_calib_MI.hdf","C:\Users\hodor\Documents\lab-Shishkin\projects\BCI_classifier\data\pr_Agency_EBCI\features\csp\test\05_15 Arina\MATRIX_[8, 15]_robust_concat_03_calib_MI.hdf","[8, 15]",1,2,1,first5,0.20559883345083016,0.294,1.352,0.08212066528837506,0.3705806836327219,0.5882582591669316,0.5,,0.0,final_score_1,0.42284797377464717,13,3
pr_Agency_EBCI,test,05_15 Arina,03_calib_MI,test/05_15 Arina/03_calib_MI,"MATRIX_[8, 12]_robust_concat_03_calib_MI.hdf","C:\Users\hodor\Documents\lab-Shishkin\projects\BCI_classifier\data\pr_Agency_EBCI\features\csp\test\05_15 Arina\MATRIX_[8, 12]_robust_concat_03_calib_MI.hdf","[8, 12]",0,1,0,first5,0.13616720985712036,0.364,1.847,0.012481503555906909,0.2400915832493838,0.5107802332834118,0.4642857142857143,,0.0,final_score_1,0.40021467821198004,14,4
pr_Agency_EBCI,test,05_15 Arina,03_calib_MI,test/05_15 Arina/03_calib_MI,"MATRIX_[9, 13]_robust_concat_03_calib_MI.hdf","C:\Users\hodor\Documents\lab-Shishkin\projects\BCI_classifier\data\pr_Agency_EBCI\features\csp\test\05_15 Arina\MATRIX_[9, 13]_robust_concat_03_calib_MI.hdf","[9, 13]",2,3,2,first5,0.24928515457802516,0.251,1.102,0.040744170180162825,0.6386031026138314,0.3871290269557568,0.5535714285714286,,0.0,final_score_1,0.3999805805966267,15,4
pr_Agency_EBCI,test,05_15 Arina,03_calib_MI,test/05_15 Arina/03_calib_MI,"MATRIX_[8, 12]_robust_concat_03_calib_MI.hdf","C:\Users\hodor\Documents\lab-Shishkin\projects\BCI_classifier\data\pr_Agency_EBCI\features\csp\test\05_15 Arina\MATRIX_[8, 12]_robust_concat_03_calib_MI.hdf","[8, 12]",52,53,-4,last5,0.8118793779835929,0.312,1.462,0.015217899202199292,0.3137171674409594,0.3919447657099622,0.6071428571428572,,0.0,final_score_1,0.3538390550513907,16,5
pr_Agency_EBCI,test,05_15 Arina,03_calib_MI,test/05_15 Arina/03_calib_MI,"MATRIX_[9, 13]_robust_concat_03_calib_MI.hdf","C:\Users\hodor\Documents\lab-Shishkin\projects\BCI_classifier\data\pr_Agency_EBCI\features\csp\test\05_15 Arina\MATRIX_[9, 13]_robust_concat_03_calib_MI.hdf","[9, 13]",3,4,3,first5,0.290029324758188,0.21,0.895,0.021836114052876554,0.3543234409268224,0.6569148604320636,0.5,,0.0,final_score_1,0.31854006492804904,17,5
pr_Agency_EBCI,test,05_15 Arina,03_calib_MI,test/05_15 Arina/03_calib_MI,"MATRIX_[8, 15]_robust_concat_03_calib_MI.hdf","C:\Users\hodor\Documents\lab-Shishkin\projects\BCI_classifier\data\pr_Agency_EBCI\features\csp\test\05_15 Arina\MATRIX_[8, 15]_robust_concat_03_calib_MI.hdf","[8, 15]",51,52,-5,last5,0.7553149208796032,0.255,1.127,0.0032545716086451737,0.29954645249695044,0.4866341318956069,0.4821428571428571,,0.0,final_score_1,0.29713414408336564,18,4
pr_Agency_EBCI,test,05_15 Arina,03_calib_MI,test/05_15 Arina/03_calib_MI,"MATRIX_[10, 14]_robust_concat_03_calib_MI.hdf","C:\Users\hodor\Documents\lab-Shishkin\projects\BCI_classifier\data\pr_Agency_EBCI\features\csp\test\05_15 Arina\MATRIX_[10, 14]_robust_concat_03_calib_MI.hdf","[10, 14]",2,3,2,first5,0.26564711352056614,0.234,1.017,0.028908298080772887,0.4024200258668519,0.3331738641595332,0.5535714285714286,,0.0,final_score_1,0.2674146502349491,19,5
pr_Agency_EBCI,test,05_15 Arina,03_calib_MI,test/05_15 Arina/03_calib_MI,"MATRIX_[8, 15]_robust_concat_03_calib_MI.hdf","C:\Users\hodor\Documents\lab-Shishkin\projects\BCI_classifier\data\pr_Agency_EBCI\features\csp\test\05_15 Arina\MATRIX_[8, 15]_robust_concat_03_calib_MI.hdf","[8, 15]",2,3,2,first5,0.2877194987392052,0.212,0.906,0.057606641957956284,0.5279038693852017,0.28077161925202343,0.5535714285714286,,0.0,final_score_1,0.26634304843616036,20,5
pr_Agency_EBCI,test,05_15 Arina,03_calib_MI,test/05_15 Arina/03_calib_MI,"MATRIX_[9, 13]_robust_concat_03_calib_MI.hdf","C:\Users\hodor\Documents\lab-Shishkin\projects\BCI_classifier\data\pr_Agency_EBCI\features\csp\test\05_15 Arina\MATRIX_[9, 13]_robust_concat_03_calib_MI.hdf","[9, 13]",51,52,-5,last5,0.8164807117420905,0.316,1.493,0.01125111979832627,0.29543221715146206,0.19445265871400835,0.5892857142857143,,0.0,final_score_1,0.24602718301500878,21,6
pr_Agency_EBCI,test,05_15 Arina,03_calib_MI,test/05_15 Arina/03_calib_MI,"MATRIX_[10, 14]_robust_concat_03_calib_MI.hdf","C:\Users\hodor\Documents\lab-Shishkin\projects\BCI_classifier\data\pr_Agency_EBCI\features\csp\test\05_15 Arina\MATRIX_[10, 14]_robust_concat_03_calib_MI.hdf","[10, 14]",53,54,-3,last5,0.8414074319496174,0.341,1.669,0.005884013153547585,0.26409705790081384,0.21094954651889344,0.4821428571428571,,0.0,final_score_1,0.2400936436587674,22,6
pr_Agency_EBCI,test,05_15 Arina,03_calib_MI,test/05_15 Arina/03_calib_MI,"MATRIX_[8, 12]_robust_concat_03_calib_MI.hdf","C:\Users\hodor\Documents\lab-Shishkin\projects\BCI_classifier\data\pr_Agency_EBCI\features\csp\test\05_15 Arina\MATRIX_[8, 12]_robust_concat_03_calib_MI.hdf","[8, 12]",51,52,-5,last5,0.7966614787813936,0.297,1.366,0.007217473087225312,0.3240678928928948,0.17792036105927472,0.6071428571428572,,0.0,final_score_1,0.23960975050252661,23,6
pr_Agency_EBCI,test,05_15 Arina,03_calib_MI,test/05_15 Arina/03_calib_MI,"MATRIX_[8, 15]_robust_concat_03_calib_MI.hdf","C:\Users\hodor\Documents\lab-Shishkin\projects\BCI_classifier\data\pr_Agency_EBCI\features\csp\test\05_15 Arina\MATRIX_[8, 15]_robust_concat_03_calib_MI.hdf","[8, 15]",53,54,-3,last5,0.7745266924751003,0.275,1.234,0.014812474554411037,0.17645710956190022,0.38273983662691424,0.5535714285714286,,0.0,final_score_1,0.23890690959941763,24,6
pr_Agency_EBCI,test,05_15 Arina,03_calib_MI,test/05_15 Arina/03_calib_MI,"MATRIX_[10, 14]_robust_concat_03_calib_MI.hdf","C:\Users\hodor\Documents\lab-Shishkin\projects\BCI_classifier\data\pr_Agency_EBCI\features\csp\test\05_15 Arina\MATRIX_[10, 14]_robust_concat_03_calib_MI.hdf","[10, 14]",52,53,-4,last5,0.8355234187960698,0.336,1.625,0.010905117027641409,0.2256032166271425,0.253403014247767,0.4642857142857143,,0.0,final_score_1,0.2356710655904555,25,7
pr_Agency_EBCI,test,05_15 Arina,03_calib_MI,test/05_15 Arina/03_calib_MI,"MATRIX_[8, 12]_robust_concat_03_calib_MI.hdf","C:\Users\hodor\Documents\lab-Shishkin\projects\BCI_classifier\data\pr_Agency_EBCI\features\csp\test\05_15 Arina\MATRIX_[8, 12]_robust_concat_03_calib_MI.hdf","[8, 12]",3,4,3,first5,0.3104634655889341,0.19,0.798,0.014016884928615081,0.276363159982721,0.5348454417200621,0.5,,0.0,final_score_1,0.23119445148529316,26,7
pr_Agency_EBCI,test,05_15 Arina,03_calib_MI,test/05_15 Arina/03_calib_MI,"MATRIX_[10, 14]_robust_concat_03_calib_MI.hdf","C:\Users\hodor\Documents\lab-Shishkin\projects\BCI_classifier\data\pr_Agency_EBCI\features\csp\test\05_15 Arina\MATRIX_[10, 14]_robust_concat_03_calib_MI.hdf","[10, 14]",4,5,4,first5,0.30431331167301157,0.196,0.827,0.036644742546571574,0.24685174261092863,0.5235228888698064,0.4642857142857143,,0.0,final_score_1,0.22109751923497095,27,8
pr_Agency_EBCI,test,05_15 Arina,03_calib_MI,test/05_15 Arina/03_calib_MI,"MATRIX_[9, 13]_robust_concat_03_calib_MI.hdf","C:\Users\hodor\Documents\lab-Shishkin\projects\BCI_classifier\data\pr_Agency_EBCI\features\csp\test\05_15 Arina\MATRIX_[9, 13]_robust_concat_03_calib_MI.hdf","[9, 13]",53,54,-3,last5,0.8248452227710377,0.325,1.55,0.0015197823463350968,0.22991226647931826,0.20121965620523066,0.5714285714285714,,0.0,final_score_1,0.2201852319424661,28,7
pr_Agency_EBCI,test,05_15 Arina,03_calib_MI,test/05_15 Arina/03_calib_MI,"MATRIX_[8, 15]_robust_concat_03_calib_MI.hdf","C:\Users\hodor\Documents\lab-Shishkin\projects\BCI_classifier\data\pr_Agency_EBCI\features\csp\test\05_15 Arina\MATRIX_[8, 15]_robust_concat_03_calib_MI.hdf","[8, 15]",3,4,3,first5,0.3453261406971615,0.155,0.64,0.017611021357054946,0.22507192799436182,0.4689676590747113,0.5357142857142857,,0.0,final_score_1,0.16520620885054896,29,7
pr_Agency_EBCI,test,05_15 Arina,03_calib_MI,test/05_15 Arina/03_calib_MI,"MATRIX_[8, 15]_robust_concat_03_calib_MI.hdf","C:\Users\hodor\Documents\lab-Shishkin\projects\BCI_classifier\data\pr_Agency_EBCI\features\csp\test\05_15 Arina\MATRIX_[8, 15]_robust_concat_03_calib_MI.hdf","[8, 15]",52,53,-4,last5,0.7597142179206893,0.26,1.151,0.004399297041086103,0.23105866913536993,0.1508794398928629,0.6071428571428572,,0.0,final_score_1,0.1595955669867973,30,8
pr_Agency_EBCI,test,05_15 Arina,03_calib_MI,test/05_15 Arina/03_calib_MI,"MATRIX_[9, 13]_robust_concat_03_calib_MI.hdf","C:\Users\hodor\Documents\lab-Shishkin\projects\BCI_classifier\data\pr_Agency_EBCI\features\csp\test\05_15 Arina\MATRIX_[9, 13]_robust_concat_03_calib_MI.hdf","[9, 13]",52,53,-4,last5,0.8233254404247026,0.323,1.539,0.0068447286826121,0.1506873801100439,0.15725199822670105,0.4285714285714286,,0.0,final_score_1,0.1420920274325266,31,8
pr_Agency_EBCI,test,05_15 Arina,03_calib_MI,test/05_15 Arina/03_calib_MI,"MATRIX_[8, 12]_robust_concat_03_calib_MI.hdf","C:\Users\hodor\Documents\lab-Shishkin\projects\BCI_classifier\data\pr_Agency_EBCI\features\csp\test\05_15 Arina\MATRIX_[8, 12]_robust_concat_03_calib_MI.hdf","[8, 12]",54,55,-2,last5,0.8236028108364374,0.324,1.541,0.005981170531819124,0.0977671134551015,0.18944033683345912,0.4285714285714286,,0.0,final_score_1,0.13293601984784809,32,8
pr_Agency_EBCI,test,05_15 Arina,03_calib_MI,test/05_15 Arina/03_calib_MI,"MATRIX_[8, 12]_robust_concat_03_calib_MI.hdf","C:\Users\hodor\Documents\lab-Shishkin\projects\BCI_classifier\data\pr_Agency_EBCI\features\csp\test\05_15 Arina\MATRIX_[8, 12]_robust_concat_03_calib_MI.hdf","[8, 12]",53,54,-3,last5,0.8176216403046183,0.318,1.5,0.005742262321025371,0.1049395076262361,0.16666777219629494,0.5357142857142857,,0.0,final_score_1,0.13264135515333175,33,9
pr_Agency_EBCI,test,05_15 Arina,03_calib_MI,test/05_15 Arina/03_calib_MI,"MATRIX_[8, 15]_robust_concat_03_calib_MI.hdf","C:\Users\hodor\Documents\lab-Shishkin\projects\BCI_classifier\data\pr_Agency_EBCI\features\csp\test\05_15 Arina\MATRIX_[8, 15]_robust_concat_03_calib_MI.hdf","[8, 15]",4,5,4,first5,0.36293716205421644,0.137,0.563,0.022030710659079134,0.14402440145901846,0.444355684292603,0.5,,0.0,final_score_1,0.12091210762195823,34,9
pr_Agency_EBCI,test,05_15 Arina,03_calib_MI,test/05_15 Arina/03_calib_MI,"MATRIX_[9, 13]_robust_concat_03_calib_MI.hdf","C:\Users\hodor\Documents\lab-Shishkin\projects\BCI_classifier\data\pr_Agency_EBCI\features\csp\test\05_15 Arina\MATRIX_[9, 13]_robust_concat_03_calib_MI.hdf","[9, 13]",54,55,-2,last5,0.8327788785230623,0.333,1.605,0.007933655752024649,0.09228241983283808,0.12409792126360165,0.4821428571428571,,0.0,final_score_1,0.10679529013508032,35,9
pr_Agency_EBCI,test,05_15 Arina,03_calib_MI,test/05_15 Arina/03_calib_MI,"MATRIX_[8, 12]_robust_concat_03_calib_MI.hdf","C:\Users\hodor\Documents\lab-Shishkin\projects\BCI_classifier\data\pr_Agency_EBCI\features\csp\test\05_15 Arina\MATRIX_[8, 12]_robust_concat_03_calib_MI.hdf","[8, 12]",4,5,4,first5,0.3244803505175492,0.176,0.733,0.031093531861352997,0.13835787770557442,0.17706318831052048,0.4107142857142857,,0.0,final_score_1,0.07831454467656755,36,10
pr_Agency_EBCI,test,05_15 Arina,03_calib_MI,test/05_15 Arina/03_calib_MI,"MATRIX_[10, 14]_robust_concat_03_calib_MI.hdf","C:\Users\hodor\Documents\lab-Shishkin\projects\BCI_classifier\data\pr_Agency_EBCI\features\csp\test\05_15 Arina\MATRIX_[10, 14]_robust_concat_03_calib_MI.hdf","[10, 14]",3,4,3,first5,0.294555411601339,0.205,0.873,0.009757900071672543,0.0754966000964926,0.18253067280059432,0.4642857142857143,,0.0,final_score_1,0.0774542581678577,37,9
pr_Agency_EBCI,test,05_15 Arina,03_calib_MI,test/05_15 Arina/03_calib_MI,"MATRIX_[8, 15]_robust_concat_03_calib_MI.hdf","C:\Users\hodor\Documents\lab-Shishkin\projects\BCI_classifier\data\pr_Agency_EBCI\features\csp\test\05_15 Arina\MATRIX_[8, 15]_robust_concat_03_calib_MI.hdf","[8, 15]",54,55,-2,last5,0.7822833912447805,0.282,1.279,0.007756698769680215,0.0688923220174735,0.09662039395005387,0.5178571428571428,,0.0,final_score_1,0.07084535360252912,38,10
pr_Agency_EBCI,test,05_15 Arina,03_calib_MI,test/05_15 Arina/03_calib_MI,"MATRIX_[10, 14]_robust_concat_03_calib_MI.hdf","C:\Users\hodor\Documents\lab-Shishkin\projects\BCI_classifier\data\pr_Agency_EBCI\features\csp\test\05_15 Arina\MATRIX_[10, 14]_robust_concat_03_calib_MI.hdf","[10, 14]",51,52,-5,last5,0.8246183017684284,0.325,1.548,0.006011381676706451,0.049193315667207915,0.07717042892111745,0.5178571428571428,,0.0,final_score_1,0.062335686504508714,39,10
pr_Agency_EBCI,test,05_15 Arina,03_calib_MI,test/05_15 Arina/03_calib_MI,"MATRIX_[9, 13]_robust_concat_03_calib_MI.hdf","C:\Users\hodor\Documents\lab-Shishkin\projects\BCI_classifier\data\pr_Agency_EBCI\features\csp\test\05_15 Arina\MATRIX_[9, 13]_robust_concat_03_calib_MI.hdf","[9, 13]",4,5,4,first5,0.31186543881106454,0.188,0.791,0.034757358694578744,0.10371190752694014,0.07959528711265174,0.4107142857142857,,0.0,final_score_1,0.0486156866926289,40,10
pr_Agency_EBCI,test,05_15 Arina,03_calib_MI,test/05_15 Arina/03_calib_MI,"MATRIX_[10, 14]_robust_concat_03_calib_MI.hdf","C:\Users\hodor\Documents\lab-Shishkin\projects\BCI_classifier\data\pr_Agency_EBCI\features\csp\test\05_15 Arina\MATRIX_[10, 14]_robust_concat_03_calib_MI.hdf","[10, 14]",0,1,0,first5,0.1631498865958888,0.337,1.635,0.023147454101180465,1.4040777164701455,0.6662756216013952,0.5357142857142857,,0.0,final_score_2,5.198435408325702,1,1
pr_Agency_EBCI,test,05_15 Arina,03_calib_MI,test/05_15 Arina/03_calib_MI,"MATRIX_[8, 15]_robust_concat_03_calib_MI.hdf","C:\Users\hodor\Documents\lab-Shishkin\projects\BCI_classifier\data\pr_Agency_EBCI\features\csp\test\05_15 Arina\MATRIX_[8, 15]_robust_concat_03_calib_MI.hdf","[8, 15]",0,1,0,first5,0.17663719232504024,0.323,1.539,0.028961641125789916,1.3042195434517303,0.5551449396826019,0.5357142857142857,,0.0,final_score_2,4.394541550013596,2,1
pr_Agency_EBCI,test,05_15 Arina,03_calib_MI,test/05_15 Arina/03_calib_MI,"MATRIX_[9, 13]_robust_concat_03_calib_MI.hdf","C:\Users\hodor\Documents\lab-Shishkin\projects\BCI_classifier\data\pr_Agency_EBCI\features\csp\test\05_15 Arina\MATRIX_[9, 13]_robust_concat_03_calib_MI.hdf","[9, 13]",0,1,0,first5,0.16190681065864732,0.338,1.644,0.018743760124968367,1.2150731494179998,0.46121426255682574,0.5535714285714286,,0.0,final_score_2,4.281357784998845,3,1
pr_Agency_EBCI,test,05_15 Arina,03_calib_MI,test/05_15 Arina/03_calib_MI,"MATRIX_[8, 12]_robust_concat_03_calib_MI.hdf","C:\Users\hodor\Documents\lab-Shishkin\projects\BCI_classifier\data\pr_Agency_EBCI\features\csp\test\05_15 Arina\MATRIX_[8, 12]_robust_concat_03_calib_MI.hdf","[8, 12]",1,2,1,first5,0.14864871341302727,0.351,1.745,0.0952825863152936,1.2204042568442734,0.2517681657865698,0.5892857142857143,,0.0,final_score_2,4.08278103744077,4,1
pr_Agency_EBCI,test,05_15 Arina,03_calib_MI,test/05_15 Arina/03_calib_MI,"MATRIX_[10, 14]_robust_concat_03_calib_MI.hdf","C:\Users\hodor\Documents\lab-Shishkin\projects\BCI_classifier\data\pr_Agency_EBCI\features\csp\test\05_15 Arina\MATRIX_[10, 14]_robust_concat_03_calib_MI.hdf","[10, 14]",54,55,-2,last5,0.8571958654510324,0.357,1.792,0.01578843350141501,0.5097135543277448,0.5465357200346134,0.5178571428571428,,0.0,final_score_2,2.872998026265614,5,2
pr_Agency_EBCI,test,05_15 Arina,03_calib_MI,test/05_15 Arina/03_calib_MI,"MATRIX_[8, 12]_robust_concat_03_calib_MI.hdf","C:\Users\hodor\Documents\lab-Shishkin\projects\BCI_classifier\data\pr_Agency_EBCI\features\csp\test\05_15 Arina\MATRIX_[8, 12]_robust_concat_03_calib_MI.hdf","[8, 12]",55,56,-1,last5,0.8482028054169704,0.348,1.721,0.02459999458053297,0.5159172426516725,0.4719853172371,0.5535714285714286,,0.0,final_score_2,2.641351546151183,6,2
pr_Agency_EBCI,test,05_15 Arina,03_calib_MI,test/05_15 Arina/03_calib_MI,"MATRIX_[9, 13]_robust_concat_03_calib_MI.hdf","C:\Users\hodor\Documents\lab-Shishkin\projects\BCI_classifier\data\pr_Agency_EBCI\features\csp\test\05_15 Arina\MATRIX_[9, 13]_robust_concat_03_calib_MI.hdf","[9, 13]",55,56,-1,last5,0.8591369360691132,0.359,1.808,0.026358057546050917,0.42612999848328614,0.49093084608577103,0.5714285714285714,,0.0,final_score_2,2.605500868112773,7,2
pr_Agency_EBCI,test,05_15 Arina,03_calib_MI,test/05_15 Arina/03_calib_MI,"MATRIX_[8, 15]_robust_concat_03_calib_MI.hdf","C:\Users\hodor\Documents\lab-Shishkin\projects\BCI_classifier\data\pr_Agency_EBCI\features\csp\test\05_15 Arina\MATRIX_[8, 15]_robust_concat_03_calib_MI.hdf","[8, 15]",55,56,-1,last5,0.8045853528040701,0.305,1.415,0.02230196155928954,0.5818946521510631,0.49242428305913033,0.5892857142857143,,0.0,final_score_2,2.415970626887424,8,2
pr_Agency_EBCI,test,05_15 Arina,03_calib_MI,test/05_15 Arina/03_calib_MI,"MATRIX_[8, 12]_robust_concat_03_calib_MI.hdf","C:\Users\hodor\Documents\lab-Shishkin\projects\BCI_classifier\data\pr_Agency_EBCI\features\csp\test\05_15 Arina\MATRIX_[8, 12]_robust_concat_03_calib_MI.hdf","[8, 12]",2,3,2,first5,0.24393129972832087,0.256,1.131,0.06653216586061325,0.7794463455894669,0.5760515898028271,0.5535714285714286,,0.0,final_score_2,2.381730899085635,9,3
pr_Agency_EBCI,test,05_15 Arina,03_calib_MI,test/05_15 Arina/03_calib_MI,"MATRIX_[10, 14]_robust_concat_03_calib_MI.hdf","C:\Users\hodor\Documents\lab-Shishkin\projects\BCI_classifier\data\pr_Agency_EBCI\features\csp\test\05_15 Arina\MATRIX_[10, 14]_robust_concat_03_calib_MI.hdf","[10, 14]",1,2,1,first5,0.18629734069706927,0.314,1.474,0.07934977282349687,0.4656842544384766,0.5556512768624355,0.4821428571428571,,0.0,final_score_2,2.2312898494717177,10,3
pr_Agency_EBCI,test,05_15 Arina,03_calib_MI,test/05_15 Arina/03_calib_MI,"MATRIX_[9, 13]_robust_concat_03_calib_MI.hdf","C:\Users\hodor\Documents\lab-Shishkin\projects\BCI_classifier\data\pr_Agency_EBCI\features\csp\test\05_15 Arina\MATRIX_[9, 13]_robust_concat_03_calib_MI.hdf","[9, 13]",1,2,1,first5,0.18065057078361568,0.319,1.512,0.06863458379440948,0.4762428610049573,0.5258233438059978,0.4642857142857143,,0.0,final_score_2,2.218574577451455,11,3
pr_Agency_EBCI,test,05_15 Arina,03_calib_MI,test/05_15 Arina/03_calib_MI,"MATRIX_[10, 14]_robust_concat_03_calib_MI.hdf","C:\Users\hodor\Documents\lab-Shishkin\projects\BCI_classifier\data\pr_Agency_EBCI\features\csp\test\05_15 Arina\MATRIX_[10, 14]_robust_concat_03_calib_MI.hdf","[10, 14]",55,56,-1,last5,0.8646827840659048,0.365,1.855,0.007486918614872384,0.327885570466941,0.4178900419204374,0.5892857142857143,,0.0,final_score_2,2.19863972726954,12,4
pr_Agency_EBCI,test,05_15 Arina,03_calib_MI,test/05_15 Arina/03_calib_MI,"MATRIX_[8, 12]_robust_concat_03_calib_MI.hdf","C:\Users\hodor\Documents\lab-Shishkin\projects\BCI_classifier\data\pr_Agency_EBCI\features\csp\test\05_15 Arina\MATRIX_[8, 12]_robust_concat_03_calib_MI.hdf","[8, 12]",0,1,0,first5,0.13616720985712036,0.364,1.847,0.012481503555906909,0.2400915832493838,0.5107802332834118,0.4642857142857143,,0.0,final_score_2,2.030759644663536,13,4
pr_Agency_EBCI,test,05_15 Arina,03_calib_MI,test/05_15 Arina/03_calib_MI,"MATRIX_[8, 15]_robust_concat_03_calib_MI.hdf","C:\Users\hodor\Documents\lab-Shishkin\projects\BCI_classifier\data\pr_Agency_EBCI\features\csp\test\05_15 Arina\MATRIX_[8, 15]_robust_concat_03_calib_MI.hdf","[8, 15]",1,2,1,first5,0.20559883345083016,0.294,1.352,0.08212066528837506,0.3705806836327219,0.5882582591669316,0.5,,0.0,final_score_2,1.9445253759976975,14,3
pr_Agency_EBCI,test,05_15 Arina,03_calib_MI,test/05_15 Arina/03_calib_MI,"MATRIX_[9, 13]_robust_concat_03_calib_MI.hdf","C:\Users\hodor\Documents\lab-Shishkin\projects\BCI_classifier\data\pr_Agency_EBCI\features\csp\test\05_15 Arina\MATRIX_[9, 13]_robust_concat_03_calib_MI.hdf","[9, 13]",2,3,2,first5,0.24928515457802516,0.251,1.102,0.040744170180162825,0.6386031026138314,0.3871290269557568,0.5535714285714286,,0.0,final_score_2,1.7560900391134768,15,4
pr_Agency_EBCI,test,05_15 Arina,03_calib_MI,test/05_15 Arina/03_calib_MI,"MATRIX_[8, 12]_robust_concat_03_calib_MI.hdf","C:\Users\hodor\Documents\lab-Shishkin\projects\BCI_classifier\data\pr_Agency_EBCI\features\csp\test\05_15 Arina\MATRIX_[8, 12]_robust_concat_03_calib_MI.hdf","[8, 12]",52,53,-4,last5,0.8118793779835929,0.312,1.462,0.015217899202199292,0.3137171674409594,0.3919447657099622,0.6071428571428572,,0.0,final_score_2,1.6580535207856835,16,5
pr_Agency_EBCI,test,05_15 Arina,03_calib_MI,test/05_15 Arina/03_calib_MI,"MATRIX_[9, 13]_robust_concat_03_calib_MI.hdf","C:\Users\hodor\Documents\lab-Shishkin\projects\BCI_classifier\data\pr_Agency_EBCI\features\csp\test\05_15 Arina\MATRIX_[9, 13]_robust_concat_03_calib_MI.hdf","[9, 13]",3,4,3,first5,0.290029324758188,0.21,0.895,0.021836114052876554,0.3543234409268224,0.6569148604320636,0.5,,0.0,final_score_2,1.3575874195743043,17,5
pr_Agency_EBCI,test,05_15 Arina,03_calib_MI,test/05_15 Arina/03_calib_MI,"MATRIX_[8, 15]_robust_concat_03_calib_MI.hdf","C:\Users\hodor\Documents\lab-Shishkin\projects\BCI_classifier\data\pr_Agency_EBCI\features\csp\test\05_15 Arina\MATRIX_[8, 15]_robust_concat_03_calib_MI.hdf","[8, 15]",51,52,-5,last5,0.7553149208796032,0.255,1.127,0.0032545716086451737,0.29954645249695044,0.4866341318956069,0.4821428571428571,,0.0,final_score_2,1.313216393654718,18,4
pr_Agency_EBCI,test,05_15 Arina,03_calib_MI,test/05_15 Arina/03_calib_MI,"MATRIX_[10, 14]_robust_concat_03_calib_MI.hdf","C:\Users\hodor\Documents\lab-Shishkin\projects\BCI_classifier\data\pr_Agency_EBCI\features\csp\test\05_15 Arina\MATRIX_[10, 14]_robust_concat_03_calib_MI.hdf","[10, 14]",53,54,-3,last5,0.8414074319496174,0.341,1.669,0.005884013153547585,0.26409705790081384,0.21094954651889344,0.4821428571428571,,0.0,final_score_2,1.1751210887580141,19,5
pr_Agency_EBCI,test,05_15 Arina,03_calib_MI,test/05_15 Arina/03_calib_MI,"MATRIX_[9, 13]_robust_concat_03_calib_MI.hdf","C:\Users\hodor\Documents\lab-Shishkin\projects\BCI_classifier\data\pr_Agency_EBCI\features\csp\test\05_15 Arina\MATRIX_[9, 13]_robust_concat_03_calib_MI.hdf","[9, 13]",51,52,-5,last5,0.8164807117420905,0.316,1.493,0.01125111979832627,0.29543221715146206,0.19445265871400835,0.5892857142857143,,0.0,final_score_2,1.1624005830424307,20,6
pr_Agency_EBCI,test,05_15 Arina,03_calib_MI,test/05_15 Arina/03_calib_MI,"MATRIX_[10, 14]_robust_concat_03_calib_MI.hdf","C:\Users\hodor\Documents\lab-Shishkin\projects\BCI_classifier\data\pr_Agency_EBCI\features\csp\test\05_15 Arina\MATRIX_[10, 14]_robust_concat_03_calib_MI.hdf","[10, 14]",2,3,2,first5,0.26564711352056614,0.234,1.017,0.028908298080772887,0.4024200258668519,0.3331738641595332,0.5535714285714286,,0.0,final_score_2,1.1622252106365094,21,6
pr_Agency_EBCI,test,05_15 Arina,03_calib_MI,test/05_15 Arina/03_calib_MI,"MATRIX_[10, 14]_robust_concat_03_calib_MI.hdf","C:\Users\hodor\Documents\lab-Shishkin\projects\BCI_classifier\data\pr_Agency_EBCI\features\csp\test\05_15 Arina\MATRIX_[10, 14]_robust_concat_03_calib_MI.hdf","[10, 14]",52,53,-4,last5,0.8355234187960698,0.336,1.625,0.010905117027641409,0.2256032166271425,0.253403014247767,0.4642857142857143,,0.0,final_score_2,1.139778219001459,22,7
pr_Agency_EBCI,test,05_15 Arina,03_calib_MI,test/05_15 Arina/03_calib_MI,"MATRIX_[8, 15]_robust_concat_03_calib_MI.hdf","C:\Users\hodor\Documents\lab-Shishkin\projects\BCI_classifier\data\pr_Agency_EBCI\features\csp\test\05_15 Arina\MATRIX_[8, 15]_robust_concat_03_calib_MI.hdf","[8, 15]",2,3,2,first5,0.2877194987392052,0.212,0.906,0.057606641957956284,0.5279038693852017,0.28077161925202343,0.5535714285714286,,0.0,final_score_2,1.1382396315243457,23,5
pr_Agency_EBCI,test,05_15 Arina,03_calib_MI,test/05_15 Arina/03_calib_MI,"MATRIX_[8, 12]_robust_concat_03_calib_MI.hdf","C:\Users\hodor\Documents\lab-Shishkin\projects\BCI_classifier\data\pr_Agency_EBCI\features\csp\test\05_15 Arina\MATRIX_[8, 12]_robust_concat_03_calib_MI.hdf","[8, 12]",51,52,-5,last5,0.7966614787813936,0.297,1.366,0.007217473087225312,0.3240678928928948,0.17792036105927472,0.6071428571428572,,0.0,final_score_2,1.1020434989442809,24,6
pr_Agency_EBCI,test,05_15 Arina,03_calib_MI,test/05_15 Arina/03_calib_MI,"MATRIX_[8, 15]_robust_concat_03_calib_MI.hdf","C:\Users\hodor\Documents\lab-Shishkin\projects\BCI_classifier\data\pr_Agency_EBCI\features\csp\test\05_15 Arina\MATRIX_[8, 15]_robust_concat_03_calib_MI.hdf","[8, 15]",53,54,-3,last5,0.7745266924751003,0.275,1.234,0.014812474554411037,0.17645710956190022,0.38273983662691424,0.5535714285714286,,0.0,final_score_2,1.0720404598024775,25,6
pr_Agency_EBCI,test,05_15 Arina,03_calib_MI,test/05_15 Arina/03_calib_MI,"MATRIX_[9, 13]_robust_concat_03_calib_MI.hdf","C:\Users\hodor\Documents\lab-Shishkin\projects\BCI_classifier\data\pr_Agency_EBCI\features\csp\test\05_15 Arina\MATRIX_[9, 13]_robust_concat_03_calib_MI.hdf","[9, 13]",53,54,-3,last5,0.8248452227710377,0.325,1.55,0.0015197823463350968,0.22991226647931826,0.20121965620523066,0.5714285714285714,,0.0,final_score_2,1.0501141831102228,26,7
pr_Agency_EBCI,test,05_15 Arina,03_calib_MI,test/05_15 Arina/03_calib_MI,"MATRIX_[8, 12]_robust_concat_03_calib_MI.hdf","C:\Users\hodor\Documents\lab-Shishkin\projects\BCI_classifier\data\pr_Agency_EBCI\features\csp\test\05_15 Arina\MATRIX_[8, 12]_robust_concat_03_calib_MI.hdf","[8, 12]",3,4,3,first5,0.3104634655889341,0.19,0.798,0.014016884928615081,0.276363159982721,0.5348454417200621,0.5,,0.0,final_score_2,0.9710166962382313,27,7
pr_Agency_EBCI,test,05_15 Arina,03_calib_MI,test/05_15 Arina/03_calib_MI,"MATRIX_[10, 14]_robust_concat_03_calib_MI.hdf","C:\Users\hodor\Documents\lab-Shishkin\projects\BCI_classifier\data\pr_Agency_EBCI\features\csp\test\05_15 Arina\MATRIX_[10, 14]_robust_concat_03_calib_MI.hdf","[10, 14]",4,5,4,first5,0.30431331167301157,0.196,0.827,0.036644742546571574,0.24685174261092863,0.5235228888698064,0.4642857142857143,,0.0,final_score_2,0.9328961653434743,28,8
pr_Agency_EBCI,test,05_15 Arina,03_calib_MI,test/05_15 Arina/03_calib_MI,"MATRIX_[8, 15]_robust_concat_03_calib_MI.hdf","C:\Users\hodor\Documents\lab-Shishkin\projects\BCI_classifier\data\pr_Agency_EBCI\features\csp\test\05_15 Arina\MATRIX_[8, 15]_robust_concat_03_calib_MI.hdf","[8, 15]",52,53,-4,last5,0.7597142179206893,0.26,1.151,0.004399297041086103,0.23105866913536993,0.1508794398928629,0.6071428571428572,,0.0,final_score_2,0.7065172984684758,29,7
pr_Agency_EBCI,test,05_15 Arina,03_calib_MI,test/05_15 Arina/03_calib_MI,"MATRIX_[8, 15]_robust_concat_03_calib_MI.hdf","C:\Users\hodor\Documents\lab-Shishkin\projects\BCI_classifier\data\pr_Agency_EBCI\features\csp\test\05_15 Arina\MATRIX_[8, 15]_robust_concat_03_calib_MI.hdf","[8, 15]",3,4,3,first5,0.3453261406971615,0.155,0.64,0.017611021357054946,0.22507192799436182,0.4689676590747113,0.5357142857142857,,0.0,final_score_2,0.6821417655764603,30,8
pr_Agency_EBCI,test,05_15 Arina,03_calib_MI,test/05_15 Arina/03_calib_MI,"MATRIX_[9, 13]_robust_concat_03_calib_MI.hdf","C:\Users\hodor\Documents\lab-Shishkin\projects\BCI_classifier\data\pr_Agency_EBCI\features\csp\test\05_15 Arina\MATRIX_[9, 13]_robust_concat_03_calib_MI.hdf","[9, 13]",52,53,-4,last5,0.8233254404247026,0.323,1.539,0.0068447286826121,0.1506873801100439,0.15725199822670105,0.4285714285714286,,0.0,final_score_2,0.6770267189432149,31,8
pr_Agency_EBCI,test,05_15 Arina,03_calib_MI,test/05_15 Arina/03_calib_MI,"MATRIX_[8, 12]_robust_concat_03_calib_MI.hdf","C:\Users\hodor\Documents\lab-Shishkin\projects\BCI_classifier\data\pr_Agency_EBCI\features\csp\test\05_15 Arina\MATRIX_[8, 12]_robust_concat_03_calib_MI.hdf","[8, 12]",54,55,-2,last5,0.8236028108364374,0.324,1.541,0.005981170531819124,0.0977671134551015,0.18944033683345912,0.4285714285714286,,0.0,final_score_2,0.6322666869923885,32,8
pr_Agency_EBCI,test,05_15 Arina,03_calib_MI,test/05_15 Arina/03_calib_MI,"MATRIX_[8, 12]_robust_concat_03_calib_MI.hdf","C:\Users\hodor\Documents\lab-Shishkin\projects\BCI_classifier\data\pr_Agency_EBCI\features\csp\test\05_15 Arina\MATRIX_[8, 12]_robust_concat_03_calib_MI.hdf","[8, 12]",53,54,-3,last5,0.8176216403046183,0.318,1.5,0.005742262321025371,0.1049395076262361,0.16666777219629494,0.5357142857142857,,0.0,final_score_2,0.6256667695911875,33,9
pr_Agency_EBCI,test,05_15 Arina,03_calib_MI,test/05_15 Arina/03_calib_MI,"MATRIX_[9, 13]_robust_concat_03_calib_MI.hdf","C:\Users\hodor\Documents\lab-Shishkin\projects\BCI_classifier\data\pr_Agency_EBCI\features\csp\test\05_15 Arina\MATRIX_[9, 13]_robust_concat_03_calib_MI.hdf","[9, 13]",54,55,-2,last5,0.8327788785230623,0.333,1.605,0.007933655752024649,0.09228241983283808,0.12409792126360165,0.4821428571428571,,0.0,final_score_2,0.5147340560564682,34,9
pr_Agency_EBCI,test,05_15 Arina,03_calib_MI,test/05_15 Arina/03_calib_MI,"MATRIX_[8, 15]_robust_concat_03_calib_MI.hdf","C:\Users\hodor\Documents\lab-Shishkin\projects\BCI_classifier\data\pr_Agency_EBCI\features\csp\test\05_15 Arina\MATRIX_[8, 15]_robust_concat_03_calib_MI.hdf","[8, 15]",4,5,4,first5,0.36293716205421644,0.137,0.563,0.022030710659079134,0.14402440145901846,0.444355684292603,0.5,,0.0,final_score_2,0.49688698241724427,35,9
pr_Agency_EBCI,test,05_15 Arina,03_calib_MI,test/05_15 Arina/03_calib_MI,"MATRIX_[10, 14]_robust_concat_03_calib_MI.hdf","C:\Users\hodor\Documents\lab-Shishkin\projects\BCI_classifier\data\pr_Agency_EBCI\features\csp\test\05_15 Arina\MATRIX_[10, 14]_robust_concat_03_calib_MI.hdf","[10, 14]",3,4,3,first5,0.294555411601339,0.205,0.873,0.009757900071672543,0.0754966000964926,0.18253067280059432,0.4642857142857143,,0.0,final_score_2,0.32984179210019404,36,9
pr_Agency_EBCI,test,05_15 Arina,03_calib_MI,test/05_15 Arina/03_calib_MI,"MATRIX_[8, 12]_robust_concat_03_calib_MI.hdf","C:\Users\hodor\Documents\lab-Shishkin\projects\BCI_classifier\data\pr_Agency_EBCI\features\csp\test\05_15 Arina\MATRIX_[8, 12]_robust_concat_03_calib_MI.hdf","[8, 12]",4,5,4,first5,0.3244803505175492,0.176,0.733,0.031093531861352997,0.13835787770557442,0.17706318831052048,0.4107142857142857,,0.0,final_score_2,0.3261622798177501,37,10
pr_Agency_EBCI,test,05_15 Arina,03_calib_MI,test/05_15 Arina/03_calib_MI,"MATRIX_[8, 15]_robust_concat_03_calib_MI.hdf","C:\Users\hodor\Documents\lab-Shishkin\projects\BCI_classifier\data\pr_Agency_EBCI\features\csp\test\05_15 Arina\MATRIX_[8, 15]_robust_concat_03_calib_MI.hdf","[8, 15]",54,55,-2,last5,0.7822833912447805,0.282,1.279,0.007756698769680215,0.0688923220174735,0.09662039395005387,0.5178571428571428,,0.0,final_score_2,0.321316337793031,38,10
pr_Agency_EBCI,test,05_15 Arina,03_calib_MI,test/05_15 Arina/03_calib_MI,"MATRIX_[10, 14]_robust_concat_03_calib_MI.hdf","C:\Users\hodor\Documents\lab-Shishkin\projects\BCI_classifier\data\pr_Agency_EBCI\features\csp\test\05_15 Arina\MATRIX_[10, 14]_robust_concat_03_calib_MI.hdf","[10, 14]",51,52,-5,last5,0.8246183017684284,0.325,1.548,0.006011381676706451,0.049193315667207915,0.07717042892111745,0.5178571428571428,,0.0,final_score_2,0.29690966987378303,39,10
pr_Agency_EBCI,test,05_15 Arina,03_calib_MI,test/05_15 Arina/03_calib_MI,"MATRIX_[9, 13]_robust_concat_03_calib_MI.hdf","C:\Users\hodor\Documents\lab-Shishkin\projects\BCI_classifier\data\pr_Agency_EBCI\features\csp\test\05_15 Arina\MATRIX_[9, 13]_robust_concat_03_calib_MI.hdf","[9, 13]",4,5,4,first5,0.31186543881106454,0.188,0.791,0.034757358694578744,0.10371190752694014,0.07959528711265174,0.4107142857142857,,0.0,final_score_2,0.20454791581845455,40,10
pr_Agency_EBCI,test,05_15 Arina,03_calib_MI,test/05_15 Arina/03_calib_MI,"MATRIX_[10, 14]_robust_concat_03_calib_MI.hdf","C:\Users\hodor\Documents\lab-Shishkin\projects\BCI_classifier\data\pr_Agency_EBCI\features\csp\test\05_15 Arina\MATRIX_[10, 14]_robust_concat_03_calib_MI.hdf","[10, 14]",0,1,0,first5,0.1631498865958888,0.337,1.635,0.023147454101180465,1.4040777164701455,0.6662756216013952,0.5357142857142857,,0.0,final_score_3,5.421643087592436,1,1
pr_Agency_EBCI,test,05_15 Arina,03_calib_MI,test/05_15 Arina/03_calib_MI,"MATRIX_[8, 15]_robust_concat_03_calib_MI.hdf","C:\Users\hodor\Documents\lab-Shishkin\projects\BCI_classifier\data\pr_Agency_EBCI\features\csp\test\05_15 Arina\MATRIX_[8, 15]_robust_concat_03_calib_MI.hdf","[8, 15]",0,1,0,first5,0.17663719232504024,0.323,1.539,0.028961641125789916,1.3042195434517303,0.5551449396826019,0.5357142857142857,,0.0,final_score_3,4.806921560824648,2,1
pr_Agency_EBCI,test,05_15 Arina,03_calib_MI,test/05_15 Arina/03_calib_MI,"MATRIX_[9, 13]_robust_concat_03_calib_MI.hdf","C:\Users\hodor\Documents\lab-Shishkin\projects\BCI_classifier\data\pr_Agency_EBCI\features\csp\test\05_15 Arina\MATRIX_[9, 13]_robust_concat_03_calib_MI.hdf","[9, 13]",0,1,0,first5,0.16190681065864732,0.338,1.644,0.018743760124968367,1.2150731494179998,0.46121426255682574,0.5535714285714286,,0.0,final_score_3,4.430688533237121,3,1
pr_Agency_EBCI,test,05_15 Arina,03_calib_MI,test/05_15 Arina/03_calib_MI,"MATRIX_[8, 12]_robust_concat_03_calib_MI.hdf","C:\Users\hodor\Documents\lab-Shishkin\projects\BCI_classifier\data\pr_Agency_EBCI\features\csp\test\05_15 Arina\MATRIX_[8, 12]_robust_concat_03_calib_MI.hdf","[8, 12]",1,2,1,first5,0.14864871341302727,0.351,1.745,0.0952825863152936,1.2204042568442734,0.2517681657865698,0.5892857142857143,,0.0,final_score_3,4.295171638234709,4,1
pr_Agency_EBCI,test,05_15 Arina,03_calib_MI,test/05_15 Arina/03_calib_MI,"MATRIX_[8, 12]_robust_concat_03_calib_MI.hdf","C:\Users\hodor\Documents\lab-Shishkin\projects\BCI_classifier\data\pr_Agency_EBCI\features\csp\test\05_15 Arina\MATRIX_[8, 12]_robust_concat_03_calib_MI.hdf","[8, 12]",2,3,2,first5,0.24393129972832087,0.256,1.131,0.06653216586061325,0.7794463455894669,0.5760515898028271,0.5535714285714286,,0.0,final_score_3,3.327534850394264,5,2
pr_Agency_EBCI,test,05_15 Arina,03_calib_MI,test/05_15 Arina/03_calib_MI,"MATRIX_[8, 15]_robust_concat_03_calib_MI.hdf","C:\Users\hodor\Documents\lab-Shishkin\projects\BCI_classifier\data\pr_Agency_EBCI\features\csp\test\05_15 Arina\MATRIX_[8, 15]_robust_concat_03_calib_MI.hdf","[8, 15]",55,56,-1,last5,0.8045853528040701,0.305,1.415,0.02230196155928954,0.5818946521510631,0.49242428305913033,0.5892857142857143,,0.0,final_score_3,2.795369178677594,6,2
pr_Agency_EBCI,test,05_15 Arina,03_calib_MI,test/05_15 Arina/03_calib_MI,"MATRIX_[10, 14]_robust_concat_03_calib_MI.hdf","C:\Users\hodor\Documents\lab-Shishkin\projects\BCI_classifier\data\pr_Agency_EBCI\features\csp\test\05_15 Arina\MATRIX_[10, 14]_robust_concat_03_calib_MI.hdf","[10, 14]",54,55,-2,last5,0.8571958654510324,0.357,1.792,0.01578843350141501,0.5097135543277448,0.5465357200346134,0.5178571428571428,,0.0,final_score_3,2.7840920170165497,7,2
pr_Agency_EBCI,test,05_15 Arina,03_calib_MI,test/05_15 Arina/03_calib_MI,"MATRIX_[8, 12]_robust_concat_03_calib_MI.hdf","C:\Users\hodor\Documents\lab-Shishkin\projects\BCI_classifier\data\pr_Agency_EBCI\features\csp\test\05_15 Arina\MATRIX_[8, 12]_robust_concat_03_calib_MI.hdf","[8, 12]",55,56,-1,last5,0.8482028054169704,0.348,1.721,0.02459999458053297,0.5159172426516725,0.4719853172371,0.5535714285714286,,0.0,final_score_3,2.6555377871071957,8,3
pr_Agency_EBCI,test,05_15 Arina,03_calib_MI,test/05_15 Arina/03_calib_MI,"MATRIX_[10, 14]_robust_concat_03_calib_MI.hdf","C:\Users\hodor\Documents\lab-Shishkin\projects\BCI_classifier\data\pr_Agency_EBCI\features\csp\test\05_15 Arina\MATRIX_[10, 14]_robust_concat_03_calib_MI.hdf","[10, 14]",1,2,1,first5,0.18629734069706927,0.314,1.474,0.07934977282349687,0.4656842544384766,0.5556512768624355,0.4821428571428571,,0.0,final_score_3,2.6152765382086867,9,3
pr_Agency_EBCI,test,05_15 Arina,03_calib_MI,test/05_15 Arina/03_calib_MI,"MATRIX_[9, 13]_robust_concat_03_calib_MI.hdf","C:\Users\hodor\Documents\lab-Shishkin\projects\BCI_classifier\data\pr_Agency_EBCI\features\csp\test\05_15 Arina\MATRIX_[9, 13]_robust_concat_03_calib_MI.hdf","[9, 13]",1,2,1,first5,0.18065057078361568,0.319,1.512,0.06863458379440948,0.4762428610049573,0.5258233438059978,0.4642857142857143,,0.0,final_score_3,2.531959577250018,10,2
pr_Agency_EBCI,test,05_15 Arina,03_calib_MI,test/05_15 Arina/03_calib_MI,"MATRIX_[9, 13]_robust_concat_03_calib_MI.hdf","C:\Users\hodor\Documents\lab-Shishkin\projects\BCI_classifier\data\pr_Agency_EBCI\features\csp\test\05_15 Arina\MATRIX_[9, 13]_robust_concat_03_calib_MI.hdf","[9, 13]",55,56,-1,last5,0.8591369360691132,0.359,1.808,0.026358057546050917,0.42612999848328614,0.49093084608577103,0.5714285714285714,,0.0,final_score_3,2.5303479778033156,11,3
pr_Agency_EBCI,test,05_15 Arina,03_calib_MI,test/05_15 Arina/03_calib_MI,"MATRIX_[9, 13]_robust_concat_03_calib_MI.hdf","C:\Users\hodor\Documents\lab-Shishkin\projects\BCI_classifier\data\pr_Agency_EBCI\features\csp\test\05_15 Arina\MATRIX_[9, 13]_robust_concat_03_calib_MI.hdf","[9, 13]",2,3,2,first5,0.24928515457802516,0.251,1.102,0.040744170180162825,0.6386031026138314,0.3871290269557568,0.5535714285714286,,0.0,final_score_3,2.458696798438649,12,4
pr_Agency_EBCI,test,05_15 Arina,03_calib_MI,test/05_15 Arina/03_calib_MI,"MATRIX_[8, 15]_robust_concat_03_calib_MI.hdf","C:\Users\hodor\Documents\lab-Shishkin\projects\BCI_classifier\data\pr_Agency_EBCI\features\csp\test\05_15 Arina\MATRIX_[8, 15]_robust_concat_03_calib_MI.hdf","[8, 15]",1,2,1,first5,0.20559883345083016,0.294,1.352,0.08212066528837506,0.3705806836327219,0.5882582591669316,0.5,,0.0,final_score_3,2.4228525894376363,13,3
pr_Agency_EBCI,test,05_15 Arina,03_calib_MI,test/05_15 Arina/03_calib_MI,"MATRIX_[9, 13]_robust_concat_03_calib_MI.hdf","C:\Users\hodor\Documents\lab-Shishkin\projects\BCI_classifier\data\pr_Agency_EBCI\features\csp\test\05_15 Arina\MATRIX_[9, 13]_robust_concat_03_calib_MI.hdf","[9, 13]",3,4,3,first5,0.290029324758188,0.21,0.895,0.021836114052876554,0.3543234409268224,0.6569148604320636,0.5,,0.0,final_score_3,2.181760290647145,14,5
pr_Agency_EBCI,test,05_15 Arina,03_calib_MI,test/05_15 Arina/03_calib_MI,"MATRIX_[10, 14]_robust_concat_03_calib_MI.hdf","C:\Users\hodor\Documents\lab-Shishkin\projects\BCI_classifier\data\pr_Agency_EBCI\features\csp\test\05_15 Arina\MATRIX_[10, 14]_robust_concat_03_calib_MI.hdf","[10, 14]",55,56,-1,last5,0.8646827840659048,0.365,1.855,0.007486918614872384,0.327885570466941,0.4178900419204374,0.5892857142857143,,0.0,final_score_3,2.0634392677954083,15,4
pr_Agency_EBCI,test,05_15 Arina,03_calib_MI,test/05_15 Arina/03_calib_MI,"MATRIX_[8, 12]_robust_concat_03_calib_MI.hdf","C:\Users\hodor\Documents\lab-Shishkin\projects\BCI_classifier\data\pr_Agency_EBCI\features\csp\test\05_15 Arina\MATRIX_[8, 12]_robust_concat_03_calib_MI.hdf","[8, 12]",0,1,0,first5,0.13616720985712036,0.364,1.847,0.012481503555906909,0.2400915832493838,0.5107802332834118,0.4642857142857143,,0.0,final_score_3,1.9199013543496124,16,4
pr_Agency_EBCI,test,05_15 Arina,03_calib_MI,test/05_15 Arina/03_calib_MI,"MATRIX_[8, 12]_robust_concat_03_calib_MI.hdf","C:\Users\hodor\Documents\lab-Shishkin\projects\BCI_classifier\data\pr_Agency_EBCI\features\csp\test\05_15 Arina\MATRIX_[8, 12]_robust_concat_03_calib_MI.hdf","[8, 12]",52,53,-4,last5,0.8118793779835929,0.312,1.462,0.015217899202199292,0.3137171674409594,0.3919447657099622,0.6071428571428572,,0.0,final_score_3,1.8633163938181996,17,5
pr_Agency_EBCI,test,05_15 Arina,03_calib_MI,test/05_15 Arina/03_calib_MI,"MATRIX_[8, 15]_robust_concat_03_calib_MI.hdf","C:\Users\hodor\Documents\lab-Shishkin\projects\BCI_classifier\data\pr_Agency_EBCI\features\csp\test\05_15 Arina\MATRIX_[8, 15]_robust_concat_03_calib_MI.hdf","[8, 15]",2,3,2,first5,0.2877194987392052,0.212,0.906,0.057606641957956284,0.5279038693852017,0.28077161925202343,0.5535714285714286,,0.0,final_score_3,1.8503937455221626,18,4
pr_Agency_EBCI,test,05_15 Arina,03_calib_MI,test/05_15 Arina/03_calib_MI,"MATRIX_[8, 15]_robust_concat_03_calib_MI.hdf","C:\Users\hodor\Documents\lab-Shishkin\projects\BCI_classifier\data\pr_Agency_EBCI\features\csp\test\05_15 Arina\MATRIX_[8, 15]_robust_concat_03_calib_MI.hdf","[8, 15]",51,52,-5,last5,0.7553149208796032,0.255,1.127,0.0032545716086451737,0.29954645249695044,0.4866341318956069,0.4821428571428571,,0.0,final_score_3,1.7633684031457286,19,5
pr_Agency_EBCI,test,05_15 Arina,03_calib_MI,test/05_15 Arina/03_calib_MI,"MATRIX_[10, 14]_robust_concat_03_calib_MI.hdf","C:\Users\hodor\Documents\lab-Shishkin\projects\BCI_classifier\data\pr_Agency_EBCI\features\csp\test\05_15 Arina\MATRIX_[10, 14]_robust_concat_03_calib_MI.hdf","[10, 14]",2,3,2,first5,0.26564711352056614,0.234,1.017,0.028908298080772887,0.4024200258668519,0.3331738641595332,0.5535714285714286,,0.0,final_score_3,1.7085489607272337,20,5
pr_Agency_EBCI,test,05_15 Arina,03_calib_MI,test/05_15 Arina/03_calib_MI,"MATRIX_[8, 12]_robust_concat_03_calib_MI.hdf","C:\Users\hodor\Documents\lab-Shishkin\projects\BCI_classifier\data\pr_Agency_EBCI\features\csp\test\05_15 Arina\MATRIX_[8, 12]_robust_concat_03_calib_MI.hdf","[8, 12]",3,4,3,first5,0.3104634655889341,0.19,0.798,0.014016884928615081,0.276363159982721,0.5348454417200621,0.5,,0.0,final_score_3,1.6921643096151753,21,6
pr_Agency_EBCI,test,05_15 Arina,03_calib_MI,test/05_15 Arina/03_calib_MI,"MATRIX_[10, 14]_robust_concat_03_calib_MI.hdf","C:\Users\hodor\Documents\lab-Shishkin\projects\BCI_classifier\data\pr_Agency_EBCI\features\csp\test\05_15 Arina\MATRIX_[10, 14]_robust_concat_03_calib_MI.hdf","[10, 14]",4,5,4,first5,0.30431331167301157,0.196,0.827,0.036644742546571574,0.24685174261092863,0.5235228888698064,0.4642857142857143,,0.0,final_score_3,1.6026518526755085,22,6
pr_Agency_EBCI,test,05_15 Arina,03_calib_MI,test/05_15 Arina/03_calib_MI,"MATRIX_[8, 15]_robust_concat_03_calib_MI.hdf","C:\Users\hodor\Documents\lab-Shishkin\projects\BCI_classifier\data\pr_Agency_EBCI\features\csp\test\05_15 Arina\MATRIX_[8, 15]_robust_concat_03_calib_MI.hdf","[8, 15]",3,4,3,first5,0.3453261406971615,0.155,0.64,0.017611021357054946,0.22507192799436182,0.4689676590747113,0.5357142857142857,,0.0,final_score_3,1.4078967267038573,23,6
pr_Agency_EBCI,test,05_15 Arina,03_calib_MI,test/05_15 Arina/03_calib_MI,"MATRIX_[8, 15]_robust_concat_03_calib_MI.hdf","C:\Users\hodor\Documents\lab-Shishkin\projects\BCI_classifier\data\pr_Agency_EBCI\features\csp\test\05_15 Arina\MATRIX_[8, 15]_robust_concat_03_calib_MI.hdf","[8, 15]",53,54,-3,last5,0.7745266924751003,0.275,1.234,0.014812474554411037,0.17645710956190022,0.38273983662691424,0.5535714285714286,,0.0,final_score_3,1.3607214278194295,24,7
pr_Agency_EBCI,test,05_15 Arina,03_calib_MI,test/05_15 Arina/03_calib_MI,"MATRIX_[8, 12]_robust_concat_03_calib_MI.hdf","C:\Users\hodor\Documents\lab-Shishkin\projects\BCI_classifier\data\pr_Agency_EBCI\features\csp\test\05_15 Arina\MATRIX_[8, 12]_robust_concat_03_calib_MI.hdf","[8, 12]",51,52,-5,last5,0.7966614787813936,0.297,1.366,0.007217473087225312,0.3240678928928948,0.17792036105927472,0.6071428571428572,,0.0,final_score_3,1.2929038454166522,25,7
pr_Agency_EBCI,test,05_15 Arina,03_calib_MI,test/05_15 Arina/03_calib_MI,"MATRIX_[9, 13]_robust_concat_03_calib_MI.hdf","C:\Users\hodor\Documents\lab-Shishkin\projects\BCI_classifier\data\pr_Agency_EBCI\features\csp\test\05_15 Arina\MATRIX_[9, 13]_robust_concat_03_calib_MI.hdf","[9, 13]",51,52,-5,last5,0.8164807117420905,0.316,1.493,0.01125111979832627,0.29543221715146206,0.19445265871400835,0.5892857142857143,,0.0,final_score_3,1.2816937261266266,26,6
pr_Agency_EBCI,test,05_15 Arina,03_calib_MI,test/05_15 Arina/03_calib_MI,"MATRIX_[10, 14]_robust_concat_03_calib_MI.hdf","C:\Users\hodor\Documents\lab-Shishkin\projects\BCI_classifier\data\pr_Agency_EBCI\features\csp\test\05_15 Arina\MATRIX_[10, 14]_robust_concat_03_calib_MI.hdf","[10, 14]",53,54,-3,last5,0.8414074319496174,0.341,1.669,0.005884013153547585,0.26409705790081384,0.21094954651889344,0.4821428571428571,,0.0,final_score_3,1.1899250754976578,27,7
pr_Agency_EBCI,test,05_15 Arina,03_calib_MI,test/05_15 Arina/03_calib_MI,"MATRIX_[10, 14]_robust_concat_03_calib_MI.hdf","C:\Users\hodor\Documents\lab-Shishkin\projects\BCI_classifier\data\pr_Agency_EBCI\features\csp\test\05_15 Arina\MATRIX_[10, 14]_robust_concat_03_calib_MI.hdf","[10, 14]",52,53,-4,last5,0.8355234187960698,0.336,1.625,0.010905117027641409,0.2256032166271425,0.253403014247767,0.4642857142857143,,0.0,final_score_3,1.1830241943060573,28,8
pr_Agency_EBCI,test,05_15 Arina,03_calib_MI,test/05_15 Arina/03_calib_MI,"MATRIX_[8, 15]_robust_concat_03_calib_MI.hdf","C:\Users\hodor\Documents\lab-Shishkin\projects\BCI_classifier\data\pr_Agency_EBCI\features\csp\test\05_15 Arina\MATRIX_[8, 15]_robust_concat_03_calib_MI.hdf","[8, 15]",4,5,4,first5,0.36293716205421644,0.137,0.563,0.022030710659079134,0.14402440145901846,0.444355684292603,0.5,,0.0,final_score_3,1.1350494625041438,29,8
pr_Agency_EBCI,test,05_15 Arina,03_calib_MI,test/05_15 Arina/03_calib_MI,"MATRIX_[9, 13]_robust_concat_03_calib_MI.hdf","C:\Users\hodor\Documents\lab-Shishkin\projects\BCI_classifier\data\pr_Agency_EBCI\features\csp\test\05_15 Arina\MATRIX_[9, 13]_robust_concat_03_calib_MI.hdf","[9, 13]",53,54,-3,last5,0.8248452227710377,0.325,1.55,0.0015197823463350968,0.22991226647931826,0.20121965620523066,0.5714285714285714,,0.0,final_score_3,1.1192020197600856,30,7
pr_Agency_EBCI,test,05_15 Arina,03_calib_MI,test/05_15 Arina/03_calib_MI,"MATRIX_[8, 15]_robust_concat_03_calib_MI.hdf","C:\Users\hodor\Documents\lab-Shishkin\projects\BCI_classifier\data\pr_Agency_EBCI\features\csp\test\05_15 Arina\MATRIX_[8, 15]_robust_concat_03_calib_MI.hdf","[8, 15]",52,53,-4,last5,0.7597142179206893,0.26,1.151,0.004399297041086103,0.23105866913536993,0.1508794398928629,0.6071428571428572,,0.0,final_score_3,0.9358286709914307,31,9
pr_Agency_EBCI,test,05_15 Arina,03_calib_MI,test/05_15 Arina/03_calib_MI,"MATRIX_[9, 13]_robust_concat_03_calib_MI.hdf","C:\Users\hodor\Documents\lab-Shishkin\projects\BCI_classifier\data\pr_Agency_EBCI\features\csp\test\05_15 Arina\MATRIX_[9, 13]_robust_concat_03_calib_MI.hdf","[9, 13]",52,53,-4,last5,0.8233254404247026,0.323,1.539,0.0068447286826121,0.1506873801100439,0.15725199822670105,0.4285714285714286,,0.0,final_score_3,0.7279877779919263,32,8
pr_Agency_EBCI,test,05_15 Arina,03_calib_MI,test/05_15 Arina/03_calib_MI,"MATRIX_[8, 12]_robust_concat_03_calib_MI.hdf","C:\Users\hodor\Documents\lab-Shishkin\projects\BCI_classifier\data\pr_Agency_EBCI\features\csp\test\05_15 Arina\MATRIX_[8, 12]_robust_concat_03_calib_MI.hdf","[8, 12]",53,54,-3,last5,0.8176216403046183,0.318,1.5,0.005742262321025371,0.1049395076262361,0.16666777219629494,0.5357142857142857,,0.0,final_score_3,0.6854405358577488,33,8
pr_Agency_EBCI,test,05_15 Arina,03_calib_MI,test/05_15 Arina/03_calib_MI,"MATRIX_[8, 12]_robust_concat_03_calib_MI.hdf","C:\Users\hodor\Documents\lab-Shishkin\projects\BCI_classifier\data\pr_Agency_EBCI\features\csp\test\05_15 Arina\MATRIX_[8, 12]_robust_concat_03_calib_MI.hdf","[8, 12]",54,55,-2,last5,0.8236028108364374,0.324,1.541,0.005981170531819124,0.0977671134551015,0.18944033683345912,0.4285714285714286,,0.0,final_score_3,0.6793488492689078,34,9
pr_Agency_EBCI,test,05_15 Arina,03_calib_MI,test/05_15 Arina/03_calib_MI,"MATRIX_[8, 12]_robust_concat_03_calib_MI.hdf","C:\Users\hodor\Documents\lab-Shishkin\projects\BCI_classifier\data\pr_Agency_EBCI\features\csp\test\05_15 Arina\MATRIX_[8, 12]_robust_concat_03_calib_MI.hdf","[8, 12]",4,5,4,first5,0.3244803505175492,0.176,0.733,0.031093531861352997,0.13835787770557442,0.17706318831052048,0.4107142857142857,,0.0,final_score_3,0.6113383963577018,35,10
pr_Agency_EBCI,test,05_15 Arina,03_calib_MI,test/05_15 Arina/03_calib_MI,"MATRIX_[9, 13]_robust_concat_03_calib_MI.hdf","C:\Users\hodor\Documents\lab-Shishkin\projects\BCI_classifier\data\pr_Agency_EBCI\features\csp\test\05_15 Arina\MATRIX_[9, 13]_robust_concat_03_calib_MI.hdf","[9, 13]",54,55,-2,last5,0.8327788785230623,0.333,1.605,0.007933655752024649,0.09228241983283808,0.12409792126360165,0.4821428571428571,,0.0,final_score_3,0.5376862655238611,36,9
pr_Agency_EBCI,test,05_15 Arina,03_calib_MI,test/05_15 Arina/03_calib_MI,"MATRIX_[10, 14]_robust_concat_03_calib_MI.hdf","C:\Users\hodor\Documents\lab-Shishkin\projects\BCI_classifier\data\pr_Agency_EBCI\features\csp\test\05_15 Arina\MATRIX_[10, 14]_robust_concat_03_calib_MI.hdf","[10, 14]",3,4,3,first5,0.294555411601339,0.205,0.873,0.009757900071672543,0.0754966000964926,0.18253067280059432,0.4642857142857143,,0.0,final_score_3,0.5357573295803312,37,9
pr_Agency_EBCI,test,05_15 Arina,03_calib_MI,test/05_15 Arina/03_calib_MI,"MATRIX_[8, 15]_robust_concat_03_calib_MI.hdf","C:\Users\hodor\Documents\lab-Shishkin\projects\BCI_classifier\data\pr_Agency_EBCI\features\csp\test\05_15 Arina\MATRIX_[8, 15]_robust_concat_03_calib_MI.hdf","[8, 15]",54,55,-2,last5,0.7822833912447805,0.282,1.279,0.007756698769680215,0.0688923220174735,0.09662039395005387,0.5178571428571428,,0.0,final_score_3,0.39511346963856037,38,10
pr_Agency_EBCI,test,05_15 Arina,03_calib_MI,test/05_15 Arina/03_calib_MI,"MATRIX_[9, 13]_robust_concat_03_calib_MI.hdf","C:\Users\hodor\Documents\lab-Shishkin\projects\BCI_classifier\data\pr_Agency_EBCI\features\csp\test\05_15 Arina\MATRIX_[9, 13]_robust_concat_03_calib_MI.hdf","[9, 13]",4,5,4,first5,0.31186543881106454,0.188,0.791,0.034757358694578744,0.10371190752694014,0.07959528711265174,0.4107142857142857,,0.0,final_score_3,0.36258446297977504,39,10
pr_Agency_EBCI,test,05_15 Arina,03_calib_MI,test/05_15 Arina/03_calib_MI,"MATRIX_[10, 14]_robust_concat_03_calib_MI.hdf","C:\Users\hodor\Documents\lab-Shishkin\projects\BCI_classifier\data\pr_Agency_EBCI\features\csp\test\05_15 Arina\MATRIX_[10, 14]_robust_concat_03_calib_MI.hdf","[10, 14]",51,52,-5,last5,0.8246183017684284,0.325,1.548,0.006011381676706451,0.049193315667207915,0.07717042892111745,0.5178571428571428,,0.0,final_score_3,0.31797237974521514,40,10
pr_Agency_EBCI,test,05_15 Arina,03_calib_MI,test/05_15 Arina/03_calib_MI,"MATRIX_[8, 12]_robust_concat_03_calib_MI.hdf","C:\Users\hodor\Documents\lab-Shishkin\projects\BCI_classifier\data\pr_Agency_EBCI\features\csp\test\05_15 Arina\MATRIX_[8, 12]_robust_concat_03_calib_MI.hdf","[8, 12]",0,1,0,first5,0.13616720985712036,0.364,1.847,0.012481503555906909,0.2400915832493838,0.5107802332834118,0.4642857142857143,,0.0,final_score_4,0.0,1,1
pr_Agency_EBCI,test,05_15 Arina,03_calib_MI,test/05_15 Arina/03_calib_MI,"MATRIX_[8, 12]_robust_concat_03_calib_MI.hdf","C:\Users\hodor\Documents\lab-Shishkin\projects\BCI_classifier\data\pr_Agency_EBCI\features\csp\test\05_15 Arina\MATRIX_[8, 12]_robust_concat_03_calib_MI.hdf","[8, 12]",1,2,1,first5,0.14864871341302727,0.351,1.745,0.0952825863152936,1.2204042568442734,0.2517681657865698,0.5892857142857143,,0.0,final_score_4,0.0,2,2
pr_Agency_EBCI,test,05_15 Arina,03_calib_MI,test/05_15 Arina/03_calib_MI,"MATRIX_[8, 12]_robust_concat_03_calib_MI.hdf","C:\Users\hodor\Documents\lab-Shishkin\projects\BCI_classifier\data\pr_Agency_EBCI\features\csp\test\05_15 Arina\MATRIX_[8, 12]_robust_concat_03_calib_MI.hdf","[8, 12]",2,3,2,first5,0.24393129972832087,0.256,1.131,0.06653216586061325,0.7794463455894669,0.5760515898028271,0.5535714285714286,,0.0,final_score_4,0.0,3,3
pr_Agency_EBCI,test,05_15 Arina,03_calib_MI,test/05_15 Arina/03_calib_MI,"MATRIX_[8, 12]_robust_concat_03_calib_MI.hdf","C:\Users\hodor\Documents\lab-Shishkin\projects\BCI_classifier\data\pr_Agency_EBCI\features\csp\test\05_15 Arina\MATRIX_[8, 12]_robust_concat_03_calib_MI.hdf","[8, 12]",3,4,3,first5,0.3104634655889341,0.19,0.798,0.014016884928615081,0.276363159982721,0.5348454417200621,0.5,,0.0,final_score_4,0.0,4,4
pr_Agency_EBCI,test,05_15 Arina,03_calib_MI,test/05_15 Arina/03_calib_MI,"MATRIX_[8, 12]_robust_concat_03_calib_MI.hdf","C:\Users\hodor\Documents\lab-Shishkin\projects\BCI_classifier\data\pr_Agency_EBCI\features\csp\test\05_15 Arina\MATRIX_[8, 12]_robust_concat_03_calib_MI.hdf","[8, 12]",4,5,4,first5,0.3244803505175492,0.176,0.733,0.031093531861352997,0.13835787770557442,0.17706318831052048,0.4107142857142857,,0.0,final_score_4,0.0,5,5
pr_Agency_EBCI,test,05_15 Arina,03_calib_MI,test/05_15 Arina/03_calib_MI,"MATRIX_[8, 12]_robust_concat_03_calib_MI.hdf","C:\Users\hodor\Documents\lab-Shishkin\projects\BCI_classifier\data\pr_Agency_EBCI\features\csp\test\05_15 Arina\MATRIX_[8, 12]_robust_concat_03_calib_MI.hdf","[8, 12]",51,52,-5,last5,0.7966614787813936,0.297,1.366,0.007217473087225312,0.3240678928928948,0.17792036105927472,0.6071428571428572,,0.0,final_score_4,0.0,6,6
pr_Agency_EBCI,test,05_15 Arina,03_calib_MI,test/05_15 Arina/03_calib_MI,"MATRIX_[8, 12]_robust_concat_03_calib_MI.hdf","C:\Users\hodor\Documents\lab-Shishkin\projects\BCI_classifier\data\pr_Agency_EBCI\features\csp\test\05_15 Arina\MATRIX_[8, 12]_robust_concat_03_calib_MI.hdf","[8, 12]",52,53,-4,last5,0.8118793779835929,0.312,1.462,0.015217899202199292,0.3137171674409594,0.3919447657099622,0.6071428571428572,,0.0,final_score_4,0.0,7,7
pr_Agency_EBCI,test,05_15 Arina,03_calib_MI,test/05_15 Arina/03_calib_MI,"MATRIX_[8, 12]_robust_concat_03_calib_MI.hdf","C:\Users\hodor\Documents\lab-Shishkin\projects\BCI_classifier\data\pr_Agency_EBCI\features\csp\test\05_15 Arina\MATRIX_[8, 12]_robust_concat_03_calib_MI.hdf","[8, 12]",53,54,-3,last5,0.8176216403046183,0.318,1.5,0.005742262321025371,0.1049395076262361,0.16666777219629494,0.5357142857142857,,0.0,final_score_4,0.0,8,8
pr_Agency_EBCI,test,05_15 Arina,03_calib_MI,test/05_15 Arina/03_calib_MI,"MATRIX_[8, 12]_robust_concat_03_calib_MI.hdf","C:\Users\hodor\Documents\lab-Shishkin\projects\BCI_classifier\data\pr_Agency_EBCI\features\csp\test\05_15 Arina\MATRIX_[8, 12]_robust_concat_03_calib_MI.hdf","[8, 12]",54,55,-2,last5,0.8236028108364374,0.324,1.541,0.005981170531819124,0.0977671134551015,0.18944033683345912,0.4285714285714286,,0.0,final_score_4,0.0,9,9
pr_Agency_EBCI,test,05_15 Arina,03_calib_MI,test/05_15 Arina/03_calib_MI,"MATRIX_[8, 12]_robust_concat_03_calib_MI.hdf","C:\Users\hodor\Documents\lab-Shishkin\projects\BCI_classifier\data\pr_Agency_EBCI\features\csp\test\05_15 Arina\MATRIX_[8, 12]_robust_concat_03_calib_MI.hdf","[8, 12]",55,56,-1,last5,0.8482028054169704,0.348,1.721,0.02459999458053297,0.5159172426516725,0.4719853172371,0.5535714285714286,,0.0,final_score_4,0.0,10,10
pr_Agency_EBCI,test,05_15 Arina,03_calib_MI,test/05_15 Arina/03_calib_MI,"MATRIX_[9, 13]_robust_concat_03_calib_MI.hdf","C:\Users\hodor\Documents\lab-Shishkin\projects\BCI_classifier\data\pr_Agency_EBCI\features\csp\test\05_15 Arina\MATRIX_[9, 13]_robust_concat_03_calib_MI.hdf","[9, 13]",0,1,0,first5,0.16190681065864732,0.338,1.644,0.018743760124968367,1.2150731494179998,0.46121426255682574,0.5535714285714286,,0.0,final_score_4,0.0,11,1
pr_Agency_EBCI,test,05_15 Arina,03_calib_MI,test/05_15 Arina/03_calib_MI,"MATRIX_[9, 13]_robust_concat_03_calib_MI.hdf","C:\Users\hodor\Documents\lab-Shishkin\projects\BCI_classifier\data\pr_Agency_EBCI\features\csp\test\05_15 Arina\MATRIX_[9, 13]_robust_concat_03_calib_MI.hdf","[9, 13]",1,2,1,first5,0.18065057078361568,0.319,1.512,0.06863458379440948,0.4762428610049573,0.5258233438059978,0.4642857142857143,,0.0,final_score_4,0.0,12,2
pr_Agency_EBCI,test,05_15 Arina,03_calib_MI,test/05_15 Arina/03_calib_MI,"MATRIX_[9, 13]_robust_concat_03_calib_MI.hdf","C:\Users\hodor\Documents\lab-Shishkin\projects\BCI_classifier\data\pr_Agency_EBCI\features\csp\test\05_15 Arina\MATRIX_[9, 13]_robust_concat_03_calib_MI.hdf","[9, 13]",2,3,2,first5,0.24928515457802516,0.251,1.102,0.040744170180162825,0.6386031026138314,0.3871290269557568,0.5535714285714286,,0.0,final_score_4,0.0,13,3
pr_Agency_EBCI,test,05_15 Arina,03_calib_MI,test/05_15 Arina/03_calib_MI,"MATRIX_[9, 13]_robust_concat_03_calib_MI.hdf","C:\Users\hodor\Documents\lab-Shishkin\projects\BCI_classifier\data\pr_Agency_EBCI\features\csp\test\05_15 Arina\MATRIX_[9, 13]_robust_concat_03_calib_MI.hdf","[9, 13]",3,4,3,first5,0.290029324758188,0.21,0.895,0.021836114052876554,0.3543234409268224,0.6569148604320636,0.5,,0.0,final_score_4,0.0,14,4
pr_Agency_EBCI,test,05_15 Arina,03_calib_MI,test/05_15 Arina/03_calib_MI,"MATRIX_[9, 13]_robust_concat_03_calib_MI.hdf","C:\Users\hodor\Documents\lab-Shishkin\projects\BCI_classifier\data\pr_Agency_EBCI\features\csp\test\05_15 Arina\MATRIX_[9, 13]_robust_concat_03_calib_MI.hdf","[9, 13]",4,5,4,first5,0.31186543881106454,0.188,0.791,0.034757358694578744,0.10371190752694014,0.07959528711265174,0.4107142857142857,,0.0,final_score_4,0.0,15,5
pr_Agency_EBCI,test,05_15 Arina,03_calib_MI,test/05_15 Arina/03_calib_MI,"MATRIX_[9, 13]_robust_concat_03_calib_MI.hdf","C:\Users\hodor\Documents\lab-Shishkin\projects\BCI_classifier\data\pr_Agency_EBCI\features\csp\test\05_15 Arina\MATRIX_[9, 13]_robust_concat_03_calib_MI.hdf","[9, 13]",51,52,-5,last5,0.8164807117420905,0.316,1.493,0.01125111979832627,0.29543221715146206,0.19445265871400835,0.5892857142857143,,0.0,final_score_4,0.0,16,6
pr_Agency_EBCI,test,05_15 Arina,03_calib_MI,test/05_15 Arina/03_calib_MI,"MATRIX_[9, 13]_robust_concat_03_calib_MI.hdf","C:\Users\hodor\Documents\lab-Shishkin\projects\BCI_classifier\data\pr_Agency_EBCI\features\csp\test\05_15 Arina\MATRIX_[9, 13]_robust_concat_03_calib_MI.hdf","[9, 13]",52,53,-4,last5,0.8233254404247026,0.323,1.539,0.0068447286826121,0.1506873801100439,0.15725199822670105,0.4285714285714286,,0.0,final_score_4,0.0,17,7
pr_Agency_EBCI,test,05_15 Arina,03_calib_MI,test/05_15 Arina/03_calib_MI,"MATRIX_[9, 13]_robust_concat_03_calib_MI.hdf","C:\Users\hodor\Documents\lab-Shishkin\projects\BCI_classifier\data\pr_Agency_EBCI\features\csp\test\05_15 Arina\MATRIX_[9, 13]_robust_concat_03_calib_MI.hdf","[9, 13]",53,54,-3,last5,0.8248452227710377,0.325,1.55,0.0015197823463350968,0.22991226647931826,0.20121965620523066,0.5714285714285714,,0.0,final_score_4,0.0,18,8
pr_Agency_EBCI,test,05_15 Arina,03_calib_MI,test/05_15 Arina/03_calib_MI,"MATRIX_[9, 13]_robust_concat_03_calib_MI.hdf","C:\Users\hodor\Documents\lab-Shishkin\projects\BCI_classifier\data\pr_Agency_EBCI\features\csp\test\05_15 Arina\MATRIX_[9, 13]_robust_concat_03_calib_MI.hdf","[9, 13]",54,55,-2,last5,0.8327788785230623,0.333,1.605,0.007933655752024649,0.09228241983283808,0.12409792126360165,0.4821428571428571,,0.0,final_score_4,0.0,19,9
pr_Agency_EBCI,test,05_15 Arina,03_calib_MI,test/05_15 Arina/03_calib_MI,"MATRIX_[9, 13]_robust_concat_03_calib_MI.hdf","C:\Users\hodor\Documents\lab-Shishkin\projects\BCI_classifier\data\pr_Agency_EBCI\features\csp\test\05_15 Arina\MATRIX_[9, 13]_robust_concat_03_calib_MI.hdf","[9, 13]",55,56,-1,last5,0.8591369360691132,0.359,1.808,0.026358057546050917,0.42612999848328614,0.49093084608577103,0.5714285714285714,,0.0,final_score_4,0.0,20,10
pr_Agency_EBCI,test,05_15 Arina,03_calib_MI,test/05_15 Arina/03_calib_MI,"MATRIX_[10, 14]_robust_concat_03_calib_MI.hdf","C:\Users\hodor\Documents\lab-Shishkin\projects\BCI_classifier\data\pr_Agency_EBCI\features\csp\test\05_15 Arina\MATRIX_[10, 14]_robust_concat_03_calib_MI.hdf","[10, 14]",0,1,0,first5,0.1631498865958888,0.337,1.635,0.023147454101180465,1.4040777164701455,0.6662756216013952,0.5357142857142857,,0.0,final_score_4,0.0,21,1
pr_Agency_EBCI,test,05_15 Arina,03_calib_MI,test/05_15 Arina/03_calib_MI,"MATRIX_[10, 14]_robust_concat_03_calib_MI.hdf","C:\Users\hodor\Documents\lab-Shishkin\projects\BCI_classifier\data\pr_Agency_EBCI\features\csp\test\05_15 Arina\MATRIX_[10, 14]_robust_concat_03_calib_MI.hdf","[10, 14]",1,2,1,first5,0.18629734069706927,0.314,1.474,0.07934977282349687,0.4656842544384766,0.5556512768624355,0.4821428571428571,,0.0,final_score_4,0.0,22,2
pr_Agency_EBCI,test,05_15 Arina,03_calib_MI,test/05_15 Arina/03_calib_MI,"MATRIX_[10, 14]_robust_concat_03_calib_MI.hdf","C:\Users\hodor\Documents\lab-Shishkin\projects\BCI_classifier\data\pr_Agency_EBCI\features\csp\test\05_15 Arina\MATRIX_[10, 14]_robust_concat_03_calib_MI.hdf","[10, 14]",2,3,2,first5,0.26564711352056614,0.234,1.017,0.028908298080772887,0.4024200258668519,0.3331738641595332,0.5535714285714286,,0.0,final_score_4,0.0,23,3
pr_Agency_EBCI,test,05_15 Arina,03_calib_MI,test/05_15 Arina/03_calib_MI,"MATRIX_[10, 14]_robust_concat_03_calib_MI.hdf","C:\Users\hodor\Documents\lab-Shishkin\projects\BCI_classifier\data\pr_Agency_EBCI\features\csp\test\05_15 Arina\MATRIX_[10, 14]_robust_concat_03_calib_MI.hdf","[10, 14]",3,4,3,first5,0.294555411601339,0.205,0.873,0.009757900071672543,0.0754966000964926,0.18253067280059432,0.4642857142857143,,0.0,final_score_4,0.0,24,4
pr_Agency_EBCI,test,05_15 Arina,03_calib_MI,test/05_15 Arina/03_calib_MI,"MATRIX_[10, 14]_robust_concat_03_calib_MI.hdf","C:\Users\hodor\Documents\lab-Shishkin\projects\BCI_classifier\data\pr_Agency_EBCI\features\csp\test\05_15 Arina\MATRIX_[10, 14]_robust_concat_03_calib_MI.hdf","[10, 14]",4,5,4,first5,0.30431331167301157,0.196,0.827,0.036644742546571574,0.24685174261092863,0.5235228888698064,0.4642857142857143,,0.0,final_score_4,0.0,25,5
pr_Agency_EBCI,test,05_15 Arina,03_calib_MI,test/05_15 Arina/03_calib_MI,"MATRIX_[10, 14]_robust_concat_03_calib_MI.hdf","C:\Users\hodor\Documents\lab-Shishkin\projects\BCI_classifier\data\pr_Agency_EBCI\features\csp\test\05_15 Arina\MATRIX_[10, 14]_robust_concat_03_calib_MI.hdf","[10, 14]",51,52,-5,last5,0.8246183017684284,0.325,1.548,0.006011381676706451,0.049193315667207915,0.07717042892111745,0.5178571428571428,,0.0,final_score_4,0.0,26,6
pr_Agency_EBCI,test,05_15 Arina,03_calib_MI,test/05_15 Arina/03_calib_MI,"MATRIX_[10, 14]_robust_concat_03_calib_MI.hdf","C:\Users\hodor\Documents\lab-Shishkin\projects\BCI_classifier\data\pr_Agency_EBCI\features\csp\test\05_15 Arina\MATRIX_[10, 14]_robust_concat_03_calib_MI.hdf","[10, 14]",52,53,-4,last5,0.8355234187960698,0.336,1.625,0.010905117027641409,0.2256032166271425,0.253403014247767,0.4642857142857143,,0.0,final_score_4,0.0,27,7
pr_Agency_EBCI,test,05_15 Arina,03_calib_MI,test/05_15 Arina/03_calib_MI,"MATRIX_[10, 14]_robust_concat_03_calib_MI.hdf","C:\Users\hodor\Documents\lab-Shishkin\projects\BCI_classifier\data\pr_Agency_EBCI\features\csp\test\05_15 Arina\MATRIX_[10, 14]_robust_concat_03_calib_MI.hdf","[10, 14]",53,54,-3,last5,0.8414074319496174,0.341,1.669,0.005884013153547585,0.26409705790081384,0.21094954651889344,0.4821428571428571,,0.0,final_score_4,0.0,28,8
pr_Agency_EBCI,test,05_15 Arina,03_calib_MI,test/05_15 Arina/03_calib_MI,"MATRIX_[10, 14]_robust_concat_03_calib_MI.hdf","C:\Users\hodor\Documents\lab-Shishkin\projects\BCI_classifier\data\pr_Agency_EBCI\features\csp\test\05_15 Arina\MATRIX_[10, 14]_robust_concat_03_calib_MI.hdf","[10, 14]",54,55,-2,last5,0.8571958654510324,0.357,1.792,0.01578843350141501,0.5097135543277448,0.5465357200346134,0.5178571428571428,,0.0,final_score_4,0.0,29,9
pr_Agency_EBCI,test,05_15 Arina,03_calib_MI,test/05_15 Arina/03_calib_MI,"MATRIX_[10, 14]_robust_concat_03_calib_MI.hdf","C:\Users\hodor\Documents\lab-Shishkin\projects\BCI_classifier\data\pr_Agency_EBCI\features\csp\test\05_15 Arina\MATRIX_[10, 14]_robust_concat_03_calib_MI.hdf","[10, 14]",55,56,-1,last5,0.8646827840659048,0.365,1.855,0.007486918614872384,0.327885570466941,0.4178900419204374,0.5892857142857143,,0.0,final_score_4,0.0,30,10
pr_Agency_EBCI,test,05_15 Arina,03_calib_MI,test/05_15 Arina/03_calib_MI,"MATRIX_[8, 15]_robust_concat_03_calib_MI.hdf","C:\Users\hodor\Documents\lab-Shishkin\projects\BCI_classifier\data\pr_Agency_EBCI\features\csp\test\05_15 Arina\MATRIX_[8, 15]_robust_concat_03_calib_MI.hdf","[8, 15]",0,1,0,first5,0.17663719232504024,0.323,1.539,0.028961641125789916,1.3042195434517303,0.5551449396826019,0.5357142857142857,,0.0,final_score_4,0.0,31,1
pr_Agency_EBCI,test,05_15 Arina,03_calib_MI,test/05_15 Arina/03_calib_MI,"MATRIX_[8, 15]_robust_concat_03_calib_MI.hdf","C:\Users\hodor\Documents\lab-Shishkin\projects\BCI_classifier\data\pr_Agency_EBCI\features\csp\test\05_15 Arina\MATRIX_[8, 15]_robust_concat_03_calib_MI.hdf","[8, 15]",1,2,1,first5,0.20559883345083016,0.294,1.352,0.08212066528837506,0.3705806836327219,0.5882582591669316,0.5,,0.0,final_score_4,0.0,32,2
pr_Agency_EBCI,test,05_15 Arina,03_calib_MI,test/05_15 Arina/03_calib_MI,"MATRIX_[8, 15]_robust_concat_03_calib_MI.hdf","C:\Users\hodor\Documents\lab-Shishkin\projects\BCI_classifier\data\pr_Agency_EBCI\features\csp\test\05_15 Arina\MATRIX_[8, 15]_robust_concat_03_calib_MI.hdf","[8, 15]",2,3,2,first5,0.2877194987392052,0.212,0.906,0.057606641957956284,0.5279038693852017,0.28077161925202343,0.5535714285714286,,0.0,final_score_4,0.0,33,3
pr_Agency_EBCI,test,05_15 Arina,03_calib_MI,test/05_15 Arina/03_calib_MI,"MATRIX_[8, 15]_robust_concat_03_calib_MI.hdf","C:\Users\hodor\Documents\lab-Shishkin\projects\BCI_classifier\data\pr_Agency_EBCI\features\csp\test\05_15 Arina\MATRIX_[8, 15]_robust_concat_03_calib_MI.hdf","[8, 15]",3,4,3,first5,0.3453261406971615,0.155,0.64,0.017611021357054946,0.22507192799436182,0.4689676590747113,0.5357142857142857,,0.0,final_score_4,0.0,34,4
pr_Agency_EBCI,test,05_15 Arina,03_calib_MI,test/05_15 Arina/03_calib_MI,"MATRIX_[8, 15]_robust_concat_03_calib_MI.hdf","C:\Users\hodor\Documents\lab-Shishkin\projects\BCI_classifier\data\pr_Agency_EBCI\features\csp\test\05_15 Arina\MATRIX_[8, 15]_robust_concat_03_calib_MI.hdf","[8, 15]",4,5,4,first5,0.36293716205421644,0.137,0.563,0.022030710659079134,0.14402440145901846,0.444355684292603,0.5,,0.0,final_score_4,0.0,35,5
pr_Agency_EBCI,test,05_15 Arina,03_calib_MI,test/05_15 Arina/03_calib_MI,"MATRIX_[8, 15]_robust_concat_03_calib_MI.hdf","C:\Users\hodor\Documents\lab-Shishkin\projects\BCI_classifier\data\pr_Agency_EBCI\features\csp\test\05_15 Arina\MATRIX_[8, 15]_robust_concat_03_calib_MI.hdf","[8, 15]",51,52,-5,last5,0.7553149208796032,0.255,1.127,0.0032545716086451737,0.29954645249695044,0.4866341318956069,0.4821428571428571,,0.0,final_score_4,0.0,36,6
pr_Agency_EBCI,test,05_15 Arina,03_calib_MI,test/05_15 Arina/03_calib_MI,"MATRIX_[8, 15]_robust_concat_03_calib_MI.hdf","C:\Users\hodor\Documents\lab-Shishkin\projects\BCI_classifier\data\pr_Agency_EBCI\features\csp\test\05_15 Arina\MATRIX_[8, 15]_robust_concat_03_calib_MI.hdf","[8, 15]",52,53,-4,last5,0.7597142179206893,0.26,1.151,0.004399297041086103,0.23105866913536993,0.1508794398928629,0.6071428571428572,,0.0,final_score_4,0.0,37,7
pr_Agency_EBCI,test,05_15 Arina,03_calib_MI,test/05_15 Arina/03_calib_MI,"MATRIX_[8, 15]_robust_concat_03_calib_MI.hdf","C:\Users\hodor\Documents\lab-Shishkin\projects\BCI_classifier\data\pr_Agency_EBCI\features\csp\test\05_15 Arina\MATRIX_[8, 15]_robust_concat_03_calib_MI.hdf","[8, 15]",53,54,-3,last5,0.7745266924751003,0.275,1.234,0.014812474554411037,0.17645710956190022,0.38273983662691424,0.5535714285714286,,0.0,final_score_4,0.0,38,8
pr_Agency_EBCI,test,05_15 Arina,03_calib_MI,test/05_15 Arina/03_calib_MI,"MATRIX_[8, 15]_robust_concat_03_calib_MI.hdf","C:\Users\hodor\Documents\lab-Shishkin\projects\BCI_classifier\data\pr_Agency_EBCI\features\csp\test\05_15 Arina\MATRIX_[8, 15]_robust_concat_03_calib_MI.hdf","[8, 15]",54,55,-2,last5,0.7822833912447805,0.282,1.279,0.007756698769680215,0.0688923220174735,0.09662039395005387,0.5178571428571428,,0.0,final_score_4,0.0,39,9
pr_Agency_EBCI,test,05_15 Arina,03_calib_MI,test/05_15 Arina/03_calib_MI,"MATRIX_[8, 15]_robust_concat_03_calib_MI.hdf","C:\Users\hodor\Documents\lab-Shishkin\projects\BCI_classifier\data\pr_Agency_EBCI\features\csp\test\05_15 Arina\MATRIX_[8, 15]_robust_concat_03_calib_MI.hdf","[8, 15]",55,56,-1,last5,0.8045853528040701,0.305,1.415,0.02230196155928954,0.5818946521510631,0.49242428305913033,0.5892857142857143,,0.0,final_score_4,0.0,40,10
pr_Agency_EBCI,test,05_15 Arina,03_calib_MI,test/05_15 Arina/03_calib_MI,"MATRIX_[8, 12]_robust_concat_03_calib_MI.hdf","C:\Users\hodor\Documents\lab-Shishkin\projects\BCI_classifier\data\pr_Agency_EBCI\features\csp\test\05_15 Arina\MATRIX_[8, 12]_robust_concat_03_calib_MI.hdf","[8, 12]",0,1,0,first5,0.13616720985712036,0.364,1.847,0.012481503555906909,0.2400915832493838,0.5107802332834118,0.4642857142857143,,0.0,final_score_5,0.0,1,1
pr_Agency_EBCI,test,05_15 Arina,03_calib_MI,test/05_15 Arina/03_calib_MI,"MATRIX_[8, 12]_robust_concat_03_calib_MI.hdf","C:\Users\hodor\Documents\lab-Shishkin\projects\BCI_classifier\data\pr_Agency_EBCI\features\csp\test\05_15 Arina\MATRIX_[8, 12]_robust_concat_03_calib_MI.hdf","[8, 12]",1,2,1,first5,0.14864871341302727,0.351,1.745,0.0952825863152936,1.2204042568442734,0.2517681657865698,0.5892857142857143,,0.0,final_score_5,0.0,2,2
pr_Agency_EBCI,test,05_15 Arina,03_calib_MI,test/05_15 Arina/03_calib_MI,"MATRIX_[8, 12]_robust_concat_03_calib_MI.hdf","C:\Users\hodor\Documents\lab-Shishkin\projects\BCI_classifier\data\pr_Agency_EBCI\features\csp\test\05_15 Arina\MATRIX_[8, 12]_robust_concat_03_calib_MI.hdf","[8, 12]",2,3,2,first5,0.24393129972832087,0.256,1.131,0.06653216586061325,0.7794463455894669,0.5760515898028271,0.5535714285714286,,0.0,final_score_5,0.0,3,3
pr_Agency_EBCI,test,05_15 Arina,03_calib_MI,test/05_15 Arina/03_calib_MI,"MATRIX_[8, 12]_robust_concat_03_calib_MI.hdf","C:\Users\hodor\Documents\lab-Shishkin\projects\BCI_classifier\data\pr_Agency_EBCI\features\csp\test\05_15 Arina\MATRIX_[8, 12]_robust_concat_03_calib_MI.hdf","[8, 12]",3,4,3,first5,0.3104634655889341,0.19,0.798,0.014016884928615081,0.276363159982721,0.5348454417200621,0.5,,0.0,final_score_5,0.0,4,4
pr_Agency_EBCI,test,05_15 Arina,03_calib_MI,test/05_15 Arina/03_calib_MI,"MATRIX_[8, 12]_robust_concat_03_calib_MI.hdf","C:\Users\hodor\Documents\lab-Shishkin\projects\BCI_classifier\data\pr_Agency_EBCI\features\csp\test\05_15 Arina\MATRIX_[8, 12]_robust_concat_03_calib_MI.hdf","[8, 12]",4,5,4,first5,0.3244803505175492,0.176,0.733,0.031093531861352997,0.13835787770557442,0.17706318831052048,0.4107142857142857,,0.0,final_score_5,0.0,5,5
pr_Agency_EBCI,test,05_15 Arina,03_calib_MI,test/05_15 Arina/03_calib_MI,"MATRIX_[8, 12]_robust_concat_03_calib_MI.hdf","C:\Users\hodor\Documents\lab-Shishkin\projects\BCI_classifier\data\pr_Agency_EBCI\features\csp\test\05_15 Arina\MATRIX_[8, 12]_robust_concat_03_calib_MI.hdf","[8, 12]",51,52,-5,last5,0.7966614787813936,0.297,1.366,0.007217473087225312,0.3240678928928948,0.17792036105927472,0.6071428571428572,,0.0,final_score_5,0.0,6,6
pr_Agency_EBCI,test,05_15 Arina,03_calib_MI,test/05_15 Arina/03_calib_MI,"MATRIX_[8, 12]_robust_concat_03_calib_MI.hdf","C:\Users\hodor\Documents\lab-Shishkin\projects\BCI_classifier\data\pr_Agency_EBCI\features\csp\test\05_15 Arina\MATRIX_[8, 12]_robust_concat_03_calib_MI.hdf","[8, 12]",52,53,-4,last5,0.8118793779835929,0.312,1.462,0.015217899202199292,0.3137171674409594,0.3919447657099622,0.6071428571428572,,0.0,final_score_5,0.0,7,7
pr_Agency_EBCI,test,05_15 Arina,03_calib_MI,test/05_15 Arina/03_calib_MI,"MATRIX_[8, 12]_robust_concat_03_calib_MI.hdf","C:\Users\hodor\Documents\lab-Shishkin\projects\BCI_classifier\data\pr_Agency_EBCI\features\csp\test\05_15 Arina\MATRIX_[8, 12]_robust_concat_03_calib_MI.hdf","[8, 12]",53,54,-3,last5,0.8176216403046183,0.318,1.5,0.005742262321025371,0.1049395076262361,0.16666777219629494,0.5357142857142857,,0.0,final_score_5,0.0,8,8
pr_Agency_EBCI,test,05_15 Arina,03_calib_MI,test/05_15 Arina/03_calib_MI,"MATRIX_[8, 12]_robust_concat_03_calib_MI.hdf","C:\Users\hodor\Documents\lab-Shishkin\projects\BCI_classifier\data\pr_Agency_EBCI\features\csp\test\05_15 Arina\MATRIX_[8, 12]_robust_concat_03_calib_MI.hdf","[8, 12]",54,55,-2,last5,0.8236028108364374,0.324,1.541,0.005981170531819124,0.0977671134551015,0.18944033683345912,0.4285714285714286,,0.0,final_score_5,0.0,9,9
pr_Agency_EBCI,test,05_15 Arina,03_calib_MI,test/05_15 Arina/03_calib_MI,"MATRIX_[8, 12]_robust_concat_03_calib_MI.hdf","C:\Users\hodor\Documents\lab-Shishkin\projects\BCI_classifier\data\pr_Agency_EBCI\features\csp\test\05_15 Arina\MATRIX_[8, 12]_robust_concat_03_calib_MI.hdf","[8, 12]",55,56,-1,last5,0.8482028054169704,0.348,1.721,0.02459999458053297,0.5159172426516725,0.4719853172371,0.5535714285714286,,0.0,final_score_5,0.0,10,10
pr_Agency_EBCI,test,05_15 Arina,03_calib_MI,test/05_15 Arina/03_calib_MI,"MATRIX_[9, 13]_robust_concat_03_calib_MI.hdf","C:\Users\hodor\Documents\lab-Shishkin\projects\BCI_classifier\data\pr_Agency_EBCI\features\csp\test\05_15 Arina\MATRIX_[9, 13]_robust_concat_03_calib_MI.hdf","[9, 13]",0,1,0,first5,0.16190681065864732,0.338,1.644,0.018743760124968367,1.2150731494179998,0.46121426255682574,0.5535714285714286,,0.0,final_score_5,0.0,11,1
pr_Agency_EBCI,test,05_15 Arina,03_calib_MI,test/05_15 Arina/03_calib_MI,"MATRIX_[9, 13]_robust_concat_03_calib_MI.hdf","C:\Users\hodor\Documents\lab-Shishkin\projects\BCI_classifier\data\pr_Agency_EBCI\features\csp\test\05_15 Arina\MATRIX_[9, 13]_robust_concat_03_calib_MI.hdf","[9, 13]",1,2,1,first5,0.18065057078361568,0.319,1.512,0.06863458379440948,0.4762428610049573,0.5258233438059978,0.4642857142857143,,0.0,final_score_5,0.0,12,2
pr_Agency_EBCI,test,05_15 Arina,03_calib_MI,test/05_15 Arina/03_calib_MI,"MATRIX_[9, 13]_robust_concat_03_calib_MI.hdf","C:\Users\hodor\Documents\lab-Shishkin\projects\BCI_classifier\data\pr_Agency_EBCI\features\csp\test\05_15 Arina\MATRIX_[9, 13]_robust_concat_03_calib_MI.hdf","[9, 13]",2,3,2,first5,0.24928515457802516,0.251,1.102,0.040744170180162825,0.6386031026138314,0.3871290269557568,0.5535714285714286,,0.0,final_score_5,0.0,13,3
pr_Agency_EBCI,test,05_15 Arina,03_calib_MI,test/05_15 Arina/03_calib_MI,"MATRIX_[9, 13]_robust_concat_03_calib_MI.hdf","C:\Users\hodor\Documents\lab-Shishkin\projects\BCI_classifier\data\pr_Agency_EBCI\features\csp\test\05_15 Arina\MATRIX_[9, 13]_robust_concat_03_calib_MI.hdf","[9, 13]",3,4,3,first5,0.290029324758188,0.21,0.895,0.021836114052876554,0.3543234409268224,0.6569148604320636,0.5,,0.0,final_score_5,0.0,14,4
pr_Agency_EBCI,test,05_15 Arina,03_calib_MI,test/05_15 Arina/03_calib_MI,"MATRIX_[9, 13]_robust_concat_03_calib_MI.hdf","C:\Users\hodor\Documents\lab-Shishkin\projects\BCI_classifier\data\pr_Agency_EBCI\features\csp\test\05_15 Arina\MATRIX_[9, 13]_robust_concat_03_calib_MI.hdf","[9, 13]",4,5,4,first5,0.31186543881106454,0.188,0.791,0.034757358694578744,0.10371190752694014,0.07959528711265174,0.4107142857142857,,0.0,final_score_5,0.0,15,5
pr_Agency_EBCI,test,05_15 Arina,03_calib_MI,test/05_15 Arina/03_calib_MI,"MATRIX_[9, 13]_robust_concat_03_calib_MI.hdf","C:\Users\hodor\Documents\lab-Shishkin\projects\BCI_classifier\data\pr_Agency_EBCI\features\csp\test\05_15 Arina\MATRIX_[9, 13]_robust_concat_03_calib_MI.hdf","[9, 13]",51,52,-5,last5,0.8164807117420905,0.316,1.493,0.01125111979832627,0.29543221715146206,0.19445265871400835,0.5892857142857143,,0.0,final_score_5,0.0,16,6
pr_Agency_EBCI,test,05_15 Arina,03_calib_MI,test/05_15 Arina/03_calib_MI,"MATRIX_[9, 13]_robust_concat_03_calib_MI.hdf","C:\Users\hodor\Documents\lab-Shishkin\projects\BCI_classifier\data\pr_Agency_EBCI\features\csp\test\05_15 Arina\MATRIX_[9, 13]_robust_concat_03_calib_MI.hdf","[9, 13]",52,53,-4,last5,0.8233254404247026,0.323,1.539,0.0068447286826121,0.1506873801100439,0.15725199822670105,0.4285714285714286,,0.0,final_score_5,0.0,17,7
pr_Agency_EBCI,test,05_15 Arina,03_calib_MI,test/05_15 Arina/03_calib_MI,"MATRIX_[9, 13]_robust_concat_03_calib_MI.hdf","C:\Users\hodor\Documents\lab-Shishkin\projects\BCI_classifier\data\pr_Agency_EBCI\features\csp\test\05_15 Arina\MATRIX_[9, 13]_robust_concat_03_calib_MI.hdf","[9, 13]",53,54,-3,last5,0.8248452227710377,0.325,1.55,0.0015197823463350968,0.22991226647931826,0.20121965620523066,0.5714285714285714,,0.0,final_score_5,0.0,18,8
pr_Agency_EBCI,test,05_15 Arina,03_calib_MI,test/05_15 Arina/03_calib_MI,"MATRIX_[9, 13]_robust_concat_03_calib_MI.hdf","C:\Users\hodor\Documents\lab-Shishkin\projects\BCI_classifier\data\pr_Agency_EBCI\features\csp\test\05_15 Arina\MATRIX_[9, 13]_robust_concat_03_calib_MI.hdf","[9, 13]",54,55,-2,last5,0.8327788785230623,0.333,1.605,0.007933655752024649,0.09228241983283808,0.12409792126360165,0.4821428571428571,,0.0,final_score_5,0.0,19,9
pr_Agency_EBCI,test,05_15 Arina,03_calib_MI,test/05_15 Arina/03_calib_MI,"MATRIX_[9, 13]_robust_concat_03_calib_MI.hdf","C:\Users\hodor\Documents\lab-Shishkin\projects\BCI_classifier\data\pr_Agency_EBCI\features\csp\test\05_15 Arina\MATRIX_[9, 13]_robust_concat_03_calib_MI.hdf","[9, 13]",55,56,-1,last5,0.8591369360691132,0.359,1.808,0.026358057546050917,0.42612999848328614,0.49093084608577103,0.5714285714285714,,0.0,final_score_5,0.0,20,10
pr_Agency_EBCI,test,05_15 Arina,03_calib_MI,test/05_15 Arina/03_calib_MI,"MATRIX_[10, 14]_robust_concat_03_calib_MI.hdf","C:\Users\hodor\Documents\lab-Shishkin\projects\BCI_classifier\data\pr_Agency_EBCI\features\csp\test\05_15 Arina\MATRIX_[10, 14]_robust_concat_03_calib_MI.hdf","[10, 14]",0,1,0,first5,0.1631498865958888,0.337,1.635,0.023147454101180465,1.4040777164701455,0.6662756216013952,0.5357142857142857,,0.0,final_score_5,0.0,21,1
pr_Agency_EBCI,test,05_15 Arina,03_calib_MI,test/05_15 Arina/03_calib_MI,"MATRIX_[10, 14]_robust_concat_03_calib_MI.hdf","C:\Users\hodor\Documents\lab-Shishkin\projects\BCI_classifier\data\pr_Agency_EBCI\features\csp\test\05_15 Arina\MATRIX_[10, 14]_robust_concat_03_calib_MI.hdf","[10, 14]",1,2,1,first5,0.18629734069706927,0.314,1.474,0.07934977282349687,0.4656842544384766,0.5556512768624355,0.4821428571428571,,0.0,final_score_5,0.0,22,2
pr_Agency_EBCI,test,05_15 Arina,03_calib_MI,test/05_15 Arina/03_calib_MI,"MATRIX_[10, 14]_robust_concat_03_calib_MI.hdf","C:\Users\hodor\Documents\lab-Shishkin\projects\BCI_classifier\data\pr_Agency_EBCI\features\csp\test\05_15 Arina\MATRIX_[10, 14]_robust_concat_03_calib_MI.hdf","[10, 14]",2,3,2,first5,0.26564711352056614,0.234,1.017,0.028908298080772887,0.4024200258668519,0.3331738641595332,0.5535714285714286,,0.0,final_score_5,0.0,23,3
pr_Agency_EBCI,test,05_15 Arina,03_calib_MI,test/05_15 Arina/03_calib_MI,"MATRIX_[10, 14]_robust_concat_03_calib_MI.hdf","C:\Users\hodor\Documents\lab-Shishkin\projects\BCI_classifier\data\pr_Agency_EBCI\features\csp\test\05_15 Arina\MATRIX_[10, 14]_robust_concat_03_calib_MI.hdf","[10, 14]",3,4,3,first5,0.294555411601339,0.205,0.873,0.009757900071672543,0.0754966000964926,0.18253067280059432,0.4642857142857143,,0.0,final_score_5,0.0,24,4
pr_Agency_EBCI,test,05_15 Arina,03_calib_MI,test/05_15 Arina/03_calib_MI,"MATRIX_[10, 14]_robust_concat_03_calib_MI.hdf","C:\Users\hodor\Documents\lab-Shishkin\projects\BCI_classifier\data\pr_Agency_EBCI\features\csp\test\05_15 Arina\MATRIX_[10, 14]_robust_concat_03_calib_MI.hdf","[10, 14]",4,5,4,first5,0.30431331167301157,0.196,0.827,0.036644742546571574,0.24685174261092863,0.5235228888698064,0.4642857142857143,,0.0,final_score_5,0.0,25,5
pr_Agency_EBCI,test,05_15 Arina,03_calib_MI,test/05_15 Arina/03_calib_MI,"MATRIX_[10, 14]_robust_concat_03_calib_MI.hdf","C:\Users\hodor\Documents\lab-Shishkin\projects\BCI_classifier\data\pr_Agency_EBCI\features\csp\test\05_15 Arina\MATRIX_[10, 14]_robust_concat_03_calib_MI.hdf","[10, 14]",51,52,-5,last5,0.8246183017684284,0.325,1.548,0.006011381676706451,0.049193315667207915,0.07717042892111745,0.5178571428571428,,0.0,final_score_5,0.0,26,6
pr_Agency_EBCI,test,05_15 Arina,03_calib_MI,test/05_15 Arina/03_calib_MI,"MATRIX_[10, 14]_robust_concat_03_calib_MI.hdf","C:\Users\hodor\Documents\lab-Shishkin\projects\BCI_classifier\data\pr_Agency_EBCI\features\csp\test\05_15 Arina\MATRIX_[10, 14]_robust_concat_03_calib_MI.hdf","[10, 14]",52,53,-4,last5,0.8355234187960698,0.336,1.625,0.010905117027641409,0.2256032166271425,0.253403014247767,0.4642857142857143,,0.0,final_score_5,0.0,27,7
pr_Agency_EBCI,test,05_15 Arina,03_calib_MI,test/05_15 Arina/03_calib_MI,"MATRIX_[10, 14]_robust_concat_03_calib_MI.hdf","C:\Users\hodor\Documents\lab-Shishkin\projects\BCI_classifier\data\pr_Agency_EBCI\features\csp\test\05_15 Arina\MATRIX_[10, 14]_robust_concat_03_calib_MI.hdf","[10, 14]",53,54,-3,last5,0.8414074319496174,0.341,1.669,0.005884013153547585,0.26409705790081384,0.21094954651889344,0.4821428571428571,,0.0,final_score_5,0.0,28,8
pr_Agency_EBCI,test,05_15 Arina,03_calib_MI,test/05_15 Arina/03_calib_MI,"MATRIX_[10, 14]_robust_concat_03_calib_MI.hdf","C:\Users\hodor\Documents\lab-Shishkin\projects\BCI_classifier\data\pr_Agency_EBCI\features\csp\test\05_15 Arina\MATRIX_[10, 14]_robust_concat_03_calib_MI.hdf","[10, 14]",54,55,-2,last5,0.8571958654510324,0.357,1.792,0.01578843350141501,0.5097135543277448,0.5465357200346134,0.5178571428571428,,0.0,final_score_5,0.0,29,9
pr_Agency_EBCI,test,05_15 Arina,03_calib_MI,test/05_15 Arina/03_calib_MI,"MATRIX_[10, 14]_robust_concat_03_calib_MI.hdf","C:\Users\hodor\Documents\lab-Shishkin\projects\BCI_classifier\data\pr_Agency_EBCI\features\csp\test\05_15 Arina\MATRIX_[10, 14]_robust_concat_03_calib_MI.hdf","[10, 14]",55,56,-1,last5,0.8646827840659048,0.365,1.855,0.007486918614872384,0.327885570466941,0.4178900419204374,0.5892857142857143,,0.0,final_score_5,0.0,30,10
pr_Agency_EBCI,test,05_15 Arina,03_calib_MI,test/05_15 Arina/03_calib_MI,"MATRIX_[8, 15]_robust_concat_03_calib_MI.hdf","C:\Users\hodor\Documents\lab-Shishkin\projects\BCI_classifier\data\pr_Agency_EBCI\features\csp\test\05_15 Arina\MATRIX_[8, 15]_robust_concat_03_calib_MI.hdf","[8, 15]",0,1,0,first5,0.17663719232504024,0.323,1.539,0.028961641125789916,1.3042195434517303,0.5551449396826019,0.5357142857142857,,0.0,final_score_5,0.0,31,1
pr_Agency_EBCI,test,05_15 Arina,03_calib_MI,test/05_15 Arina/03_calib_MI,"MATRIX_[8, 15]_robust_concat_03_calib_MI.hdf","C:\Users\hodor\Documents\lab-Shishkin\projects\BCI_classifier\data\pr_Agency_EBCI\features\csp\test\05_15 Arina\MATRIX_[8, 15]_robust_concat_03_calib_MI.hdf","[8, 15]",1,2,1,first5,0.20559883345083016,0.294,1.352,0.08212066528837506,0.3705806836327219,0.5882582591669316,0.5,,0.0,final_score_5,0.0,32,2
pr_Agency_EBCI,test,05_15 Arina,03_calib_MI,test/05_15 Arina/03_calib_MI,"MATRIX_[8, 15]_robust_concat_03_calib_MI.hdf","C:\Users\hodor\Documents\lab-Shishkin\projects\BCI_classifier\data\pr_Agency_EBCI\features\csp\test\05_15 Arina\MATRIX_[8, 15]_robust_concat_03_calib_MI.hdf","[8, 15]",2,3,2,first5,0.2877194987392052,0.212,0.906,0.057606641957956284,0.5279038693852017,0.28077161925202343,0.5535714285714286,,0.0,final_score_5,0.0,33,3
pr_Agency_EBCI,test,05_15 Arina,03_calib_MI,test/05_15 Arina/03_calib_MI,"MATRIX_[8, 15]_robust_concat_03_calib_MI.hdf","C:\Users\hodor\Documents\lab-Shishkin\projects\BCI_classifier\data\pr_Agency_EBCI\features\csp\test\05_15 Arina\MATRIX_[8, 15]_robust_concat_03_calib_MI.hdf","[8, 15]",3,4,3,first5,0.3453261406971615,0.155,0.64,0.017611021357054946,0.22507192799436182,0.4689676590747113,0.5357142857142857,,0.0,final_score_5,0.0,34,4
pr_Agency_EBCI,test,05_15 Arina,03_calib_MI,test/05_15 Arina/03_calib_MI,"MATRIX_[8, 15]_robust_concat_03_calib_MI.hdf","C:\Users\hodor\Documents\lab-Shishkin\projects\BCI_classifier\data\pr_Agency_EBCI\features\csp\test\05_15 Arina\MATRIX_[8, 15]_robust_concat_03_calib_MI.hdf","[8, 15]",4,5,4,first5,0.36293716205421644,0.137,0.563,0.022030710659079134,0.14402440145901846,0.444355684292603,0.5,,0.0,final_score_5,0.0,35,5
pr_Agency_EBCI,test,05_15 Arina,03_calib_MI,test/05_15 Arina/03_calib_MI,"MATRIX_[8, 15]_robust_concat_03_calib_MI.hdf","C:\Users\hodor\Documents\lab-Shishkin\projects\BCI_classifier\data\pr_Agency_EBCI\features\csp\test\05_15 Arina\MATRIX_[8, 15]_robust_concat_03_calib_MI.hdf","[8, 15]",51,52,-5,last5,0.7553149208796032,0.255,1.127,0.0032545716086451737,0.29954645249695044,0.4866341318956069,0.4821428571428571,,0.0,final_score_5,0.0,36,6
pr_Agency_EBCI,test,05_15 Arina,03_calib_MI,test/05_15 Arina/03_calib_MI,"MATRIX_[8, 15]_robust_concat_03_calib_MI.hdf","C:\Users\hodor\Documents\lab-Shishkin\projects\BCI_classifier\data\pr_Agency_EBCI\features\csp\test\05_15 Arina\MATRIX_[8, 15]_robust_concat_03_calib_MI.hdf","[8, 15]",52,53,-4,last5,0.7597142179206893,0.26,1.151,0.004399297041086103,0.23105866913536993,0.1508794398928629,0.6071428571428572,,0.0,final_score_5,0.0,37,7
pr_Agency_EBCI,test,05_15 Arina,03_calib_MI,test/05_15 Arina/03_calib_MI,"MATRIX_[8, 15]_robust_concat_03_calib_MI.hdf","C:\Users\hodor\Documents\lab-Shishkin\projects\BCI_classifier\data\pr_Agency_EBCI\features\csp\test\05_15 Arina\MATRIX_[8, 15]_robust_concat_03_calib_MI.hdf","[8, 15]",53,54,-3,last5,0.7745266924751003,0.275,1.234,0.014812474554411037,0.17645710956190022,0.38273983662691424,0.5535714285714286,,0.0,final_score_5,0.0,38,8
pr_Agency_EBCI,test,05_15 Arina,03_calib_MI,test/05_15 Arina/03_calib_MI,"MATRIX_[8, 15]_robust_concat_03_calib_MI.hdf","C:\Users\hodor\Documents\lab-Shishkin\projects\BCI_classifier\data\pr_Agency_EBCI\features\csp\test\05_15 Arina\MATRIX_[8, 15]_robust_concat_03_calib_MI.hdf","[8, 15]",54,55,-2,last5,0.7822833912447805,0.282,1.279,0.007756698769680215,0.0688923220174735,0.09662039395005387,0.5178571428571428,,0.0,final_score_5,0.0,39,9
pr_Agency_EBCI,test,05_15 Arina,03_calib_MI,test/05_15 Arina/03_calib_MI,"MATRIX_[8, 15]_robust_concat_03_calib_MI.hdf","C:\Users\hodor\Documents\lab-Shishkin\projects\BCI_classifier\data\pr_Agency_EBCI\features\csp\test\05_15 Arina\MATRIX_[8, 15]_robust_concat_03_calib_MI.hdf","[8, 15]",55,56,-1,last5,0.8045853528040701,0.305,1.415,0.02230196155928954,0.5818946521510631,0.49242428305913033,0.5892857142857143,,0.0,final_score_5,0.0,40,10
