project,stage,subject,record,file,epoch_path,matrix,matrix_path,band,component,component_1based,component_relative,edge_group,eigenvalue,eigen_score_abs_diff,eigen_score_logit,eigengap,eigen_gap_multiplier,weighted_contra,weighted_ipsi,locality,locality_ipsi,contra_local_weighted,ipsi_local_weighted,weighted_local_sum,contrast_contra,contrast_ipsi,gof,gof_coef,final_score_1,final_score_2,final_score_3,final_score_4,final_score_5,rv,x_mm,y_mm,z_mm,ori_x,ori_y,ori_z,amplitude,fit_error,dist_left_M1_mm,in_left_M1,dist_left_S1_mm,in_left_S1,dist_SMA_mm,in_SMA,dist_left_PMd_mm,in_left_PMd,dist_right_M1_mm,in_right_M1,dist_right_S1_mm,in_right_S1,dist_right_PMd_mm,in_right_PMd,roi_names,roi_count,roi_weights,best_roi,best_roi_weight,nearest_roi,nearest_roi_dist_mm
pr_Agency_EBCI,test,05_15 Arina,01_calib_MI,test/05_15 Arina/01_calib_MI,C:\Users\hodor\Documents\lab-Shishkin\projects\BCI_classifier\data\pr_Agency_EBCI\trans\test\05_15 Arina\EPOCHS_01_calib_MI.hdf,"MATRIX_[8, 12]_robust_concat_01_calib_MI.hdf","C:\Users\hodor\Documents\lab-Shishkin\projects\BCI_classifier\data\pr_Agency_EBCI\features\csp\test\05_15 Arina\MATRIX_[8, 12]_robust_concat_01_calib_MI.hdf","[8, 12]",0,1,0,first5,0.07247237199588641,0.428,2.549,0.15443440126400154,2.1203916949639705,1.5352287273943468,0.338594998555494,0.5714285714285714,0.5714285714285714,2.412502285905402,0.5320778548729191,2.944580140778321,0.43557884617277554,0.08948326397416005,,0.0,1.2602803002531215,7.505734778843941,6.2436632756621915,0.0,0.0,,,,,,,,,dipole fitting disabled,,False,,False,,False,,False,,False,,False,,False,,0,,,0.0,left_M1,
pr_Agency_EBCI,test,05_15 Arina,01_calib_MI,test/05_15 Arina/01_calib_MI,C:\Users\hodor\Documents\lab-Shishkin\projects\BCI_classifier\data\pr_Agency_EBCI\trans\test\05_15 Arina\EPOCHS_01_calib_MI.hdf,"MATRIX_[8, 12]_robust_concat_01_calib_MI.hdf","C:\Users\hodor\Documents\lab-Shishkin\projects\BCI_classifier\data\pr_Agency_EBCI\features\csp\test\05_15 Arina\MATRIX_[8, 12]_robust_concat_01_calib_MI.hdf","[8, 12]",1,2,1,first5,0.22690677325988795,0.273,1.226,0.01699170931634153,1.564554946573445,0.6981825945696911,0.3691654815115959,0.6071428571428572,0.6071428571428572,1.1220791698441466,0.5933016667150649,1.7153808365592114,0.298551349914134,0.15888031417439868,,0.0,0.46829896838066476,2.1030569056215933,2.6838075730960083,0.0,0.0,,,,,,,,,dipole fitting disabled,,False,,False,,False,,False,,False,,False,,False,,0,,,0.0,left_M1,
pr_Agency_EBCI,test,05_15 Arina,01_calib_MI,test/05_15 Arina/01_calib_MI,C:\Users\hodor\Documents\lab-Shishkin\projects\BCI_classifier\data\pr_Agency_EBCI\trans\test\05_15 Arina\EPOCHS_01_calib_MI.hdf,"MATRIX_[8, 12]_robust_concat_01_calib_MI.hdf","C:\Users\hodor\Documents\lab-Shishkin\projects\BCI_classifier\data\pr_Agency_EBCI\features\csp\test\05_15 Arina\MATRIX_[8, 12]_robust_concat_01_calib_MI.hdf","[8, 12]",2,3,2,first5,0.24389848257622948,0.256,1.131,0.07849487944372957,1.592378756550379,0.19405860722702328,0.3601390615847425,0.4642857142857143,0.4642857142857143,0.2841572462967127,0.5273464830348016,0.8115037293315143,0.14389496318020065,0.2867477594973259,,0.0,0.20774495470886767,0.9178107178739426,1.2922212994489122,0.0,0.0,,,,,,,,,dipole fitting disabled,,False,,False,,False,,False,,False,,False,,False,,0,,,0.0,left_M1,
pr_Agency_EBCI,test,05_15 Arina,01_calib_MI,test/05_15 Arina/01_calib_MI,C:\Users\hodor\Documents\lab-Shishkin\projects\BCI_classifier\data\pr_Agency_EBCI\trans\test\05_15 Arina\EPOCHS_01_calib_MI.hdf,"MATRIX_[8, 12]_robust_concat_01_calib_MI.hdf","C:\Users\hodor\Documents\lab-Shishkin\projects\BCI_classifier\data\pr_Agency_EBCI\features\csp\test\05_15 Arina\MATRIX_[8, 12]_robust_concat_01_calib_MI.hdf","[8, 12]",3,4,3,first5,0.32239336201995905,0.178,0.743,0.004186306936350026,1.3589806505386812,0.07135819952652149,0.07797245980656906,0.4821428571428571,0.4821428571428571,0.10576304572680864,0.11556632435616486,0.2213293700829735,0.12373419865613738,0.14866920680604687,,0.0,0.03939662787476928,0.1644477219716493,0.3007823313386758,0.0,0.0,,,,,,,,,dipole fitting disabled,,False,,False,,False,,False,,False,,False,,False,,0,,,0.0,left_M1,
pr_Agency_EBCI,test,05_15 Arina,01_calib_MI,test/05_15 Arina/01_calib_MI,C:\Users\hodor\Documents\lab-Shishkin\projects\BCI_classifier\data\pr_Agency_EBCI\trans\test\05_15 Arina\EPOCHS_01_calib_MI.hdf,"MATRIX_[8, 12]_robust_concat_01_calib_MI.hdf","C:\Users\hodor\Documents\lab-Shishkin\projects\BCI_classifier\data\pr_Agency_EBCI\features\csp\test\05_15 Arina\MATRIX_[8, 12]_robust_concat_01_calib_MI.hdf","[8, 12]",4,5,4,first5,0.3265796689563091,0.173,0.724,0.034182923169397306,1.369654582833223,0.055586547762672696,0.12141735981971044,0.4821428571428571,0.4821428571428571,0.0823872047196756,0.179957872589928,0.2623450773096036,0.09324164977243164,0.21474488786648083,,0.0,0.04538569837456142,0.189937835972153,0.35932213742083474,0.0,0.0,,,,,,,,,dipole fitting disabled,,False,,False,,False,,False,,False,,False,,False,,0,,,0.0,left_M1,
pr_Agency_EBCI,test,05_15 Arina,01_calib_MI,test/05_15 Arina/01_calib_MI,C:\Users\hodor\Documents\lab-Shishkin\projects\BCI_classifier\data\pr_Agency_EBCI\trans\test\05_15 Arina\EPOCHS_01_calib_MI.hdf,"MATRIX_[8, 12]_robust_concat_01_calib_MI.hdf","C:\Users\hodor\Documents\lab-Shishkin\projects\BCI_classifier\data\pr_Agency_EBCI\features\csp\test\05_15 Arina\MATRIX_[8, 12]_robust_concat_01_calib_MI.hdf","[8, 12]",51,52,-5,last5,0.8230556938714513,0.323,1.537,0.008574878819339382,1.6570787434345866,0.17243812614596982,0.17999221928888925,0.4642857142857143,0.4642857142857143,0.25249868471374154,0.26356003538730216,0.5160587201010437,0.16266041096058637,0.1630783674631282,,0.0,0.16668696659263713,0.7931822527953041,0.8551499354434985,0.0,0.0,,,,,,,,,dipole fitting disabled,,False,,False,,False,,False,,False,,False,,False,,0,,,0.0,left_M1,
pr_Agency_EBCI,test,05_15 Arina,01_calib_MI,test/05_15 Arina/01_calib_MI,C:\Users\hodor\Documents\lab-Shishkin\projects\BCI_classifier\data\pr_Agency_EBCI\trans\test\05_15 Arina\EPOCHS_01_calib_MI.hdf,"MATRIX_[8, 12]_robust_concat_01_calib_MI.hdf","C:\Users\hodor\Documents\lab-Shishkin\projects\BCI_classifier\data\pr_Agency_EBCI\features\csp\test\05_15 Arina\MATRIX_[8, 12]_robust_concat_01_calib_MI.hdf","[8, 12]",52,53,-4,last5,0.8315290592000127,0.332,1.597,0.008473365328561466,1.6752526291563297,0.198181530547052,0.10900752540523419,0.5892857142857143,0.5892857142857143,0.31496707533370766,0.17324410287617578,0.48821117820988347,0.1948494861676487,0.11361359563024574,,0.0,0.1620861111656813,0.7796732516011838,0.8178770598796167,0.0,0.0,,,,,,,,,dipole fitting disabled,,False,,False,,False,,False,,False,,False,,False,,0,,,0.0,left_M1,
pr_Agency_EBCI,test,05_15 Arina,01_calib_MI,test/05_15 Arina/01_calib_MI,C:\Users\hodor\Documents\lab-Shishkin\projects\BCI_classifier\data\pr_Agency_EBCI\trans\test\05_15 Arina\EPOCHS_01_calib_MI.hdf,"MATRIX_[8, 12]_robust_concat_01_calib_MI.hdf","C:\Users\hodor\Documents\lab-Shishkin\projects\BCI_classifier\data\pr_Agency_EBCI\features\csp\test\05_15 Arina\MATRIX_[8, 12]_robust_concat_01_calib_MI.hdf","[8, 12]",53,54,-3,last5,0.8426650341930114,0.343,1.678,0.011135974992998676,1.7012785576903942,0.22177933834729216,0.4152281265726548,0.5,0.5,0.33266900752093825,0.6228421898589822,0.9555111973799204,0.14513750105482098,0.2464925310842617,,0.0,0.32774034070131275,1.6033477892035064,1.6255907117355326,0.0,0.0,,,,,,,,,dipole fitting disabled,,False,,False,,False,,False,,False,,False,,False,,0,,,0.0,left_M1,
pr_Agency_EBCI,test,05_15 Arina,01_calib_MI,test/05_15 Arina/01_calib_MI,C:\Users\hodor\Documents\lab-Shishkin\projects\BCI_classifier\data\pr_Agency_EBCI\trans\test\05_15 Arina\EPOCHS_01_calib_MI.hdf,"MATRIX_[8, 12]_robust_concat_01_calib_MI.hdf","C:\Users\hodor\Documents\lab-Shishkin\projects\BCI_classifier\data\pr_Agency_EBCI\features\csp\test\05_15 Arina\MATRIX_[8, 12]_robust_concat_01_calib_MI.hdf","[8, 12]",54,55,-2,last5,0.8613566156095741,0.361,1.827,0.018691581416562686,1.7489906435655165,0.4321624587756928,0.46039866492635523,0.5535714285714286,0.5535714285714286,0.6713952484550942,0.7152622115820162,1.3866574600371104,0.19849631038142518,0.2168605305367692,,0.0,0.5005833430733968,2.5334231794878006,2.42525092343523,0.0,0.0,,,,,,,,,dipole fitting disabled,,False,,False,,False,,False,,False,,False,,False,,0,,,0.0,left_M1,
pr_Agency_EBCI,test,05_15 Arina,01_calib_MI,test/05_15 Arina/01_calib_MI,C:\Users\hodor\Documents\lab-Shishkin\projects\BCI_classifier\data\pr_Agency_EBCI\trans\test\05_15 Arina\EPOCHS_01_calib_MI.hdf,"MATRIX_[8, 12]_robust_concat_01_calib_MI.hdf","C:\Users\hodor\Documents\lab-Shishkin\projects\BCI_classifier\data\pr_Agency_EBCI\features\csp\test\05_15 Arina\MATRIX_[8, 12]_robust_concat_01_calib_MI.hdf","[8, 12]",55,56,-1,last5,0.871095749476839,0.371,1.911,0.009739133867264882,1.7564528746590211,0.1506178606244766,0.13659697488978179,0.4821428571428571,0.4821428571428571,0.2232371862827064,0.2024562306402123,0.4256934169229187,0.1438812681925529,0.14518403216621925,,0.0,0.15793225767840283,0.8135001197396976,0.7477104258776817,0.0,0.0,,,,,,,,,dipole fitting disabled,,False,,False,,False,,False,,False,,False,,False,,0,,,0.0,left_M1,
pr_Agency_EBCI,test,05_15 Arina,01_calib_MI,test/05_15 Arina/01_calib_MI,C:\Users\hodor\Documents\lab-Shishkin\projects\BCI_classifier\data\pr_Agency_EBCI\trans\test\05_15 Arina\EPOCHS_01_calib_MI.hdf,"MATRIX_[9, 13]_robust_concat_01_calib_MI.hdf","C:\Users\hodor\Documents\lab-Shishkin\projects\BCI_classifier\data\pr_Agency_EBCI\features\csp\test\05_15 Arina\MATRIX_[9, 13]_robust_concat_01_calib_MI.hdf","[9, 13]",0,1,0,first5,0.05876386170462866,0.441,2.774,0.16282385936609745,2.169221287921796,1.67525927619561,0.4101935549036634,0.5714285714285714,0.5714285714285714,2.63255029116453,0.644589871991471,3.277140163156001,0.42200343029616927,0.09682502905012727,,0.0,1.4452188119517964,9.090786812594747,7.108842205421505,0.0,0.0,,,,,,,,,dipole fitting disabled,,False,,False,,False,,False,,False,,False,,False,,0,,,0.0,left_M1,
pr_Agency_EBCI,test,05_15 Arina,01_calib_MI,test/05_15 Arina/01_calib_MI,C:\Users\hodor\Documents\lab-Shishkin\projects\BCI_classifier\data\pr_Agency_EBCI\trans\test\05_15 Arina\EPOCHS_01_calib_MI.hdf,"MATRIX_[9, 13]_robust_concat_01_calib_MI.hdf","C:\Users\hodor\Documents\lab-Shishkin\projects\BCI_classifier\data\pr_Agency_EBCI\features\csp\test\05_15 Arina\MATRIX_[9, 13]_robust_concat_01_calib_MI.hdf","[9, 13]",1,2,1,first5,0.2215877210707261,0.278,1.256,0.030117433886698408,1.5894905864820088,0.3695180016118394,0.1650203834724846,0.5,0.5,0.5542770024177591,0.2475305752087269,0.801807577626486,0.2777166332683657,0.11179142485832902,,0.0,0.22290250658016314,1.0070703174988664,1.274465596807242,0.0,0.0,,,,,,,,,dipole fitting disabled,,False,,False,,False,,False,,False,,False,,False,,0,,,0.0,left_M1,
pr_Agency_EBCI,test,05_15 Arina,01_calib_MI,test/05_15 Arina/01_calib_MI,C:\Users\hodor\Documents\lab-Shishkin\projects\BCI_classifier\data\pr_Agency_EBCI\trans\test\05_15 Arina\EPOCHS_01_calib_MI.hdf,"MATRIX_[9, 13]_robust_concat_01_calib_MI.hdf","C:\Users\hodor\Documents\lab-Shishkin\projects\BCI_classifier\data\pr_Agency_EBCI\features\csp\test\05_15 Arina\MATRIX_[9, 13]_robust_concat_01_calib_MI.hdf","[9, 13]",2,3,2,first5,0.2517051549574245,0.248,1.09,0.09241994923731611,1.5876805896434176,0.379158884606173,0.40289960194131835,0.5357142857142857,0.5357142857142857,0.5822797156451942,0.6187386744098817,1.201018390055076,0.20420842028504121,0.2199134056950777,,0.0,0.29785256073365884,1.3091100451600328,1.9068335856952312,0.0,0.0,,,,,,,,,dipole fitting disabled,,False,,False,,False,,False,,False,,False,,False,,0,,,0.0,left_M1,
pr_Agency_EBCI,test,05_15 Arina,01_calib_MI,test/05_15 Arina/01_calib_MI,C:\Users\hodor\Documents\lab-Shishkin\projects\BCI_classifier\data\pr_Agency_EBCI\trans\test\05_15 Arina\EPOCHS_01_calib_MI.hdf,"MATRIX_[9, 13]_robust_concat_01_calib_MI.hdf","C:\Users\hodor\Documents\lab-Shishkin\projects\BCI_classifier\data\pr_Agency_EBCI\features\csp\test\05_15 Arina\MATRIX_[9, 13]_robust_concat_01_calib_MI.hdf","[9, 13]",3,4,3,first5,0.3441251041947406,0.156,0.645,0.009172606763958258,1.31772370662071,0.030110673359472977,0.08212639160388516,0.5535714285714286,0.5535714285714286,0.04677908182632409,0.12758921552746444,0.17436829735378853,0.08993683348428709,0.25403491669689626,,0.0,0.027201454387191012,0.11246755179319361,0.22976923910617636,0.0,0.0,,,,,,,,,dipole fitting disabled,,False,,False,,False,,False,,False,,False,,False,,0,,,0.0,left_M1,
pr_Agency_EBCI,test,05_15 Arina,01_calib_MI,test/05_15 Arina/01_calib_MI,C:\Users\hodor\Documents\lab-Shishkin\projects\BCI_classifier\data\pr_Agency_EBCI\trans\test\05_15 Arina\EPOCHS_01_calib_MI.hdf,"MATRIX_[9, 13]_robust_concat_01_calib_MI.hdf","C:\Users\hodor\Documents\lab-Shishkin\projects\BCI_classifier\data\pr_Agency_EBCI\features\csp\test\05_15 Arina\MATRIX_[9, 13]_robust_concat_01_calib_MI.hdf","[9, 13]",4,5,4,first5,0.3532977109586989,0.147,0.605,0.020407735205132504,1.3059997483006178,0.0394021478378354,0.08297710699488782,0.4821428571428571,0.4821428571428571,0.05839961197393461,0.1229839264388516,0.1813835384127862,0.06734365591644396,0.1601382523095699,,0.0,0.02666338014667957,0.10973704073973566,0.23688685551297423,0.0,0.0,,,,,,,,,dipole fitting disabled,,False,,False,,False,,False,,False,,False,,False,,0,,,0.0,left_M1,
pr_Agency_EBCI,test,05_15 Arina,01_calib_MI,test/05_15 Arina/01_calib_MI,C:\Users\hodor\Documents\lab-Shishkin\projects\BCI_classifier\data\pr_Agency_EBCI\trans\test\05_15 Arina\EPOCHS_01_calib_MI.hdf,"MATRIX_[9, 13]_robust_concat_01_calib_MI.hdf","C:\Users\hodor\Documents\lab-Shishkin\projects\BCI_classifier\data\pr_Agency_EBCI\features\csp\test\05_15 Arina\MATRIX_[9, 13]_robust_concat_01_calib_MI.hdf","[9, 13]",51,52,-5,last5,0.8460750820341445,0.346,1.704,0.006961300449805252,1.7016344398225303,0.15820383232941362,0.18889612961903296,0.6071428571428572,0.6071428571428572,0.2542561591008433,0.30358306545916014,0.5578392245600035,0.13407975109962394,0.185514845624128,,0.0,0.19301237169776117,0.9505580386502459,0.9492384363951961,0.0,0.0,,,,,,,,,dipole fitting disabled,,False,,False,,False,,False,,False,,False,,False,,0,,,0.0,left_M1,
pr_Agency_EBCI,test,05_15 Arina,01_calib_MI,test/05_15 Arina/01_calib_MI,C:\Users\hodor\Documents\lab-Shishkin\projects\BCI_classifier\data\pr_Agency_EBCI\trans\test\05_15 Arina\EPOCHS_01_calib_MI.hdf,"MATRIX_[9, 13]_robust_concat_01_calib_MI.hdf","C:\Users\hodor\Documents\lab-Shishkin\projects\BCI_classifier\data\pr_Agency_EBCI\features\csp\test\05_15 Arina\MATRIX_[9, 13]_robust_concat_01_calib_MI.hdf","[9, 13]",52,53,-4,last5,0.8527113370755821,0.353,1.756,0.006636255041437611,1.7153703921185097,0.1502048268869598,0.18482468300675675,0.4821428571428571,0.4821428571428571,0.22262501127888684,0.27393658374215735,0.4965615950210442,0.18489931816671298,0.2219228972133216,,0.0,0.1752862430424286,0.8719621608569535,0.8517870579622412,0.0,0.0,,,,,,,,,dipole fitting disabled,,False,,False,,False,,False,,False,,False,,False,,0,,,0.0,left_M1,
pr_Agency_EBCI,test,05_15 Arina,01_calib_MI,test/05_15 Arina/01_calib_MI,C:\Users\hodor\Documents\lab-Shishkin\projects\BCI_classifier\data\pr_Agency_EBCI\trans\test\05_15 Arina\EPOCHS_01_calib_MI.hdf,"MATRIX_[9, 13]_robust_concat_01_calib_MI.hdf","C:\Users\hodor\Documents\lab-Shishkin\projects\BCI_classifier\data\pr_Agency_EBCI\features\csp\test\05_15 Arina\MATRIX_[9, 13]_robust_concat_01_calib_MI.hdf","[9, 13]",53,54,-3,last5,0.855031247178885,0.355,1.775,0.0023199101033029024,1.71329427234669,0.19839752957674406,0.20301506267282082,0.4642857142857143,0.4642857142857143,0.29051066830880384,0.29727205605663054,0.5877827243654343,0.17090159923501097,0.15865890784553663,,0.0,0.20866286714972918,1.0433143357486458,1.0070447750396319,0.0,0.0,,,,,,,,,dipole fitting disabled,,False,,False,,False,,False,,False,,False,,False,,0,,,0.0,left_M1,
pr_Agency_EBCI,test,05_15 Arina,01_calib_MI,test/05_15 Arina/01_calib_MI,C:\Users\hodor\Documents\lab-Shishkin\projects\BCI_classifier\data\pr_Agency_EBCI\trans\test\05_15 Arina\EPOCHS_01_calib_MI.hdf,"MATRIX_[9, 13]_robust_concat_01_calib_MI.hdf","C:\Users\hodor\Documents\lab-Shishkin\projects\BCI_classifier\data\pr_Agency_EBCI\features\csp\test\05_15 Arina\MATRIX_[9, 13]_robust_concat_01_calib_MI.hdf","[9, 13]",54,55,-2,last5,0.8775237306608505,0.378,1.969,0.02249248348196553,1.7900086350247317,0.43387554041902454,0.37666529577523417,0.5,0.5,0.6508133106285368,0.5649979436628513,1.215811254291388,0.24196662212528913,0.20892610004544884,,0.0,0.45957665412214466,2.393932359699743,2.1763126437418343,0.0,0.0,,,,,,,,,dipole fitting disabled,,False,,False,,False,,False,,False,,False,,False,,0,,,0.0,left_M1,
pr_Agency_EBCI,test,05_15 Arina,01_calib_MI,test/05_15 Arina/01_calib_MI,C:\Users\hodor\Documents\lab-Shishkin\projects\BCI_classifier\data\pr_Agency_EBCI\trans\test\05_15 Arina\EPOCHS_01_calib_MI.hdf,"MATRIX_[9, 13]_robust_concat_01_calib_MI.hdf","C:\Users\hodor\Documents\lab-Shishkin\projects\BCI_classifier\data\pr_Agency_EBCI\features\csp\test\05_15 Arina\MATRIX_[9, 13]_robust_concat_01_calib_MI.hdf","[9, 13]",55,56,-1,last5,0.8930877576372015,0.393,2.123,0.015564026976350953,1.8104666504068239,0.20587944113970458,0.2660750301378249,0.6428571428571428,0.6428571428571428,0.33823051044380037,0.4371232637978552,0.7753537742416556,0.13960995025386655,0.19698307725253003,,0.0,0.30471403327697066,1.646076062715035,1.403752150531579,0.0,0.0,,,,,,,,,dipole fitting disabled,,False,,False,,False,,False,,False,,False,,False,,0,,,0.0,left_M1,
pr_Agency_EBCI,test,05_15 Arina,01_calib_MI,test/05_15 Arina/01_calib_MI,C:\Users\hodor\Documents\lab-Shishkin\projects\BCI_classifier\data\pr_Agency_EBCI\trans\test\05_15 Arina\EPOCHS_01_calib_MI.hdf,"MATRIX_[10, 14]_robust_concat_01_calib_MI.hdf","C:\Users\hodor\Documents\lab-Shishkin\projects\BCI_classifier\data\pr_Agency_EBCI\features\csp\test\05_15 Arina\MATRIX_[10, 14]_robust_concat_01_calib_MI.hdf","[10, 14]",0,1,0,first5,0.06731709710824363,0.433,2.629,0.1346635314282436,2.099237236433718,1.6364268173000474,0.40313532948797653,0.5714285714285714,0.5714285714285714,2.571527855757217,0.6334983749096774,3.2050262306668946,0.4180149458328724,0.09732734721360756,,0.0,1.3877763578787654,8.426013960423266,6.728110407162748,0.0,0.0,,,,,,,,,dipole fitting disabled,,False,,False,,False,,False,,False,,False,,False,,0,,,0.0,left_M1,
pr_Agency_EBCI,test,05_15 Arina,01_calib_MI,test/05_15 Arina/01_calib_MI,C:\Users\hodor\Documents\lab-Shishkin\projects\BCI_classifier\data\pr_Agency_EBCI\trans\test\05_15 Arina\EPOCHS_01_calib_MI.hdf,"MATRIX_[10, 14]_robust_concat_01_calib_MI.hdf","C:\Users\hodor\Documents\lab-Shishkin\projects\BCI_classifier\data\pr_Agency_EBCI\features\csp\test\05_15 Arina\MATRIX_[10, 14]_robust_concat_01_calib_MI.hdf","[10, 14]",1,2,1,first5,0.20198062853648724,0.298,1.374,0.0601966317406919,1.6677543850349048,0.40566460620745637,0.2177746352239631,0.6071428571428572,0.6071428571428572,0.6519609742619835,0.34999494946708354,1.0019559237290672,0.24257927872552987,0.1260768298588141,,0.0,0.298582865271262,1.3766874392037385,1.6710163854108504,0.0,0.0,,,,,,,,,dipole fitting disabled,,False,,False,,False,,False,,False,,False,,False,,0,,,0.0,left_M1,
pr_Agency_EBCI,test,05_15 Arina,01_calib_MI,test/05_15 Arina/01_calib_MI,C:\Users\hodor\Documents\lab-Shishkin\projects\BCI_classifier\data\pr_Agency_EBCI\trans\test\05_15 Arina\EPOCHS_01_calib_MI.hdf,"MATRIX_[10, 14]_robust_concat_01_calib_MI.hdf","C:\Users\hodor\Documents\lab-Shishkin\projects\BCI_classifier\data\pr_Agency_EBCI\features\csp\test\05_15 Arina\MATRIX_[10, 14]_robust_concat_01_calib_MI.hdf","[10, 14]",2,3,2,first5,0.26217726027717914,0.238,1.035,0.07029518008794311,1.5429210114437217,0.3484371340392123,0.5395690801733422,0.4821428571428571,0.4821428571428571,0.5164336093795467,0.7997184581140607,1.3161520674936074,0.16086739887313528,0.2528773317609576,,0.0,0.31324419206347853,1.3622173898558836,2.0307186791909824,0.0,0.0,,,,,,,,,dipole fitting disabled,,False,,False,,False,,False,,False,,False,,False,,0,,,0.0,left_M1,
pr_Agency_EBCI,test,05_15 Arina,01_calib_MI,test/05_15 Arina/01_calib_MI,C:\Users\hodor\Documents\lab-Shishkin\projects\BCI_classifier\data\pr_Agency_EBCI\trans\test\05_15 Arina\EPOCHS_01_calib_MI.hdf,"MATRIX_[10, 14]_robust_concat_01_calib_MI.hdf","C:\Users\hodor\Documents\lab-Shishkin\projects\BCI_classifier\data\pr_Agency_EBCI\features\csp\test\05_15 Arina\MATRIX_[10, 14]_robust_concat_01_calib_MI.hdf","[10, 14]",3,4,3,first5,0.33247244036512225,0.168,0.697,0.02702470920429878,1.3541606045852888,0.17765067141663177,0.3914131020148157,0.5,0.5,0.2664760071249477,0.5871196530222236,0.8535956601471713,0.11614159852438777,0.2818523105173281,,0.0,0.1434040709047248,0.5949561751225784,1.155905615216272,0.0,0.0,,,,,,,,,dipole fitting disabled,,False,,False,,False,,False,,False,,False,,False,,0,,,0.0,left_M1,
pr_Agency_EBCI,test,05_15 Arina,01_calib_MI,test/05_15 Arina/01_calib_MI,C:\Users\hodor\Documents\lab-Shishkin\projects\BCI_classifier\data\pr_Agency_EBCI\trans\test\05_15 Arina\EPOCHS_01_calib_MI.hdf,"MATRIX_[10, 14]_robust_concat_01_calib_MI.hdf","C:\Users\hodor\Documents\lab-Shishkin\projects\BCI_classifier\data\pr_Agency_EBCI\features\csp\test\05_15 Arina\MATRIX_[10, 14]_robust_concat_01_calib_MI.hdf","[10, 14]",4,5,4,first5,0.359497149569421,0.141,0.578,0.027545034870015916,1.297535399666689,0.17671701936301315,0.16846136721399319,0.4642857142857143,0.4642857142857143,0.25876420692441215,0.24667557342049004,0.5054397803449022,0.26574373169651194,0.25684802390600103,,0.0,0.0712670090286312,0.29214419303935346,0.6558260073972662,0.0,0.0,,,,,,,,,dipole fitting disabled,,False,,False,,False,,False,,False,,False,,False,,0,,,0.0,left_M1,
pr_Agency_EBCI,test,05_15 Arina,01_calib_MI,test/05_15 Arina/01_calib_MI,C:\Users\hodor\Documents\lab-Shishkin\projects\BCI_classifier\data\pr_Agency_EBCI\trans\test\05_15 Arina\EPOCHS_01_calib_MI.hdf,"MATRIX_[10, 14]_robust_concat_01_calib_MI.hdf","C:\Users\hodor\Documents\lab-Shishkin\projects\BCI_classifier\data\pr_Agency_EBCI\features\csp\test\05_15 Arina\MATRIX_[10, 14]_robust_concat_01_calib_MI.hdf","[10, 14]",51,52,-5,last5,0.8511233678531412,0.351,1.743,0.0030670820554957734,1.7063061832059159,0.2010625023297749,0.23276512224977766,0.5357142857142857,0.5357142857142857,0.30877455714929714,0.35746072345501567,0.6662352806043128,0.19292486532265962,0.1818596409536151,,0.0,0.2338485834921138,1.1612480940933172,1.1368013787650673,0.0,0.0,,,,,,,,,dipole fitting disabled,,False,,False,,False,,False,,False,,False,,False,,0,,,0.0,left_M1,
pr_Agency_EBCI,test,05_15 Arina,01_calib_MI,test/05_15 Arina/01_calib_MI,C:\Users\hodor\Documents\lab-Shishkin\projects\BCI_classifier\data\pr_Agency_EBCI\trans\test\05_15 Arina\EPOCHS_01_calib_MI.hdf,"MATRIX_[10, 14]_robust_concat_01_calib_MI.hdf","C:\Users\hodor\Documents\lab-Shishkin\projects\BCI_classifier\data\pr_Agency_EBCI\features\csp\test\05_15 Arina\MATRIX_[10, 14]_robust_concat_01_calib_MI.hdf","[10, 14]",52,53,-4,last5,0.8569251874806354,0.357,1.79,0.005801819627494154,1.7222849984280617,0.1305826895388247,0.04949949660882429,0.5178571428571428,0.5178571428571428,0.1982058680500018,0.07513316449553686,0.27333903254553865,0.18118844309792875,0.07918807061517855,,0.0,0.0975820346187573,0.4892768682565142,0.47076771523802097,0.0,0.0,,,,,,,,,dipole fitting disabled,,False,,False,,False,,False,,False,,False,,False,,0,,,0.0,left_M1,
pr_Agency_EBCI,test,05_15 Arina,01_calib_MI,test/05_15 Arina/01_calib_MI,C:\Users\hodor\Documents\lab-Shishkin\projects\BCI_classifier\data\pr_Agency_EBCI\trans\test\05_15 Arina\EPOCHS_01_calib_MI.hdf,"MATRIX_[10, 14]_robust_concat_01_calib_MI.hdf","C:\Users\hodor\Documents\lab-Shishkin\projects\BCI_classifier\data\pr_Agency_EBCI\features\csp\test\05_15 Arina\MATRIX_[10, 14]_robust_concat_01_calib_MI.hdf","[10, 14]",53,54,-3,last5,0.8623787534786528,0.362,1.835,0.0054535659980173845,1.7318967635651292,0.12735666669839893,0.1519114573060308,0.4821428571428571,0.4821428571428571,0.18876077385655557,0.22515448136429567,0.41391525522085126,0.12731953877565053,0.21836466114818714,,0.0,0.14983732238994815,0.759534493330262,0.7168584909072268,0.0,0.0,,,,,,,,,dipole fitting disabled,,False,,False,,False,,False,,False,,False,,False,,0,,,0.0,left_M1,
pr_Agency_EBCI,test,05_15 Arina,01_calib_MI,test/05_15 Arina/01_calib_MI,C:\Users\hodor\Documents\lab-Shishkin\projects\BCI_classifier\data\pr_Agency_EBCI\trans\test\05_15 Arina\EPOCHS_01_calib_MI.hdf,"MATRIX_[10, 14]_robust_concat_01_calib_MI.hdf","C:\Users\hodor\Documents\lab-Shishkin\projects\BCI_classifier\data\pr_Agency_EBCI\features\csp\test\05_15 Arina\MATRIX_[10, 14]_robust_concat_01_calib_MI.hdf","[10, 14]",54,55,-2,last5,0.8733874481975654,0.373,1.931,0.011008694718912637,1.7624249725206176,0.14278309229189282,0.13097046246533245,0.5,0.5,0.21417463843783924,0.19645569369799867,0.4106303321358379,0.12305971847332776,0.12457921893285773,,0.0,0.15316511388666754,0.792927171354303,0.7237051518306361,0.0,0.0,,,,,,,,,dipole fitting disabled,,False,,False,,False,,False,,False,,False,,False,,0,,,0.0,left_M1,
pr_Agency_EBCI,test,05_15 Arina,01_calib_MI,test/05_15 Arina/01_calib_MI,C:\Users\hodor\Documents\lab-Shishkin\projects\BCI_classifier\data\pr_Agency_EBCI\trans\test\05_15 Arina\EPOCHS_01_calib_MI.hdf,"MATRIX_[10, 14]_robust_concat_01_calib_MI.hdf","C:\Users\hodor\Documents\lab-Shishkin\projects\BCI_classifier\data\pr_Agency_EBCI\features\csp\test\05_15 Arina\MATRIX_[10, 14]_robust_concat_01_calib_MI.hdf","[10, 14]",55,56,-1,last5,0.8867087131395703,0.387,2.058,0.013321264942004918,1.7946213181302237,0.4878719856130359,0.4464880446301023,0.5,0.5,0.7318079784195539,0.6697320669451534,1.4015400453647073,0.20579053103019224,0.19181936713710018,,0.0,0.5423959975561418,2.8843694133605675,2.5152336436247045,0.0,0.0,,,,,,,,,dipole fitting disabled,,False,,False,,False,,False,,False,,False,,False,,0,,,0.0,left_M1,
pr_Agency_EBCI,test,05_15 Arina,01_calib_MI,test/05_15 Arina/01_calib_MI,C:\Users\hodor\Documents\lab-Shishkin\projects\BCI_classifier\data\pr_Agency_EBCI\trans\test\05_15 Arina\EPOCHS_01_calib_MI.hdf,"MATRIX_[8, 15]_robust_concat_01_calib_MI.hdf","C:\Users\hodor\Documents\lab-Shishkin\projects\BCI_classifier\data\pr_Agency_EBCI\features\csp\test\05_15 Arina\MATRIX_[8, 15]_robust_concat_01_calib_MI.hdf","[8, 15]",0,1,0,first5,0.09254235187034832,0.407,2.283,0.1394249419817305,2.040983805546257,1.489884778795834,0.35816086645677264,0.5714285714285714,0.5714285714285714,2.3412475095363106,0.5628242187177855,2.904071728254096,0.4233102347767071,0.09553479767802496,,0.0,1.181957193399417,6.629995755604101,5.927163367511341,0.0,0.0,,,,,,,,,dipole fitting disabled,,False,,False,,False,,False,,False,,False,,False,,0,,,0.0,left_M1,
pr_Agency_EBCI,test,05_15 Arina,01_calib_MI,test/05_15 Arina/01_calib_MI,C:\Users\hodor\Documents\lab-Shishkin\projects\BCI_classifier\data\pr_Agency_EBCI\trans\test\05_15 Arina\EPOCHS_01_calib_MI.hdf,"MATRIX_[8, 15]_robust_concat_01_calib_MI.hdf","C:\Users\hodor\Documents\lab-Shishkin\projects\BCI_classifier\data\pr_Agency_EBCI\features\csp\test\05_15 Arina\MATRIX_[8, 15]_robust_concat_01_calib_MI.hdf","[8, 15]",1,2,1,first5,0.23196729385207882,0.268,1.197,0.05168829607199399,1.5914098533891776,0.5407962467739273,0.32138429231015125,0.625,0.625,0.878793901007632,0.5222494750039958,1.4010433760116277,0.261986754723143,0.15507144934599096,,0.0,0.37547962477111624,1.6770489210859183,2.229634233610543,0.0,0.0,,,,,,,,,dipole fitting disabled,,False,,False,,False,,False,,False,,False,,False,,0,,,0.0,left_M1,
pr_Agency_EBCI,test,05_15 Arina,01_calib_MI,test/05_15 Arina/01_calib_MI,C:\Users\hodor\Documents\lab-Shishkin\projects\BCI_classifier\data\pr_Agency_EBCI\trans\test\05_15 Arina\EPOCHS_01_calib_MI.hdf,"MATRIX_[8, 15]_robust_concat_01_calib_MI.hdf","C:\Users\hodor\Documents\lab-Shishkin\projects\BCI_classifier\data\pr_Agency_EBCI\features\csp\test\05_15 Arina\MATRIX_[8, 15]_robust_concat_01_calib_MI.hdf","[8, 15]",2,3,2,first5,0.2836555899240728,0.216,0.926,0.10170789334005703,1.5198756198458092,0.1569096252001172,0.2419157760971397,0.4821428571428571,0.4821428571428571,0.23256248020731657,0.3585537395725464,0.591116219779863,0.16521386723879689,0.26471284659832567,,0.0,0.1276811034724504,0.5473736195161532,0.8984231309388307,0.0,0.0,,,,,,,,,dipole fitting disabled,,False,,False,,False,,False,,False,,False,,False,,0,,,0.0,left_M1,
pr_Agency_EBCI,test,05_15 Arina,01_calib_MI,test/05_15 Arina/01_calib_MI,C:\Users\hodor\Documents\lab-Shishkin\projects\BCI_classifier\data\pr_Agency_EBCI\trans\test\05_15 Arina\EPOCHS_01_calib_MI.hdf,"MATRIX_[8, 15]_robust_concat_01_calib_MI.hdf","C:\Users\hodor\Documents\lab-Shishkin\projects\BCI_classifier\data\pr_Agency_EBCI\features\csp\test\05_15 Arina\MATRIX_[8, 15]_robust_concat_01_calib_MI.hdf","[8, 15]",3,4,3,first5,0.38536348326412984,0.115,0.467,0.021323506178352714,1.2398088128420424,0.11919953407519739,0.5919143555382325,0.5892857142857143,0.5892857142857143,0.18944211665522442,0.9407210293375481,1.1301631459927726,0.06282052896616235,0.3523452211504596,,0.0,0.12996876178916886,0.5277861891786249,1.4011862283511272,0.0,0.0,,,,,,,,,dipole fitting disabled,,False,,False,,False,,False,,False,,False,,False,,0,,,0.0,left_M1,
pr_Agency_EBCI,test,05_15 Arina,01_calib_MI,test/05_15 Arina/01_calib_MI,C:\Users\hodor\Documents\lab-Shishkin\projects\BCI_classifier\data\pr_Agency_EBCI\trans\test\05_15 Arina\EPOCHS_01_calib_MI.hdf,"MATRIX_[8, 15]_robust_concat_01_calib_MI.hdf","C:\Users\hodor\Documents\lab-Shishkin\projects\BCI_classifier\data\pr_Agency_EBCI\features\csp\test\05_15 Arina\MATRIX_[8, 15]_robust_concat_01_calib_MI.hdf","[8, 15]",4,5,4,first5,0.40668698944248255,0.093,0.378,0.008653569690921181,1.1892191279250226,0.17067474664510335,0.13054563236773223,0.4464285714285714,0.4464285714285714,0.24686882996881018,0.1888249325318984,0.43569376250070857,0.16330295512979598,0.1307491779134144,,0.0,0.040519519912565895,0.16469224222526785,0.5181353562834645,0.0,0.0,,,,,,,,,dipole fitting disabled,,False,,False,,False,,False,,False,,False,,False,,0,,,0.0,left_M1,
pr_Agency_EBCI,test,05_15 Arina,01_calib_MI,test/05_15 Arina/01_calib_MI,C:\Users\hodor\Documents\lab-Shishkin\projects\BCI_classifier\data\pr_Agency_EBCI\trans\test\05_15 Arina\EPOCHS_01_calib_MI.hdf,"MATRIX_[8, 15]_robust_concat_01_calib_MI.hdf","C:\Users\hodor\Documents\lab-Shishkin\projects\BCI_classifier\data\pr_Agency_EBCI\features\csp\test\05_15 Arina\MATRIX_[8, 15]_robust_concat_01_calib_MI.hdf","[8, 15]",51,52,-5,last5,0.7925526523192675,0.293,1.34,0.009847515700432963,1.5975412884009073,0.1757941342623977,0.16938818755829138,0.4464285714285714,0.4464285714285714,0.2542736584866824,0.2450079141468143,0.4992815726334967,0.170199035475745,0.1585544493606109,,0.0,0.14628950078161454,0.6690373073288857,0.7976229268197474,0.0,0.0,,,,,,,,,dipole fitting disabled,,False,,False,,False,,False,,False,,False,,False,,0,,,0.0,left_M1,
pr_Agency_EBCI,test,05_15 Arina,01_calib_MI,test/05_15 Arina/01_calib_MI,C:\Users\hodor\Documents\lab-Shishkin\projects\BCI_classifier\data\pr_Agency_EBCI\trans\test\05_15 Arina\EPOCHS_01_calib_MI.hdf,"MATRIX_[8, 15]_robust_concat_01_calib_MI.hdf","C:\Users\hodor\Documents\lab-Shishkin\projects\BCI_classifier\data\pr_Agency_EBCI\features\csp\test\05_15 Arina\MATRIX_[8, 15]_robust_concat_01_calib_MI.hdf","[8, 15]",52,53,-4,last5,0.7956220775409092,0.296,1.359,0.003069425221641664,1.5956341994624237,0.08919353736167718,0.08046060488462779,0.4821428571428571,0.4821428571428571,0.13219756430391438,0.11925411081114477,0.25145167511505917,0.11774191668954688,0.11709850813919129,,0.0,0.07442969583405751,0.3417228264813654,0.4012248923257029,0.0,0.0,,,,,,,,,dipole fitting disabled,,False,,False,,False,,False,,False,,False,,False,,0,,,0.0,left_M1,
pr_Agency_EBCI,test,05_15 Arina,01_calib_MI,test/05_15 Arina/01_calib_MI,C:\Users\hodor\Documents\lab-Shishkin\projects\BCI_classifier\data\pr_Agency_EBCI\trans\test\05_15 Arina\EPOCHS_01_calib_MI.hdf,"MATRIX_[8, 15]_robust_concat_01_calib_MI.hdf","C:\Users\hodor\Documents\lab-Shishkin\projects\BCI_classifier\data\pr_Agency_EBCI\features\csp\test\05_15 Arina\MATRIX_[8, 15]_robust_concat_01_calib_MI.hdf","[8, 15]",53,54,-3,last5,0.8110442068829783,0.311,1.457,0.015422129342069102,1.641185128901534,0.25588933975201855,0.2192048762676137,0.5178571428571428,0.5178571428571428,0.38840346212359955,0.33272168719191364,0.7211251493155132,0.1919176800303015,0.16196872732214346,,0.0,0.2242699214371246,1.0506793425527028,1.1834998711335185,0.0,0.0,,,,,,,,,dipole fitting disabled,,False,,False,,False,,False,,False,,False,,False,,0,,,0.0,left_M1,
pr_Agency_EBCI,test,05_15 Arina,01_calib_MI,test/05_15 Arina/01_calib_MI,C:\Users\hodor\Documents\lab-Shishkin\projects\BCI_classifier\data\pr_Agency_EBCI\trans\test\05_15 Arina\EPOCHS_01_calib_MI.hdf,"MATRIX_[8, 15]_robust_concat_01_calib_MI.hdf","C:\Users\hodor\Documents\lab-Shishkin\projects\BCI_classifier\data\pr_Agency_EBCI\features\csp\test\05_15 Arina\MATRIX_[8, 15]_robust_concat_01_calib_MI.hdf","[8, 15]",54,55,-2,last5,0.8236551164157604,0.324,1.541,0.0126109095327821,1.6643437387544857,0.3715474757948263,0.279882174438509,0.4642857142857143,0.4642857142857143,0.5440516609852813,0.40982746971353107,0.9538791306988124,0.24511218222032347,0.17897716642213343,,0.0,0.30905683834641523,1.4699277404068698,1.58758275870714,0.0,0.0,,,,,,,,,dipole fitting disabled,,False,,False,,False,,False,,False,,False,,False,,0,,,0.0,left_M1,
pr_Agency_EBCI,test,05_15 Arina,01_calib_MI,test/05_15 Arina/01_calib_MI,C:\Users\hodor\Documents\lab-Shishkin\projects\BCI_classifier\data\pr_Agency_EBCI\trans\test\05_15 Arina\EPOCHS_01_calib_MI.hdf,"MATRIX_[8, 15]_robust_concat_01_calib_MI.hdf","C:\Users\hodor\Documents\lab-Shishkin\projects\BCI_classifier\data\pr_Agency_EBCI\features\csp\test\05_15 Arina\MATRIX_[8, 15]_robust_concat_01_calib_MI.hdf","[8, 15]",55,56,-1,last5,0.8249705423269255,0.325,1.55,0.001315425911165069,1.6517100536845146,0.22585232181136278,0.373085093526483,0.5892857142857143,0.5892857142857143,0.3589438685930587,0.5929388093545891,0.9518826779476478,0.12858078985015184,0.22968419347497565,,0.0,0.30936187033298557,1.4754181508188542,1.5722341890942688,0.0,0.0,,,,,,,,,dipole fitting disabled,,False,,False,,False,,False,,False,,False,,False,,0,,,0.0,left_M1,
pr_Agency_EBCI,test,05_15 Arina,02_calib_MI,test/05_15 Arina/02_calib_MI,C:\Users\hodor\Documents\lab-Shishkin\projects\BCI_classifier\data\pr_Agency_EBCI\trans\test\05_15 Arina\EPOCHS_02_calib_MI.hdf,"MATRIX_[8, 12]_robust_concat_02_calib_MI.hdf","C:\Users\hodor\Documents\lab-Shishkin\projects\BCI_classifier\data\pr_Agency_EBCI\features\csp\test\05_15 Arina\MATRIX_[8, 12]_robust_concat_02_calib_MI.hdf","[8, 12]",0,1,0,first5,0.11464841745795484,0.385,2.044,0.1098051650533805,1.9390999541822058,1.1910758917274695,0.3576326987505296,0.5357142857142857,0.5357142857142857,1.8291522622957566,0.5492216445097419,2.3783739068054985,0.38200058409091925,0.108739671926747,,0.0,0.915673954120117,4.8613962655104395,4.611904733714696,0.0,0.0,,,,,,,,,dipole fitting disabled,,False,,False,,False,,False,,False,,False,,False,,0,,,0.0,left_M1,
pr_Agency_EBCI,test,05_15 Arina,02_calib_MI,test/05_15 Arina/02_calib_MI,C:\Users\hodor\Documents\lab-Shishkin\projects\BCI_classifier\data\pr_Agency_EBCI\trans\test\05_15 Arina\EPOCHS_02_calib_MI.hdf,"MATRIX_[8, 12]_robust_concat_02_calib_MI.hdf","C:\Users\hodor\Documents\lab-Shishkin\projects\BCI_classifier\data\pr_Agency_EBCI\features\csp\test\05_15 Arina\MATRIX_[8, 12]_robust_concat_02_calib_MI.hdf","[8, 12]",1,2,1,first5,0.22445358251133535,0.276,1.24,0.003990377189580091,1.5564053764172965,0.785429119149812,0.323711593100359,0.5892857142857143,0.5892857142857143,1.2482712786488084,0.5144702104630706,1.7627414891118791,0.3102165980079863,0.11809363177580601,,0.0,0.4865166509948787,2.1857994464987303,2.74354033088756,0.0,0.0,,,,,,,,,dipole fitting disabled,,False,,False,,False,,False,,False,,False,,False,,0,,,0.0,left_M1,
pr_Agency_EBCI,test,05_15 Arina,02_calib_MI,test/05_15 Arina/02_calib_MI,C:\Users\hodor\Documents\lab-Shishkin\projects\BCI_classifier\data\pr_Agency_EBCI\trans\test\05_15 Arina\EPOCHS_02_calib_MI.hdf,"MATRIX_[8, 12]_robust_concat_02_calib_MI.hdf","C:\Users\hodor\Documents\lab-Shishkin\projects\BCI_classifier\data\pr_Agency_EBCI\features\csp\test\05_15 Arina\MATRIX_[8, 12]_robust_concat_02_calib_MI.hdf","[8, 12]",2,3,2,first5,0.22844395970091544,0.272,1.217,0.04401001500522242,1.5918828963256821,0.18320931787090342,0.21067613850407818,0.4642857142857143,0.4642857142857143,0.2682707868823943,0.3084900599524002,0.5767608468347944,0.17528924304383411,0.20934810334542225,,0.0,0.1568789503390641,0.7019179505979449,0.9181357273466257,0.0,0.0,,,,,,,,,dipole fitting disabled,,False,,False,,False,,False,,False,,False,,False,,0,,,0.0,left_M1,
pr_Agency_EBCI,test,05_15 Arina,02_calib_MI,test/05_15 Arina/02_calib_MI,C:\Users\hodor\Documents\lab-Shishkin\projects\BCI_classifier\data\pr_Agency_EBCI\trans\test\05_15 Arina\EPOCHS_02_calib_MI.hdf,"MATRIX_[8, 12]_robust_concat_02_calib_MI.hdf","C:\Users\hodor\Documents\lab-Shishkin\projects\BCI_classifier\data\pr_Agency_EBCI\features\csp\test\05_15 Arina\MATRIX_[8, 12]_robust_concat_02_calib_MI.hdf","[8, 12]",3,4,3,first5,0.27245397470613786,0.228,0.982,0.07365456930568792,1.5231729672067873,0.5150264116024215,0.5194447296737379,0.5714285714285714,0.5714285714285714,0.8093272182323765,0.8162702894873024,1.625597507719679,0.20375550641964368,0.21330141605055788,,0.0,0.3706362317600868,1.5963367525807246,2.4760661793173417,0.0,0.0,,,,,,,,,dipole fitting disabled,,False,,False,,False,,False,,False,,False,,False,,0,,,0.0,left_M1,
pr_Agency_EBCI,test,05_15 Arina,02_calib_MI,test/05_15 Arina/02_calib_MI,C:\Users\hodor\Documents\lab-Shishkin\projects\BCI_classifier\data\pr_Agency_EBCI\trans\test\05_15 Arina\EPOCHS_02_calib_MI.hdf,"MATRIX_[8, 12]_robust_concat_02_calib_MI.hdf","C:\Users\hodor\Documents\lab-Shishkin\projects\BCI_classifier\data\pr_Agency_EBCI\features\csp\test\05_15 Arina\MATRIX_[8, 12]_robust_concat_02_calib_MI.hdf","[8, 12]",4,5,4,first5,0.3461085440118258,0.154,0.636,0.035254746899832545,1.3297169240902968,0.36825600381956025,0.13433828431782358,0.5892857142857143,0.5892857142857143,0.5852640060703725,0.21350191614796962,0.7987659222183422,0.2509924606184001,0.09799189225692798,,0.0,0.1230099520216247,0.5080151265308657,1.0621325651603233,0.0,0.0,,,,,,,,,dipole fitting disabled,,False,,False,,False,,False,,False,,False,,False,,0,,,0.0,left_M1,
pr_Agency_EBCI,test,05_15 Arina,02_calib_MI,test/05_15 Arina/02_calib_MI,C:\Users\hodor\Documents\lab-Shishkin\projects\BCI_classifier\data\pr_Agency_EBCI\trans\test\05_15 Arina\EPOCHS_02_calib_MI.hdf,"MATRIX_[8, 12]_robust_concat_02_calib_MI.hdf","C:\Users\hodor\Documents\lab-Shishkin\projects\BCI_classifier\data\pr_Agency_EBCI\features\csp\test\05_15 Arina\MATRIX_[8, 12]_robust_concat_02_calib_MI.hdf","[8, 12]",51,52,-5,last5,0.8578358129869287,0.358,1.797,0.001242937951408507,1.717779887146417,0.08618462553659986,0.2218161340016168,0.4821428571428571,0.4821428571428571,0.12773792713460339,0.3287631986095392,0.4565011257441426,0.08577974197925892,0.25519174160301417,,0.0,0.16342740301640304,0.8203325229622243,0.7841684522629856,0.0,0.0,,,,,,,,,dipole fitting disabled,,False,,False,,False,,False,,False,,False,,False,,0,,,0.0,left_M1,
pr_Agency_EBCI,test,05_15 Arina,02_calib_MI,test/05_15 Arina/02_calib_MI,C:\Users\hodor\Documents\lab-Shishkin\projects\BCI_classifier\data\pr_Agency_EBCI\trans\test\05_15 Arina\EPOCHS_02_calib_MI.hdf,"MATRIX_[8, 12]_robust_concat_02_calib_MI.hdf","C:\Users\hodor\Documents\lab-Shishkin\projects\BCI_classifier\data\pr_Agency_EBCI\features\csp\test\05_15 Arina\MATRIX_[8, 12]_robust_concat_02_calib_MI.hdf","[8, 12]",52,53,-4,last5,0.8632586578227118,0.363,1.843,0.005422844835783147,1.7338739707015571,0.11785155541112625,0.058395666864450274,0.4642857142857143,0.4642857142857143,0.17256834899486345,0.08550794076580219,0.25807628976066566,0.2708855632840004,0.11789416658400656,,0.0,0.09368169318312163,0.4756346020289068,0.447471761271251,0.0,0.0,,,,,,,,,dipole fitting disabled,,False,,False,,False,,False,,False,,False,,False,,0,,,0.0,left_M1,
pr_Agency_EBCI,test,05_15 Arina,02_calib_MI,test/05_15 Arina/02_calib_MI,C:\Users\hodor\Documents\lab-Shishkin\projects\BCI_classifier\data\pr_Agency_EBCI\trans\test\05_15 Arina\EPOCHS_02_calib_MI.hdf,"MATRIX_[8, 12]_robust_concat_02_calib_MI.hdf","C:\Users\hodor\Documents\lab-Shishkin\projects\BCI_classifier\data\pr_Agency_EBCI\features\csp\test\05_15 Arina\MATRIX_[8, 12]_robust_concat_02_calib_MI.hdf","[8, 12]",53,54,-3,last5,0.8742005934127333,0.374,1.939,0.010941935590021434,1.764369135642672,0.11940164950692775,0.11530588032140751,0.5535714285714286,0.5535714285714286,0.18549899119826277,0.17913592121361524,0.364634912411878,0.20042731037258568,0.1680575382713368,,0.0,0.13637345724204236,0.7070270951666315,0.6433505852372866,0.0,0.0,,,,,,,,,dipole fitting disabled,,False,,False,,False,,False,,False,,False,,False,,0,,,0.0,left_M1,
pr_Agency_EBCI,test,05_15 Arina,02_calib_MI,test/05_15 Arina/02_calib_MI,C:\Users\hodor\Documents\lab-Shishkin\projects\BCI_classifier\data\pr_Agency_EBCI\trans\test\05_15 Arina\EPOCHS_02_calib_MI.hdf,"MATRIX_[8, 12]_robust_concat_02_calib_MI.hdf","C:\Users\hodor\Documents\lab-Shishkin\projects\BCI_classifier\data\pr_Agency_EBCI\features\csp\test\05_15 Arina\MATRIX_[8, 12]_robust_concat_02_calib_MI.hdf","[8, 12]",54,55,-2,last5,0.8881977698767511,0.388,2.072,0.01399717646401788,1.7977236178721556,0.21429304879676447,0.15662705325002468,0.4464285714285714,0.4464285714285714,0.30995958843817717,0.22654984487949997,0.5365094333176772,0.19100771299519467,0.11841474453144558,,0.0,0.20816566012725876,1.1116475458342272,0.9644956794863947,0.0,0.0,,,,,,,,,dipole fitting disabled,,False,,False,,False,,False,,False,,False,,False,,0,,,0.0,left_M1,
pr_Agency_EBCI,test,05_15 Arina,02_calib_MI,test/05_15 Arina/02_calib_MI,C:\Users\hodor\Documents\lab-Shishkin\projects\BCI_classifier\data\pr_Agency_EBCI\trans\test\05_15 Arina\EPOCHS_02_calib_MI.hdf,"MATRIX_[8, 12]_robust_concat_02_calib_MI.hdf","C:\Users\hodor\Documents\lab-Shishkin\projects\BCI_classifier\data\pr_Agency_EBCI\features\csp\test\05_15 Arina\MATRIX_[8, 12]_robust_concat_02_calib_MI.hdf","[8, 12]",55,56,-1,last5,0.8934212730681721,0.393,2.126,0.005223503191420953,1.7942113470169136,0.2806680072751435,0.26976229994601075,0.5714285714285714,0.5714285714285714,0.44104972571808265,0.42391218562944544,0.8649619113475281,0.16002181180118247,0.15388618223820097,,0.0,0.33993003115957854,1.8389090235248446,1.5519244760771727,0.0,0.0,,,,,,,,,dipole fitting disabled,,False,,False,,False,,False,,False,,False,,False,,0,,,0.0,left_M1,
pr_Agency_EBCI,test,05_15 Arina,02_calib_MI,test/05_15 Arina/02_calib_MI,C:\Users\hodor\Documents\lab-Shishkin\projects\BCI_classifier\data\pr_Agency_EBCI\trans\test\05_15 Arina\EPOCHS_02_calib_MI.hdf,"MATRIX_[9, 13]_robust_concat_02_calib_MI.hdf","C:\Users\hodor\Documents\lab-Shishkin\projects\BCI_classifier\data\pr_Agency_EBCI\features\csp\test\05_15 Arina\MATRIX_[9, 13]_robust_concat_02_calib_MI.hdf","[9, 13]",0,1,0,first5,0.11807216184580732,0.382,2.011,0.0977919556284087,1.9134261082002086,1.2999503317228778,0.4008005581542232,0.5535714285714286,0.5535714285714286,2.0195656939266136,0.6226722957038825,2.642237989630496,0.37458205534018085,0.10986300275291232,,0.0,1.0093349120388495,5.313540597146928,5.055727153437423,0.0,0.0,,,,,,,,,dipole fitting disabled,,False,,False,,False,,False,,False,,False,,False,,0,,,0.0,left_M1,
pr_Agency_EBCI,test,05_15 Arina,02_calib_MI,test/05_15 Arina/02_calib_MI,C:\Users\hodor\Documents\lab-Shishkin\projects\BCI_classifier\data\pr_Agency_EBCI\trans\test\05_15 Arina\EPOCHS_02_calib_MI.hdf,"MATRIX_[9, 13]_robust_concat_02_calib_MI.hdf","C:\Users\hodor\Documents\lab-Shishkin\projects\BCI_classifier\data\pr_Agency_EBCI\features\csp\test\05_15 Arina\MATRIX_[9, 13]_robust_concat_02_calib_MI.hdf","[9, 13]",1,2,1,first5,0.21586411747421602,0.284,1.29,0.054348731867849776,1.6297401594018772,0.7986771235099772,0.30594597876557744,0.5714285714285714,0.5714285714285714,1.2550640512299642,0.4807722523459074,1.7358363035758717,0.3025281920499937,0.09952298892632865,,0.0,0.49297751021554753,2.239228831612875,2.8289621340853066,0.0,0.0,,,,,,,,,dipole fitting disabled,,False,,False,,False,,False,,False,,False,,False,,0,,,0.0,left_M1,
pr_Agency_EBCI,test,05_15 Arina,02_calib_MI,test/05_15 Arina/02_calib_MI,C:\Users\hodor\Documents\lab-Shishkin\projects\BCI_classifier\data\pr_Agency_EBCI\trans\test\05_15 Arina\EPOCHS_02_calib_MI.hdf,"MATRIX_[9, 13]_robust_concat_02_calib_MI.hdf","C:\Users\hodor\Documents\lab-Shishkin\projects\BCI_classifier\data\pr_Agency_EBCI\features\csp\test\05_15 Arina\MATRIX_[9, 13]_robust_concat_02_calib_MI.hdf","[9, 13]",2,3,2,first5,0.2702128493420658,0.23,0.994,0.019811232739018414,1.478226334119897,0.3297548274833745,0.6962920857313382,0.5714285714285714,0.5714285714285714,0.5181861574738742,1.094173277577817,1.6123594350516912,0.12499009942201277,0.2786904707972029,,0.0,0.370842670061889,1.602685278441381,2.3834321769600897,0.0,0.0,,,,,,,,,dipole fitting disabled,,False,,False,,False,,False,,False,,False,,False,,0,,,0.0,left_M1,
pr_Agency_EBCI,test,05_15 Arina,02_calib_MI,test/05_15 Arina/02_calib_MI,C:\Users\hodor\Documents\lab-Shishkin\projects\BCI_classifier\data\pr_Agency_EBCI\trans\test\05_15 Arina\EPOCHS_02_calib_MI.hdf,"MATRIX_[9, 13]_robust_concat_02_calib_MI.hdf","C:\Users\hodor\Documents\lab-Shishkin\projects\BCI_classifier\data\pr_Agency_EBCI\features\csp\test\05_15 Arina\MATRIX_[9, 13]_robust_concat_02_calib_MI.hdf","[9, 13]",3,4,3,first5,0.2900240820810842,0.21,0.895,0.0634112010507406,1.473265408882622,0.2059863639069871,0.28426372841568026,0.5535714285714286,0.5535714285714286,0.32001452964121213,0.441624006645789,0.7616385362870011,0.16274181982274072,0.2408192734772143,,0.0,0.1599440926202702,0.681666489976866,1.1220957095836304,0.0,0.0,,,,,,,,,dipole fitting disabled,,False,,False,,False,,False,,False,,False,,False,,0,,,0.0,left_M1,
pr_Agency_EBCI,test,05_15 Arina,02_calib_MI,test/05_15 Arina/02_calib_MI,C:\Users\hodor\Documents\lab-Shishkin\projects\BCI_classifier\data\pr_Agency_EBCI\trans\test\05_15 Arina\EPOCHS_02_calib_MI.hdf,"MATRIX_[9, 13]_robust_concat_02_calib_MI.hdf","C:\Users\hodor\Documents\lab-Shishkin\projects\BCI_classifier\data\pr_Agency_EBCI\features\csp\test\05_15 Arina\MATRIX_[9, 13]_robust_concat_02_calib_MI.hdf","[9, 13]",4,5,4,first5,0.3534352831318248,0.147,0.604,0.07560546665447976,1.3384560143928341,0.23213604412277616,0.32290245997905437,0.5714285714285714,0.5714285714285714,0.36478521219293397,0.5074181513956568,0.8722033635885909,0.15591743277685988,0.22344354881707176,,0.0,0.12821389444752285,0.5268108316075089,1.1674058377688092,0.0,0.0,,,,,,,,,dipole fitting disabled,,False,,False,,False,,False,,False,,False,,False,,0,,,0.0,left_M1,
pr_Agency_EBCI,test,05_15 Arina,02_calib_MI,test/05_15 Arina/02_calib_MI,C:\Users\hodor\Documents\lab-Shishkin\projects\BCI_classifier\data\pr_Agency_EBCI\trans\test\05_15 Arina\EPOCHS_02_calib_MI.hdf,"MATRIX_[9, 13]_robust_concat_02_calib_MI.hdf","C:\Users\hodor\Documents\lab-Shishkin\projects\BCI_classifier\data\pr_Agency_EBCI\features\csp\test\05_15 Arina\MATRIX_[9, 13]_robust_concat_02_calib_MI.hdf","[9, 13]",51,52,-5,last5,0.8904178281758305,0.39,2.095,0.002788795354370599,1.784350520752818,0.173026401731664,0.42078354377202754,0.5,0.5,0.259539602597496,0.6311753156580413,0.8907149182555373,0.1029588293992234,0.27351055591623574,,0.0,0.34737881811965954,1.8660477537453508,1.5893476282315717,0.0,0.0,,,,,,,,,dipole fitting disabled,,False,,False,,False,,False,,False,,False,,False,,0,,,0.0,left_M1,
pr_Agency_EBCI,test,05_15 Arina,02_calib_MI,test/05_15 Arina/02_calib_MI,C:\Users\hodor\Documents\lab-Shishkin\projects\BCI_classifier\data\pr_Agency_EBCI\trans\test\05_15 Arina\EPOCHS_02_calib_MI.hdf,"MATRIX_[9, 13]_robust_concat_02_calib_MI.hdf","C:\Users\hodor\Documents\lab-Shishkin\projects\BCI_classifier\data\pr_Agency_EBCI\features\csp\test\05_15 Arina\MATRIX_[9, 13]_robust_concat_02_calib_MI.hdf","[9, 13]",52,53,-4,last5,0.8966370361623113,0.397,2.16,0.00621920798648079,1.8038761022825316,0.06344048712920583,0.1255701837970727,0.4821428571428571,0.4821428571428571,0.09402786485221579,0.18611295098494704,0.2801408158371628,0.11072815814406005,0.24973311642847648,,0.0,0.11121590388735365,0.6051041622082718,0.5053393229625898,0.0,0.0,,,,,,,,,dipole fitting disabled,,False,,False,,False,,False,,False,,False,,False,,0,,,0.0,left_M1,
pr_Agency_EBCI,test,05_15 Arina,02_calib_MI,test/05_15 Arina/02_calib_MI,C:\Users\hodor\Documents\lab-Shishkin\projects\BCI_classifier\data\pr_Agency_EBCI\trans\test\05_15 Arina\EPOCHS_02_calib_MI.hdf,"MATRIX_[9, 13]_robust_concat_02_calib_MI.hdf","C:\Users\hodor\Documents\lab-Shishkin\projects\BCI_classifier\data\pr_Agency_EBCI\features\csp\test\05_15 Arina\MATRIX_[9, 13]_robust_concat_02_calib_MI.hdf","[9, 13]",53,54,-3,last5,0.8983804227798871,0.398,2.179,0.0017433866175757817,1.7987754714951807,0.19396932799295355,0.09356528428740422,0.4464285714285714,0.4464285714285714,0.28056277798980783,0.13533550048713824,0.41589827847694605,0.24811077411486604,0.12396737431807776,,0.0,0.16552751483382452,0.9062423488012654,0.7481076219614026,0.0,0.0,,,,,,,,,dipole fitting disabled,,False,,False,,False,,False,,False,,False,,False,,0,,,0.0,left_M1,
pr_Agency_EBCI,test,05_15 Arina,02_calib_MI,test/05_15 Arina/02_calib_MI,C:\Users\hodor\Documents\lab-Shishkin\projects\BCI_classifier\data\pr_Agency_EBCI\trans\test\05_15 Arina\EPOCHS_02_calib_MI.hdf,"MATRIX_[9, 13]_robust_concat_02_calib_MI.hdf","C:\Users\hodor\Documents\lab-Shishkin\projects\BCI_classifier\data\pr_Agency_EBCI\features\csp\test\05_15 Arina\MATRIX_[9, 13]_robust_concat_02_calib_MI.hdf","[9, 13]",54,55,-2,last5,0.9101058512644596,0.41,2.315,0.011725428484572586,1.8392297027146989,0.1121137546246059,0.14845085648036405,0.5178571428571428,0.5178571428571428,0.1701726632694911,0.22532719287198114,0.3954998561414722,0.13308650658076254,0.14518766962906512,,0.0,0.1621549410180036,0.9155821669675082,0.7274150828347861,0.0,0.0,,,,,,,,,dipole fitting disabled,,False,,False,,False,,False,,False,,False,,False,,0,,,0.0,left_M1,
pr_Agency_EBCI,test,05_15 Arina,02_calib_MI,test/05_15 Arina/02_calib_MI,C:\Users\hodor\Documents\lab-Shishkin\projects\BCI_classifier\data\pr_Agency_EBCI\trans\test\05_15 Arina\EPOCHS_02_calib_MI.hdf,"MATRIX_[9, 13]_robust_concat_02_calib_MI.hdf","C:\Users\hodor\Documents\lab-Shishkin\projects\BCI_classifier\data\pr_Agency_EBCI\features\csp\test\05_15 Arina\MATRIX_[9, 13]_robust_concat_02_calib_MI.hdf","[9, 13]",55,56,-1,last5,0.9145235985731801,0.415,2.37,0.0044177473087204655,1.8373334605324758,0.22887119131449538,0.1591285207403213,0.5535714285714286,0.5535714285714286,0.3555677436493053,0.24721752329299918,0.6027852669423045,0.17777379708500904,0.11557737332505917,,0.0,0.25015588578105635,1.4286010826532618,1.1075175404690965,0.0,0.0,,,,,,,,,dipole fitting disabled,,False,,False,,False,,False,,False,,False,,False,,0,,,0.0,left_M1,
pr_Agency_EBCI,test,05_15 Arina,02_calib_MI,test/05_15 Arina/02_calib_MI,C:\Users\hodor\Documents\lab-Shishkin\projects\BCI_classifier\data\pr_Agency_EBCI\trans\test\05_15 Arina\EPOCHS_02_calib_MI.hdf,"MATRIX_[10, 14]_robust_concat_02_calib_MI.hdf","C:\Users\hodor\Documents\lab-Shishkin\projects\BCI_classifier\data\pr_Agency_EBCI\features\csp\test\05_15 Arina\MATRIX_[10, 14]_robust_concat_02_calib_MI.hdf","[10, 14]",0,1,0,first5,0.14326209298014225,0.357,1.788,0.05222045555092675,1.7885708105267233,1.420869812439509,0.44307330924107075,0.5535714285714286,0.5535714285714286,2.2074227443256658,0.6883460339995207,2.8957687783251864,0.3716418488616209,0.11180886305772723,,0.0,1.0337894538620915,5.177634575645434,5.1792875109470575,0.0,0.0,,,,,,,,,dipole fitting disabled,,False,,False,,False,,False,,False,,False,,False,,0,,,0.0,left_M1,
pr_Agency_EBCI,test,05_15 Arina,02_calib_MI,test/05_15 Arina/02_calib_MI,C:\Users\hodor\Documents\lab-Shishkin\projects\BCI_classifier\data\pr_Agency_EBCI\trans\test\05_15 Arina\EPOCHS_02_calib_MI.hdf,"MATRIX_[10, 14]_robust_concat_02_calib_MI.hdf","C:\Users\hodor\Documents\lab-Shishkin\projects\BCI_classifier\data\pr_Agency_EBCI\features\csp\test\05_15 Arina\MATRIX_[10, 14]_robust_concat_02_calib_MI.hdf","[10, 14]",1,2,1,first5,0.195482548531069,0.305,1.415,0.08728970713868522,1.7164934427091958,0.7039514515038332,0.413326981474953,0.5714285714285714,0.5714285714285714,1.106209423791738,0.649513828032069,1.7557232518238068,0.24960596344169314,0.14541269531068626,,0.0,0.535495591806261,2.4843484013306867,3.0136874489676306,0.0,0.0,,,,,,,,,dipole fitting disabled,,False,,False,,False,,False,,False,,False,,False,,0,,,0.0,left_M1,
pr_Agency_EBCI,test,05_15 Arina,02_calib_MI,test/05_15 Arina/02_calib_MI,C:\Users\hodor\Documents\lab-Shishkin\projects\BCI_classifier\data\pr_Agency_EBCI\trans\test\05_15 Arina\EPOCHS_02_calib_MI.hdf,"MATRIX_[10, 14]_robust_concat_02_calib_MI.hdf","C:\Users\hodor\Documents\lab-Shishkin\projects\BCI_classifier\data\pr_Agency_EBCI\features\csp\test\05_15 Arina\MATRIX_[10, 14]_robust_concat_02_calib_MI.hdf","[10, 14]",2,3,2,first5,0.2827722556697542,0.217,0.931,0.03909736191046109,1.4679365101382802,0.22361543120658028,0.6907349252803665,0.5535714285714286,0.5535714285714286,0.34740254491022293,1.073106044631998,1.420508589542221,0.09217259044415105,0.31295778339319386,,0.0,0.30825036393066196,1.3224934968638078,2.0852164215540583,0.0,0.0,,,,,,,,,dipole fitting disabled,,False,,False,,False,,False,,False,,False,,False,,0,,,0.0,left_M1,
pr_Agency_EBCI,test,05_15 Arina,02_calib_MI,test/05_15 Arina/02_calib_MI,C:\Users\hodor\Documents\lab-Shishkin\projects\BCI_classifier\data\pr_Agency_EBCI\trans\test\05_15 Arina\EPOCHS_02_calib_MI.hdf,"MATRIX_[10, 14]_robust_concat_02_calib_MI.hdf","C:\Users\hodor\Documents\lab-Shishkin\projects\BCI_classifier\data\pr_Agency_EBCI\features\csp\test\05_15 Arina\MATRIX_[10, 14]_robust_concat_02_calib_MI.hdf","[10, 14]",3,4,3,first5,0.3218696175802153,0.178,0.745,0.053877603059032275,1.394360853378031,0.14931430307335444,0.10088019169356388,0.5,0.5,0.22397145461003165,0.15132028754034582,0.37529174215037747,0.25993450617041947,0.1710779937352926,,0.0,0.06680193010276719,0.2795923479020312,0.5232921138505283,0.0,0.0,,,,,,,,,dipole fitting disabled,,False,,False,,False,,False,,False,,False,,False,,0,,,0.0,left_M1,
pr_Agency_EBCI,test,05_15 Arina,02_calib_MI,test/05_15 Arina/02_calib_MI,C:\Users\hodor\Documents\lab-Shishkin\projects\BCI_classifier\data\pr_Agency_EBCI\trans\test\05_15 Arina\EPOCHS_02_calib_MI.hdf,"MATRIX_[10, 14]_robust_concat_02_calib_MI.hdf","C:\Users\hodor\Documents\lab-Shishkin\projects\BCI_classifier\data\pr_Agency_EBCI\features\csp\test\05_15 Arina\MATRIX_[10, 14]_robust_concat_02_calib_MI.hdf","[10, 14]",4,5,4,first5,0.3757472206392476,0.124,0.508,0.0230201661683741,1.2594180024195136,0.11712805938595662,0.4830876962311272,0.5892857142857143,0.5892857142857143,0.18614995152410965,0.7677643743673271,0.9539143258914368,0.07421519318963546,0.31644857458888054,,0.0,0.11828537641053816,0.4845884775528499,1.2013768747935503,0.0,0.0,,,,,,,,,dipole fitting disabled,,False,,False,,False,,False,,False,,False,,False,,0,,,0.0,left_M1,
pr_Agency_EBCI,test,05_15 Arina,02_calib_MI,test/05_15 Arina/02_calib_MI,C:\Users\hodor\Documents\lab-Shishkin\projects\BCI_classifier\data\pr_Agency_EBCI\trans\test\05_15 Arina\EPOCHS_02_calib_MI.hdf,"MATRIX_[10, 14]_robust_concat_02_calib_MI.hdf","C:\Users\hodor\Documents\lab-Shishkin\projects\BCI_classifier\data\pr_Agency_EBCI\features\csp\test\05_15 Arina\MATRIX_[10, 14]_robust_concat_02_calib_MI.hdf","[10, 14]",51,52,-5,last5,0.8887275366236427,0.389,2.078,0.005751848225653111,1.7869498758391162,0.08185339804472151,0.04900939397844545,0.5,0.5,0.12278009706708226,0.07351409096766817,0.19629418803475043,0.2067328223881766,0.14076936598859774,,0.0,0.07635843914551792,0.4078993227362114,0.3507678749366374,0.0,0.0,,,,,,,,,dipole fitting disabled,,False,,False,,False,,False,,False,,False,,False,,0,,,0.0,left_M1,
pr_Agency_EBCI,test,05_15 Arina,02_calib_MI,test/05_15 Arina/02_calib_MI,C:\Users\hodor\Documents\lab-Shishkin\projects\BCI_classifier\data\pr_Agency_EBCI\trans\test\05_15 Arina\EPOCHS_02_calib_MI.hdf,"MATRIX_[10, 14]_robust_concat_02_calib_MI.hdf","C:\Users\hodor\Documents\lab-Shishkin\projects\BCI_classifier\data\pr_Agency_EBCI\features\csp\test\05_15 Arina\MATRIX_[10, 14]_robust_concat_02_calib_MI.hdf","[10, 14]",52,53,-4,last5,0.8948494987904099,0.395,2.141,0.006121962166767192,1.7996727002234922,0.22064223973310146,0.15267092568860466,0.5178571428571428,0.5178571428571428,0.33490339959488613,0.23173265506306062,0.5666360546579468,0.18744285945225625,0.1339899089311712,,0.0,0.22382124158988898,1.213167793022664,1.0197594385302533,0.0,0.0,,,,,,,,,dipole fitting disabled,,False,,False,,False,,False,,False,,False,,False,,0,,,0.0,left_M1,
pr_Agency_EBCI,test,05_15 Arina,02_calib_MI,test/05_15 Arina/02_calib_MI,C:\Users\hodor\Documents\lab-Shishkin\projects\BCI_classifier\data\pr_Agency_EBCI\trans\test\05_15 Arina\EPOCHS_02_calib_MI.hdf,"MATRIX_[10, 14]_robust_concat_02_calib_MI.hdf","C:\Users\hodor\Documents\lab-Shishkin\projects\BCI_classifier\data\pr_Agency_EBCI\features\csp\test\05_15 Arina\MATRIX_[10, 14]_robust_concat_02_calib_MI.hdf","[10, 14]",53,54,-3,last5,0.9051314819070284,0.405,2.256,0.010281983116618543,1.8266568126489222,0.16310437714488465,0.30260815798970175,0.5357142857142857,0.5357142857142857,0.25048172204393,0.4647196711984705,0.7152013932424005,0.12683858352282487,0.2559572166866481,,0.0,0.2896565642631722,1.6134943431548554,1.3064274973822316,0.0,0.0,,,,,,,,,dipole fitting disabled,,False,,False,,False,,False,,False,,False,,False,,0,,,0.0,left_M1,
pr_Agency_EBCI,test,05_15 Arina,02_calib_MI,test/05_15 Arina/02_calib_MI,C:\Users\hodor\Documents\lab-Shishkin\projects\BCI_classifier\data\pr_Agency_EBCI\trans\test\05_15 Arina\EPOCHS_02_calib_MI.hdf,"MATRIX_[10, 14]_robust_concat_02_calib_MI.hdf","C:\Users\hodor\Documents\lab-Shishkin\projects\BCI_classifier\data\pr_Agency_EBCI\features\csp\test\05_15 Arina\MATRIX_[10, 14]_robust_concat_02_calib_MI.hdf","[10, 14]",54,55,-2,last5,0.9131964447840212,0.413,2.353,0.008064962876992765,1.839323318672792,0.05554695913376631,0.4500891608001345,0.5892857142857143,0.5892857142857143,0.08827998862330717,0.7153202734144996,0.8036002620378068,0.047389228007263126,0.4652268616633912,,0.0,0.33188690822161415,1.8908714165749594,1.478080700857704,0.0,0.0,,,,,,,,,dipole fitting disabled,,False,,False,,False,,False,,False,,False,,False,,0,,,0.0,left_M1,
pr_Agency_EBCI,test,05_15 Arina,02_calib_MI,test/05_15 Arina/02_calib_MI,C:\Users\hodor\Documents\lab-Shishkin\projects\BCI_classifier\data\pr_Agency_EBCI\trans\test\05_15 Arina\EPOCHS_02_calib_MI.hdf,"MATRIX_[10, 14]_robust_concat_02_calib_MI.hdf","C:\Users\hodor\Documents\lab-Shishkin\projects\BCI_classifier\data\pr_Agency_EBCI\features\csp\test\05_15 Arina\MATRIX_[10, 14]_robust_concat_02_calib_MI.hdf","[10, 14]",55,56,-1,last5,0.9238904306672031,0.424,2.496,0.010693985883181933,1.8661370000578765,0.0596084607710686,0.0808273532299127,0.4464285714285714,0.4464285714285714,0.08621938075815279,0.11691099306469516,0.20313037382284793,0.13997473894427176,0.2234890806962006,,0.0,0.08612727850088753,0.5070134130618285,0.37906910642640446,0.0,0.0,,,,,,,,,dipole fitting disabled,,False,,False,,False,,False,,False,,False,,False,,0,,,0.0,left_M1,
pr_Agency_EBCI,test,05_15 Arina,02_calib_MI,test/05_15 Arina/02_calib_MI,C:\Users\hodor\Documents\lab-Shishkin\projects\BCI_classifier\data\pr_Agency_EBCI\trans\test\05_15 Arina\EPOCHS_02_calib_MI.hdf,"MATRIX_[8, 15]_robust_concat_02_calib_MI.hdf","C:\Users\hodor\Documents\lab-Shishkin\projects\BCI_classifier\data\pr_Agency_EBCI\features\csp\test\05_15 Arina\MATRIX_[8, 15]_robust_concat_02_calib_MI.hdf","[8, 15]",0,1,0,first5,0.16329774071593453,0.337,1.634,0.06741876921868684,1.76488050090679,1.2586550818691162,0.38100680842675005,0.5535714285714286,0.5535714285714286,1.9554105736180913,0.5919212916629867,2.547331865281078,0.3780205821656651,0.10901715407447293,,0.0,0.8584508385997234,4.162340267869282,4.495736338373097,0.0,0.0,,,,,,,,,dipole fitting disabled,,False,,False,,False,,False,,False,,False,,False,,0,,,0.0,left_M1,
pr_Agency_EBCI,test,05_15 Arina,02_calib_MI,test/05_15 Arina/02_calib_MI,C:\Users\hodor\Documents\lab-Shishkin\projects\BCI_classifier\data\pr_Agency_EBCI\trans\test\05_15 Arina\EPOCHS_02_calib_MI.hdf,"MATRIX_[8, 15]_robust_concat_02_calib_MI.hdf","C:\Users\hodor\Documents\lab-Shishkin\projects\BCI_classifier\data\pr_Agency_EBCI\features\csp\test\05_15 Arina\MATRIX_[8, 15]_robust_concat_02_calib_MI.hdf","[8, 15]",1,2,1,first5,0.23071650993462137,0.269,1.204,0.08217122953078113,1.6264162429751206,0.7844362763457143,0.3426508050089545,0.5714285714285714,0.5714285714285714,1.2326855771146938,0.5384512650140714,1.7711368421287652,0.28764394941036253,0.12116665971559058,,0.0,0.4764358105326379,2.1324487579230333,2.8806057285698854,0.0,0.0,,,,,,,,,dipole fitting disabled,,False,,False,,False,,False,,False,,False,,False,,0,,,0.0,left_M1,
pr_Agency_EBCI,test,05_15 Arina,02_calib_MI,test/05_15 Arina/02_calib_MI,C:\Users\hodor\Documents\lab-Shishkin\projects\BCI_classifier\data\pr_Agency_EBCI\trans\test\05_15 Arina\EPOCHS_02_calib_MI.hdf,"MATRIX_[8, 15]_robust_concat_02_calib_MI.hdf","C:\Users\hodor\Documents\lab-Shishkin\projects\BCI_classifier\data\pr_Agency_EBCI\features\csp\test\05_15 Arina\MATRIX_[8, 15]_robust_concat_02_calib_MI.hdf","[8, 15]",2,3,2,first5,0.3128877394654025,0.187,0.787,0.019309601033976054,1.388443581573414,0.2705886824394679,0.5689872314461252,0.5535714285714286,0.5535714285714286,0.42037884593274477,0.8839623059966588,1.3043411519294037,0.11416406316624994,0.2686787214752719,,0.0,0.2439117954107985,1.0265164865684409,1.8110041005784538,0.0,0.0,,,,,,,,,dipole fitting disabled,,False,,False,,False,,False,,False,,False,,False,,0,,,0.0,left_M1,
pr_Agency_EBCI,test,05_15 Arina,02_calib_MI,test/05_15 Arina/02_calib_MI,C:\Users\hodor\Documents\lab-Shishkin\projects\BCI_classifier\data\pr_Agency_EBCI\trans\test\05_15 Arina\EPOCHS_02_calib_MI.hdf,"MATRIX_[8, 15]_robust_concat_02_calib_MI.hdf","C:\Users\hodor\Documents\lab-Shishkin\projects\BCI_classifier\data\pr_Agency_EBCI\features\csp\test\05_15 Arina\MATRIX_[8, 15]_robust_concat_02_calib_MI.hdf","[8, 15]",3,4,3,first5,0.33219734049937855,0.168,0.698,0.06323302709071876,1.378492594204963,0.13824596991690336,0.11600834386474043,0.4821428571428571,0.4821428571428571,0.20490027684112463,0.17194093822809745,0.3768412150692221,0.1926121360125137,0.16970654090074924,,0.0,0.06330932413162932,0.263035168118317,0.5194728241641223,0.0,0.0,,,,,,,,,dipole fitting disabled,,False,,False,,False,,False,,False,,False,,False,,0,,,0.0,left_M1,
pr_Agency_EBCI,test,05_15 Arina,02_calib_MI,test/05_15 Arina/02_calib_MI,C:\Users\hodor\Documents\lab-Shishkin\projects\BCI_classifier\data\pr_Agency_EBCI\trans\test\05_15 Arina\EPOCHS_02_calib_MI.hdf,"MATRIX_[8, 15]_robust_concat_02_calib_MI.hdf","C:\Users\hodor\Documents\lab-Shishkin\projects\BCI_classifier\data\pr_Agency_EBCI\features\csp\test\05_15 Arina\MATRIX_[8, 15]_robust_concat_02_calib_MI.hdf","[8, 15]",4,5,4,first5,0.3954303675900973,0.105,0.425,0.022008729249456738,1.2192436662847719,0.20369278131463847,0.7060944311258275,0.5714285714285714,0.5714285714285714,0.32008865635157474,1.1095769631977288,1.4296656195493036,0.08776060556682766,0.3171000509507147,,0.0,0.15011489005267686,0.607607888308454,1.7431107515405828,0.0,0.0,,,,,,,,,dipole fitting disabled,,False,,False,,False,,False,,False,,False,,False,,0,,,0.0,left_M1,
pr_Agency_EBCI,test,05_15 Arina,02_calib_MI,test/05_15 Arina/02_calib_MI,C:\Users\hodor\Documents\lab-Shishkin\projects\BCI_classifier\data\pr_Agency_EBCI\trans\test\05_15 Arina\EPOCHS_02_calib_MI.hdf,"MATRIX_[8, 15]_robust_concat_02_calib_MI.hdf","C:\Users\hodor\Documents\lab-Shishkin\projects\BCI_classifier\data\pr_Agency_EBCI\features\csp\test\05_15 Arina\MATRIX_[8, 15]_robust_concat_02_calib_MI.hdf","[8, 15]",51,52,-5,last5,0.8331047558869282,0.333,1.608,0.015989163614443247,1.6872975659344385,0.20921922989209424,0.19627359240793285,0.6071428571428572,0.6071428571428572,0.3362451908980086,0.3154397020841778,0.6516848929821863,0.1640702762215552,0.15145384408328924,,0.0,0.21701106936306808,1.0479093079153556,1.099586333685088,0.0,0.0,,,,,,,,,dipole fitting disabled,,False,,False,,False,,False,,False,,False,,False,,0,,,0.0,left_M1,
pr_Agency_EBCI,test,05_15 Arina,02_calib_MI,test/05_15 Arina/02_calib_MI,C:\Users\hodor\Documents\lab-Shishkin\projects\BCI_classifier\data\pr_Agency_EBCI\trans\test\05_15 Arina\EPOCHS_02_calib_MI.hdf,"MATRIX_[8, 15]_robust_concat_02_calib_MI.hdf","C:\Users\hodor\Documents\lab-Shishkin\projects\BCI_classifier\data\pr_Agency_EBCI\features\csp\test\05_15 Arina\MATRIX_[8, 15]_robust_concat_02_calib_MI.hdf","[8, 15]",52,53,-4,last5,0.8382921153477532,0.338,1.646,0.005187359460824936,1.6830133099910354,0.1867353781634417,0.28621017708000285,0.4285714285714286,0.4285714285714286,0.2667648259477739,0.40887168154286124,0.6756365074906352,0.1725948776764065,0.26439901943473865,,0.0,0.2283651395318347,1.1120976913295855,1.137105234822597,0.0,0.0,,,,,,,,,dipole fitting disabled,,False,,False,,False,,False,,False,,False,,False,,0,,,0.0,left_M1,
pr_Agency_EBCI,test,05_15 Arina,02_calib_MI,test/05_15 Arina/02_calib_MI,C:\Users\hodor\Documents\lab-Shishkin\projects\BCI_classifier\data\pr_Agency_EBCI\trans\test\05_15 Arina\EPOCHS_02_calib_MI.hdf,"MATRIX_[8, 15]_robust_concat_02_calib_MI.hdf","C:\Users\hodor\Documents\lab-Shishkin\projects\BCI_classifier\data\pr_Agency_EBCI\features\csp\test\05_15 Arina\MATRIX_[8, 15]_robust_concat_02_calib_MI.hdf","[8, 15]",53,54,-3,last5,0.8431499188270137,0.343,1.682,0.0048578034792605695,1.6926649063735457,0.18798020952565864,0.12404023951045867,0.4107142857142857,0.4107142857142857,0.2651863670094113,0.1749853378808256,0.4401717048902369,0.18440776353717625,0.1261987214616364,,0.0,0.15097889477735127,0.7403688076253784,0.7450631976463168,0.0,0.0,,,,,,,,,dipole fitting disabled,,False,,False,,False,,False,,False,,False,,False,,0,,,0.0,left_M1,
pr_Agency_EBCI,test,05_15 Arina,02_calib_MI,test/05_15 Arina/02_calib_MI,C:\Users\hodor\Documents\lab-Shishkin\projects\BCI_classifier\data\pr_Agency_EBCI\trans\test\05_15 Arina\EPOCHS_02_calib_MI.hdf,"MATRIX_[8, 15]_robust_concat_02_calib_MI.hdf","C:\Users\hodor\Documents\lab-Shishkin\projects\BCI_classifier\data\pr_Agency_EBCI\features\csp\test\05_15 Arina\MATRIX_[8, 15]_robust_concat_02_calib_MI.hdf","[8, 15]",54,55,-2,last5,0.8542435325091208,0.354,1.768,0.01109361368210704,1.7237085569738635,0.09880829995944126,0.4195747841850055,0.5535714285714286,0.5535714285714286,0.1535057517227034,0.6518393968588478,0.8053451485815513,0.06798951685611766,0.3747834991130249,,0.0,0.2850921825978691,1.4238502226921828,1.3881803239274073,0.0,0.0,,,,,,,,,dipole fitting disabled,,False,,False,,False,,False,,False,,False,,False,,0,,,0.0,left_M1,
pr_Agency_EBCI,test,05_15 Arina,02_calib_MI,test/05_15 Arina/02_calib_MI,C:\Users\hodor\Documents\lab-Shishkin\projects\BCI_classifier\data\pr_Agency_EBCI\trans\test\05_15 Arina\EPOCHS_02_calib_MI.hdf,"MATRIX_[8, 15]_robust_concat_02_calib_MI.hdf","C:\Users\hodor\Documents\lab-Shishkin\projects\BCI_classifier\data\pr_Agency_EBCI\features\csp\test\05_15 Arina\MATRIX_[8, 15]_robust_concat_02_calib_MI.hdf","[8, 15]",55,56,-1,last5,0.8769780390234962,0.377,1.964,0.022734506514375474,1.7882836358236782,0.04563460913708822,0.04911178104051127,0.6071428571428572,0.6071428571428572,0.0733413361131775,0.07892964810082169,0.1522709842139992,0.10325972961000199,0.10800493271693729,,0.0,0.0574061610486777,0.29906021299629443,0.2723037092806604,0.0,0.0,,,,,,,,,dipole fitting disabled,,False,,False,,False,,False,,False,,False,,False,,0,,,0.0,left_M1,
pr_Agency_EBCI,test,05_15 Arina,03_calib_MI,test/05_15 Arina/03_calib_MI,C:\Users\hodor\Documents\lab-Shishkin\projects\BCI_classifier\data\pr_Agency_EBCI\trans\test\05_15 Arina\EPOCHS_03_calib_MI.hdf,"MATRIX_[8, 12]_robust_concat_03_calib_MI.hdf","C:\Users\hodor\Documents\lab-Shishkin\projects\BCI_classifier\data\pr_Agency_EBCI\features\csp\test\05_15 Arina\MATRIX_[8, 12]_robust_concat_03_calib_MI.hdf","[8, 12]",0,1,0,first5,0.13616720985712036,0.364,1.847,0.012481503555906909,1.7461730691774004,0.2400915832493838,0.5107802332834118,0.4642857142857143,0.4642857142857143,0.351562675472312,0.7479281987364245,1.0994908742087364,0.14341920195629443,0.3182630308258048,,0.0,0.40021467821198004,2.030759644663536,1.9199013543496124,0.0,0.0,,,,,,,,,dipole fitting disabled,,False,,False,,False,,False,,False,,False,,False,,0,,,0.0,left_M1,
pr_Agency_EBCI,test,05_15 Arina,03_calib_MI,test/05_15 Arina/03_calib_MI,C:\Users\hodor\Documents\lab-Shishkin\projects\BCI_classifier\data\pr_Agency_EBCI\trans\test\05_15 Arina\EPOCHS_03_calib_MI.hdf,"MATRIX_[8, 12]_robust_concat_03_calib_MI.hdf","C:\Users\hodor\Documents\lab-Shishkin\projects\BCI_classifier\data\pr_Agency_EBCI\features\csp\test\05_15 Arina\MATRIX_[8, 12]_robust_concat_03_calib_MI.hdf","[8, 12]",1,2,1,first5,0.14864871341302727,0.351,1.745,0.0952825863152936,1.835776751186672,1.2204042568442734,0.2517681657865698,0.5892857142857143,0.5892857142857143,1.9395710510560775,0.4001315491965127,2.3397026002525902,0.4051390545923167,0.07664295421524837,,0.0,0.8212356126886591,4.08278103744077,4.295171638234709,0.0,0.0,,,,,,,,,dipole fitting disabled,,False,,False,,False,,False,,False,,False,,False,,0,,,0.0,left_M1,
pr_Agency_EBCI,test,05_15 Arina,03_calib_MI,test/05_15 Arina/03_calib_MI,C:\Users\hodor\Documents\lab-Shishkin\projects\BCI_classifier\data\pr_Agency_EBCI\trans\test\05_15 Arina\EPOCHS_03_calib_MI.hdf,"MATRIX_[8, 12]_robust_concat_03_calib_MI.hdf","C:\Users\hodor\Documents\lab-Shishkin\projects\BCI_classifier\data\pr_Agency_EBCI\features\csp\test\05_15 Arina\MATRIX_[8, 12]_robust_concat_03_calib_MI.hdf","[8, 12]",2,3,2,first5,0.24393129972832087,0.256,1.131,0.06653216586061325,1.580128937841268,0.7794463455894669,0.5760515898028271,0.5535714285714286,0.5535714285714286,1.2109255726122075,0.8949372913008207,2.1058628639130283,0.278216779457569,0.20501613395652105,,0.0,0.5391008931617353,2.381730899085635,3.327534850394264,0.0,0.0,,,,,,,,,dipole fitting disabled,,False,,False,,False,,False,,False,,False,,False,,0,,,0.0,left_M1,
pr_Agency_EBCI,test,05_15 Arina,03_calib_MI,test/05_15 Arina/03_calib_MI,C:\Users\hodor\Documents\lab-Shishkin\projects\BCI_classifier\data\pr_Agency_EBCI\trans\test\05_15 Arina\EPOCHS_03_calib_MI.hdf,"MATRIX_[8, 12]_robust_concat_03_calib_MI.hdf","C:\Users\hodor\Documents\lab-Shishkin\projects\BCI_classifier\data\pr_Agency_EBCI\features\csp\test\05_15 Arina\MATRIX_[8, 12]_robust_concat_03_calib_MI.hdf","[8, 12]",3,4,3,first5,0.3104634655889341,0.19,0.798,0.014016884928615081,1.3906528325457475,0.276363159982721,0.5348454417200621,0.5,0.5,0.4145447399740815,0.8022681625800931,1.2168129025541745,0.15771959809861785,0.31626872504571224,,0.0,0.23119445148529316,0.9710166962382313,1.6921643096151753,0.0,0.0,,,,,,,,,dipole fitting disabled,,False,,False,,False,,False,,False,,False,,False,,0,,,0.0,left_M1,
pr_Agency_EBCI,test,05_15 Arina,03_calib_MI,test/05_15 Arina/03_calib_MI,C:\Users\hodor\Documents\lab-Shishkin\projects\BCI_classifier\data\pr_Agency_EBCI\trans\test\05_15 Arina\EPOCHS_03_calib_MI.hdf,"MATRIX_[8, 12]_robust_concat_03_calib_MI.hdf","C:\Users\hodor\Documents\lab-Shishkin\projects\BCI_classifier\data\pr_Agency_EBCI\features\csp\test\05_15 Arina\MATRIX_[8, 12]_robust_concat_03_calib_MI.hdf","[8, 12]",4,5,4,first5,0.3244803505175492,0.176,0.733,0.031093531861352997,1.3738898464303926,0.13835787770557442,0.17706318831052048,0.4107142857142857,0.4107142857142857,0.1951834346203639,0.24978556922376993,0.44496900384413385,0.17956532257654864,0.23798771901418456,,0.0,0.07831454467656755,0.3261622798177501,0.6113383963577018,0.0,0.0,,,,,,,,,dipole fitting disabled,,False,,False,,False,,False,,False,,False,,False,,0,,,0.0,left_M1,
pr_Agency_EBCI,test,05_15 Arina,03_calib_MI,test/05_15 Arina/03_calib_MI,C:\Users\hodor\Documents\lab-Shishkin\projects\BCI_classifier\data\pr_Agency_EBCI\trans\test\05_15 Arina\EPOCHS_03_calib_MI.hdf,"MATRIX_[8, 12]_robust_concat_03_calib_MI.hdf","C:\Users\hodor\Documents\lab-Shishkin\projects\BCI_classifier\data\pr_Agency_EBCI\features\csp\test\05_15 Arina\MATRIX_[8, 12]_robust_concat_03_calib_MI.hdf","[8, 12]",51,52,-5,last5,0.7966614787813936,0.297,1.366,0.007217473087225312,1.6025743580276237,0.3240678928928948,0.17792036105927472,0.6071428571428572,0.6071428571428572,0.5208233992921524,0.28594343741669154,0.8067668367088439,0.27629762033848637,0.1278219487504863,,0.0,0.23960975050252661,1.1020434989442809,1.2929038454166522,0.0,0.0,,,,,,,,,dipole fitting disabled,,False,,False,,False,,False,,False,,False,,False,,0,,,0.0,left_M1,
pr_Agency_EBCI,test,05_15 Arina,03_calib_MI,test/05_15 Arina/03_calib_MI,C:\Users\hodor\Documents\lab-Shishkin\projects\BCI_classifier\data\pr_Agency_EBCI\trans\test\05_15 Arina\EPOCHS_03_calib_MI.hdf,"MATRIX_[8, 12]_robust_concat_03_calib_MI.hdf","C:\Users\hodor\Documents\lab-Shishkin\projects\BCI_classifier\data\pr_Agency_EBCI\features\csp\test\05_15 Arina\MATRIX_[8, 12]_robust_concat_03_calib_MI.hdf","[8, 12]",52,53,-4,last5,0.8118793779835929,0.312,1.462,0.015217899202199292,1.6429919382043447,0.3137171674409594,0.3919447657099622,0.6071428571428572,0.6071428571428572,0.5041883048158277,0.6299112306052964,1.134099535421124,0.16081980077053495,0.20438822645413757,,0.0,0.3538390550513907,1.6580535207856835,1.8633163938181996,0.0,0.0,,,,,,,,,dipole fitting disabled,,False,,False,,False,,False,,False,,False,,False,,0,,,0.0,left_M1,
pr_Agency_EBCI,test,05_15 Arina,03_calib_MI,test/05_15 Arina/03_calib_MI,C:\Users\hodor\Documents\lab-Shishkin\projects\BCI_classifier\data\pr_Agency_EBCI\trans\test\05_15 Arina\EPOCHS_03_calib_MI.hdf,"MATRIX_[8, 12]_robust_concat_03_calib_MI.hdf","C:\Users\hodor\Documents\lab-Shishkin\projects\BCI_classifier\data\pr_Agency_EBCI\features\csp\test\05_15 Arina\MATRIX_[8, 12]_robust_concat_03_calib_MI.hdf","[8, 12]",53,54,-3,last5,0.8176216403046183,0.318,1.5,0.005742262321025371,1.6433041576723442,0.1049395076262361,0.16666777219629494,0.5357142857142857,0.5357142857142857,0.161157100997434,0.25595407873002435,0.41711117972745837,0.14366321847190608,0.27227350100131,,0.0,0.13264135515333175,0.6256667695911875,0.6854405358577488,0.0,0.0,,,,,,,,,dipole fitting disabled,,False,,False,,False,,False,,False,,False,,False,,0,,,0.0,left_M1,
pr_Agency_EBCI,test,05_15 Arina,03_calib_MI,test/05_15 Arina/03_calib_MI,C:\Users\hodor\Documents\lab-Shishkin\projects\BCI_classifier\data\pr_Agency_EBCI\trans\test\05_15 Arina\EPOCHS_03_calib_MI.hdf,"MATRIX_[8, 12]_robust_concat_03_calib_MI.hdf","C:\Users\hodor\Documents\lab-Shishkin\projects\BCI_classifier\data\pr_Agency_EBCI\features\csp\test\05_15 Arina\MATRIX_[8, 12]_robust_concat_03_calib_MI.hdf","[8, 12]",54,55,-2,last5,0.8236028108364374,0.324,1.541,0.005981170531819124,1.6557515970092376,0.0977671134551015,0.18944033683345912,0.4285714285714286,0.4285714285714286,0.1396673049358593,0.2706290526192273,0.41029635755508664,0.11530346463321661,0.2544255144434728,,0.0,0.13293601984784809,0.6322666869923885,0.6793488492689078,0.0,0.0,,,,,,,,,dipole fitting disabled,,False,,False,,False,,False,,False,,False,,False,,0,,,0.0,left_M1,
pr_Agency_EBCI,test,05_15 Arina,03_calib_MI,test/05_15 Arina/03_calib_MI,C:\Users\hodor\Documents\lab-Shishkin\projects\BCI_classifier\data\pr_Agency_EBCI\trans\test\05_15 Arina\EPOCHS_03_calib_MI.hdf,"MATRIX_[8, 12]_robust_concat_03_calib_MI.hdf","C:\Users\hodor\Documents\lab-Shishkin\projects\BCI_classifier\data\pr_Agency_EBCI\features\csp\test\05_15 Arina\MATRIX_[8, 12]_robust_concat_03_calib_MI.hdf","[8, 12]",55,56,-1,last5,0.8482028054169704,0.348,1.721,0.02459999458053297,1.730243192456102,0.5159172426516725,0.4719853172371,0.5535714285714286,0.5535714285714286,0.8015142876909912,0.7332629035647804,1.5347771912557717,0.22035579569513292,0.20192501831206017,,0.0,0.5341024625570086,2.641351546151183,2.6555377871071957,0.0,0.0,,,,,,,,,dipole fitting disabled,,False,,False,,False,,False,,False,,False,,False,,0,,,0.0,left_M1,
pr_Agency_EBCI,test,05_15 Arina,03_calib_MI,test/05_15 Arina/03_calib_MI,C:\Users\hodor\Documents\lab-Shishkin\projects\BCI_classifier\data\pr_Agency_EBCI\trans\test\05_15 Arina\EPOCHS_03_calib_MI.hdf,"MATRIX_[9, 13]_robust_concat_03_calib_MI.hdf","C:\Users\hodor\Documents\lab-Shishkin\projects\BCI_classifier\data\pr_Agency_EBCI\features\csp\test\05_15 Arina\MATRIX_[9, 13]_robust_concat_03_calib_MI.hdf","[9, 13]",0,1,0,first5,0.16190681065864732,0.338,1.644,0.018743760124968367,1.7013415636889573,1.2150731494179998,0.46121426255682574,0.5535714285714286,0.5535714285714286,1.8877029285601068,0.7165293007579258,2.6042322293180327,0.3502727838469117,0.12804072543613498,,0.0,0.8802304935094951,4.281357784998845,4.430688533237121,0.0,0.0,,,,,,,,,dipole fitting disabled,,False,,False,,False,,False,,False,,False,,False,,0,,,0.0,left_M1,
pr_Agency_EBCI,test,05_15 Arina,03_calib_MI,test/05_15 Arina/03_calib_MI,C:\Users\hodor\Documents\lab-Shishkin\projects\BCI_classifier\data\pr_Agency_EBCI\trans\test\05_15 Arina\EPOCHS_03_calib_MI.hdf,"MATRIX_[9, 13]_robust_concat_03_calib_MI.hdf","C:\Users\hodor\Documents\lab-Shishkin\projects\BCI_classifier\data\pr_Agency_EBCI\features\csp\test\05_15 Arina\MATRIX_[9, 13]_robust_concat_03_calib_MI.hdf","[9, 13]",1,2,1,first5,0.18065057078361568,0.319,1.512,0.06863458379440948,1.7255777289216665,0.4762428610049573,0.5258233438059978,0.4642857142857143,0.4642857142857143,0.697355617900116,0.7699556105730683,1.4673112284731844,0.2592952312230254,0.2849385357245764,,0.0,0.4680722818829458,2.218574577451455,2.531959577250018,0.0,0.0,,,,,,,,,dipole fitting disabled,,False,,False,,False,,False,,False,,False,,False,,0,,,0.0,left_M1,
pr_Agency_EBCI,test,05_15 Arina,03_calib_MI,test/05_15 Arina/03_calib_MI,C:\Users\hodor\Documents\lab-Shishkin\projects\BCI_classifier\data\pr_Agency_EBCI\trans\test\05_15 Arina\EPOCHS_03_calib_MI.hdf,"MATRIX_[9, 13]_robust_concat_03_calib_MI.hdf","C:\Users\hodor\Documents\lab-Shishkin\projects\BCI_classifier\data\pr_Agency_EBCI\features\csp\test\05_15 Arina\MATRIX_[9, 13]_robust_concat_03_calib_MI.hdf","[9, 13]",2,3,2,first5,0.24928515457802516,0.251,1.102,0.040744170180162825,1.5429071468608835,0.6386031026138314,0.3871290269557568,0.5535714285714286,0.5535714285714286,0.9921155344179166,0.6014325954491222,1.5935481298670386,0.2757530371223179,0.16401031709542144,,0.0,0.3999805805966267,1.7560900391134768,2.458696798438649,0.0,0.0,,,,,,,,,dipole fitting disabled,,False,,False,,False,,False,,False,,False,,False,,0,,,0.0,left_M1,
pr_Agency_EBCI,test,05_15 Arina,03_calib_MI,test/05_15 Arina/03_calib_MI,C:\Users\hodor\Documents\lab-Shishkin\projects\BCI_classifier\data\pr_Agency_EBCI\trans\test\05_15 Arina\EPOCHS_03_calib_MI.hdf,"MATRIX_[9, 13]_robust_concat_03_calib_MI.hdf","C:\Users\hodor\Documents\lab-Shishkin\projects\BCI_classifier\data\pr_Agency_EBCI\features\csp\test\05_15 Arina\MATRIX_[9, 13]_robust_concat_03_calib_MI.hdf","[9, 13]",3,4,3,first5,0.290029324758188,0.21,0.895,0.021836114052876554,1.4383423358044163,0.3543234409268224,0.6569148604320636,0.5,0.5,0.5314851613902336,0.9853722906480954,1.516857452038329,0.14695313634082827,0.2860682956310297,,0.0,0.31854006492804904,1.3575874195743043,2.181760290647145,0.0,0.0,,,,,,,,,dipole fitting disabled,,False,,False,,False,,False,,False,,False,,False,,0,,,0.0,left_M1,
pr_Agency_EBCI,test,05_15 Arina,03_calib_MI,test/05_15 Arina/03_calib_MI,C:\Users\hodor\Documents\lab-Shishkin\projects\BCI_classifier\data\pr_Agency_EBCI\trans\test\05_15 Arina\EPOCHS_03_calib_MI.hdf,"MATRIX_[9, 13]_robust_concat_03_calib_MI.hdf","C:\Users\hodor\Documents\lab-Shishkin\projects\BCI_classifier\data\pr_Agency_EBCI\features\csp\test\05_15 Arina\MATRIX_[9, 13]_robust_concat_03_calib_MI.hdf","[9, 13]",4,5,4,first5,0.31186543881106454,0.188,0.791,0.034757358694578744,1.4021375337383233,0.10371190752694014,0.07959528711265174,0.4107142857142857,0.4107142857142857,0.1463078695469334,0.11228620860534798,0.25859407815228136,0.24248428301306751,0.1741388458996228,,0.0,0.0486156866926289,0.20454791581845455,0.36258446297977504,0.0,0.0,,,,,,,,,dipole fitting disabled,,False,,False,,False,,False,,False,,False,,False,,0,,,0.0,left_M1,
pr_Agency_EBCI,test,05_15 Arina,03_calib_MI,test/05_15 Arina/03_calib_MI,C:\Users\hodor\Documents\lab-Shishkin\projects\BCI_classifier\data\pr_Agency_EBCI\trans\test\05_15 Arina\EPOCHS_03_calib_MI.hdf,"MATRIX_[9, 13]_robust_concat_03_calib_MI.hdf","C:\Users\hodor\Documents\lab-Shishkin\projects\BCI_classifier\data\pr_Agency_EBCI\features\csp\test\05_15 Arina\MATRIX_[9, 13]_robust_concat_03_calib_MI.hdf","[9, 13]",51,52,-5,last5,0.8164807117420905,0.316,1.493,0.01125111979832627,1.6462214154250843,0.29543221715146206,0.19445265871400835,0.5892857142857143,0.5892857142857143,0.46952620225857367,0.309040832599049,0.7785670348576227,0.2353987947406378,0.13080096692380896,,0.0,0.24602718301500878,1.1624005830424307,1.2816937261266266,0.0,0.0,,,,,,,,,dipole fitting disabled,,False,,False,,False,,False,,False,,False,,False,,0,,,0.0,left_M1,
pr_Agency_EBCI,test,05_15 Arina,03_calib_MI,test/05_15 Arina/03_calib_MI,C:\Users\hodor\Documents\lab-Shishkin\projects\BCI_classifier\data\pr_Agency_EBCI\trans\test\05_15 Arina\EPOCHS_03_calib_MI.hdf,"MATRIX_[9, 13]_robust_concat_03_calib_MI.hdf","C:\Users\hodor\Documents\lab-Shishkin\projects\BCI_classifier\data\pr_Agency_EBCI\features\csp\test\05_15 Arina\MATRIX_[9, 13]_robust_concat_03_calib_MI.hdf","[9, 13]",52,53,-4,last5,0.8233254404247026,0.323,1.539,0.0068447286826121,1.6548433894579349,0.1506873801100439,0.15725199822670105,0.4285714285714286,0.4285714285714286,0.21526768587149128,0.2246457117524301,0.43991339762392134,0.21864923289817784,0.2157172561416581,,0.0,0.1420920274325266,0.6770267189432149,0.7279877779919263,0.0,0.0,,,,,,,,,dipole fitting disabled,,False,,False,,False,,False,,False,,False,,False,,0,,,0.0,left_M1,
pr_Agency_EBCI,test,05_15 Arina,03_calib_MI,test/05_15 Arina/03_calib_MI,C:\Users\hodor\Documents\lab-Shishkin\projects\BCI_classifier\data\pr_Agency_EBCI\trans\test\05_15 Arina\EPOCHS_03_calib_MI.hdf,"MATRIX_[9, 13]_robust_concat_03_calib_MI.hdf","C:\Users\hodor\Documents\lab-Shishkin\projects\BCI_classifier\data\pr_Agency_EBCI\features\csp\test\05_15 Arina\MATRIX_[9, 13]_robust_concat_03_calib_MI.hdf","[9, 13]",53,54,-3,last5,0.8248452227710377,0.325,1.55,0.0015197823463350968,1.6519757170502356,0.22991226647931826,0.20121965620523066,0.5714285714285714,0.5714285714285714,0.3612907044675001,0.3162023168939339,0.6774930213614341,0.17202548546308763,0.1522936985612103,,0.0,0.2201852319424661,1.0501141831102228,1.1192020197600856,0.0,0.0,,,,,,,,,dipole fitting disabled,,False,,False,,False,,False,,False,,False,,False,,0,,,0.0,left_M1,
pr_Agency_EBCI,test,05_15 Arina,03_calib_MI,test/05_15 Arina/03_calib_MI,C:\Users\hodor\Documents\lab-Shishkin\projects\BCI_classifier\data\pr_Agency_EBCI\trans\test\05_15 Arina\EPOCHS_03_calib_MI.hdf,"MATRIX_[9, 13]_robust_concat_03_calib_MI.hdf","C:\Users\hodor\Documents\lab-Shishkin\projects\BCI_classifier\data\pr_Agency_EBCI\features\csp\test\05_15 Arina\MATRIX_[9, 13]_robust_concat_03_calib_MI.hdf","[9, 13]",54,55,-2,last5,0.8327788785230623,0.333,1.605,0.007933655752024649,1.676567629461697,0.09228241983283808,0.12409792126360165,0.4821428571428571,0.4821428571428571,0.1367757293950993,0.18393084758712389,0.32070657698222316,0.11275603071763378,0.1369153427563106,,0.0,0.10679529013508032,0.5147340560564682,0.5376862655238611,0.0,0.0,,,,,,,,,dipole fitting disabled,,False,,False,,False,,False,,False,,False,,False,,0,,,0.0,left_M1,
pr_Agency_EBCI,test,05_15 Arina,03_calib_MI,test/05_15 Arina/03_calib_MI,C:\Users\hodor\Documents\lab-Shishkin\projects\BCI_classifier\data\pr_Agency_EBCI\trans\test\05_15 Arina\EPOCHS_03_calib_MI.hdf,"MATRIX_[9, 13]_robust_concat_03_calib_MI.hdf","C:\Users\hodor\Documents\lab-Shishkin\projects\BCI_classifier\data\pr_Agency_EBCI\features\csp\test\05_15 Arina\MATRIX_[9, 13]_robust_concat_03_calib_MI.hdf","[9, 13]",55,56,-1,last5,0.8591369360691132,0.359,1.808,0.026358057546050917,1.7558501706361291,0.42612999848328614,0.49093084608577103,0.5714285714285714,0.5714285714285714,0.6696328547594497,0.771462758134783,1.4410956128942327,0.18273927477198862,0.21765000433740359,,0.0,0.5173533250290295,2.605500868112773,2.5303479778033156,0.0,0.0,,,,,,,,,dipole fitting disabled,,False,,False,,False,,False,,False,,False,,False,,0,,,0.0,left_M1,
pr_Agency_EBCI,test,05_15 Arina,03_calib_MI,test/05_15 Arina/03_calib_MI,C:\Users\hodor\Documents\lab-Shishkin\projects\BCI_classifier\data\pr_Agency_EBCI\trans\test\05_15 Arina\EPOCHS_03_calib_MI.hdf,"MATRIX_[10, 14]_robust_concat_03_calib_MI.hdf","C:\Users\hodor\Documents\lab-Shishkin\projects\BCI_classifier\data\pr_Agency_EBCI\features\csp\test\05_15 Arina\MATRIX_[10, 14]_robust_concat_03_calib_MI.hdf","[10, 14]",0,1,0,first5,0.1631498865958888,0.337,1.635,0.023147454101180465,1.7052027681283914,1.4040777164701455,0.6662756216013952,0.5357142857142857,0.5357142857142857,2.1562622074362947,1.0232089903164283,3.179471197752723,0.32508299875764485,0.15124894915411316,,0.0,1.0714817936426677,5.198435408325702,5.421643087592436,0.0,0.0,,,,,,,,,dipole fitting disabled,,False,,False,,False,,False,,False,,False,,False,,0,,,0.0,left_M1,
pr_Agency_EBCI,test,05_15 Arina,03_calib_MI,test/05_15 Arina/03_calib_MI,C:\Users\hodor\Documents\lab-Shishkin\projects\BCI_classifier\data\pr_Agency_EBCI\trans\test\05_15 Arina\EPOCHS_03_calib_MI.hdf,"MATRIX_[10, 14]_robust_concat_03_calib_MI.hdf","C:\Users\hodor\Documents\lab-Shishkin\projects\BCI_classifier\data\pr_Agency_EBCI\features\csp\test\05_15 Arina\MATRIX_[10, 14]_robust_concat_03_calib_MI.hdf","[10, 14]",1,2,1,first5,0.18629734069706927,0.314,1.474,0.07934977282349687,1.727663314666312,0.4656842544384766,0.5556512768624355,0.4821428571428571,0.4821428571428571,0.690210591399885,0.823554571063967,1.513765162463852,0.24771010643712982,0.2903221918926344,,0.0,0.4753222610136495,2.2312898494717177,2.6152765382086867,0.0,0.0,,,,,,,,,dipole fitting disabled,,False,,False,,False,,False,,False,,False,,False,,0,,,0.0,left_M1,
pr_Agency_EBCI,test,05_15 Arina,03_calib_MI,test/05_15 Arina/03_calib_MI,C:\Users\hodor\Documents\lab-Shishkin\projects\BCI_classifier\data\pr_Agency_EBCI\trans\test\05_15 Arina\EPOCHS_03_calib_MI.hdf,"MATRIX_[10, 14]_robust_concat_03_calib_MI.hdf","C:\Users\hodor\Documents\lab-Shishkin\projects\BCI_classifier\data\pr_Agency_EBCI\features\csp\test\05_15 Arina\MATRIX_[10, 14]_robust_concat_03_calib_MI.hdf","[10, 14]",2,3,2,first5,0.26564711352056614,0.234,1.017,0.028908298080772887,1.4950581670036034,0.4024200258668519,0.3331738641595332,0.5535714285714286,0.5535714285714286,0.6251882544717163,0.5176093961049891,1.1427976505767055,0.22751225030952502,0.18496280775677298,,0.0,0.2674146502349491,1.1622252106365094,1.7085489607272337,0.0,0.0,,,,,,,,,dipole fitting disabled,,False,,False,,False,,False,,False,,False,,False,,0,,,0.0,left_M1,
pr_Agency_EBCI,test,05_15 Arina,03_calib_MI,test/05_15 Arina/03_calib_MI,C:\Users\hodor\Documents\lab-Shishkin\projects\BCI_classifier\data\pr_Agency_EBCI\trans\test\05_15 Arina\EPOCHS_03_calib_MI.hdf,"MATRIX_[10, 14]_robust_concat_03_calib_MI.hdf","C:\Users\hodor\Documents\lab-Shishkin\projects\BCI_classifier\data\pr_Agency_EBCI\features\csp\test\05_15 Arina\MATRIX_[10, 14]_robust_concat_03_calib_MI.hdf","[10, 14]",3,4,3,first5,0.294555411601339,0.205,0.873,0.009757900071672543,1.4180014780587715,0.0754966000964926,0.18253067280059432,0.4642857142857143,0.4642857142857143,0.11054859299843561,0.26727705660087026,0.37782564959930587,0.11011007859976205,0.30851860547637056,,0.0,0.0774542581678577,0.32984179210019404,0.5357573295803312,0.0,0.0,,,,,,,,,dipole fitting disabled,,False,,False,,False,,False,,False,,False,,False,,0,,,0.0,left_M1,
pr_Agency_EBCI,test,05_15 Arina,03_calib_MI,test/05_15 Arina/03_calib_MI,C:\Users\hodor\Documents\lab-Shishkin\projects\BCI_classifier\data\pr_Agency_EBCI\trans\test\05_15 Arina\EPOCHS_03_calib_MI.hdf,"MATRIX_[10, 14]_robust_concat_03_calib_MI.hdf","C:\Users\hodor\Documents\lab-Shishkin\projects\BCI_classifier\data\pr_Agency_EBCI\features\csp\test\05_15 Arina\MATRIX_[10, 14]_robust_concat_03_calib_MI.hdf","[10, 14]",4,5,4,first5,0.30431331167301157,0.196,0.827,0.036644742546571574,1.420729478156512,0.24685174261092863,0.5235228888698064,0.4642857142857143,0.4642857142857143,0.3614614802517169,0.7665870872736451,1.128048567525362,0.12549858368546715,0.28097185339524705,,0.0,0.22109751923497095,0.9328961653434743,1.6026518526755085,0.0,0.0,,,,,,,,,dipole fitting disabled,,False,,False,,False,,False,,False,,False,,False,,0,,,0.0,left_M1,
pr_Agency_EBCI,test,05_15 Arina,03_calib_MI,test/05_15 Arina/03_calib_MI,C:\Users\hodor\Documents\lab-Shishkin\projects\BCI_classifier\data\pr_Agency_EBCI\trans\test\05_15 Arina\EPOCHS_03_calib_MI.hdf,"MATRIX_[10, 14]_robust_concat_03_calib_MI.hdf","C:\Users\hodor\Documents\lab-Shishkin\projects\BCI_classifier\data\pr_Agency_EBCI\features\csp\test\05_15 Arina\MATRIX_[10, 14]_robust_concat_03_calib_MI.hdf","[10, 14]",51,52,-5,last5,0.8246183017684284,0.325,1.548,0.006011381676706451,1.6578147961797183,0.049193315667207915,0.07717042892111745,0.5178571428571428,0.5178571428571428,0.07466842556629773,0.11713368675526754,0.19180211232156527,0.11922706159138947,0.15874087872204534,,0.0,0.062335686504508714,0.29690966987378303,0.31797237974521514,0.0,0.0,,,,,,,,,dipole fitting disabled,,False,,False,,False,,False,,False,,False,,False,,0,,,0.0,left_M1,
pr_Agency_EBCI,test,05_15 Arina,03_calib_MI,test/05_15 Arina/03_calib_MI,C:\Users\hodor\Documents\lab-Shishkin\projects\BCI_classifier\data\pr_Agency_EBCI\trans\test\05_15 Arina\EPOCHS_03_calib_MI.hdf,"MATRIX_[10, 14]_robust_concat_03_calib_MI.hdf","C:\Users\hodor\Documents\lab-Shishkin\projects\BCI_classifier\data\pr_Agency_EBCI\features\csp\test\05_15 Arina\MATRIX_[10, 14]_robust_concat_03_calib_MI.hdf","[10, 14]",52,53,-4,last5,0.8355234187960698,0.336,1.625,0.010905117027641409,1.6866564772851502,0.2256032166271425,0.253403014247767,0.4642857142857143,0.4642857142857143,0.33034756720403013,0.3710544137199446,0.7014019809239747,0.17300292130385644,0.19282468598667987,,0.0,0.2356710655904555,1.139778219001459,1.1830241943060573,0.0,0.0,,,,,,,,,dipole fitting disabled,,False,,False,,False,,False,,False,,False,,False,,0,,,0.0,left_M1,
pr_Agency_EBCI,test,05_15 Arina,03_calib_MI,test/05_15 Arina/03_calib_MI,C:\Users\hodor\Documents\lab-Shishkin\projects\BCI_classifier\data\pr_Agency_EBCI\trans\test\05_15 Arina\EPOCHS_03_calib_MI.hdf,"MATRIX_[10, 14]_robust_concat_03_calib_MI.hdf","C:\Users\hodor\Documents\lab-Shishkin\projects\BCI_classifier\data\pr_Agency_EBCI\features\csp\test\05_15 Arina\MATRIX_[10, 14]_robust_concat_03_calib_MI.hdf","[10, 14]",53,54,-3,last5,0.8414074319496174,0.341,1.669,0.005884013153547585,1.690025793941439,0.26409705790081384,0.21094954651889344,0.4821428571428571,0.4821428571428571,0.3914295679601348,0.3126573635905028,0.7040869315506375,0.21487768834402496,0.14081291855194839,,0.0,0.2400936436587674,1.1751210887580141,1.1899250754976578,0.0,0.0,,,,,,,,,dipole fitting disabled,,False,,False,,False,,False,,False,,False,,False,,0,,,0.0,left_M1,
pr_Agency_EBCI,test,05_15 Arina,03_calib_MI,test/05_15 Arina/03_calib_MI,C:\Users\hodor\Documents\lab-Shishkin\projects\BCI_classifier\data\pr_Agency_EBCI\trans\test\05_15 Arina\EPOCHS_03_calib_MI.hdf,"MATRIX_[10, 14]_robust_concat_03_calib_MI.hdf","C:\Users\hodor\Documents\lab-Shishkin\projects\BCI_classifier\data\pr_Agency_EBCI\features\csp\test\05_15 Arina\MATRIX_[10, 14]_robust_concat_03_calib_MI.hdf","[10, 14]",54,55,-2,last5,0.8571958654510324,0.357,1.792,0.01578843350141501,1.7365458830400207,0.5097135543277448,0.5465357200346134,0.5178571428571428,0.5178571428571428,0.7736723592474697,0.8295631464811095,1.6032355057285792,0.19756443838415597,0.21207894152505274,,0.0,0.5723550755451028,2.872998026265614,2.7840920170165497,0.0,0.0,,,,,,,,,dipole fitting disabled,,False,,False,,False,,False,,False,,False,,False,,0,,,0.0,left_M1,
pr_Agency_EBCI,test,05_15 Arina,03_calib_MI,test/05_15 Arina/03_calib_MI,C:\Users\hodor\Documents\lab-Shishkin\projects\BCI_classifier\data\pr_Agency_EBCI\trans\test\05_15 Arina\EPOCHS_03_calib_MI.hdf,"MATRIX_[10, 14]_robust_concat_03_calib_MI.hdf","C:\Users\hodor\Documents\lab-Shishkin\projects\BCI_classifier\data\pr_Agency_EBCI\features\csp\test\05_15 Arina\MATRIX_[10, 14]_robust_concat_03_calib_MI.hdf","[10, 14]",55,56,-1,last5,0.8646827840659048,0.365,1.855,0.007486918614872384,1.7409309011777137,0.327885570466941,0.4178900419204374,0.5892857142857143,0.5892857142857143,0.5211038530635312,0.6641466737664095,1.1852505268299407,0.16016145666344195,0.2062608439664893,,0.0,0.43261644229292834,2.19863972726954,2.0634392677954083,0.0,0.0,,,,,,,,,dipole fitting disabled,,False,,False,,False,,False,,False,,False,,False,,0,,,0.0,left_M1,
pr_Agency_EBCI,test,05_15 Arina,03_calib_MI,test/05_15 Arina/03_calib_MI,C:\Users\hodor\Documents\lab-Shishkin\projects\BCI_classifier\data\pr_Agency_EBCI\trans\test\05_15 Arina\EPOCHS_03_calib_MI.hdf,"MATRIX_[8, 15]_robust_concat_03_calib_MI.hdf","C:\Users\hodor\Documents\lab-Shishkin\projects\BCI_classifier\data\pr_Agency_EBCI\features\csp\test\05_15 Arina\MATRIX_[8, 15]_robust_concat_03_calib_MI.hdf","[8, 15]",0,1,0,first5,0.17663719232504024,0.323,1.539,0.028961641125789916,1.6834184403345205,1.3042195434517303,0.5551449396826019,0.5357142857142857,0.5357142857142857,2.0029085845865855,0.8525440145125671,2.8554525990991526,0.3393211155102169,0.1394883130070913,,0.0,0.9223111895090264,4.394541550013596,4.806921560824648,0.0,0.0,,,,,,,,,dipole fitting disabled,,False,,False,,False,,False,,False,,False,,False,,0,,,0.0,left_M1,
pr_Agency_EBCI,test,05_15 Arina,03_calib_MI,test/05_15 Arina/03_calib_MI,C:\Users\hodor\Documents\lab-Shishkin\projects\BCI_classifier\data\pr_Agency_EBCI\trans\test\05_15 Arina\EPOCHS_03_calib_MI.hdf,"MATRIX_[8, 15]_robust_concat_03_calib_MI.hdf","C:\Users\hodor\Documents\lab-Shishkin\projects\BCI_classifier\data\pr_Agency_EBCI\features\csp\test\05_15 Arina\MATRIX_[8, 15]_robust_concat_03_calib_MI.hdf","[8, 15]",1,2,1,first5,0.20559883345083016,0.294,1.352,0.08212066528837506,1.684573902379129,0.3705806836327219,0.5882582591669316,0.5,0.5,0.5558710254490828,0.8823873887503975,1.4382584141994803,0.19585917010676146,0.3186028537602269,,0.0,0.42284797377464717,1.9445253759976975,2.4228525894376363,0.0,0.0,,,,,,,,,dipole fitting disabled,,False,,False,,False,,False,,False,,False,,False,,0,,,0.0,left_M1,
pr_Agency_EBCI,test,05_15 Arina,03_calib_MI,test/05_15 Arina/03_calib_MI,C:\Users\hodor\Documents\lab-Shishkin\projects\BCI_classifier\data\pr_Agency_EBCI\trans\test\05_15 Arina\EPOCHS_03_calib_MI.hdf,"MATRIX_[8, 15]_robust_concat_03_calib_MI.hdf","C:\Users\hodor\Documents\lab-Shishkin\projects\BCI_classifier\data\pr_Agency_EBCI\features\csp\test\05_15 Arina\MATRIX_[8, 15]_robust_concat_03_calib_MI.hdf","[8, 15]",2,3,2,first5,0.2877194987392052,0.212,0.906,0.057606641957956284,1.4728504323803469,0.5279038693852017,0.28077161925202343,0.5535714285714286,0.5535714285714286,0.8201363685091527,0.43619876562367926,1.256335134132832,0.2819071008733589,0.14379461995212023,,0.0,0.26634304843616036,1.1382396315243457,1.8503937455221626,0.0,0.0,,,,,,,,,dipole fitting disabled,,False,,False,,False,,False,,False,,False,,False,,0,,,0.0,left_M1,
pr_Agency_EBCI,test,05_15 Arina,03_calib_MI,test/05_15 Arina/03_calib_MI,C:\Users\hodor\Documents\lab-Shishkin\projects\BCI_classifier\data\pr_Agency_EBCI\trans\test\05_15 Arina\EPOCHS_03_calib_MI.hdf,"MATRIX_[8, 15]_robust_concat_03_calib_MI.hdf","C:\Users\hodor\Documents\lab-Shishkin\projects\BCI_classifier\data\pr_Agency_EBCI\features\csp\test\05_15 Arina\MATRIX_[8, 15]_robust_concat_03_calib_MI.hdf","[8, 15]",3,4,3,first5,0.3453261406971615,0.155,0.64,0.017611021357054946,1.320918833241374,0.22507192799436182,0.4689676590747113,0.5357142857142857,0.5357142857142857,0.3456461751341985,0.7202003335790208,1.0658465087132192,0.13422678411307384,0.30298023125085954,,0.0,0.16520620885054896,0.6821417655764603,1.4078967267038573,0.0,0.0,,,,,,,,,dipole fitting disabled,,False,,False,,False,,False,,False,,False,,False,,0,,,0.0,left_M1,
pr_Agency_EBCI,test,05_15 Arina,03_calib_MI,test/05_15 Arina/03_calib_MI,C:\Users\hodor\Documents\lab-Shishkin\projects\BCI_classifier\data\pr_Agency_EBCI\trans\test\05_15 Arina\EPOCHS_03_calib_MI.hdf,"MATRIX_[8, 15]_robust_concat_03_calib_MI.hdf","C:\Users\hodor\Documents\lab-Shishkin\projects\BCI_classifier\data\pr_Agency_EBCI\features\csp\test\05_15 Arina\MATRIX_[8, 15]_robust_concat_03_calib_MI.hdf","[8, 15]",4,5,4,first5,0.36293716205421644,0.137,0.563,0.022030710659079134,1.2860728294411754,0.14402440145901846,0.444355684292603,0.5,0.5,0.2160366021885277,0.6665335264389045,0.8825701286274322,0.11929493935361829,0.3527216549736481,,0.0,0.12091210762195823,0.49688698241724427,1.1350494625041438,0.0,0.0,,,,,,,,,dipole fitting disabled,,False,,False,,False,,False,,False,,False,,False,,0,,,0.0,left_M1,
pr_Agency_EBCI,test,05_15 Arina,03_calib_MI,test/05_15 Arina/03_calib_MI,C:\Users\hodor\Documents\lab-Shishkin\projects\BCI_classifier\data\pr_Agency_EBCI\trans\test\05_15 Arina\EPOCHS_03_calib_MI.hdf,"MATRIX_[8, 15]_robust_concat_03_calib_MI.hdf","C:\Users\hodor\Documents\lab-Shishkin\projects\BCI_classifier\data\pr_Agency_EBCI\features\csp\test\05_15 Arina\MATRIX_[8, 15]_robust_concat_03_calib_MI.hdf","[8, 15]",51,52,-5,last5,0.7553149208796032,0.255,1.127,0.0032545716086451737,1.513319663040818,0.29954645249695044,0.4866341318956069,0.4821428571428571,0.4821428571428571,0.4439706349508373,0.7212613026309889,1.165231937581826,0.1513636272295771,0.267252994826346,,0.0,0.29713414408336564,1.313216393654718,1.7633684031457286,0.0,0.0,,,,,,,,,dipole fitting disabled,,False,,False,,False,,False,,False,,False,,False,,0,,,0.0,left_M1,
pr_Agency_EBCI,test,05_15 Arina,03_calib_MI,test/05_15 Arina/03_calib_MI,C:\Users\hodor\Documents\lab-Shishkin\projects\BCI_classifier\data\pr_Agency_EBCI\trans\test\05_15 Arina\EPOCHS_03_calib_MI.hdf,"MATRIX_[8, 15]_robust_concat_03_calib_MI.hdf","C:\Users\hodor\Documents\lab-Shishkin\projects\BCI_classifier\data\pr_Agency_EBCI\features\csp\test\05_15 Arina\MATRIX_[8, 15]_robust_concat_03_calib_MI.hdf","[8, 15]",52,53,-4,last5,0.7597142179206893,0.26,1.151,0.004399297041086103,1.5245752689227294,0.23105866913536993,0.1508794398928629,0.6071428571428572,0.6071428571428572,0.3713442896818446,0.24248481411352968,0.6138291037953743,0.18534963701615406,0.1168625298842423,,0.0,0.1595955669867973,0.7065172984684758,0.9358286709914307,0.0,0.0,,,,,,,,,dipole fitting disabled,,False,,False,,False,,False,,False,,False,,False,,0,,,0.0,left_M1,
pr_Agency_EBCI,test,05_15 Arina,03_calib_MI,test/05_15 Arina/03_calib_MI,C:\Users\hodor\Documents\lab-Shishkin\projects\BCI_classifier\data\pr_Agency_EBCI\trans\test\05_15 Arina\EPOCHS_03_calib_MI.hdf,"MATRIX_[8, 15]_robust_concat_03_calib_MI.hdf","C:\Users\hodor\Documents\lab-Shishkin\projects\BCI_classifier\data\pr_Agency_EBCI\features\csp\test\05_15 Arina\MATRIX_[8, 15]_robust_concat_03_calib_MI.hdf","[8, 15]",53,54,-3,last5,0.7745266924751003,0.275,1.234,0.014812474554411037,1.5662937220098523,0.17645710956190022,0.38273983662691424,0.5535714285714286,0.5535714285714286,0.27413872378366644,0.5946136747596703,0.8687523985433367,0.1430984915217572,0.3071373194684922,,0.0,0.23890690959941763,1.0720404598024775,1.3607214278194295,0.0,0.0,,,,,,,,,dipole fitting disabled,,False,,False,,False,,False,,False,,False,,False,,0,,,0.0,left_M1,
pr_Agency_EBCI,test,05_15 Arina,03_calib_MI,test/05_15 Arina/03_calib_MI,C:\Users\hodor\Documents\lab-Shishkin\projects\BCI_classifier\data\pr_Agency_EBCI\trans\test\05_15 Arina\EPOCHS_03_calib_MI.hdf,"MATRIX_[8, 15]_robust_concat_03_calib_MI.hdf","C:\Users\hodor\Documents\lab-Shishkin\projects\BCI_classifier\data\pr_Agency_EBCI\features\csp\test\05_15 Arina\MATRIX_[8, 15]_robust_concat_03_calib_MI.hdf","[8, 15]",54,55,-2,last5,0.7822833912447805,0.282,1.279,0.007756698769680215,1.5727495562121994,0.0688923220174735,0.09662039395005387,0.5178571428571428,0.5178571428571428,0.10456870306223656,0.14665595510276033,0.2512246581649969,0.16737162901590164,0.21051220342672725,,0.0,0.07084535360252912,0.321316337793031,0.39511346963856037,0.0,0.0,,,,,,,,,dipole fitting disabled,,False,,False,,False,,False,,False,,False,,False,,0,,,0.0,left_M1,
pr_Agency_EBCI,test,05_15 Arina,03_calib_MI,test/05_15 Arina/03_calib_MI,C:\Users\hodor\Documents\lab-Shishkin\projects\BCI_classifier\data\pr_Agency_EBCI\trans\test\05_15 Arina\EPOCHS_03_calib_MI.hdf,"MATRIX_[8, 15]_robust_concat_03_calib_MI.hdf","C:\Users\hodor\Documents\lab-Shishkin\projects\BCI_classifier\data\pr_Agency_EBCI\features\csp\test\05_15 Arina\MATRIX_[8, 15]_robust_concat_03_calib_MI.hdf","[8, 15]",55,56,-1,last5,0.8045853528040701,0.305,1.415,0.02230196155928954,1.6372083931023331,0.5818946521510631,0.49242428305913033,0.5892857142857143,0.5892857142857143,0.9247968578829396,0.7826028784332608,1.7073997363162006,0.21143272025695323,0.1801159261133083,,0.0,0.5207569195764412,2.415970626887424,2.795369178677594,0.0,0.0,,,,,,,,,dipole fitting disabled,,False,,False,,False,,False,,False,,False,,False,,0,,,0.0,left_M1,
