project,stage,subject,record,matrix,band,component,global_score,motor_score,motority,global_second_score,global_locality,global_locality_ratio,global_n90,global_fraction90,motor_second_score,motor_locality,motor_locality_ratio,motor_n90,motor_fraction90,global_source_idx,motor_source_idx,global_orientation,motor_orientation,separability_score,final_score,global_x_mm,global_y_mm,global_z_mm,motor_x_mm,motor_y_mm,motor_z_mm,matrix_path
pr_AstroSync,exp,01TG,EPOCHS_im_rec_calib.hdf,"MATRIX_[8, 12]_robust_concat+reg0.1_im_rec_calib.hdf","[8, 12]",0,0.8464619241560492,0.8464619241560492,1.0,0.8461010331161819,0.00036089103986725046,1.0004265342148775,123,0.1782608695652174,0.8461010331161819,0.00036089103986725046,1.0004265342148775,52,0.3969465648854962,530,530,1,1,0.8366001925960846,0.9135817119738342,-30.0,15.0,30.0,-30.0,15.0,30.0,"C:\Users\hodor\Documents\lab-Shishkin\projects\BCI_classifier\data\pr_AstroSync\features\csp\exp\01TG\MATRIX_[8, 12]_robust_concat+reg0.1_im_rec_calib.hdf"
pr_AstroSync,exp,01TG,EPOCHS_im_rec_calib.hdf,"MATRIX_[8, 12]_robust_concat+reg0.1_im_rec_calib.hdf","[8, 12]",1,0.8377425148112013,0.8366493203546054,0.9986950710543295,0.8366493203546054,0.0010931944565959473,1.001306634010212,102,0.14782608695652175,0.8284146632029188,0.008234657151686586,1.0099402600140475,30,0.22900763358778625,617,608,1,1,0.4121249165407368,0.8246650274067076,30.0,30.0,45.0,30.0,15.0,45.0,"C:\Users\hodor\Documents\lab-Shishkin\projects\BCI_classifier\data\pr_AstroSync\features\csp\exp\01TG\MATRIX_[8, 12]_robust_concat+reg0.1_im_rec_calib.hdf"
pr_AstroSync,exp,01TG,EPOCHS_im_rec_calib.hdf,"MATRIX_[8, 12]_robust_concat+reg0.1_im_rec_calib.hdf","[8, 12]",2,0.8686444200933199,0.8686444200933199,1.0,0.8652066164321307,0.003437803661189176,1.0039733903970427,111,0.1608695652173913,0.8652066164321307,0.003437803661189176,1.0039733903970427,58,0.44274809160305345,607,607,1,1,0.31255465755874756,0.8165364785444115,15.0,15.0,45.0,15.0,15.0,45.0,"C:\Users\hodor\Documents\lab-Shishkin\projects\BCI_classifier\data\pr_AstroSync\features\csp\exp\01TG\MATRIX_[8, 12]_robust_concat+reg0.1_im_rec_calib.hdf"
pr_AstroSync,exp,01TG,EPOCHS_im_rec_calib.hdf,"MATRIX_[8, 12]_robust_concat+reg0.1_im_rec_calib.hdf","[8, 12]",3,0.6503677114537694,0.5572061102467034,0.8567554945204437,0.6388350750514493,0.011532636402320051,1.0180526036417008,34,0.04927536231884058,0.5513775454528309,0.005828564793872504,1.0105709143252934,4,0.030534351145038167,626,669,1,1,0.28374919215664396,0.6373119495518746,45.0,45.0,45.0,15.0,30.0,60.0,"C:\Users\hodor\Documents\lab-Shishkin\projects\BCI_classifier\data\pr_AstroSync\features\csp\exp\01TG\MATRIX_[8, 12]_robust_concat+reg0.1_im_rec_calib.hdf"
pr_AstroSync,exp,01TG,EPOCHS_im_rec_calib.hdf,"MATRIX_[8, 12]_robust_concat+reg0.1_im_rec_calib.hdf","[8, 12]",4,0.8044554825501125,0.7637615320725115,0.9494142915794399,0.7869647436112662,0.01749073893884623,1.0222255686558255,124,0.17971014492753623,0.757406126090246,0.006355405982265472,1.0083910147585844,46,0.3511450381679389,53,533,2,1,0.2032531786108559,0.7352036031582981,-30.0,45.0,-60.0,15.0,15.0,30.0,"C:\Users\hodor\Documents\lab-Shishkin\projects\BCI_classifier\data\pr_AstroSync\features\csp\exp\01TG\MATRIX_[8, 12]_robust_concat+reg0.1_im_rec_calib.hdf"
pr_AstroSync,exp,01TG,EPOCHS_im_rec_calib.hdf,"MATRIX_[8, 12]_robust_concat+reg0.1_im_rec_calib.hdf","[8, 12]",5,0.8900125320817138,0.8900125320817138,1.0,0.8892477717734867,0.0007647603082271415,1.0008600081242847,88,0.12753623188405797,0.8892477717734867,0.0007647603082271415,1.0008600081242847,43,0.3282442748091603,599,599,2,2,0.12452059610530375,0.7864085054496606,30.0,0.0,45.0,30.0,0.0,45.0,"C:\Users\hodor\Documents\lab-Shishkin\projects\BCI_classifier\data\pr_AstroSync\features\csp\exp\01TG\MATRIX_[8, 12]_robust_concat+reg0.1_im_rec_calib.hdf"
pr_AstroSync,exp,01TG,EPOCHS_im_rec_calib.hdf,"MATRIX_[8, 12]_robust_concat+reg0.1_im_rec_calib.hdf","[8, 12]",6,0.8244659958815141,0.7936433184381855,0.962614980366324,0.810740817551159,0.013725178330355137,1.0169291813526942,110,0.15942028985507245,0.7875623136105478,0.006081004827637626,1.0077212999181735,30,0.22900763358778625,52,524,2,0,0.09656748133402882,0.7302653988850165,45.0,30.0,-60.0,30.0,0.0,30.0,"C:\Users\hodor\Documents\lab-Shishkin\projects\BCI_classifier\data\pr_AstroSync\features\csp\exp\01TG\MATRIX_[8, 12]_robust_concat+reg0.1_im_rec_calib.hdf"
pr_AstroSync,exp,01TG,EPOCHS_im_rec_calib.hdf,"MATRIX_[8, 12]_robust_concat+reg0.1_im_rec_calib.hdf","[8, 12]",7,0.607422055589328,0.5649860503251433,0.9301375297888832,0.6048230045318965,0.002599051057431523,1.0042972093289393,85,0.12318840579710146,0.5484064857029618,0.016579564622181464,1.0302322548226783,12,0.0916030534351145,555,612,0,0,0.06020223871078312,0.6283474537609542,-45.0,60.0,30.0,-45.0,30.0,45.0,"C:\Users\hodor\Documents\lab-Shishkin\projects\BCI_classifier\data\pr_AstroSync\features\csp\exp\01TG\MATRIX_[8, 12]_robust_concat+reg0.1_im_rec_calib.hdf"
pr_AstroSync,exp,01TG,EPOCHS_im_rec_calib.hdf,"MATRIX_[8, 12]_robust_concat+reg0.1_im_rec_calib.hdf","[8, 12]",8,0.6946007033190844,0.4993262281242266,0.7188680140089738,0.69215289967454,0.002447803644544444,1.0035365071008089,18,0.02608695652173913,0.4848416570492359,0.014484571074990737,1.0298748485498221,33,0.25190839694656486,68,685,2,0,0.03509026222985512,0.5052728385934886,30.0,-45.0,-45.0,30.0,0.0,75.0,"C:\Users\hodor\Documents\lab-Shishkin\projects\BCI_classifier\data\pr_AstroSync\features\csp\exp\01TG\MATRIX_[8, 12]_robust_concat+reg0.1_im_rec_calib.hdf"
pr_AstroSync,exp,01TG,EPOCHS_im_rec_calib.hdf,"MATRIX_[8, 12]_robust_concat+reg0.1_im_rec_calib.hdf","[8, 12]",9,0.7644491496057174,0.7608603416187536,0.9953053672846457,0.7643468013381816,0.00010234826753585669,1.0001339029186185,76,0.11014492753623188,0.7605942837990323,0.0002660578197213326,1.000349802549649,29,0.22137404580152673,650,649,0,0,0.025109690388339656,0.7192104729223222,45.0,-15.0,60.0,30.0,-15.0,60.0,"C:\Users\hodor\Documents\lab-Shishkin\projects\BCI_classifier\data\pr_AstroSync\features\csp\exp\01TG\MATRIX_[8, 12]_robust_concat+reg0.1_im_rec_calib.hdf"
pr_AstroSync,exp,01TG,EPOCHS_im_rec_calib.hdf,"MATRIX_[8, 12]_robust_concat+reg0.1_im_rec_calib.hdf","[8, 12]",10,0.8871450354675235,0.7227124616500037,0.8146497277856442,0.8592238696319376,0.027921165835585904,1.0324957986182883,9,0.013043478260869565,0.7193227534516871,0.003389708198316632,1.004712360594811,21,0.16030534351145037,0,533,2,1,0.005878313280275327,0.6207174017370962,0.0,-30.0,-75.0,15.0,15.0,30.0,"C:\Users\hodor\Documents\lab-Shishkin\projects\BCI_classifier\data\pr_AstroSync\features\csp\exp\01TG\MATRIX_[8, 12]_robust_concat+reg0.1_im_rec_calib.hdf"
pr_AstroSync,exp,01TG,EPOCHS_im_rec_calib.hdf,"MATRIX_[8, 12]_robust_concat+reg0.1_im_rec_calib.hdf","[8, 12]",11,0.8226750985431999,0.6122896129516745,0.7442666175698307,0.7914264800676426,0.031248618475557266,1.0394839182950846,7,0.010144927536231883,0.608284855782974,0.0040047571687005235,1.006583687117355,54,0.4122137404580153,13,425,2,1,0.0031013774362023128,0.5498416179267502,-30.0,-45.0,-60.0,-15.0,-15.0,15.0,"C:\Users\hodor\Documents\lab-Shishkin\projects\BCI_classifier\data\pr_AstroSync\features\csp\exp\01TG\MATRIX_[8, 12]_robust_concat+reg0.1_im_rec_calib.hdf"
pr_AstroSync,exp,01TG,EPOCHS_im_rec_calib.hdf,"MATRIX_[8, 12]_robust_concat+reg0.1_im_rec_calib.hdf","[8, 12]",12,0.776614581600253,0.749246495185313,0.9647597572034424,0.7730394507265386,0.003575130873714416,1.0046247715693608,40,0.057971014492753624,0.7460283347370935,0.0032181604482195425,1.0043137241554687,19,0.1450381679389313,488,581,1,1,0.03254483167066513,0.7028871303905416,30.0,-60.0,30.0,30.0,-30.0,45.0,"C:\Users\hodor\Documents\lab-Shishkin\projects\BCI_classifier\data\pr_AstroSync\features\csp\exp\01TG\MATRIX_[8, 12]_robust_concat+reg0.1_im_rec_calib.hdf"
pr_AstroSync,exp,01TG,EPOCHS_im_rec_calib.hdf,"MATRIX_[8, 12]_robust_concat+reg0.1_im_rec_calib.hdf","[8, 12]",13,0.8225552626405779,0.7014198852188427,0.8527328400612686,0.8035801868465837,0.018975075793994156,1.023613170290393,11,0.015942028985507246,0.7003211045472794,0.0010987806715633264,1.0015689669559131,23,0.17557251908396945,88,518,2,0,0.04532188515132196,0.6382911148844302,-60.0,0.0,-45.0,-60.0,0.0,30.0,"C:\Users\hodor\Documents\lab-Shishkin\projects\BCI_classifier\data\pr_AstroSync\features\csp\exp\01TG\MATRIX_[8, 12]_robust_concat+reg0.1_im_rec_calib.hdf"
pr_AstroSync,exp,01TG,EPOCHS_im_rec_calib.hdf,"MATRIX_[8, 12]_robust_concat+reg0.1_im_rec_calib.hdf","[8, 12]",14,0.8725860054811112,0.8036199728432379,0.9209636274193419,0.8667792939920012,0.00580671148911005,1.0066991811287587,42,0.06086956521739131,0.799400507625204,0.004219465218033958,1.0052782868884695,68,0.5190839694656488,45,531,2,0,0.0576876421386614,0.7072381512615694,45.0,15.0,-60.0,-15.0,15.0,30.0,"C:\Users\hodor\Documents\lab-Shishkin\projects\BCI_classifier\data\pr_AstroSync\features\csp\exp\01TG\MATRIX_[8, 12]_robust_concat+reg0.1_im_rec_calib.hdf"
pr_AstroSync,exp,01TG,EPOCHS_im_rec_calib.hdf,"MATRIX_[8, 12]_robust_concat+reg0.1_im_rec_calib.hdf","[8, 12]",15,0.7935730854843897,0.6899558098373973,0.8694294482231019,0.7717955284258016,0.021777557058588082,1.0282167442755297,16,0.02318840579710145,0.6858710174761775,0.004084792361219836,1.005955627599269,24,0.183206106870229,19,616,2,0,0.06807392171746285,0.6463425694869775,-30.0,-30.0,-60.0,15.0,30.0,45.0,"C:\Users\hodor\Documents\lab-Shishkin\projects\BCI_classifier\data\pr_AstroSync\features\csp\exp\01TG\MATRIX_[8, 12]_robust_concat+reg0.1_im_rec_calib.hdf"
pr_AstroSync,exp,01TG,EPOCHS_im_rec_calib.hdf,"MATRIX_[8, 12]_robust_concat+reg0.1_im_rec_calib.hdf","[8, 12]",16,0.7006098563533463,0.6979761769878756,0.9962408759431691,0.7005715684609156,3.828789243065511e-05,1.00005465236409,152,0.22028985507246376,0.6966074256433308,0.0013687513445448385,1.0019648819322888,34,0.2595419847328244,539,529,1,1,0.08592968597639006,0.7097859933154607,-30.0,30.0,30.0,-45.0,15.0,30.0,"C:\Users\hodor\Documents\lab-Shishkin\projects\BCI_classifier\data\pr_AstroSync\features\csp\exp\01TG\MATRIX_[8, 12]_robust_concat+reg0.1_im_rec_calib.hdf"
pr_AstroSync,exp,01TG,EPOCHS_im_rec_calib.hdf,"MATRIX_[8, 12]_robust_concat+reg0.1_im_rec_calib.hdf","[8, 12]",17,0.8607569199203029,0.6494449057291689,0.7545044259293329,0.8448166238346604,0.015940296085642514,1.018868350404007,19,0.02753623188405797,0.6481270263496196,0.0013178793795493027,1.0020333658773217,54,0.4122137404580153,47,504,2,1,0.09258966960647363,0.5853506425947036,-30.0,30.0,-60.0,15.0,-30.0,30.0,"C:\Users\hodor\Documents\lab-Shishkin\projects\BCI_classifier\data\pr_AstroSync\features\csp\exp\01TG\MATRIX_[8, 12]_robust_concat+reg0.1_im_rec_calib.hdf"
pr_AstroSync,exp,01TG,EPOCHS_im_rec_calib.hdf,"MATRIX_[8, 12]_robust_concat+reg0.1_im_rec_calib.hdf","[8, 12]",18,0.6664443262081882,0.605794454761416,0.9089948416368903,0.663594143295092,0.002850182913096133,1.0042950694214139,140,0.2028985507246377,0.6042338096089087,0.0015606451525073117,1.0025828497639306,18,0.13740458015267176,13,533,2,0,0.10938146957497707,0.6429520318180917,-30.0,-45.0,-60.0,15.0,15.0,30.0,"C:\Users\hodor\Documents\lab-Shishkin\projects\BCI_classifier\data\pr_AstroSync\features\csp\exp\01TG\MATRIX_[8, 12]_robust_concat+reg0.1_im_rec_calib.hdf"
pr_AstroSync,exp,01TG,EPOCHS_im_rec_calib.hdf,"MATRIX_[8, 12]_robust_concat+reg0.1_im_rec_calib.hdf","[8, 12]",19,0.9168469297573555,0.6849097412803001,0.7470273598031922,0.8961447248713718,0.020702204885983733,1.0231014079661689,19,0.02753623188405797,0.6829807843742661,0.0019289569060340073,1.0028243209035541,51,0.3893129770992366,23,424,2,0,0.13500260410832254,0.6028812421812061,30.0,-30.0,-60.0,-30.0,-15.0,15.0,"C:\Users\hodor\Documents\lab-Shishkin\projects\BCI_classifier\data\pr_AstroSync\features\csp\exp\01TG\MATRIX_[8, 12]_robust_concat+reg0.1_im_rec_calib.hdf"
pr_AstroSync,exp,01TG,EPOCHS_im_rec_calib.hdf,"MATRIX_[8, 12]_robust_concat+reg0.1_im_rec_calib.hdf","[8, 12]",20,0.9615605006755357,0.9310148854454365,0.9682332882760476,0.9608943579339981,0.0006661427415375343,1.0006932528389174,219,0.3173913043478261,0.9298363732317875,0.0011785122136490633,1.0012674404310007,38,0.2900763358778626,231,425,1,1,0.1452220544258731,0.7906046005152989,0.0,-30.0,-15.0,-15.0,-15.0,15.0,"C:\Users\hodor\Documents\lab-Shishkin\projects\BCI_classifier\data\pr_AstroSync\features\csp\exp\01TG\MATRIX_[8, 12]_robust_concat+reg0.1_im_rec_calib.hdf"
pr_AstroSync,exp,01TG,EPOCHS_im_rec_calib.hdf,"MATRIX_[8, 12]_robust_concat+reg0.1_im_rec_calib.hdf","[8, 12]",21,0.9114791152589501,0.6545342771993852,0.7181012337440478,0.8918384273884444,0.019640687870505658,1.0220226974610402,25,0.036231884057971016,0.6536962682245008,0.0008380089748843966,1.001281954656343,45,0.3435114503816794,48,532,2,2,0.1529442787735933,0.582821407959325,-15.0,30.0,-60.0,0.0,15.0,30.0,"C:\Users\hodor\Documents\lab-Shishkin\projects\BCI_classifier\data\pr_AstroSync\features\csp\exp\01TG\MATRIX_[8, 12]_robust_concat+reg0.1_im_rec_calib.hdf"
pr_AstroSync,exp,01TG,EPOCHS_im_rec_calib.hdf,"MATRIX_[8, 12]_robust_concat+reg0.1_im_rec_calib.hdf","[8, 12]",22,0.8656989644250586,0.7292771210038336,0.842414223618914,0.8534370834013006,0.012261881023757915,1.0143676449761114,30,0.043478260869565216,0.7222437747619543,0.007033346241879235,1.0097381888050159,49,0.37404580152671757,48,531,2,2,0.1723573297466814,0.6688048589291894,-15.0,30.0,-60.0,-15.0,15.0,30.0,"C:\Users\hodor\Documents\lab-Shishkin\projects\BCI_classifier\data\pr_AstroSync\features\csp\exp\01TG\MATRIX_[8, 12]_robust_concat+reg0.1_im_rec_calib.hdf"
pr_AstroSync,exp,01TG,EPOCHS_im_rec_calib.hdf,"MATRIX_[8, 12]_robust_concat+reg0.1_im_rec_calib.hdf","[8, 12]",23,0.8722495727981707,0.7191268129210246,0.8244507482119718,0.8647524551659815,0.0074971176321891875,1.0086696690913126,16,0.02318840579710145,0.7188854103059306,0.00024140261509408845,1.0003358012440278,37,0.2824427480916031,39,530,2,0,0.18886255410855357,0.6604697320394567,-45.0,15.0,-60.0,-30.0,15.0,30.0,"C:\Users\hodor\Documents\lab-Shishkin\projects\BCI_classifier\data\pr_AstroSync\features\csp\exp\01TG\MATRIX_[8, 12]_robust_concat+reg0.1_im_rec_calib.hdf"
pr_AstroSync,exp,01TG,EPOCHS_im_rec_calib.hdf,"MATRIX_[8, 12]_robust_concat+reg0.1_im_rec_calib.hdf","[8, 12]",24,0.844848295864566,0.7286788390896954,0.8624966667465549,0.8431171037321334,0.0017311921324325574,1.0020533234645215,93,0.13478260869565217,0.7215897045046094,0.007089134585086088,1.0098243288960906,10,0.07633587786259542,267,524,1,1,0.1993006496010008,0.6830212236375433,60.0,15.0,-15.0,30.0,0.0,30.0,"C:\Users\hodor\Documents\lab-Shishkin\projects\BCI_classifier\data\pr_AstroSync\features\csp\exp\01TG\MATRIX_[8, 12]_robust_concat+reg0.1_im_rec_calib.hdf"
pr_AstroSync,exp,01TG,EPOCHS_im_rec_calib.hdf,"MATRIX_[8, 12]_robust_concat+reg0.1_im_rec_calib.hdf","[8, 12]",25,0.7331281163026024,0.7271649310124086,0.9918661074952793,0.7308205406635279,0.002307575639074577,1.0031575133848585,87,0.12608695652173912,0.7208600978496627,0.006304833162745993,1.0087462646102252,32,0.24427480916030533,434,519,2,2,0.20357376582401843,0.7415622273920223,-45.0,0.0,15.0,-45.0,0.0,30.0,"C:\Users\hodor\Documents\lab-Shishkin\projects\BCI_classifier\data\pr_AstroSync\features\csp\exp\01TG\MATRIX_[8, 12]_robust_concat+reg0.1_im_rec_calib.hdf"
pr_AstroSync,exp,01TG,EPOCHS_im_rec_calib.hdf,"MATRIX_[8, 12]_robust_concat+reg0.1_im_rec_calib.hdf","[8, 12]",26,0.8394820319788122,0.6924366227268761,0.8248379314262114,0.821544736606563,0.017937295372249196,1.0218336197324327,28,0.04057971014492753,0.6886817227906025,0.003754899936273648,1.0054523008408855,31,0.2366412213740458,142,663,2,1,0.20817497627247294,0.6551648823506964,45.0,-45.0,-30.0,30.0,15.0,60.0,"C:\Users\hodor\Documents\lab-Shishkin\projects\BCI_classifier\data\pr_AstroSync\features\csp\exp\01TG\MATRIX_[8, 12]_robust_concat+reg0.1_im_rec_calib.hdf"
pr_AstroSync,exp,01TG,EPOCHS_im_rec_calib.hdf,"MATRIX_[8, 12]_robust_concat+reg0.1_im_rec_calib.hdf","[8, 12]",27,0.7510039022669768,0.7096366938079262,0.9449174520476129,0.7484448576579061,0.0025590446090706376,1.003419149163612,97,0.14057971014492754,0.7096332121291972,3.4816787289893014e-06,1.0000049063074692,55,0.4198473282442748,487,564,1,1,0.2269228064713491,0.7189702575484698,15.0,-60.0,30.0,-15.0,-60.0,45.0,"C:\Users\hodor\Documents\lab-Shishkin\projects\BCI_classifier\data\pr_AstroSync\features\csp\exp\01TG\MATRIX_[8, 12]_robust_concat+reg0.1_im_rec_calib.hdf"
pr_AstroSync,exp,01TG,EPOCHS_im_rec_calib.hdf,"MATRIX_[8, 12]_robust_concat+reg0.1_im_rec_calib.hdf","[8, 12]",28,0.8911464360710664,0.753475950065026,0.8455130599938105,0.8760032507123654,0.015143185358700961,1.0172866771286369,48,0.06956521739130435,0.751639419735943,0.0018365303290830415,1.0024433661684857,15,0.11450381679389313,140,504,2,2,0.23477445629295213,0.6911523507785643,15.0,-45.0,-30.0,15.0,-30.0,30.0,"C:\Users\hodor\Documents\lab-Shishkin\projects\BCI_classifier\data\pr_AstroSync\features\csp\exp\01TG\MATRIX_[8, 12]_robust_concat+reg0.1_im_rec_calib.hdf"
pr_AstroSync,exp,01TG,EPOCHS_im_rec_calib.hdf,"MATRIX_[8, 12]_robust_concat+reg0.1_im_rec_calib.hdf","[8, 12]",29,0.8623984863268583,0.8361194346161377,0.9695279477789336,0.8596782492803356,0.002720237046522689,1.003164250170107,182,0.263768115942029,0.8336631161125145,0.002456318503623156,1.0029464161915636,35,0.26717557251908397,352,435,0,0,0.25622763423789197,0.7801749054637468,-45.0,15.0,0.0,-30.0,0.0,15.0,"C:\Users\hodor\Documents\lab-Shishkin\projects\BCI_classifier\data\pr_AstroSync\features\csp\exp\01TG\MATRIX_[8, 12]_robust_concat+reg0.1_im_rec_calib.hdf"
pr_AstroSync,exp,01TG,EPOCHS_im_rec_calib.hdf,"MATRIX_[8, 12]_robust_concat+reg0.1_im_rec_calib.hdf","[8, 12]",30,0.854259073185509,0.8025037878270936,0.9394150006912759,0.8536682088744181,0.0005908643110908995,1.0006921474935444,203,0.2942028985507246,0.8016922484174198,0.0008115394096738227,1.0010122829692762,35,0.26717557251908397,160,514,1,1,0.263979746752226,0.7564090254010021,45.0,-15.0,-30.0,30.0,-15.0,30.0,"C:\Users\hodor\Documents\lab-Shishkin\projects\BCI_classifier\data\pr_AstroSync\features\csp\exp\01TG\MATRIX_[8, 12]_robust_concat+reg0.1_im_rec_calib.hdf"
pr_AstroSync,exp,01TG,EPOCHS_im_rec_calib.hdf,"MATRIX_[8, 12]_robust_concat+reg0.1_im_rec_calib.hdf","[8, 12]",31,0.9128899532911785,0.9053303687347134,0.9917190625998117,0.9107250124787396,0.002164940812438898,1.0023771619125146,155,0.2246376811594203,0.9024157033800668,0.002914665354646573,1.0032298477782795,63,0.48091603053435117,61,523,2,1,0.26584470336446575,0.816308147899958,15.0,-60.0,-45.0,15.0,0.0,30.0,"C:\Users\hodor\Documents\lab-Shishkin\projects\BCI_classifier\data\pr_AstroSync\features\csp\exp\01TG\MATRIX_[8, 12]_robust_concat+reg0.1_im_rec_calib.hdf"
pr_AstroSync,exp,01TG,EPOCHS_im_rec_calib.hdf,"MATRIX_[8, 12]_robust_concat+reg0.1_im_rec_calib.hdf","[8, 12]",32,0.8116401677334625,0.700452618644323,0.8630088141156996,0.8106358210370442,0.0010043466964182457,1.001238961652513,127,0.18405797101449275,0.6926006566600896,0.007851961984233324,1.0113369254110987,23,0.17557251908396945,152,426,0,0,0.2839241868755784,0.6902972202526935,60.0,-30.0,-30.0,0.0,-15.0,15.0,"C:\Users\hodor\Documents\lab-Shishkin\projects\BCI_classifier\data\pr_AstroSync\features\csp\exp\01TG\MATRIX_[8, 12]_robust_concat+reg0.1_im_rec_calib.hdf"
pr_AstroSync,exp,01TG,EPOCHS_im_rec_calib.hdf,"MATRIX_[8, 12]_robust_concat+reg0.1_im_rec_calib.hdf","[8, 12]",33,0.8687496551918404,0.7877735152581471,0.9067900177574034,0.8599348232468342,0.008814831945006207,1.010250581447236,111,0.1608695652173913,0.7698451388816125,0.01792837637653455,1.0232882893858106,15,0.11450381679389313,50,504,2,1,0.309556103372141,0.7456874590056112,15.0,30.0,-60.0,15.0,-30.0,30.0,"C:\Users\hodor\Documents\lab-Shishkin\projects\BCI_classifier\data\pr_AstroSync\features\csp\exp\01TG\MATRIX_[8, 12]_robust_concat+reg0.1_im_rec_calib.hdf"
pr_AstroSync,exp,01TG,EPOCHS_im_rec_calib.hdf,"MATRIX_[8, 12]_robust_concat+reg0.1_im_rec_calib.hdf","[8, 12]",34,0.746512395224141,0.5664347310444042,0.7587747164925931,0.739576509886907,0.0069358853372339935,1.0093781850079238,29,0.042028985507246375,0.5659210670611372,0.0005136639832670209,1.0009076601193423,11,0.08396946564885496,299,412,1,0,0.3134306094785888,0.6023869001829261,0.0,-75.0,0.0,-60.0,-30.0,15.0,"C:\Users\hodor\Documents\lab-Shishkin\projects\BCI_classifier\data\pr_AstroSync\features\csp\exp\01TG\MATRIX_[8, 12]_robust_concat+reg0.1_im_rec_calib.hdf"
pr_AstroSync,exp,01TG,EPOCHS_im_rec_calib.hdf,"MATRIX_[8, 12]_robust_concat+reg0.1_im_rec_calib.hdf","[8, 12]",35,0.7234079640689351,0.7170359137824616,0.991191622703968,0.7204015312547225,0.003006432814212645,1.0041732737699438,58,0.08405797101449275,0.709113689151899,0.00792222463056258,1.0111720091598253,23,0.17557251908396945,600,599,2,2,0.32753089904892385,0.762504979850432,45.0,0.0,45.0,30.0,0.0,45.0,"C:\Users\hodor\Documents\lab-Shishkin\projects\BCI_classifier\data\pr_AstroSync\features\csp\exp\01TG\MATRIX_[8, 12]_robust_concat+reg0.1_im_rec_calib.hdf"
pr_AstroSync,exp,01TG,EPOCHS_im_rec_calib.hdf,"MATRIX_[8, 12]_robust_concat+reg0.1_im_rec_calib.hdf","[8, 12]",36,0.750923551641246,0.6333145522937089,0.8433808620191942,0.7383380547454839,0.01258549689576216,1.0170457107213586,101,0.1463768115942029,0.6270992231379363,0.006215329155772609,1.0099112372116676,23,0.17557251908396945,39,426,2,0,0.34067736033789675,0.6693169532790147,-45.0,15.0,-60.0,0.0,-15.0,15.0,"C:\Users\hodor\Documents\lab-Shishkin\projects\BCI_classifier\data\pr_AstroSync\features\csp\exp\01TG\MATRIX_[8, 12]_robust_concat+reg0.1_im_rec_calib.hdf"
pr_AstroSync,exp,01TG,EPOCHS_im_rec_calib.hdf,"MATRIX_[8, 12]_robust_concat+reg0.1_im_rec_calib.hdf","[8, 12]",37,0.9164173260673024,0.9077205685038572,0.9905100467701038,0.9159649948707913,0.0004523311965111132,1.000493830221727,107,0.15507246376811595,0.906324029753394,0.0013965387504631943,1.0015408824047656,43,0.3282442748091603,344,436,2,2,0.3549954500246195,0.8344308100278206,-15.0,0.0,0.0,-15.0,0.0,15.0,"C:\Users\hodor\Documents\lab-Shishkin\projects\BCI_classifier\data\pr_AstroSync\features\csp\exp\01TG\MATRIX_[8, 12]_robust_concat+reg0.1_im_rec_calib.hdf"
pr_AstroSync,exp,01TG,EPOCHS_im_rec_calib.hdf,"MATRIX_[8, 12]_robust_concat+reg0.1_im_rec_calib.hdf","[8, 12]",38,0.9282803593729768,0.9282803593729768,1.0,0.9272109969073403,0.001069362465636492,1.001153310809733,263,0.38115942028985506,0.9222873583903439,0.00599300098263289,1.0064979758511408,58,0.44274809160305345,437,437,0,0,0.37355530951346405,0.8496091876832347,0.0,0.0,15.0,0.0,0.0,15.0,"C:\Users\hodor\Documents\lab-Shishkin\projects\BCI_classifier\data\pr_AstroSync\features\csp\exp\01TG\MATRIX_[8, 12]_robust_concat+reg0.1_im_rec_calib.hdf"
pr_AstroSync,exp,01TG,EPOCHS_im_rec_calib.hdf,"MATRIX_[8, 12]_robust_concat+reg0.1_im_rec_calib.hdf","[8, 12]",39,0.8525530268464845,0.7275073977973234,0.8533280334342447,0.852074292019896,0.000478734826588445,1.0005618463449397,19,0.02753623188405797,0.7199622511544793,0.007545146642844114,1.0104799197884962,20,0.15267175572519084,52,404,2,1,0.38035257781248033,0.7146957198369694,45.0,30.0,-60.0,-45.0,-45.0,15.0,"C:\Users\hodor\Documents\lab-Shishkin\projects\BCI_classifier\data\pr_AstroSync\features\csp\exp\01TG\MATRIX_[8, 12]_robust_concat+reg0.1_im_rec_calib.hdf"
pr_AstroSync,exp,01TG,EPOCHS_im_rec_calib.hdf,"MATRIX_[8, 12]_robust_concat+reg0.1_im_rec_calib.hdf","[8, 12]",40,0.7687954742300518,0.5417238358823482,0.7046397306447262,0.7635753372486824,0.005220136981369361,1.0068364400036525,20,0.028985507246376812,0.5359954281401459,0.0057284077422022905,1.010687419036538,5,0.03816793893129771,317,581,1,1,0.383033960841227,0.583298013517194,60.0,-45.0,0.0,30.0,-30.0,45.0,"C:\Users\hodor\Documents\lab-Shishkin\projects\BCI_classifier\data\pr_AstroSync\features\csp\exp\01TG\MATRIX_[8, 12]_robust_concat+reg0.1_im_rec_calib.hdf"
pr_AstroSync,exp,01TG,EPOCHS_im_rec_calib.hdf,"MATRIX_[8, 12]_robust_concat+reg0.1_im_rec_calib.hdf","[8, 12]",41,0.8819360911673952,0.858756119506166,0.9737169485483392,0.8817837744735797,0.00015231669381554624,1.0001727370113003,262,0.37971014492753624,0.8575747927956587,0.0011813267105073022,1.001377520328759,47,0.35877862595419846,167,425,1,1,0.3962071776279148,0.8179787041994937,0.0,0.0,-30.0,-15.0,-15.0,15.0,"C:\Users\hodor\Documents\lab-Shishkin\projects\BCI_classifier\data\pr_AstroSync\features\csp\exp\01TG\MATRIX_[8, 12]_robust_concat+reg0.1_im_rec_calib.hdf"
pr_AstroSync,exp,01TG,EPOCHS_im_rec_calib.hdf,"MATRIX_[8, 12]_robust_concat+reg0.1_im_rec_calib.hdf","[8, 12]",42,0.7868826441690541,0.74136331939672,0.9421523335027902,0.7800189817339853,0.006863662435068751,1.0087993530872938,47,0.06811594202898551,0.7211358061272048,0.020227513269515107,1.0280495200732649,16,0.12213740458015267,395,572,0,0,0.418318953412669,0.7671095025476414,15.0,-75.0,15.0,15.0,-45.0,45.0,"C:\Users\hodor\Documents\lab-Shishkin\projects\BCI_classifier\data\pr_AstroSync\features\csp\exp\01TG\MATRIX_[8, 12]_robust_concat+reg0.1_im_rec_calib.hdf"
pr_AstroSync,exp,01TG,EPOCHS_im_rec_calib.hdf,"MATRIX_[8, 12]_robust_concat+reg0.1_im_rec_calib.hdf","[8, 12]",43,0.7747747823244553,0.7311109617338183,0.9436432088565943,0.7571997683295693,0.017575013994886035,1.0232105379979943,60,0.08695652173913043,0.7297270139482428,0.00138394778557549,1.0018965280976615,53,0.40458015267175573,10,579,2,2,0.4308485279142955,0.7666979861751629,0.0,15.0,-75.0,0.0,-30.0,45.0,"C:\Users\hodor\Documents\lab-Shishkin\projects\BCI_classifier\data\pr_AstroSync\features\csp\exp\01TG\MATRIX_[8, 12]_robust_concat+reg0.1_im_rec_calib.hdf"
pr_AstroSync,exp,01TG,EPOCHS_im_rec_calib.hdf,"MATRIX_[8, 12]_robust_concat+reg0.1_im_rec_calib.hdf","[8, 12]",44,0.8443714535822093,0.6894317441909268,0.81650290433913,0.8258307341910992,0.018540719391110128,1.0224509922233287,26,0.03768115942028986,0.6757614914626218,0.013670252728305021,1.0202294047545044,8,0.061068702290076333,328,514,1,1,0.44483140983175606,0.6976936993857841,75.0,-30.0,0.0,30.0,-15.0,30.0,"C:\Users\hodor\Documents\lab-Shishkin\projects\BCI_classifier\data\pr_AstroSync\features\csp\exp\01TG\MATRIX_[8, 12]_robust_concat+reg0.1_im_rec_calib.hdf"
pr_AstroSync,exp,01TG,EPOCHS_im_rec_calib.hdf,"MATRIX_[8, 12]_robust_concat+reg0.1_im_rec_calib.hdf","[8, 12]",45,0.8813265036499338,0.8813265036499338,1.0,0.8806574785898594,0.0006690250600743797,1.000759688160652,68,0.09855072463768116,0.8806574785898594,0.0006690250600743797,1.000759688160652,57,0.4351145038167939,588,588,2,2,0.4582592288455738,0.8501161220465916,0.0,-15.0,45.0,0.0,-15.0,45.0,"C:\Users\hodor\Documents\lab-Shishkin\projects\BCI_classifier\data\pr_AstroSync\features\csp\exp\01TG\MATRIX_[8, 12]_robust_concat+reg0.1_im_rec_calib.hdf"
pr_AstroSync,exp,01TG,EPOCHS_im_rec_calib.hdf,"MATRIX_[8, 12]_robust_concat+reg0.1_im_rec_calib.hdf","[8, 12]",46,0.780776952179457,0.780776952179457,1.0,0.7759295205564839,0.004847431622973075,1.0062472576368748,122,0.17681159420289855,0.7759295205564839,0.004847431622973075,1.0062472576368748,65,0.4961832061068702,597,597,2,2,0.47388816048864957,0.8180495653605399,0.0,0.0,45.0,0.0,0.0,45.0,"C:\Users\hodor\Documents\lab-Shishkin\projects\BCI_classifier\data\pr_AstroSync\features\csp\exp\01TG\MATRIX_[8, 12]_robust_concat+reg0.1_im_rec_calib.hdf"
pr_AstroSync,exp,01TG,EPOCHS_im_rec_calib.hdf,"MATRIX_[8, 12]_robust_concat+reg0.1_im_rec_calib.hdf","[8, 12]",47,0.8169634597114261,0.7102623825646062,0.8693930849924307,0.8100273629888046,0.006936096722621521,1.0085627931098884,10,0.014492753623188406,0.7003501572207338,0.009912225343872372,1.0141532421199246,12,0.0916030534351145,13,404,2,1,0.4886232655043876,0.7375433752450835,-30.0,-45.0,-60.0,-45.0,-45.0,15.0,"C:\Users\hodor\Documents\lab-Shishkin\projects\BCI_classifier\data\pr_AstroSync\features\csp\exp\01TG\MATRIX_[8, 12]_robust_concat+reg0.1_im_rec_calib.hdf"
pr_AstroSync,exp,01TG,EPOCHS_im_rec_calib.hdf,"MATRIX_[8, 12]_robust_concat+reg0.1_im_rec_calib.hdf","[8, 12]",48,0.8141801218884173,0.7211606562517292,0.8857507532596868,0.7764366661701203,0.03774345571829696,1.0486111196995265,9,0.013043478260869565,0.714365045359368,0.006795610892361248,1.009512798724555,27,0.20610687022900764,62,572,2,1,0.4957448104682396,0.7501430307486121,30.0,-60.0,-45.0,15.0,-45.0,45.0,"C:\Users\hodor\Documents\lab-Shishkin\projects\BCI_classifier\data\pr_AstroSync\features\csp\exp\01TG\MATRIX_[8, 12]_robust_concat+reg0.1_im_rec_calib.hdf"
pr_AstroSync,exp,01TG,EPOCHS_im_rec_calib.hdf,"MATRIX_[8, 12]_robust_concat+reg0.1_im_rec_calib.hdf","[8, 12]",49,0.7956379244210185,0.7662473113073144,0.9630603164937223,0.7944191801039697,0.0012187443170488255,1.0015341325430855,63,0.09130434782608696,0.7650398631133637,0.0012074481939506887,1.0015782814101175,23,0.17557251908396945,486,564,0,0,0.5132117812703001,0.804206057633795,0.0,-60.0,30.0,-15.0,-60.0,45.0,"C:\Users\hodor\Documents\lab-Shishkin\projects\BCI_classifier\data\pr_AstroSync\features\csp\exp\01TG\MATRIX_[8, 12]_robust_concat+reg0.1_im_rec_calib.hdf"
pr_AstroSync,exp,01TG,EPOCHS_im_rec_calib.hdf,"MATRIX_[8, 12]_robust_concat+reg0.1_im_rec_calib.hdf","[8, 12]",50,0.83749807746424,0.8054184447694908,0.9616958730318769,0.8278896757949196,0.009608401669320421,1.0116058962326044,190,0.2753623188405797,0.80164533366714,0.00377311110235079,1.004706708744989,49,0.37404580152671757,17,425,2,1,0.5313549380028286,0.8209305861342321,30.0,-45.0,-60.0,-15.0,-15.0,15.0,"C:\Users\hodor\Documents\lab-Shishkin\projects\BCI_classifier\data\pr_AstroSync\features\csp\exp\01TG\MATRIX_[8, 12]_robust_concat+reg0.1_im_rec_calib.hdf"
pr_AstroSync,exp,01TG,EPOCHS_im_rec_calib.hdf,"MATRIX_[8, 12]_robust_concat+reg0.1_im_rec_calib.hdf","[8, 12]",51,0.8049669489989302,0.661688521201707,0.8220070675256834,0.8022428191987091,0.0027241298002210756,1.0033956424850794,8,0.011594202898550725,0.6585841990839054,0.003104322117801539,1.0047136298169919,20,0.15267175572519084,58,514,2,0,0.5534875471410325,0.7121916722353615,-30.0,-60.0,-45.0,30.0,-15.0,30.0,"C:\Users\hodor\Documents\lab-Shishkin\projects\BCI_classifier\data\pr_AstroSync\features\csp\exp\01TG\MATRIX_[8, 12]_robust_concat+reg0.1_im_rec_calib.hdf"
pr_AstroSync,exp,01TG,EPOCHS_im_rec_calib.hdf,"MATRIX_[8, 12]_robust_concat+reg0.1_im_rec_calib.hdf","[8, 12]",52,0.8661891709567272,0.8253176530443636,0.952814559125439,0.8648902377330554,0.0012989332236718054,1.001501847479602,109,0.15797101449275364,0.8015916167768775,0.02372603626748604,1.0295986581831857,28,0.21374045801526717,130,405,0,0,0.5803407655720088,0.8336958832863766,-15.0,-60.0,-30.0,-30.0,-45.0,15.0,"C:\Users\hodor\Documents\lab-Shishkin\projects\BCI_classifier\data\pr_AstroSync\features\csp\exp\01TG\MATRIX_[8, 12]_robust_concat+reg0.1_im_rec_calib.hdf"
pr_AstroSync,exp,01TG,EPOCHS_im_rec_calib.hdf,"MATRIX_[8, 12]_robust_concat+reg0.1_im_rec_calib.hdf","[8, 12]",53,0.8214287523035317,0.7860004569899484,0.9568699108544327,0.8170321496930801,0.004396602610451605,1.00538118678941,78,0.11304347826086956,0.7761937410781847,0.00980671591176363,1.0126343661289274,26,0.1984732824427481,86,493,2,0,0.5963497204579553,0.8249615639225677,45.0,-15.0,-45.0,-15.0,-45.0,30.0,"C:\Users\hodor\Documents\lab-Shishkin\projects\BCI_classifier\data\pr_AstroSync\features\csp\exp\01TG\MATRIX_[8, 12]_robust_concat+reg0.1_im_rec_calib.hdf"
pr_AstroSync,exp,01TG,EPOCHS_im_rec_calib.hdf,"MATRIX_[8, 12]_robust_concat+reg0.1_im_rec_calib.hdf","[8, 12]",54,0.9500903513215258,0.8113397689553628,0.8539606447185067,0.9253368340300527,0.024753517291473015,1.0267508180601281,11,0.015942028985507246,0.804356077174508,0.006983691780854784,1.0086823385550672,36,0.2748091603053435,127,571,2,1,0.6649269494738468,0.8012365991524744,0.0,-75.0,-30.0,0.0,-45.0,45.0,"C:\Users\hodor\Documents\lab-Shishkin\projects\BCI_classifier\data\pr_AstroSync\features\csp\exp\01TG\MATRIX_[8, 12]_robust_concat+reg0.1_im_rec_calib.hdf"
pr_AstroSync,exp,01TG,EPOCHS_im_rec_calib.hdf,"MATRIX_[8, 12]_robust_concat+reg0.1_im_rec_calib.hdf","[8, 12]",55,0.9563020337397614,0.941750833204575,0.9847838862390768,0.9501604354142998,0.0061415983254615725,1.0064637487486876,150,0.21739130434782608,0.9407086740622543,0.0010421591423206422,1.001107844724999,39,0.29770992366412213,406,405,1,1,0.6863919181848479,0.9100439240661553,-15.0,-45.0,15.0,-30.0,-45.0,15.0,"C:\Users\hodor\Documents\lab-Shishkin\projects\BCI_classifier\data\pr_AstroSync\features\csp\exp\01TG\MATRIX_[8, 12]_robust_concat+reg0.1_im_rec_calib.hdf"
pr_AstroSync,exp,01TG,EPOCHS_im_rec_calib.hdf,"MATRIX_[9, 13]_robust_concat+reg0.1_im_rec_calib.hdf","[9, 13]",0,0.8240339396672953,0.8240339396672953,1.0,0.8238692925066576,0.00016464716063768758,1.0001998462160626,121,0.1753623188405797,0.8238692925066576,0.00016464716063768758,1.0001998462160626,52,0.3969465648854962,604,604,1,1,0.8450577572239493,0.9074234303283433,-30.0,15.0,45.0,-30.0,15.0,45.0,"C:\Users\hodor\Documents\lab-Shishkin\projects\BCI_classifier\data\pr_AstroSync\features\csp\exp\01TG\MATRIX_[9, 13]_robust_concat+reg0.1_im_rec_calib.hdf"
pr_AstroSync,exp,01TG,EPOCHS_im_rec_calib.hdf,"MATRIX_[9, 13]_robust_concat+reg0.1_im_rec_calib.hdf","[9, 13]",1,0.8421037224806162,0.8368307809400322,0.9937383704645655,0.8368307809400322,0.0052729415405839974,1.0063010845928262,89,0.1289855072463768,0.8282865626980936,0.008544218241938517,1.010315534051532,25,0.19083969465648856,617,608,1,1,0.38462540248939137,0.816998120535944,30.0,30.0,45.0,30.0,15.0,45.0,"C:\Users\hodor\Documents\lab-Shishkin\projects\BCI_classifier\data\pr_AstroSync\features\csp\exp\01TG\MATRIX_[9, 13]_robust_concat+reg0.1_im_rec_calib.hdf"
pr_AstroSync,exp,01TG,EPOCHS_im_rec_calib.hdf,"MATRIX_[9, 13]_robust_concat+reg0.1_im_rec_calib.hdf","[9, 13]",2,0.8352797944688379,0.8352797944688379,1.0,0.8344475594087186,0.0008322350601193129,1.0009973485460357,118,0.17101449275362318,0.8317643329574238,0.0035154615114141308,1.0042265114914395,45,0.3435114503816794,607,607,1,1,0.29591150405493194,0.8015302288750796,15.0,15.0,45.0,15.0,15.0,45.0,"C:\Users\hodor\Documents\lab-Shishkin\projects\BCI_classifier\data\pr_AstroSync\features\csp\exp\01TG\MATRIX_[9, 13]_robust_concat+reg0.1_im_rec_calib.hdf"
pr_AstroSync,exp,01TG,EPOCHS_im_rec_calib.hdf,"MATRIX_[9, 13]_robust_concat+reg0.1_im_rec_calib.hdf","[9, 13]",3,0.698003915039102,0.698003915039102,1.0,0.6951897221151488,0.0028141929239531294,1.0040480933972826,79,0.1144927536231884,0.6941907700014376,0.0038131450376643894,1.00549293537518,42,0.32061068702290074,576,576,1,1,0.24781929594829766,0.7438652294533452,-45.0,-30.0,45.0,-45.0,-30.0,45.0,"C:\Users\hodor\Documents\lab-Shishkin\projects\BCI_classifier\data\pr_AstroSync\features\csp\exp\01TG\MATRIX_[9, 13]_robust_concat+reg0.1_im_rec_calib.hdf"
pr_AstroSync,exp,01TG,EPOCHS_im_rec_calib.hdf,"MATRIX_[9, 13]_robust_concat+reg0.1_im_rec_calib.hdf","[9, 13]",4,0.8864500421183246,0.8190089451103255,0.9239200250396097,0.8823574737557746,0.004092568362550009,1.0046382203180417,92,0.13333333333333333,0.8154854626038817,0.0035234825064438535,1.0043207177417892,45,0.3435114503816794,55,426,2,1,0.17527857485287246,0.7374728570270127,0.0,45.0,-60.0,0.0,-15.0,15.0,"C:\Users\hodor\Documents\lab-Shishkin\projects\BCI_classifier\data\pr_AstroSync\features\csp\exp\01TG\MATRIX_[9, 13]_robust_concat+reg0.1_im_rec_calib.hdf"
pr_AstroSync,exp,01TG,EPOCHS_im_rec_calib.hdf,"MATRIX_[9, 13]_robust_concat+reg0.1_im_rec_calib.hdf","[9, 13]",5,0.764588284001275,0.6437707726558626,0.8419835696237128,0.7485002240135227,0.016088059987752312,1.0214937276858607,22,0.03188405797101449,0.6283304379415077,0.015440334714354909,1.024573590235322,21,0.16030534351145037,23,529,2,1,0.14400090612861505,0.6330125579859457,30.0,-30.0,-60.0,-45.0,15.0,30.0,"C:\Users\hodor\Documents\lab-Shishkin\projects\BCI_classifier\data\pr_AstroSync\features\csp\exp\01TG\MATRIX_[9, 13]_robust_concat+reg0.1_im_rec_calib.hdf"
pr_AstroSync,exp,01TG,EPOCHS_im_rec_calib.hdf,"MATRIX_[9, 13]_robust_concat+reg0.1_im_rec_calib.hdf","[9, 13]",6,0.6582207605401649,0.6399294497468858,0.9722109786110842,0.6560565015486185,0.002164258991546375,1.0032988911571452,138,0.2,0.634172160679368,0.005757289067517823,1.0090784323634614,53,0.40458015267175573,59,608,2,0,0.06909718631952755,0.6752896850503034,-15.0,-60.0,-45.0,30.0,15.0,45.0,"C:\Users\hodor\Documents\lab-Shishkin\projects\BCI_classifier\data\pr_AstroSync\features\csp\exp\01TG\MATRIX_[9, 13]_robust_concat+reg0.1_im_rec_calib.hdf"
pr_AstroSync,exp,01TG,EPOCHS_im_rec_calib.hdf,"MATRIX_[9, 13]_robust_concat+reg0.1_im_rec_calib.hdf","[9, 13]",7,0.8792766433507037,0.7134035540790811,0.8113527858086601,0.8273246825101899,0.05195196084051379,1.0627951298187865,7,0.010144927536231883,0.7131935657946544,0.0002099882844266432,1.0002944337897843,48,0.366412213740458,13,436,2,1,0.04878202294062417,0.6245564021297003,-30.0,-45.0,-60.0,-15.0,0.0,15.0,"C:\Users\hodor\Documents\lab-Shishkin\projects\BCI_classifier\data\pr_AstroSync\features\csp\exp\01TG\MATRIX_[9, 13]_robust_concat+reg0.1_im_rec_calib.hdf"
pr_AstroSync,exp,01TG,EPOCHS_im_rec_calib.hdf,"MATRIX_[9, 13]_robust_concat+reg0.1_im_rec_calib.hdf","[9, 13]",8,0.8487612554972679,0.6995291269637176,0.8241765542819,0.8442789558911947,0.004482299606073159,1.005309026803045,15,0.021739130434782608,0.6959468957017796,0.003582231261938018,1.005147276730541,30,0.22900763358778625,62,412,2,0,0.01352429667828059,0.6184195031998122,30.0,-60.0,-45.0,-60.0,-30.0,15.0,"C:\Users\hodor\Documents\lab-Shishkin\projects\BCI_classifier\data\pr_AstroSync\features\csp\exp\01TG\MATRIX_[9, 13]_robust_concat+reg0.1_im_rec_calib.hdf"
pr_AstroSync,exp,01TG,EPOCHS_im_rec_calib.hdf,"MATRIX_[9, 13]_robust_concat+reg0.1_im_rec_calib.hdf","[9, 13]",9,0.7640025669331479,0.6628033633398968,0.8675407544774567,0.7606495850267283,0.0033529819064196387,1.0044080506614643,38,0.05507246376811594,0.6474566518520448,0.015346711487851938,1.0237030717716047,28,0.21374045801526717,10,405,2,1,0.0013034916100338467,0.6226352150058262,0.0,15.0,-75.0,-30.0,-45.0,15.0,"C:\Users\hodor\Documents\lab-Shishkin\projects\BCI_classifier\data\pr_AstroSync\features\csp\exp\01TG\MATRIX_[9, 13]_robust_concat+reg0.1_im_rec_calib.hdf"
pr_AstroSync,exp,01TG,EPOCHS_im_rec_calib.hdf,"MATRIX_[9, 13]_robust_concat+reg0.1_im_rec_calib.hdf","[9, 13]",10,0.8506377416815909,0.7205639130513571,0.8470866947743276,0.8471329821077206,0.0035047595738703086,1.0041372011807996,27,0.0391304347826087,0.7150997461520876,0.00546416689926954,1.0076411254914743,41,0.31297709923664124,117,514,2,1,0.03600645252856105,0.6405876727221347,-15.0,45.0,-45.0,30.0,-15.0,30.0,"C:\Users\hodor\Documents\lab-Shishkin\projects\BCI_classifier\data\pr_AstroSync\features\csp\exp\01TG\MATRIX_[9, 13]_robust_concat+reg0.1_im_rec_calib.hdf"
pr_AstroSync,exp,01TG,EPOCHS_im_rec_calib.hdf,"MATRIX_[9, 13]_robust_concat+reg0.1_im_rec_calib.hdf","[9, 13]",11,0.9303912827709382,0.9170303324097755,0.9856394286913669,0.9273691870602695,0.003022095710668693,1.0032587838293923,174,0.25217391304347825,0.9111023297636625,0.00592800264611304,1.0065064070768546,36,0.2748091603053435,418,504,1,1,0.038708840096196795,0.7722401272737758,30.0,-30.0,15.0,15.0,-30.0,30.0,"C:\Users\hodor\Documents\lab-Shishkin\projects\BCI_classifier\data\pr_AstroSync\features\csp\exp\01TG\MATRIX_[9, 13]_robust_concat+reg0.1_im_rec_calib.hdf"
pr_AstroSync,exp,01TG,EPOCHS_im_rec_calib.hdf,"MATRIX_[9, 13]_robust_concat+reg0.1_im_rec_calib.hdf","[9, 13]",12,0.8881516585502937,0.8861228662516535,0.9977157141135651,0.8861228662516535,0.0020287922986401696,1.0022895157950522,93,0.13478260869565217,0.8802354478956206,0.005887418356032903,1.006688458605147,28,0.21374045801526717,600,599,0,0,0.05451772431952695,0.7700186194030885,45.0,0.0,45.0,30.0,0.0,45.0,"C:\Users\hodor\Documents\lab-Shishkin\projects\BCI_classifier\data\pr_AstroSync\features\csp\exp\01TG\MATRIX_[9, 13]_robust_concat+reg0.1_im_rec_calib.hdf"
pr_AstroSync,exp,01TG,EPOCHS_im_rec_calib.hdf,"MATRIX_[9, 13]_robust_concat+reg0.1_im_rec_calib.hdf","[9, 13]",13,0.7951874645433463,0.7159062040083178,0.9002986540028552,0.790935486618783,0.004251977924563333,1.0053758846283916,89,0.1289855072463768,0.6932470950058776,0.02265910900244028,1.0326854727061614,11,0.08396946564885496,235,514,1,1,0.05915056832719445,0.667531679369635,60.0,-30.0,-15.0,30.0,-15.0,30.0,"C:\Users\hodor\Documents\lab-Shishkin\projects\BCI_classifier\data\pr_AstroSync\features\csp\exp\01TG\MATRIX_[9, 13]_robust_concat+reg0.1_im_rec_calib.hdf"
pr_AstroSync,exp,01TG,EPOCHS_im_rec_calib.hdf,"MATRIX_[9, 13]_robust_concat+reg0.1_im_rec_calib.hdf","[9, 13]",14,0.6859713903533546,0.6078692309259587,0.8861437072657443,0.6804397594329035,0.005531630920451169,1.0081294939688141,63,0.09130434782608696,0.6034431549313899,0.00442607599456879,1.0073347024626902,15,0.11450381679389313,298,514,1,2,0.07282526615591811,0.6260839523248541,-15.0,-75.0,0.0,30.0,-15.0,30.0,"C:\Users\hodor\Documents\lab-Shishkin\projects\BCI_classifier\data\pr_AstroSync\features\csp\exp\01TG\MATRIX_[9, 13]_robust_concat+reg0.1_im_rec_calib.hdf"
pr_AstroSync,exp,01TG,EPOCHS_im_rec_calib.hdf,"MATRIX_[9, 13]_robust_concat+reg0.1_im_rec_calib.hdf","[9, 13]",15,0.8879111177830405,0.8879111177830405,1.0,0.8803824097886938,0.007528707994346795,1.0085516338248441,125,0.18115942028985507,0.8803824097886938,0.007528707994346795,1.0085516338248441,56,0.42748091603053434,607,607,0,0,0.0912163343818726,0.7790121581004388,15.0,15.0,45.0,15.0,15.0,45.0,"C:\Users\hodor\Documents\lab-Shishkin\projects\BCI_classifier\data\pr_AstroSync\features\csp\exp\01TG\MATRIX_[9, 13]_robust_concat+reg0.1_im_rec_calib.hdf"
pr_AstroSync,exp,01TG,EPOCHS_im_rec_calib.hdf,"MATRIX_[9, 13]_robust_concat+reg0.1_im_rec_calib.hdf","[9, 13]",16,0.8437561280282908,0.8437561280282908,1.0,0.8429075401673309,0.0008485878609598707,1.0010067389607067,40,0.057971014492753624,0.8429075401673309,0.0008485878609598707,1.0010067389607067,32,0.24427480916030533,680,680,2,2,0.09834835630811911,0.7649843160715255,15.0,-15.0,75.0,15.0,-15.0,75.0,"C:\Users\hodor\Documents\lab-Shishkin\projects\BCI_classifier\data\pr_AstroSync\features\csp\exp\01TG\MATRIX_[9, 13]_robust_concat+reg0.1_im_rec_calib.hdf"
pr_AstroSync,exp,01TG,EPOCHS_im_rec_calib.hdf,"MATRIX_[9, 13]_robust_concat+reg0.1_im_rec_calib.hdf","[9, 13]",17,0.715906692423636,0.715906692423636,1.0,0.7132737177009909,0.0026329747226451206,1.0036913945618684,71,0.10289855072463767,0.7132737177009909,0.0026329747226451206,1.0036913945618684,31,0.2366412213740458,616,616,2,2,0.12047502963273571,0.7246623482748197,15.0,30.0,45.0,15.0,30.0,45.0,"C:\Users\hodor\Documents\lab-Shishkin\projects\BCI_classifier\data\pr_AstroSync\features\csp\exp\01TG\MATRIX_[9, 13]_robust_concat+reg0.1_im_rec_calib.hdf"
pr_AstroSync,exp,01TG,EPOCHS_im_rec_calib.hdf,"MATRIX_[9, 13]_robust_concat+reg0.1_im_rec_calib.hdf","[9, 13]",18,0.8499823972999698,0.7138124687670385,0.8397967664207108,0.8490731353367722,0.0009092619631976273,1.0010708876837058,46,0.06666666666666667,0.7123512396977415,0.001461229069297021,1.0020512760950862,59,0.45038167938931295,49,616,2,2,0.1379411076059085,0.655331130478965,0.0,30.0,-60.0,15.0,30.0,45.0,"C:\Users\hodor\Documents\lab-Shishkin\projects\BCI_classifier\data\pr_AstroSync\features\csp\exp\01TG\MATRIX_[9, 13]_robust_concat+reg0.1_im_rec_calib.hdf"
pr_AstroSync,exp,01TG,EPOCHS_im_rec_calib.hdf,"MATRIX_[9, 13]_robust_concat+reg0.1_im_rec_calib.hdf","[9, 13]",19,0.8249692169005828,0.8094867944978903,0.98123272713028,0.8248077316522386,0.0001614852483441398,1.00019578532323,186,0.26956521739130435,0.7961236061208221,0.01336318837706818,1.016785318604207,24,0.183206106870229,418,504,1,1,0.1484072992186256,0.7545565651266127,30.0,-30.0,15.0,15.0,-30.0,30.0,"C:\Users\hodor\Documents\lab-Shishkin\projects\BCI_classifier\data\pr_AstroSync\features\csp\exp\01TG\MATRIX_[9, 13]_robust_concat+reg0.1_im_rec_calib.hdf"
pr_AstroSync,exp,01TG,EPOCHS_im_rec_calib.hdf,"MATRIX_[9, 13]_robust_concat+reg0.1_im_rec_calib.hdf","[9, 13]",20,0.8703424736136345,0.8703424736136345,1.0,0.8643012150854901,0.006041258528144411,1.0069897605403075,73,0.10579710144927536,0.8643012150854901,0.006041258528144411,1.0069897605403075,42,0.32061068702290074,580,580,2,2,0.1608919613180695,0.7867982580283859,15.0,-30.0,45.0,15.0,-30.0,45.0,"C:\Users\hodor\Documents\lab-Shishkin\projects\BCI_classifier\data\pr_AstroSync\features\csp\exp\01TG\MATRIX_[9, 13]_robust_concat+reg0.1_im_rec_calib.hdf"
pr_AstroSync,exp,01TG,EPOCHS_im_rec_calib.hdf,"MATRIX_[9, 13]_robust_concat+reg0.1_im_rec_calib.hdf","[9, 13]",21,0.8908246006471539,0.762742731228898,0.8562210009409162,0.8889551458954033,0.0018694547517505988,1.0021029798414267,19,0.02753623188405797,0.7515769382533308,0.01116579297556719,1.0148564869506462,31,0.2366412213740458,47,524,2,0,0.18178381808575694,0.6886161699706779,-30.0,30.0,-60.0,30.0,0.0,30.0,"C:\Users\hodor\Documents\lab-Shishkin\projects\BCI_classifier\data\pr_AstroSync\features\csp\exp\01TG\MATRIX_[9, 13]_robust_concat+reg0.1_im_rec_calib.hdf"
pr_AstroSync,exp,01TG,EPOCHS_im_rec_calib.hdf,"MATRIX_[9, 13]_robust_concat+reg0.1_im_rec_calib.hdf","[9, 13]",22,0.7969971552273647,0.7733570808741957,0.9703385712256087,0.7939052260011696,0.003091929226195056,1.0038945822812742,105,0.15217391304347827,0.7729241892211146,0.00043289165308113553,1.0005600700031363,64,0.48854961832061067,116,503,2,1,0.19475844211163373,0.7462790237798193,-30.0,45.0,-45.0,0.0,-30.0,30.0,"C:\Users\hodor\Documents\lab-Shishkin\projects\BCI_classifier\data\pr_AstroSync\features\csp\exp\01TG\MATRIX_[9, 13]_robust_concat+reg0.1_im_rec_calib.hdf"
pr_AstroSync,exp,01TG,EPOCHS_im_rec_calib.hdf,"MATRIX_[9, 13]_robust_concat+reg0.1_im_rec_calib.hdf","[9, 13]",23,0.7849786134351493,0.7470085727225948,0.9516292035697717,0.7846917163558385,0.00028689707931084385,1.0003656175709912,174,0.25217391304347825,0.7375856132730032,0.009422959449591595,1.0127754111251948,20,0.15267175572519084,337,514,1,1,0.20540440813520244,0.7307670236863459,45.0,-15.0,0.0,30.0,-15.0,30.0,"C:\Users\hodor\Documents\lab-Shishkin\projects\BCI_classifier\data\pr_AstroSync\features\csp\exp\01TG\MATRIX_[9, 13]_robust_concat+reg0.1_im_rec_calib.hdf"
pr_AstroSync,exp,01TG,EPOCHS_im_rec_calib.hdf,"MATRIX_[9, 13]_robust_concat+reg0.1_im_rec_calib.hdf","[9, 13]",24,0.8679988732456247,0.8108529319928567,0.9341635766886566,0.8559682734935403,0.012030599752084425,1.0140549598911919,67,0.09710144927536232,0.8032569590004873,0.00759597299236936,1.0094564670834862,54,0.4122137404580153,17,437,2,1,0.20964424305930174,0.7461009843192556,30.0,-45.0,-60.0,0.0,0.0,15.0,"C:\Users\hodor\Documents\lab-Shishkin\projects\BCI_classifier\data\pr_AstroSync\features\csp\exp\01TG\MATRIX_[9, 13]_robust_concat+reg0.1_im_rec_calib.hdf"
pr_AstroSync,exp,01TG,EPOCHS_im_rec_calib.hdf,"MATRIX_[9, 13]_robust_concat+reg0.1_im_rec_calib.hdf","[9, 13]",25,0.879737160833201,0.8503984269106828,0.9666505687963307,0.8739387457627366,0.005798415070464413,1.0066348071859474,117,0.16956521739130434,0.8410459620611522,0.009352464849530562,1.0111200401302807,37,0.2824427480916031,87,514,2,0,0.22286184042812507,0.7772045734627128,60.0,-15.0,-45.0,30.0,-15.0,30.0,"C:\Users\hodor\Documents\lab-Shishkin\projects\BCI_classifier\data\pr_AstroSync\features\csp\exp\01TG\MATRIX_[9, 13]_robust_concat+reg0.1_im_rec_calib.hdf"
pr_AstroSync,exp,01TG,EPOCHS_im_rec_calib.hdf,"MATRIX_[9, 13]_robust_concat+reg0.1_im_rec_calib.hdf","[9, 13]",26,0.8015671093245664,0.8015671093245664,1.0,0.7988705011029078,0.002696608221658625,1.0033755260933226,106,0.1536231884057971,0.7932961640076261,0.008270945316940281,1.010426049806111,46,0.3511450381679389,502,502,2,2,0.23821950458084507,0.7781923891797672,-15.0,-30.0,30.0,-15.0,-30.0,30.0,"C:\Users\hodor\Documents\lab-Shishkin\projects\BCI_classifier\data\pr_AstroSync\features\csp\exp\01TG\MATRIX_[9, 13]_robust_concat+reg0.1_im_rec_calib.hdf"
pr_AstroSync,exp,01TG,EPOCHS_im_rec_calib.hdf,"MATRIX_[9, 13]_robust_concat+reg0.1_im_rec_calib.hdf","[9, 13]",27,0.8408950168996265,0.8408950168996265,1.0,0.8387238998172889,0.002171117082337637,1.0025885957021263,209,0.30289855072463767,0.8387238998172889,0.002171117082337637,1.0025885957021263,82,0.6259541984732825,511,511,1,1,0.24329435891794637,0.7929721276984586,-15.0,-15.0,30.0,-15.0,-15.0,30.0,"C:\Users\hodor\Documents\lab-Shishkin\projects\BCI_classifier\data\pr_AstroSync\features\csp\exp\01TG\MATRIX_[9, 13]_robust_concat+reg0.1_im_rec_calib.hdf"
pr_AstroSync,exp,01TG,EPOCHS_im_rec_calib.hdf,"MATRIX_[9, 13]_robust_concat+reg0.1_im_rec_calib.hdf","[9, 13]",28,0.8353106058482729,0.7946946815949298,0.9513762617534386,0.8334748964820409,0.0018357093662320079,1.002202477091968,176,0.25507246376811593,0.7922779973926299,0.0024166842022999013,1.003050298266837,28,0.21374045801526717,260,435,0,0,0.24949259985437666,0.7561609763181482,-45.0,15.0,-15.0,-30.0,0.0,15.0,"C:\Users\hodor\Documents\lab-Shishkin\projects\BCI_classifier\data\pr_AstroSync\features\csp\exp\01TG\MATRIX_[9, 13]_robust_concat+reg0.1_im_rec_calib.hdf"
pr_AstroSync,exp,01TG,EPOCHS_im_rec_calib.hdf,"MATRIX_[9, 13]_robust_concat+reg0.1_im_rec_calib.hdf","[9, 13]",29,0.9562988694176122,0.9378220000397759,0.9806787710738498,0.9537998814003443,0.002498988017267889,1.0026200338939013,229,0.3318840579710145,0.9296928449368812,0.008129155102894692,1.0087439148823896,38,0.2900763358778626,324,426,1,1,0.2578289735027566,0.8211089416977053,15.0,-30.0,0.0,0.0,-15.0,15.0,"C:\Users\hodor\Documents\lab-Shishkin\projects\BCI_classifier\data\pr_AstroSync\features\csp\exp\01TG\MATRIX_[9, 13]_robust_concat+reg0.1_im_rec_calib.hdf"
pr_AstroSync,exp,01TG,EPOCHS_im_rec_calib.hdf,"MATRIX_[9, 13]_robust_concat+reg0.1_im_rec_calib.hdf","[9, 13]",30,0.8118482939845039,0.639771199249469,0.7880427956675372,0.8111716594222909,0.0006766345622130077,1.0008341447267708,33,0.04782608695652174,0.6257049806061684,0.014066218643300599,1.0224805924186084,10,0.07633587786259542,216,405,2,2,0.27267020660488384,0.6330732191086826,30.0,-60.0,-15.0,-30.0,-45.0,15.0,"C:\Users\hodor\Documents\lab-Shishkin\projects\BCI_classifier\data\pr_AstroSync\features\csp\exp\01TG\MATRIX_[9, 13]_robust_concat+reg0.1_im_rec_calib.hdf"
pr_AstroSync,exp,01TG,EPOCHS_im_rec_calib.hdf,"MATRIX_[9, 13]_robust_concat+reg0.1_im_rec_calib.hdf","[9, 13]",31,0.9430023742426822,0.7679452436849119,0.8143619408186992,0.9309023392149703,0.012100035027711842,1.0129981787755693,22,0.03188405797101449,0.7676633908466126,0.0002818528382992902,1.000367156805522,60,0.4580152671755725,77,414,2,0,0.29063032231327757,0.6933697731207893,45.0,-30.0,-45.0,-30.0,-30.0,15.0,"C:\Users\hodor\Documents\lab-Shishkin\projects\BCI_classifier\data\pr_AstroSync\features\csp\exp\01TG\MATRIX_[9, 13]_robust_concat+reg0.1_im_rec_calib.hdf"
pr_AstroSync,exp,01TG,EPOCHS_im_rec_calib.hdf,"MATRIX_[9, 13]_robust_concat+reg0.1_im_rec_calib.hdf","[9, 13]",32,0.8844026661633888,0.6869351048377104,0.7767221098707121,0.8776450853612513,0.006757580802137508,1.007699673723298,38,0.05507246376811594,0.6704834942897927,0.01645161054791766,1.024536935939555,23,0.17557251908396945,95,514,2,2,0.30624452954831405,0.6512011420446818,45.0,0.0,-45.0,30.0,-15.0,30.0,"C:\Users\hodor\Documents\lab-Shishkin\projects\BCI_classifier\data\pr_AstroSync\features\csp\exp\01TG\MATRIX_[9, 13]_robust_concat+reg0.1_im_rec_calib.hdf"
pr_AstroSync,exp,01TG,EPOCHS_im_rec_calib.hdf,"MATRIX_[9, 13]_robust_concat+reg0.1_im_rec_calib.hdf","[9, 13]",33,0.7925323411587382,0.7540357396155415,0.951425828898147,0.7835540362987812,0.008978304859956987,1.0114584373815074,86,0.1246376811594203,0.7429300544095203,0.011105685206021176,1.0149484936571156,11,0.08396946564885496,12,405,2,1,0.31529057687812223,0.7551122472452301,0.0,30.0,-75.0,-30.0,-45.0,15.0,"C:\Users\hodor\Documents\lab-Shishkin\projects\BCI_classifier\data\pr_AstroSync\features\csp\exp\01TG\MATRIX_[9, 13]_robust_concat+reg0.1_im_rec_calib.hdf"
pr_AstroSync,exp,01TG,EPOCHS_im_rec_calib.hdf,"MATRIX_[9, 13]_robust_concat+reg0.1_im_rec_calib.hdf","[9, 13]",34,0.825632427205724,0.6395427403704514,0.7746095227084578,0.823159530067939,0.0024728971377850906,1.00300415295876,28,0.04057971014492753,0.6340115430439914,0.005531197326460013,1.0087241271663665,41,0.31297709923664124,171,514,2,2,0.3247519042695721,0.6373646252023785,60.0,0.0,-30.0,30.0,-15.0,30.0,"C:\Users\hodor\Documents\lab-Shishkin\projects\BCI_classifier\data\pr_AstroSync\features\csp\exp\01TG\MATRIX_[9, 13]_robust_concat+reg0.1_im_rec_calib.hdf"
pr_AstroSync,exp,01TG,EPOCHS_im_rec_calib.hdf,"MATRIX_[9, 13]_robust_concat+reg0.1_im_rec_calib.hdf","[9, 13]",35,0.8272332892545393,0.7865700333938573,0.9508442704266342,0.8192692240385373,0.007964065216002014,1.0097209378581848,111,0.1608695652173913,0.7729717560553584,0.013598277338498943,1.0175922046723853,24,0.183206106870229,4,504,2,0,0.33155454761505365,0.7694903429028462,-30.0,0.0,-75.0,15.0,-30.0,30.0,"C:\Users\hodor\Documents\lab-Shishkin\projects\BCI_classifier\data\pr_AstroSync\features\csp\exp\01TG\MATRIX_[9, 13]_robust_concat+reg0.1_im_rec_calib.hdf"
pr_AstroSync,exp,01TG,EPOCHS_im_rec_calib.hdf,"MATRIX_[9, 13]_robust_concat+reg0.1_im_rec_calib.hdf","[9, 13]",36,0.927608060660981,0.825213729722176,0.8896146602414792,0.9229516023653974,0.004656458295583588,1.005045181441421,80,0.11594202898550725,0.7946207100107455,0.03059301971143047,1.0385001540055718,8,0.061068702290076333,266,524,2,2,0.34625621044596855,0.7584026446006209,45.0,15.0,-15.0,30.0,0.0,30.0,"C:\Users\hodor\Documents\lab-Shishkin\projects\BCI_classifier\data\pr_AstroSync\features\csp\exp\01TG\MATRIX_[9, 13]_robust_concat+reg0.1_im_rec_calib.hdf"
pr_AstroSync,exp,01TG,EPOCHS_im_rec_calib.hdf,"MATRIX_[9, 13]_robust_concat+reg0.1_im_rec_calib.hdf","[9, 13]",37,0.583175602419069,0.5519967072654952,0.9465360090095665,0.5826307126813369,0.000544889737732035,1.0009352231625834,86,0.1246376811594203,0.5487873623762385,0.0032093448892567267,1.0058480663172715,41,0.31297709923664124,349,529,0,2,0.35451365318519623,0.6900427822342675,75.0,0.0,0.0,-45.0,15.0,30.0,"C:\Users\hodor\Documents\lab-Shishkin\projects\BCI_classifier\data\pr_AstroSync\features\csp\exp\01TG\MATRIX_[9, 13]_robust_concat+reg0.1_im_rec_calib.hdf"
pr_AstroSync,exp,01TG,EPOCHS_im_rec_calib.hdf,"MATRIX_[9, 13]_robust_concat+reg0.1_im_rec_calib.hdf","[9, 13]",38,0.7926501265452028,0.7406780113655431,0.9344324646661166,0.774107741091371,0.0185423854538318,1.023953236054312,28,0.04057971014492753,0.7174365038909514,0.02324150747459175,1.0323952117693254,7,0.05343511450381679,393,484,1,1,0.36541965082079786,0.7528158432418522,-15.0,-75.0,15.0,-30.0,-60.0,30.0,"C:\Users\hodor\Documents\lab-Shishkin\projects\BCI_classifier\data\pr_AstroSync\features\csp\exp\01TG\MATRIX_[9, 13]_robust_concat+reg0.1_im_rec_calib.hdf"
pr_AstroSync,exp,01TG,EPOCHS_im_rec_calib.hdf,"MATRIX_[9, 13]_robust_concat+reg0.1_im_rec_calib.hdf","[9, 13]",39,0.7682968371038598,0.7345592003357264,0.9560877578315832,0.7627474848595506,0.005549352244309191,1.007275477604926,78,0.11304347826086956,0.7223786712379863,0.012180529097740145,1.0168616953721317,26,0.1984732824427481,62,504,2,1,0.3890212725158553,0.7651394656448878,30.0,-60.0,-45.0,15.0,-30.0,30.0,"C:\Users\hodor\Documents\lab-Shishkin\projects\BCI_classifier\data\pr_AstroSync\features\csp\exp\01TG\MATRIX_[9, 13]_robust_concat+reg0.1_im_rec_calib.hdf"
pr_AstroSync,exp,01TG,EPOCHS_im_rec_calib.hdf,"MATRIX_[9, 13]_robust_concat+reg0.1_im_rec_calib.hdf","[9, 13]",40,0.8796966930677956,0.8552988209055318,0.9722655861338068,0.879327346185127,0.000369346882668653,1.000420033431544,234,0.3391304347826087,0.8533891771063207,0.0019096437992111026,1.002237717386675,39,0.29770992366412213,336,514,1,1,0.3929851428785014,0.8154711296528494,30.0,-15.0,0.0,30.0,-15.0,30.0,"C:\Users\hodor\Documents\lab-Shishkin\projects\BCI_classifier\data\pr_AstroSync\features\csp\exp\01TG\MATRIX_[9, 13]_robust_concat+reg0.1_im_rec_calib.hdf"
pr_AstroSync,exp,01TG,EPOCHS_im_rec_calib.hdf,"MATRIX_[9, 13]_robust_concat+reg0.1_im_rec_calib.hdf","[9, 13]",41,0.888650034986228,0.8835662603387078,0.9942792162860838,0.8869415019002025,0.0017085330860254766,1.001926319923428,143,0.2072463768115942,0.8679085987897937,0.015657661548914126,1.0180406802867803,30,0.22900763358778625,311,405,1,1,0.4016854506756067,0.8370109285824068,-30.0,-45.0,0.0,-30.0,-45.0,15.0,"C:\Users\hodor\Documents\lab-Shishkin\projects\BCI_classifier\data\pr_AstroSync\features\csp\exp\01TG\MATRIX_[9, 13]_robust_concat+reg0.1_im_rec_calib.hdf"
pr_AstroSync,exp,01TG,EPOCHS_im_rec_calib.hdf,"MATRIX_[9, 13]_robust_concat+reg0.1_im_rec_calib.hdf","[9, 13]",42,0.917744550008228,0.9117176974573546,0.9934329737498094,0.9168789942363046,0.0008655557719233764,1.0009440239959302,239,0.3463768115942029,0.9109752777992565,0.0007424196580981812,1.000814972344685,48,0.366412213740458,448,532,1,1,0.4205589497449489,0.8502578222464782,0.0,15.0,15.0,0.0,15.0,30.0,"C:\Users\hodor\Documents\lab-Shishkin\projects\BCI_classifier\data\pr_AstroSync\features\csp\exp\01TG\MATRIX_[9, 13]_robust_concat+reg0.1_im_rec_calib.hdf"
pr_AstroSync,exp,01TG,EPOCHS_im_rec_calib.hdf,"MATRIX_[9, 13]_robust_concat+reg0.1_im_rec_calib.hdf","[9, 13]",43,0.8857958530178791,0.7080811080430719,0.7993727963736356,0.8788496054803424,0.006946247537536698,1.0079037954778851,17,0.02463768115942029,0.6917530860516574,0.016328021991414476,1.0236038296332157,20,0.15267175572519084,12,524,2,1,0.44360145919959004,0.6962664380231293,0.0,30.0,-75.0,30.0,0.0,30.0,"C:\Users\hodor\Documents\lab-Shishkin\projects\BCI_classifier\data\pr_AstroSync\features\csp\exp\01TG\MATRIX_[9, 13]_robust_concat+reg0.1_im_rec_calib.hdf"
pr_AstroSync,exp,01TG,EPOCHS_im_rec_calib.hdf,"MATRIX_[9, 13]_robust_concat+reg0.1_im_rec_calib.hdf","[9, 13]",44,0.9296853274973014,0.7784071381575646,0.8372802228179986,0.9277815960905932,0.0019037314067081867,1.0020519176223477,12,0.017391304347826087,0.7732033221636323,0.00520381599393227,1.0067302038736339,47,0.35877862595419846,127,571,2,1,0.459671548295145,0.741152908282276,0.0,-75.0,-30.0,0.0,-45.0,45.0,"C:\Users\hodor\Documents\lab-Shishkin\projects\BCI_classifier\data\pr_AstroSync\features\csp\exp\01TG\MATRIX_[9, 13]_robust_concat+reg0.1_im_rec_calib.hdf"
pr_AstroSync,exp,01TG,EPOCHS_im_rec_calib.hdf,"MATRIX_[9, 13]_robust_concat+reg0.1_im_rec_calib.hdf","[9, 13]",45,0.7998779325376855,0.7710654977789049,0.9639789603053924,0.7922443803941744,0.007633552143511024,1.0096353503191944,66,0.09565217391304348,0.760009408910432,0.011056088868472869,1.014547305255501,16,0.12213740458015267,393,484,1,1,0.4652051174691947,0.7967044798538822,-15.0,-75.0,15.0,-30.0,-60.0,30.0,"C:\Users\hodor\Documents\lab-Shishkin\projects\BCI_classifier\data\pr_AstroSync\features\csp\exp\01TG\MATRIX_[9, 13]_robust_concat+reg0.1_im_rec_calib.hdf"
pr_AstroSync,exp,01TG,EPOCHS_im_rec_calib.hdf,"MATRIX_[9, 13]_robust_concat+reg0.1_im_rec_calib.hdf","[9, 13]",46,0.7756117195838681,0.7383584729769165,0.9519692061551897,0.7697799261459897,0.00583179343787843,1.007575922987595,122,0.17681159420289855,0.7183809521026513,0.019977520874265187,1.027809090449562,11,0.08396946564885496,304,405,1,1,0.47416643843095607,0.7816448959979474,-15.0,-60.0,0.0,-30.0,-45.0,15.0,"C:\Users\hodor\Documents\lab-Shishkin\projects\BCI_classifier\data\pr_AstroSync\features\csp\exp\01TG\MATRIX_[9, 13]_robust_concat+reg0.1_im_rec_calib.hdf"
pr_AstroSync,exp,01TG,EPOCHS_im_rec_calib.hdf,"MATRIX_[9, 13]_robust_concat+reg0.1_im_rec_calib.hdf","[9, 13]",47,0.7586429750153694,0.7426218100215627,0.9788818119702721,0.758624662433344,1.8312582025337143e-05,1.0000241391862565,93,0.13478260869565217,0.7425928614009496,2.894862061308956e-05,1.0000389831657666,20,0.15267175572519084,304,405,0,0,0.4938191874305238,0.7991782863802741,-15.0,-60.0,0.0,-30.0,-45.0,15.0,"C:\Users\hodor\Documents\lab-Shishkin\projects\BCI_classifier\data\pr_AstroSync\features\csp\exp\01TG\MATRIX_[9, 13]_robust_concat+reg0.1_im_rec_calib.hdf"
pr_AstroSync,exp,01TG,EPOCHS_im_rec_calib.hdf,"MATRIX_[9, 13]_robust_concat+reg0.1_im_rec_calib.hdf","[9, 13]",48,0.9172519305620945,0.821695375154752,0.8958229988692581,0.9161707632428072,0.0010811673192873128,1.001180093671032,61,0.08840579710144927,0.8103693682862243,0.011326006868527694,1.0139763511699362,12,0.0916030534351145,327,514,1,1,0.5090051039356995,0.7925147515824692,60.0,-30.0,0.0,30.0,-15.0,30.0,"C:\Users\hodor\Documents\lab-Shishkin\projects\BCI_classifier\data\pr_AstroSync\features\csp\exp\01TG\MATRIX_[9, 13]_robust_concat+reg0.1_im_rec_calib.hdf"
pr_AstroSync,exp,01TG,EPOCHS_im_rec_calib.hdf,"MATRIX_[9, 13]_robust_concat+reg0.1_im_rec_calib.hdf","[9, 13]",49,0.6682114320450825,0.664633202039279,0.9946450631728161,0.664633202039279,0.0035782300058034844,1.005383766556989,133,0.1927536231884058,0.6614829806775087,0.0031502213617703445,1.004762361925841,64,0.48854961832061067,16,519,2,1,0.5132436789568913,0.7828606349328932,15.0,-45.0,-60.0,-45.0,0.0,30.0,"C:\Users\hodor\Documents\lab-Shishkin\projects\BCI_classifier\data\pr_AstroSync\features\csp\exp\01TG\MATRIX_[9, 13]_robust_concat+reg0.1_im_rec_calib.hdf"
pr_AstroSync,exp,01TG,EPOCHS_im_rec_calib.hdf,"MATRIX_[9, 13]_robust_concat+reg0.1_im_rec_calib.hdf","[9, 13]",50,0.8447340795017327,0.6870113893123287,0.8132871704638258,0.8297778038477297,0.014956275654003037,1.018024434474687,10,0.014492753623188406,0.6593679417258724,0.027643447586456316,1.041924160756285,10,0.07633587786259542,133,484,2,0,0.5405962368659587,0.7145524603412284,30.0,-60.0,-30.0,-30.0,-60.0,30.0,"C:\Users\hodor\Documents\lab-Shishkin\projects\BCI_classifier\data\pr_AstroSync\features\csp\exp\01TG\MATRIX_[9, 13]_robust_concat+reg0.1_im_rec_calib.hdf"
pr_AstroSync,exp,01TG,EPOCHS_im_rec_calib.hdf,"MATRIX_[9, 13]_robust_concat+reg0.1_im_rec_calib.hdf","[9, 13]",51,0.9209207603414653,0.9122118074211186,0.9905432114299199,0.9187627657252178,0.0021579946162475494,1.0023488050416847,171,0.24782608695652175,0.9111666510644391,0.0010451563566795663,1.001147052907894,42,0.32061068702290074,321,414,1,1,0.5458334961817377,0.874185276977203,-30.0,-30.0,0.0,-30.0,-30.0,15.0,"C:\Users\hodor\Documents\lab-Shishkin\projects\BCI_classifier\data\pr_AstroSync\features\csp\exp\01TG\MATRIX_[9, 13]_robust_concat+reg0.1_im_rec_calib.hdf"
pr_AstroSync,exp,01TG,EPOCHS_im_rec_calib.hdf,"MATRIX_[9, 13]_robust_concat+reg0.1_im_rec_calib.hdf","[9, 13]",52,0.625748723347221,0.5235829283676661,0.8367303181490244,0.597845554895252,0.02790316845196894,1.0466728709839748,6,0.008695652173913044,0.49490398490178505,0.028678943465881013,1.0579484997914745,4,0.030534351145038167,393,484,1,1,0.5766905904384725,0.6751207861834387,-15.0,-75.0,15.0,-30.0,-60.0,30.0,"C:\Users\hodor\Documents\lab-Shishkin\projects\BCI_classifier\data\pr_AstroSync\features\csp\exp\01TG\MATRIX_[9, 13]_robust_concat+reg0.1_im_rec_calib.hdf"
pr_AstroSync,exp,01TG,EPOCHS_im_rec_calib.hdf,"MATRIX_[9, 13]_robust_concat+reg0.1_im_rec_calib.hdf","[9, 13]",53,0.9327228906554447,0.9245187747650254,0.9912041229258842,0.9271958530585415,0.005527037596903206,1.0059610249319721,136,0.19710144927536233,0.9144361462932522,0.010082628471773214,1.0110260607180108,40,0.3053435114503817,406,493,0,0,0.5930693919650636,0.8882373048774196,-15.0,-45.0,15.0,-15.0,-45.0,30.0,"C:\Users\hodor\Documents\lab-Shishkin\projects\BCI_classifier\data\pr_AstroSync\features\csp\exp\01TG\MATRIX_[9, 13]_robust_concat+reg0.1_im_rec_calib.hdf"
pr_AstroSync,exp,01TG,EPOCHS_im_rec_calib.hdf,"MATRIX_[9, 13]_robust_concat+reg0.1_im_rec_calib.hdf","[9, 13]",54,0.8540273686969813,0.8236091227651546,0.9643825864992631,0.845162450748205,0.008864917948776307,1.0104890106522462,30,0.043478260869565216,0.8204727407442759,0.0031363820208787363,1.0038226523138765,16,0.12213740458015267,482,564,2,2,0.645407342678695,0.8513168254282115,0.0,-75.0,30.0,-15.0,-60.0,45.0,"C:\Users\hodor\Documents\lab-Shishkin\projects\BCI_classifier\data\pr_AstroSync\features\csp\exp\01TG\MATRIX_[9, 13]_robust_concat+reg0.1_im_rec_calib.hdf"
pr_AstroSync,exp,01TG,EPOCHS_im_rec_calib.hdf,"MATRIX_[9, 13]_robust_concat+reg0.1_im_rec_calib.hdf","[9, 13]",55,0.9289108840109958,0.9289108840109958,1.0,0.9275851165003945,0.0013257675106012057,1.0014292677696286,108,0.1565217391304348,0.9214062821594324,0.0075046018515633195,1.0081447261613794,51,0.3893129770992366,493,493,1,1,0.6646986134343633,0.9080585320907213,-15.0,-45.0,30.0,-15.0,-45.0,30.0,"C:\Users\hodor\Documents\lab-Shishkin\projects\BCI_classifier\data\pr_AstroSync\features\csp\exp\01TG\MATRIX_[9, 13]_robust_concat+reg0.1_im_rec_calib.hdf"
pr_AstroSync,exp,01TG,EPOCHS_im_rec_calib.hdf,"MATRIX_[10, 14]_robust_concat+reg0.1_im_rec_calib.hdf","[10, 14]",0,0.8217144090399399,0.8135842990842996,0.9901059177419815,0.8161921591112673,0.005522249928672562,1.006765869859232,101,0.1463768115942029,0.8124113991410755,0.001172899943224115,1.0014437265952498,49,0.37404580152671757,63,603,2,1,0.8065666080144052,0.8916154892662775,-45.0,-45.0,-45.0,-45.0,15.0,45.0,"C:\Users\hodor\Documents\lab-Shishkin\projects\BCI_classifier\data\pr_AstroSync\features\csp\exp\01TG\MATRIX_[10, 14]_robust_concat+reg0.1_im_rec_calib.hdf"
pr_AstroSync,exp,01TG,EPOCHS_im_rec_calib.hdf,"MATRIX_[10, 14]_robust_concat+reg0.1_im_rec_calib.hdf","[10, 14]",1,0.8540554210626119,0.8538485585551141,0.9997577879580222,0.8538485585551141,0.0002068625074977959,1.0002422707228642,109,0.15797101449275364,0.8482057545610953,0.005642803994018841,1.0066526358300159,36,0.2748091603053435,617,608,1,1,0.3340252897202638,0.8155430580194526,30.0,30.0,45.0,30.0,15.0,45.0,"C:\Users\hodor\Documents\lab-Shishkin\projects\BCI_classifier\data\pr_AstroSync\features\csp\exp\01TG\MATRIX_[10, 14]_robust_concat+reg0.1_im_rec_calib.hdf"
pr_AstroSync,exp,01TG,EPOCHS_im_rec_calib.hdf,"MATRIX_[10, 14]_robust_concat+reg0.1_im_rec_calib.hdf","[10, 14]",2,0.8551696531567072,0.7527498656035425,0.8802345392225973,0.8512782096203648,0.0038914435363424094,1.0045712946629726,16,0.02318840579710145,0.7523361416546277,0.00041372394891481257,1.0005499190136007,46,0.3511450381679389,69,607,2,1,0.22972653228005602,0.7055133020674199,45.0,-45.0,-45.0,15.0,15.0,45.0,"C:\Users\hodor\Documents\lab-Shishkin\projects\BCI_classifier\data\pr_AstroSync\features\csp\exp\01TG\MATRIX_[10, 14]_robust_concat+reg0.1_im_rec_calib.hdf"
pr_AstroSync,exp,01TG,EPOCHS_im_rec_calib.hdf,"MATRIX_[10, 14]_robust_concat+reg0.1_im_rec_calib.hdf","[10, 14]",3,0.7812826120100225,0.7812826120100225,1.0,0.7811190257883036,0.00016358622171885884,1.0002094254733507,116,0.1681159420289855,0.7811190257883036,0.00016358622171885884,1.0002094254733507,51,0.3893129770992366,509,509,1,1,0.13718265798842133,0.7508854458011921,-45.0,-15.0,30.0,-45.0,-15.0,30.0,"C:\Users\hodor\Documents\lab-Shishkin\projects\BCI_classifier\data\pr_AstroSync\features\csp\exp\01TG\MATRIX_[10, 14]_robust_concat+reg0.1_im_rec_calib.hdf"
pr_AstroSync,exp,01TG,EPOCHS_im_rec_calib.hdf,"MATRIX_[10, 14]_robust_concat+reg0.1_im_rec_calib.hdf","[10, 14]",4,0.8369492036724657,0.8369492036724657,1.0,0.8352613477236377,0.001687855948828032,1.002020751892121,109,0.15797101449275364,0.8303404961335128,0.006608707538952929,1.0079590331553459,29,0.22137404580152673,614,614,2,2,0.08823575870061862,0.7605793730254868,-15.0,30.0,45.0,-15.0,30.0,45.0,"C:\Users\hodor\Documents\lab-Shishkin\projects\BCI_classifier\data\pr_AstroSync\features\csp\exp\01TG\MATRIX_[10, 14]_robust_concat+reg0.1_im_rec_calib.hdf"
pr_AstroSync,exp,01TG,EPOCHS_im_rec_calib.hdf,"MATRIX_[10, 14]_robust_concat+reg0.1_im_rec_calib.hdf","[10, 14]",5,0.9231736005369868,0.8953352052202594,0.9698448966689098,0.9214397335348716,0.001733867002115197,1.0018816933316557,242,0.3507246376811594,0.8909773760627108,0.004357829157548676,1.0048910660075414,38,0.2900763358778626,157,426,1,1,0.0637393399277697,0.7625453933136541,0.0,-15.0,-30.0,0.0,-15.0,15.0,"C:\Users\hodor\Documents\lab-Shishkin\projects\BCI_classifier\data\pr_AstroSync\features\csp\exp\01TG\MATRIX_[10, 14]_robust_concat+reg0.1_im_rec_calib.hdf"
pr_AstroSync,exp,01TG,EPOCHS_im_rec_calib.hdf,"MATRIX_[10, 14]_robust_concat+reg0.1_im_rec_calib.hdf","[10, 14]",6,0.7665506970007743,0.7490523711336214,0.9771726437199558,0.7629825149094743,0.003568182091299943,1.0046766236729858,93,0.13478260869565217,0.7432527157309365,0.0057996554026849,1.0078030732749914,15,0.11450381679389313,525,608,0,0,0.03593797160669576,0.7090836138920867,45.0,0.0,30.0,30.0,15.0,45.0,"C:\Users\hodor\Documents\lab-Shishkin\projects\BCI_classifier\data\pr_AstroSync\features\csp\exp\01TG\MATRIX_[10, 14]_robust_concat+reg0.1_im_rec_calib.hdf"
pr_AstroSync,exp,01TG,EPOCHS_im_rec_calib.hdf,"MATRIX_[10, 14]_robust_concat+reg0.1_im_rec_calib.hdf","[10, 14]",7,0.777779975435247,0.777779975435247,1.0,0.7674093122391101,0.010370663196136887,1.0135138615478587,26,0.03768115942028986,0.7674093122391101,0.010370663196136887,1.0135138615478587,23,0.17557251908396945,680,680,2,2,0.006952591263758023,0.723613509655088,15.0,-15.0,75.0,15.0,-15.0,75.0,"C:\Users\hodor\Documents\lab-Shishkin\projects\BCI_classifier\data\pr_AstroSync\features\csp\exp\01TG\MATRIX_[10, 14]_robust_concat+reg0.1_im_rec_calib.hdf"
pr_AstroSync,exp,01TG,EPOCHS_im_rec_calib.hdf,"MATRIX_[10, 14]_robust_concat+reg0.1_im_rec_calib.hdf","[10, 14]",8,0.7198272703348926,0.7121366165829319,0.9893159733329043,0.7190341622768492,0.0007931080580433347,1.0011030186041954,131,0.18985507246376812,0.708745564019541,0.003391052563390895,1.0047845838274585,34,0.2595419847328244,438,437,2,2,0.028661556920112297,0.7001723151878556,15.0,0.0,15.0,0.0,0.0,15.0,"C:\Users\hodor\Documents\lab-Shishkin\projects\BCI_classifier\data\pr_AstroSync\features\csp\exp\01TG\MATRIX_[10, 14]_robust_concat+reg0.1_im_rec_calib.hdf"
pr_AstroSync,exp,01TG,EPOCHS_im_rec_calib.hdf,"MATRIX_[10, 14]_robust_concat+reg0.1_im_rec_calib.hdf","[10, 14]",9,0.7817542070885581,0.6495942866779977,0.830944407830236,0.7802016183224703,0.0015525887660878812,1.0019899840369804,24,0.034782608695652174,0.6492966613990295,0.00029762527896814994,1.0004583810400731,72,0.549618320610687,107,661,2,0,0.038838669185228714,0.6090507176979512,-45.0,30.0,-45.0,0.0,15.0,60.0,"C:\Users\hodor\Documents\lab-Shishkin\projects\BCI_classifier\data\pr_AstroSync\features\csp\exp\01TG\MATRIX_[10, 14]_robust_concat+reg0.1_im_rec_calib.hdf"
pr_AstroSync,exp,01TG,EPOCHS_im_rec_calib.hdf,"MATRIX_[10, 14]_robust_concat+reg0.1_im_rec_calib.hdf","[10, 14]",10,0.8670727983078177,0.7224442706777786,0.8331990948023088,0.8667611099185376,0.0003116883892800848,1.000359601262347,40,0.057971014492753624,0.7159176695103187,0.0065266011674599556,1.0091164130254309,9,0.06870229007633588,235,514,2,2,0.06376486029011774,0.640548059456285,60.0,-30.0,-15.0,30.0,-15.0,30.0,"C:\Users\hodor\Documents\lab-Shishkin\projects\BCI_classifier\data\pr_AstroSync\features\csp\exp\01TG\MATRIX_[10, 14]_robust_concat+reg0.1_im_rec_calib.hdf"
pr_AstroSync,exp,01TG,EPOCHS_im_rec_calib.hdf,"MATRIX_[10, 14]_robust_concat+reg0.1_im_rec_calib.hdf","[10, 14]",11,0.7827285288226921,0.7356859013567016,0.939899178663198,0.7732212773268194,0.009507251495872615,1.0122956413314712,32,0.0463768115942029,0.7145534662420734,0.021132435114628256,1.0295743231444476,9,0.06870229007633588,610,608,2,2,0.08531848249504104,0.6975083923722928,60.0,15.0,45.0,30.0,15.0,45.0,"C:\Users\hodor\Documents\lab-Shishkin\projects\BCI_classifier\data\pr_AstroSync\features\csp\exp\01TG\MATRIX_[10, 14]_robust_concat+reg0.1_im_rec_calib.hdf"
pr_AstroSync,exp,01TG,EPOCHS_im_rec_calib.hdf,"MATRIX_[10, 14]_robust_concat+reg0.1_im_rec_calib.hdf","[10, 14]",12,0.8156622210382942,0.7646326643450845,0.9374378812981532,0.8121707784467767,0.0034914425915175684,1.0042989020094946,53,0.07681159420289856,0.7632018467190609,0.001430817626023595,1.0018747565040291,32,0.24427480916030533,46,514,2,0,0.08897267855015167,0.7072630148149788,-45.0,30.0,-60.0,30.0,-15.0,30.0,"C:\Users\hodor\Documents\lab-Shishkin\projects\BCI_classifier\data\pr_AstroSync\features\csp\exp\01TG\MATRIX_[10, 14]_robust_concat+reg0.1_im_rec_calib.hdf"
pr_AstroSync,exp,01TG,EPOCHS_im_rec_calib.hdf,"MATRIX_[10, 14]_robust_concat+reg0.1_im_rec_calib.hdf","[10, 14]",13,0.6136749555882394,0.603538374263584,0.9834821655465166,0.6116850064233831,0.001989949164856286,1.0032532253430435,182,0.263768115942029,0.6012765081217688,0.0022618661418152275,1.0037617736786038,37,0.2824427480916031,17,663,0,0,0.11269111414615018,0.6763436283174169,30.0,-45.0,-60.0,30.0,15.0,60.0,"C:\Users\hodor\Documents\lab-Shishkin\projects\BCI_classifier\data\pr_AstroSync\features\csp\exp\01TG\MATRIX_[10, 14]_robust_concat+reg0.1_im_rec_calib.hdf"
pr_AstroSync,exp,01TG,EPOCHS_im_rec_calib.hdf,"MATRIX_[10, 14]_robust_concat+reg0.1_im_rec_calib.hdf","[10, 14]",14,0.7121397080504179,0.629118124253633,0.8834195272946258,0.692888943189226,0.019250764861191927,1.0277833338955946,17,0.02463768115942029,0.6280412929819589,0.001076831271674128,1.0017145867376989,19,0.1450381679389313,133,649,2,1,0.1251439279048614,0.6427589163523255,30.0,-60.0,-30.0,30.0,-15.0,60.0,"C:\Users\hodor\Documents\lab-Shishkin\projects\BCI_classifier\data\pr_AstroSync\features\csp\exp\01TG\MATRIX_[10, 14]_robust_concat+reg0.1_im_rec_calib.hdf"
pr_AstroSync,exp,01TG,EPOCHS_im_rec_calib.hdf,"MATRIX_[10, 14]_robust_concat+reg0.1_im_rec_calib.hdf","[10, 14]",15,0.8460106001895539,0.839745286628897,0.9925942848006242,0.839745286628897,0.006265313560656849,1.0074609690109826,26,0.03768115942028986,0.8112775544720978,0.028467732156799208,1.035090003414828,15,0.11450381679389313,670,663,0,0,0.13439742328430127,0.7674577631372551,30.0,30.0,60.0,30.0,15.0,60.0,"C:\Users\hodor\Documents\lab-Shishkin\projects\BCI_classifier\data\pr_AstroSync\features\csp\exp\01TG\MATRIX_[10, 14]_robust_concat+reg0.1_im_rec_calib.hdf"
pr_AstroSync,exp,01TG,EPOCHS_im_rec_calib.hdf,"MATRIX_[10, 14]_robust_concat+reg0.1_im_rec_calib.hdf","[10, 14]",16,0.8624734716749429,0.721204876309874,0.8362052863020561,0.861871354346873,0.0006021173280699177,1.0006986162436344,39,0.05652173913043478,0.7200594828654412,0.001145393444432763,1.0015906928131475,44,0.33587786259541985,44,524,2,2,0.15686673634850612,0.6600874328140823,30.0,15.0,-60.0,30.0,0.0,30.0,"C:\Users\hodor\Documents\lab-Shishkin\projects\BCI_classifier\data\pr_AstroSync\features\csp\exp\01TG\MATRIX_[10, 14]_robust_concat+reg0.1_im_rec_calib.hdf"
pr_AstroSync,exp,01TG,EPOCHS_im_rec_calib.hdf,"MATRIX_[10, 14]_robust_concat+reg0.1_im_rec_calib.hdf","[10, 14]",17,0.9033534997457098,0.8086483841320022,0.8951627290530599,0.8968166821341281,0.006536817611581647,1.0072889117049275,33,0.04782608695652174,0.8002017917327927,0.00844659239920953,1.010555577963552,36,0.2748091603053435,16,533,2,1,0.17958980573584737,0.7217681236672472,15.0,-45.0,-60.0,15.0,15.0,30.0,"C:\Users\hodor\Documents\lab-Shishkin\projects\BCI_classifier\data\pr_AstroSync\features\csp\exp\01TG\MATRIX_[10, 14]_robust_concat+reg0.1_im_rec_calib.hdf"
pr_AstroSync,exp,01TG,EPOCHS_im_rec_calib.hdf,"MATRIX_[10, 14]_robust_concat+reg0.1_im_rec_calib.hdf","[10, 14]",18,0.7704896394208919,0.7429148038007869,0.9642112830474521,0.7650673767638858,0.005422262657006072,1.0070873008334786,40,0.057971014492753624,0.7248416575337695,0.018073146267017393,1.0249339232633374,12,0.0916030534351145,393,484,1,1,0.18833419015861175,0.7315820967333512,-15.0,-75.0,15.0,-30.0,-60.0,30.0,"C:\Users\hodor\Documents\lab-Shishkin\projects\BCI_classifier\data\pr_AstroSync\features\csp\exp\01TG\MATRIX_[10, 14]_robust_concat+reg0.1_im_rec_calib.hdf"
pr_AstroSync,exp,01TG,EPOCHS_im_rec_calib.hdf,"MATRIX_[10, 14]_robust_concat+reg0.1_im_rec_calib.hdf","[10, 14]",19,0.7757709016271376,0.7457934107575315,0.9613578044668472,0.7733855745225943,0.002385327104543311,1.003084266351898,57,0.08260869565217391,0.7451351100157593,0.0006583007417721998,1.0008834649353167,22,0.16793893129770993,58,581,2,0,0.20709278418539334,0.7350572626122959,-30.0,-60.0,-45.0,30.0,-30.0,45.0,"C:\Users\hodor\Documents\lab-Shishkin\projects\BCI_classifier\data\pr_AstroSync\features\csp\exp\01TG\MATRIX_[10, 14]_robust_concat+reg0.1_im_rec_calib.hdf"
pr_AstroSync,exp,01TG,EPOCHS_im_rec_calib.hdf,"MATRIX_[10, 14]_robust_concat+reg0.1_im_rec_calib.hdf","[10, 14]",20,0.9014094176856271,0.8652387892545793,0.9598732521300742,0.9010092096120885,0.0004002080735385771,1.0004441775614157,165,0.2391304347826087,0.8568465340648088,0.008392255189770492,1.009794350395465,32,0.24427480916030533,314,504,1,1,0.2165458387695851,0.7780857074515531,15.0,-45.0,0.0,15.0,-30.0,30.0,"C:\Users\hodor\Documents\lab-Shishkin\projects\BCI_classifier\data\pr_AstroSync\features\csp\exp\01TG\MATRIX_[10, 14]_robust_concat+reg0.1_im_rec_calib.hdf"
pr_AstroSync,exp,01TG,EPOCHS_im_rec_calib.hdf,"MATRIX_[10, 14]_robust_concat+reg0.1_im_rec_calib.hdf","[10, 14]",21,0.8291408790500245,0.7261036366344926,0.875730114122964,0.8280181367269572,0.001122742323067305,1.0013559392883655,33,0.04782608695652174,0.7253341523523463,0.0007694842821462933,1.0010608686763898,50,0.3816793893129771,49,530,2,2,0.22364781023259317,0.6929443862239248,0.0,30.0,-60.0,-30.0,15.0,30.0,"C:\Users\hodor\Documents\lab-Shishkin\projects\BCI_classifier\data\pr_AstroSync\features\csp\exp\01TG\MATRIX_[10, 14]_robust_concat+reg0.1_im_rec_calib.hdf"
pr_AstroSync,exp,01TG,EPOCHS_im_rec_calib.hdf,"MATRIX_[10, 14]_robust_concat+reg0.1_im_rec_calib.hdf","[10, 14]",22,0.9354897150161454,0.9354897150161454,1.0,0.9340605228195492,0.0014291921965962073,1.0015300852157654,150,0.21739130434782608,0.9340605228195492,0.0014291921965962073,1.0015300852157654,93,0.7099236641221374,587,587,1,1,0.2427299536753189,0.8259673909907147,-15.0,-15.0,45.0,-15.0,-15.0,45.0,"C:\Users\hodor\Documents\lab-Shishkin\projects\BCI_classifier\data\pr_AstroSync\features\csp\exp\01TG\MATRIX_[10, 14]_robust_concat+reg0.1_im_rec_calib.hdf"
pr_AstroSync,exp,01TG,EPOCHS_im_rec_calib.hdf,"MATRIX_[10, 14]_robust_concat+reg0.1_im_rec_calib.hdf","[10, 14]",23,0.8658995527465344,0.70678395182051,0.8162424262475619,0.8658948752979528,4.677448581569266e-06,1.0000054018665718,18,0.02608695652173913,0.7047485552085775,0.0020353966119325273,1.0028881174667044,39,0.29770992366412213,132,590,2,1,0.250010526196081,0.6646855801877976,15.0,-60.0,-30.0,30.0,-15.0,45.0,"C:\Users\hodor\Documents\lab-Shishkin\projects\BCI_classifier\data\pr_AstroSync\features\csp\exp\01TG\MATRIX_[10, 14]_robust_concat+reg0.1_im_rec_calib.hdf"
pr_AstroSync,exp,01TG,EPOCHS_im_rec_calib.hdf,"MATRIX_[10, 14]_robust_concat+reg0.1_im_rec_calib.hdf","[10, 14]",24,0.7738864976681592,0.6635393109634501,0.8574116656160788,0.7591840622659238,0.01470243540223537,1.0193661012302515,27,0.0391304347826087,0.6582111549258659,0.005328156037584186,1.0080949038886835,51,0.3893129770992366,9,435,2,2,0.25389313934165547,0.668852636232774,-15.0,15.0,-75.0,-30.0,0.0,15.0,"C:\Users\hodor\Documents\lab-Shishkin\projects\BCI_classifier\data\pr_AstroSync\features\csp\exp\01TG\MATRIX_[10, 14]_robust_concat+reg0.1_im_rec_calib.hdf"
pr_AstroSync,exp,01TG,EPOCHS_im_rec_calib.hdf,"MATRIX_[10, 14]_robust_concat+reg0.1_im_rec_calib.hdf","[10, 14]",25,0.8977629264179835,0.858643046743177,0.9564251557692494,0.8942027193324991,0.0035602070854844348,1.003981431736354,102,0.14782608695652175,0.850282946503678,0.008360100239499069,1.0098321391413003,45,0.3435114503816794,24,504,2,0,0.26731120291839017,0.7843786270399522,45.0,-30.0,-60.0,15.0,-30.0,30.0,"C:\Users\hodor\Documents\lab-Shishkin\projects\BCI_classifier\data\pr_AstroSync\features\csp\exp\01TG\MATRIX_[10, 14]_robust_concat+reg0.1_im_rec_calib.hdf"
pr_AstroSync,exp,01TG,EPOCHS_im_rec_calib.hdf,"MATRIX_[10, 14]_robust_concat+reg0.1_im_rec_calib.hdf","[10, 14]",26,0.9099114745422217,0.6975594572007751,0.7666234317483672,0.9094568243362585,0.0004546502059631363,1.000499914007787,20,0.028985507246376812,0.6961101282027063,0.0014493289980687107,1.0020820398085728,53,0.40458015267175573,24,436,2,0,0.27037691013884535,0.6432017363348056,45.0,-30.0,-60.0,-15.0,0.0,15.0,"C:\Users\hodor\Documents\lab-Shishkin\projects\BCI_classifier\data\pr_AstroSync\features\csp\exp\01TG\MATRIX_[10, 14]_robust_concat+reg0.1_im_rec_calib.hdf"
pr_AstroSync,exp,01TG,EPOCHS_im_rec_calib.hdf,"MATRIX_[10, 14]_robust_concat+reg0.1_im_rec_calib.hdf","[10, 14]",27,0.8960895105890991,0.883011371922418,0.9854053211067235,0.8950631137657672,0.0010263968233319432,1.001146731227716,138,0.2,0.8786124434139762,0.004398928508441813,1.005006676767915,31,0.2366412213740458,418,504,0,0,0.28353940878807493,0.8091942564284869,30.0,-30.0,15.0,15.0,-30.0,30.0,"C:\Users\hodor\Documents\lab-Shishkin\projects\BCI_classifier\data\pr_AstroSync\features\csp\exp\01TG\MATRIX_[10, 14]_robust_concat+reg0.1_im_rec_calib.hdf"
pr_AstroSync,exp,01TG,EPOCHS_im_rec_calib.hdf,"MATRIX_[10, 14]_robust_concat+reg0.1_im_rec_calib.hdf","[10, 14]",28,0.7749177110414327,0.612445321365513,0.7903359448868852,0.7742279982842215,0.0006897127572111916,1.0008908393376883,20,0.028985507246376812,0.6054143460619567,0.007030975303556342,1.0116134930552783,26,0.1984732824427481,51,564,2,1,0.29413403050839637,0.6288338437787071,30.0,30.0,-60.0,-15.0,-60.0,45.0,"C:\Users\hodor\Documents\lab-Shishkin\projects\BCI_classifier\data\pr_AstroSync\features\csp\exp\01TG\MATRIX_[10, 14]_robust_concat+reg0.1_im_rec_calib.hdf"
pr_AstroSync,exp,01TG,EPOCHS_im_rec_calib.hdf,"MATRIX_[10, 14]_robust_concat+reg0.1_im_rec_calib.hdf","[10, 14]",29,0.9490259220048288,0.947309916477491,0.9981918243879864,0.947309916477491,0.0017160055273378605,1.001811451033595,179,0.2594202898550725,0.9418777357149833,0.005432180762507621,1.0057673948077603,61,0.46564885496183206,415,414,1,1,0.3093987035514174,0.8426245324519991,-15.0,-30.0,15.0,-30.0,-30.0,15.0,"C:\Users\hodor\Documents\lab-Shishkin\projects\BCI_classifier\data\pr_AstroSync\features\csp\exp\01TG\MATRIX_[10, 14]_robust_concat+reg0.1_im_rec_calib.hdf"
pr_AstroSync,exp,01TG,EPOCHS_im_rec_calib.hdf,"MATRIX_[10, 14]_robust_concat+reg0.1_im_rec_calib.hdf","[10, 14]",30,0.7966474816635682,0.7221327961724582,0.9064646694978465,0.787146254283809,0.009501227379759225,1.012070472708282,20,0.028985507246376812,0.7160495306103709,0.00608326556208727,1.0084955932544244,18,0.13740458015267176,482,572,0,0,0.31356264165466907,0.7233681082653252,0.0,-75.0,30.0,15.0,-45.0,45.0,"C:\Users\hodor\Documents\lab-Shishkin\projects\BCI_classifier\data\pr_AstroSync\features\csp\exp\01TG\MATRIX_[10, 14]_robust_concat+reg0.1_im_rec_calib.hdf"
pr_AstroSync,exp,01TG,EPOCHS_im_rec_calib.hdf,"MATRIX_[10, 14]_robust_concat+reg0.1_im_rec_calib.hdf","[10, 14]",31,0.6977302537992874,0.6955588054251276,0.9968878397312775,0.6976489720376307,8.12817616567818e-05,1.000116508107823,121,0.1753623188405797,0.6886412759366374,0.006917529488490226,1.0100451856869623,28,0.21374045801526717,312,405,2,2,0.321556009992352,0.7563563117763399,-15.0,-45.0,0.0,-30.0,-45.0,15.0,"C:\Users\hodor\Documents\lab-Shishkin\projects\BCI_classifier\data\pr_AstroSync\features\csp\exp\01TG\MATRIX_[10, 14]_robust_concat+reg0.1_im_rec_calib.hdf"
pr_AstroSync,exp,01TG,EPOCHS_im_rec_calib.hdf,"MATRIX_[10, 14]_robust_concat+reg0.1_im_rec_calib.hdf","[10, 14]",32,0.9519288394630562,0.9519288394630562,1.0,0.9501106060794924,0.0018182333835637943,1.0019137070693975,237,0.34347826086956523,0.9501106060794924,0.0018182333835637943,1.0019137070693975,63,0.48091603053435117,436,436,0,0,0.32792602503308266,0.8487602988186862,-15.0,0.0,15.0,-15.0,0.0,15.0,"C:\Users\hodor\Documents\lab-Shishkin\projects\BCI_classifier\data\pr_AstroSync\features\csp\exp\01TG\MATRIX_[10, 14]_robust_concat+reg0.1_im_rec_calib.hdf"
pr_AstroSync,exp,01TG,EPOCHS_im_rec_calib.hdf,"MATRIX_[10, 14]_robust_concat+reg0.1_im_rec_calib.hdf","[10, 14]",33,0.8182357539221798,0.7665660857895773,0.9368523461790491,0.815123687252714,0.0031120666694658405,1.0038179072920268,87,0.12608695652173912,0.7614652698616458,0.005100815927931546,1.0066986849299882,16,0.12213740458015267,394,405,0,0,0.34653536915532945,0.75918875963799,0.0,-75.0,15.0,-30.0,-45.0,15.0,"C:\Users\hodor\Documents\lab-Shishkin\projects\BCI_classifier\data\pr_AstroSync\features\csp\exp\01TG\MATRIX_[10, 14]_robust_concat+reg0.1_im_rec_calib.hdf"
pr_AstroSync,exp,01TG,EPOCHS_im_rec_calib.hdf,"MATRIX_[10, 14]_robust_concat+reg0.1_im_rec_calib.hdf","[10, 14]",34,0.9665306216575655,0.9548181000466822,0.9878818928770237,0.9649168471195648,0.0016137745380007118,1.0016724493336582,114,0.16521739130434782,0.9426398648949965,0.012178235151685701,1.0129192872116037,29,0.22137404580152673,398,493,1,1,0.3742003470368247,0.8535732562183644,-15.0,-60.0,15.0,-15.0,-45.0,30.0,"C:\Users\hodor\Documents\lab-Shishkin\projects\BCI_classifier\data\pr_AstroSync\features\csp\exp\01TG\MATRIX_[10, 14]_robust_concat+reg0.1_im_rec_calib.hdf"
pr_AstroSync,exp,01TG,EPOCHS_im_rec_calib.hdf,"MATRIX_[10, 14]_robust_concat+reg0.1_im_rec_calib.hdf","[10, 14]",35,0.847780386747701,0.697473063443665,0.8227048824747495,0.83425692612416,0.013523460623540928,1.0162101868142337,35,0.050724637681159424,0.6901839757259027,0.007289087717762266,1.0105610793268505,32,0.24427480916030533,108,531,2,2,0.3778497694168834,0.6899027232022967,-30.0,30.0,-45.0,-15.0,15.0,30.0,"C:\Users\hodor\Documents\lab-Shishkin\projects\BCI_classifier\data\pr_AstroSync\features\csp\exp\01TG\MATRIX_[10, 14]_robust_concat+reg0.1_im_rec_calib.hdf"
pr_AstroSync,exp,01TG,EPOCHS_im_rec_calib.hdf,"MATRIX_[10, 14]_robust_concat+reg0.1_im_rec_calib.hdf","[10, 14]",36,0.8608530388165608,0.8604358465347866,0.9995153733994506,0.8604358465347866,0.00041719228177428125,1.0004848615773674,132,0.19130434782608696,0.8547250474541206,0.0057107990806659625,1.0066814458025726,47,0.35877862595419846,406,493,1,1,0.39608768355638935,0.8301520010282059,-15.0,-45.0,15.0,-15.0,-45.0,30.0,"C:\Users\hodor\Documents\lab-Shishkin\projects\BCI_classifier\data\pr_AstroSync\features\csp\exp\01TG\MATRIX_[10, 14]_robust_concat+reg0.1_im_rec_calib.hdf"
pr_AstroSync,exp,01TG,EPOCHS_im_rec_calib.hdf,"MATRIX_[10, 14]_robust_concat+reg0.1_im_rec_calib.hdf","[10, 14]",37,0.9607655906908953,0.7011264475854178,0.7297580745801183,0.9600842967148486,0.0006812939760466596,1.000709618914066,32,0.0463768115942029,0.6921906880347214,0.008935759550696365,1.0129093900064834,26,0.1984732824427481,22,504,2,2,0.40483688236926474,0.6547527666898024,15.0,-30.0,-60.0,15.0,-30.0,30.0,"C:\Users\hodor\Documents\lab-Shishkin\projects\BCI_classifier\data\pr_AstroSync\features\csp\exp\01TG\MATRIX_[10, 14]_robust_concat+reg0.1_im_rec_calib.hdf"
pr_AstroSync,exp,01TG,EPOCHS_im_rec_calib.hdf,"MATRIX_[10, 14]_robust_concat+reg0.1_im_rec_calib.hdf","[10, 14]",38,0.831874050813258,0.6165328625389609,0.7411372694414798,0.8314320144293965,0.00044203638386153266,1.0005316566793077,12,0.017391304347826087,0.6142580850301911,0.0022747775087698097,1.0037032927432417,20,0.15267175572519084,60,493,2,1,0.4207376988347218,0.6334458129042465,0.0,-60.0,-45.0,-15.0,-45.0,30.0,"C:\Users\hodor\Documents\lab-Shishkin\projects\BCI_classifier\data\pr_AstroSync\features\csp\exp\01TG\MATRIX_[10, 14]_robust_concat+reg0.1_im_rec_calib.hdf"
pr_AstroSync,exp,01TG,EPOCHS_im_rec_calib.hdf,"MATRIX_[10, 14]_robust_concat+reg0.1_im_rec_calib.hdf","[10, 14]",39,0.9337448506046463,0.9288568455385674,0.9947651598154318,0.9324368147739095,0.0013080358307367979,1.0014028144427716,139,0.20144927536231885,0.9275382841381838,0.0013185614003835555,1.00142157086444,51,0.3893129770992366,494,503,1,1,0.4251778417405403,0.857779786203551,0.0,-45.0,30.0,0.0,-30.0,30.0,"C:\Users\hodor\Documents\lab-Shishkin\projects\BCI_classifier\data\pr_AstroSync\features\csp\exp\01TG\MATRIX_[10, 14]_robust_concat+reg0.1_im_rec_calib.hdf"
pr_AstroSync,exp,01TG,EPOCHS_im_rec_calib.hdf,"MATRIX_[10, 14]_robust_concat+reg0.1_im_rec_calib.hdf","[10, 14]",40,0.8680387728765109,0.7622670180891158,0.8781485826527217,0.833304258612633,0.03473451426387786,1.0416828714180668,9,0.013043478260869565,0.7597775459895475,0.0024894720995682906,1.0032765802473484,15,0.11450381679389313,127,571,2,1,0.43140751131762856,0.7482418207884409,0.0,-75.0,-30.0,0.0,-45.0,45.0,"C:\Users\hodor\Documents\lab-Shishkin\projects\BCI_classifier\data\pr_AstroSync\features\csp\exp\01TG\MATRIX_[10, 14]_robust_concat+reg0.1_im_rec_calib.hdf"
pr_AstroSync,exp,01TG,EPOCHS_im_rec_calib.hdf,"MATRIX_[10, 14]_robust_concat+reg0.1_im_rec_calib.hdf","[10, 14]",41,0.8474995824476275,0.7497087822444957,0.8846125682791414,0.8301475623867504,0.017352020060877105,1.0209023321239281,10,0.014492753623188406,0.7308098638220962,0.018898918422399436,1.0258602399310255,13,0.09923664122137404,62,581,2,1,0.44489077111458064,0.7494518837341032,30.0,-60.0,-45.0,30.0,-30.0,45.0,"C:\Users\hodor\Documents\lab-Shishkin\projects\BCI_classifier\data\pr_AstroSync\features\csp\exp\01TG\MATRIX_[10, 14]_robust_concat+reg0.1_im_rec_calib.hdf"
pr_AstroSync,exp,01TG,EPOCHS_im_rec_calib.hdf,"MATRIX_[10, 14]_robust_concat+reg0.1_im_rec_calib.hdf","[10, 14]",42,0.8282150946086828,0.7627645305819001,0.9209739541662098,0.825112762103681,0.0031023325050018036,1.0037598891296897,62,0.08985507246376812,0.7598034675468417,0.0029610630350583866,1.0038971433555295,13,0.09923664122137404,328,514,1,1,0.4563818771752919,0.7726822405135177,75.0,-30.0,0.0,30.0,-15.0,30.0,"C:\Users\hodor\Documents\lab-Shishkin\projects\BCI_classifier\data\pr_AstroSync\features\csp\exp\01TG\MATRIX_[10, 14]_robust_concat+reg0.1_im_rec_calib.hdf"
pr_AstroSync,exp,01TG,EPOCHS_im_rec_calib.hdf,"MATRIX_[10, 14]_robust_concat+reg0.1_im_rec_calib.hdf","[10, 14]",43,0.7063384328286503,0.5264946186630302,0.7453857728717868,0.7002009997595946,0.0061374330690556755,1.0087652446528395,10,0.014492753623188406,0.5251846523531105,0.0013099663099196412,1.0024942966327182,25,0.19083969465648856,18,649,2,2,0.4612525514104371,0.611947224606452,-45.0,-30.0,-60.0,30.0,-15.0,60.0,"C:\Users\hodor\Documents\lab-Shishkin\projects\BCI_classifier\data\pr_AstroSync\features\csp\exp\01TG\MATRIX_[10, 14]_robust_concat+reg0.1_im_rec_calib.hdf"
pr_AstroSync,exp,01TG,EPOCHS_im_rec_calib.hdf,"MATRIX_[10, 14]_robust_concat+reg0.1_im_rec_calib.hdf","[10, 14]",44,0.9251707217607092,0.9220497516060772,0.9966266008194763,0.9220497516060772,0.0031209701546320856,1.003384817521176,206,0.2985507246376812,0.921006907596117,0.001042844009960131,1.0011322868497068,66,0.5038167938931297,416,503,0,0,0.47669044779569436,0.8665374729900303,0.0,-30.0,15.0,0.0,-30.0,30.0,"C:\Users\hodor\Documents\lab-Shishkin\projects\BCI_classifier\data\pr_AstroSync\features\csp\exp\01TG\MATRIX_[10, 14]_robust_concat+reg0.1_im_rec_calib.hdf"
pr_AstroSync,exp,01TG,EPOCHS_im_rec_calib.hdf,"MATRIX_[10, 14]_robust_concat+reg0.1_im_rec_calib.hdf","[10, 14]",45,0.8815217898473001,0.8119002579470972,0.9210212014018814,0.8804481199416863,0.001073669905613861,1.0012194584567742,145,0.21014492753623187,0.7913091602655146,0.020591097681582626,1.02602155859623,18,0.13740458015267176,12,504,2,1,0.4854683033140528,0.7957182915751412,0.0,30.0,-75.0,15.0,-30.0,30.0,"C:\Users\hodor\Documents\lab-Shishkin\projects\BCI_classifier\data\pr_AstroSync\features\csp\exp\01TG\MATRIX_[10, 14]_robust_concat+reg0.1_im_rec_calib.hdf"
pr_AstroSync,exp,01TG,EPOCHS_im_rec_calib.hdf,"MATRIX_[10, 14]_robust_concat+reg0.1_im_rec_calib.hdf","[10, 14]",46,0.8842579802654035,0.784905394147186,0.8876429861697176,0.8810754811942879,0.003182499071115563,1.0036120617802253,36,0.05217391304347826,0.7846540306661605,0.00025136348102550166,1.0003203494421766,10,0.07633587786259542,498,514,1,1,0.5132107520826339,0.7767983821444148,60.0,-45.0,30.0,30.0,-15.0,30.0,"C:\Users\hodor\Documents\lab-Shishkin\projects\BCI_classifier\data\pr_AstroSync\features\csp\exp\01TG\MATRIX_[10, 14]_robust_concat+reg0.1_im_rec_calib.hdf"
pr_AstroSync,exp,01TG,EPOCHS_im_rec_calib.hdf,"MATRIX_[10, 14]_robust_concat+reg0.1_im_rec_calib.hdf","[10, 14]",47,0.7156821785669558,0.669053464520711,0.9348471773607502,0.7087555613841687,0.006926617182787087,1.009772928157713,26,0.03768115942028986,0.6579980401615194,0.011055424359191601,1.016801606820102,10,0.07633587786259542,127,484,2,1,0.5277845333494218,0.7604068490644708,0.0,-75.0,-30.0,-30.0,-60.0,30.0,"C:\Users\hodor\Documents\lab-Shishkin\projects\BCI_classifier\data\pr_AstroSync\features\csp\exp\01TG\MATRIX_[10, 14]_robust_concat+reg0.1_im_rec_calib.hdf"
pr_AstroSync,exp,01TG,EPOCHS_im_rec_calib.hdf,"MATRIX_[10, 14]_robust_concat+reg0.1_im_rec_calib.hdf","[10, 14]",48,0.74396487443647,0.7140906669687206,0.9598445995311564,0.7418609111278682,0.0021039633086017417,1.0028360616889802,70,0.10144927536231885,0.7047936930498778,0.009296973918842766,1.0131910571994645,12,0.0916030534351145,401,572,0,0,0.5307813723775268,0.7880180777035779,30.0,-60.0,15.0,15.0,-45.0,45.0,"C:\Users\hodor\Documents\lab-Shishkin\projects\BCI_classifier\data\pr_AstroSync\features\csp\exp\01TG\MATRIX_[10, 14]_robust_concat+reg0.1_im_rec_calib.hdf"
pr_AstroSync,exp,01TG,EPOCHS_im_rec_calib.hdf,"MATRIX_[10, 14]_robust_concat+reg0.1_im_rec_calib.hdf","[10, 14]",49,0.8755273615832206,0.8492649186921076,0.9700038581962505,0.875323917987812,0.00020344359540869217,1.0002324209258173,41,0.059420289855072465,0.8424242831358235,0.006840635556284114,1.008120178505326,15,0.11450381679389313,487,571,1,1,0.5488500015295024,0.8435144580364508,15.0,-60.0,30.0,0.0,-45.0,45.0,"C:\Users\hodor\Documents\lab-Shishkin\projects\BCI_classifier\data\pr_AstroSync\features\csp\exp\01TG\MATRIX_[10, 14]_robust_concat+reg0.1_im_rec_calib.hdf"
pr_AstroSync,exp,01TG,EPOCHS_im_rec_calib.hdf,"MATRIX_[10, 14]_robust_concat+reg0.1_im_rec_calib.hdf","[10, 14]",50,0.8218641413952701,0.7833558656677398,0.9531452051647428,0.8172930414239226,0.004571099971347525,1.0055929755175494,40,0.057971014492753624,0.7824826801886993,0.0008731854790405835,1.001115916685632,30,0.22900763358778625,62,484,2,0,0.5592047400980416,0.8149308433274515,30.0,-60.0,-45.0,-30.0,-60.0,30.0,"C:\Users\hodor\Documents\lab-Shishkin\projects\BCI_classifier\data\pr_AstroSync\features\csp\exp\01TG\MATRIX_[10, 14]_robust_concat+reg0.1_im_rec_calib.hdf"
pr_AstroSync,exp,01TG,EPOCHS_im_rec_calib.hdf,"MATRIX_[10, 14]_robust_concat+reg0.1_im_rec_calib.hdf","[10, 14]",51,0.9536672979058166,0.9161031351377903,0.9606108305794752,0.9516687200353686,0.001998577870447993,1.0021000772940962,141,0.20434782608695654,0.915700561927501,0.00040257321028924764,1.0004396341195225,32,0.24427480916030533,304,405,0,0,0.573610556431174,0.8676330823452252,-15.0,-60.0,0.0,-30.0,-45.0,15.0,"C:\Users\hodor\Documents\lab-Shishkin\projects\BCI_classifier\data\pr_AstroSync\features\csp\exp\01TG\MATRIX_[10, 14]_robust_concat+reg0.1_im_rec_calib.hdf"
pr_AstroSync,exp,01TG,EPOCHS_im_rec_calib.hdf,"MATRIX_[10, 14]_robust_concat+reg0.1_im_rec_calib.hdf","[10, 14]",52,0.9715034617372269,0.9708873165512597,0.9993657817905606,0.9708873165512597,0.0006161451859671985,1.000634620697442,158,0.2289855072463768,0.9700705520859585,0.0008167644653012118,1.0008419639824597,54,0.4122137404580153,415,414,1,1,0.582436549626862,0.9060124725240656,-15.0,-30.0,15.0,-30.0,-30.0,15.0,"C:\Users\hodor\Documents\lab-Shishkin\projects\BCI_classifier\data\pr_AstroSync\features\csp\exp\01TG\MATRIX_[10, 14]_robust_concat+reg0.1_im_rec_calib.hdf"
pr_AstroSync,exp,01TG,EPOCHS_im_rec_calib.hdf,"MATRIX_[10, 14]_robust_concat+reg0.1_im_rec_calib.hdf","[10, 14]",53,0.8056559425329193,0.8056559425329193,1.0,0.804378964137046,0.0012769783958732628,1.0015875333055773,205,0.2971014492753623,0.804378964137046,0.0012769783958732628,1.0015875333055773,70,0.5343511450381679,512,512,1,1,0.6000339386002644,0.8519863676065746,0.0,-15.0,30.0,0.0,-15.0,30.0,"C:\Users\hodor\Documents\lab-Shishkin\projects\BCI_classifier\data\pr_AstroSync\features\csp\exp\01TG\MATRIX_[10, 14]_robust_concat+reg0.1_im_rec_calib.hdf"
pr_AstroSync,exp,01TG,EPOCHS_im_rec_calib.hdf,"MATRIX_[10, 14]_robust_concat+reg0.1_im_rec_calib.hdf","[10, 14]",54,0.9621452385385121,0.9475803182770214,0.9848620357113499,0.9614061698635107,0.0007390686750013975,1.0007687371874328,173,0.25072463768115943,0.9436580888410888,0.003922229435932567,1.0041564094901676,45,0.3435114503816794,407,493,1,1,0.6263503641331432,0.9001111002936936,0.0,-45.0,15.0,-15.0,-45.0,30.0,"C:\Users\hodor\Documents\lab-Shishkin\projects\BCI_classifier\data\pr_AstroSync\features\csp\exp\01TG\MATRIX_[10, 14]_robust_concat+reg0.1_im_rec_calib.hdf"
pr_AstroSync,exp,01TG,EPOCHS_im_rec_calib.hdf,"MATRIX_[10, 14]_robust_concat+reg0.1_im_rec_calib.hdf","[10, 14]",55,0.8072749308674649,0.755409434282446,0.935752375551553,0.8050303995192006,0.0022445313482643003,1.0027881324104093,42,0.06086956521739131,0.7427262704021491,0.012683163880296888,1.0170764982817015,12,0.0916030534351145,213,405,2,2,0.6436140400681793,0.8142046790106908,-15.0,-60.0,-15.0,-30.0,-45.0,15.0,"C:\Users\hodor\Documents\lab-Shishkin\projects\BCI_classifier\data\pr_AstroSync\features\csp\exp\01TG\MATRIX_[10, 14]_robust_concat+reg0.1_im_rec_calib.hdf"
pr_AstroSync,exp,01TG,EPOCHS_im_rec_calib.hdf,"MATRIX_[8, 15]_robust_concat+reg0.1_im_rec_calib.hdf","[8, 15]",0,0.8379833924561517,0.8379833924561517,1.0,0.8375752392479808,0.0004081532081708916,1.0004873033359216,122,0.17681159420289855,0.8375752392479808,0.0004081532081708916,1.0004873033359216,53,0.40458015267175573,604,604,1,1,0.7895563092972862,0.9012054492191103,-30.0,15.0,45.0,-30.0,15.0,45.0,"C:\Users\hodor\Documents\lab-Shishkin\projects\BCI_classifier\data\pr_AstroSync\features\csp\exp\01TG\MATRIX_[8, 15]_robust_concat+reg0.1_im_rec_calib.hdf"
pr_AstroSync,exp,01TG,EPOCHS_im_rec_calib.hdf,"MATRIX_[8, 15]_robust_concat+reg0.1_im_rec_calib.hdf","[8, 15]",1,0.8536765966631064,0.8510882599834705,0.9969680126059994,0.8510882599834705,0.002588336679635872,1.0030412082992264,96,0.1391304347826087,0.8448929064129009,0.006195353570569551,1.0073327087060924,30,0.22900763358778625,617,608,1,1,0.33112804410847785,0.81274210548861,30.0,30.0,45.0,30.0,15.0,45.0,"C:\Users\hodor\Documents\lab-Shishkin\projects\BCI_classifier\data\pr_AstroSync\features\csp\exp\01TG\MATRIX_[8, 15]_robust_concat+reg0.1_im_rec_calib.hdf"
pr_AstroSync,exp,01TG,EPOCHS_im_rec_calib.hdf,"MATRIX_[8, 15]_robust_concat+reg0.1_im_rec_calib.hdf","[8, 15]",2,0.8532202127529696,0.8532202127529696,1.0,0.8529652472201943,0.00025496553277526424,1.0002989166717005,104,0.15072463768115943,0.8529652472201943,0.00025496553277526424,1.0002989166717005,46,0.3511450381679389,607,607,1,1,0.22969629776888578,0.7945663340173165,15.0,15.0,45.0,15.0,15.0,45.0,"C:\Users\hodor\Documents\lab-Shishkin\projects\BCI_classifier\data\pr_AstroSync\features\csp\exp\01TG\MATRIX_[8, 15]_robust_concat+reg0.1_im_rec_calib.hdf"
pr_AstroSync,exp,01TG,EPOCHS_im_rec_calib.hdf,"MATRIX_[8, 15]_robust_concat+reg0.1_im_rec_calib.hdf","[8, 15]",3,0.820492468271012,0.7848152914068767,0.9565173621406712,0.8166302411506859,0.0038622271203260228,1.0047294686453,66,0.09565217391304348,0.7832727447459996,0.0015425466608770533,1.0019693608276607,83,0.6335877862595419,115,586,2,1,0.20273715765522837,0.7456655964867545,-45.0,45.0,-45.0,-30.0,-15.0,45.0,"C:\Users\hodor\Documents\lab-Shishkin\projects\BCI_classifier\data\pr_AstroSync\features\csp\exp\01TG\MATRIX_[8, 15]_robust_concat+reg0.1_im_rec_calib.hdf"
pr_AstroSync,exp,01TG,EPOCHS_im_rec_calib.hdf,"MATRIX_[8, 15]_robust_concat+reg0.1_im_rec_calib.hdf","[8, 15]",4,0.8901107602877687,0.8063154115669224,0.9058596385311019,0.8775290602757776,0.012581700011991104,1.014337644850231,56,0.08115942028985507,0.8026691744973591,0.0036462370695633517,1.0045426399635276,40,0.3053435114503817,54,437,2,1,0.08675033229345142,0.707197297846109,-15.0,45.0,-60.0,0.0,0.0,15.0,"C:\Users\hodor\Documents\lab-Shishkin\projects\BCI_classifier\data\pr_AstroSync\features\csp\exp\01TG\MATRIX_[8, 15]_robust_concat+reg0.1_im_rec_calib.hdf"
pr_AstroSync,exp,01TG,EPOCHS_im_rec_calib.hdf,"MATRIX_[8, 15]_robust_concat+reg0.1_im_rec_calib.hdf","[8, 15]",5,0.8134591234511416,0.8134591234511416,1.0,0.8125492033154356,0.0009099201357060105,1.0011198338906657,104,0.15072463768115943,0.8125492033154356,0.0009099201357060105,1.0011198338906657,63,0.48091603053435117,597,597,2,2,0.057968790654604585,0.7463044513388204,0.0,0.0,45.0,0.0,0.0,45.0,"C:\Users\hodor\Documents\lab-Shishkin\projects\BCI_classifier\data\pr_AstroSync\features\csp\exp\01TG\MATRIX_[8, 15]_robust_concat+reg0.1_im_rec_calib.hdf"
pr_AstroSync,exp,01TG,EPOCHS_im_rec_calib.hdf,"MATRIX_[8, 15]_robust_concat+reg0.1_im_rec_calib.hdf","[8, 15]",6,0.7329018853436222,0.6146560004575625,0.8386606894446452,0.7323988908690586,0.0005029944745635895,1.000686776674343,20,0.028985507246376812,0.614592234463422,6.376599414048556e-05,1.0001037533352437,35,0.26717557251908397,114,616,2,0,0.025764155915192766,0.5976797415932759,60.0,30.0,-45.0,15.0,30.0,45.0,"C:\Users\hodor\Documents\lab-Shishkin\projects\BCI_classifier\data\pr_AstroSync\features\csp\exp\01TG\MATRIX_[8, 15]_robust_concat+reg0.1_im_rec_calib.hdf"
pr_AstroSync,exp,01TG,EPOCHS_im_rec_calib.hdf,"MATRIX_[8, 15]_robust_concat+reg0.1_im_rec_calib.hdf","[8, 15]",7,0.8557037796926765,0.7215251776919744,0.8431950340935832,0.8286355325326088,0.027068247160067727,1.0326660468895623,7,0.010144927536231883,0.7185640456972143,0.0029611319947601134,1.004120901974558,47,0.35877862595419846,18,437,2,0,0.0044498025589567725,0.6328615380460949,-45.0,-30.0,-60.0,0.0,0.0,15.0,"C:\Users\hodor\Documents\lab-Shishkin\projects\BCI_classifier\data\pr_AstroSync\features\csp\exp\01TG\MATRIX_[8, 15]_robust_concat+reg0.1_im_rec_calib.hdf"
pr_AstroSync,exp,01TG,EPOCHS_im_rec_calib.hdf,"MATRIX_[8, 15]_robust_concat+reg0.1_im_rec_calib.hdf","[8, 15]",8,0.6505852567507839,0.5855041115629089,0.8999652320544281,0.6505434046172385,4.1852133545461356e-05,1.0000643341139859,23,0.03333333333333333,0.5820337420609345,0.003470369501974435,1.005962488514302,71,0.5419847328244275,57,663,2,0,0.014988706962303144,0.6129085348639715,30.0,45.0,-60.0,30.0,15.0,60.0,"C:\Users\hodor\Documents\lab-Shishkin\projects\BCI_classifier\data\pr_AstroSync\features\csp\exp\01TG\MATRIX_[8, 15]_robust_concat+reg0.1_im_rec_calib.hdf"
pr_AstroSync,exp,01TG,EPOCHS_im_rec_calib.hdf,"MATRIX_[8, 15]_robust_concat+reg0.1_im_rec_calib.hdf","[8, 15]",9,0.7478160299171362,0.6182677047964269,0.8267644448126309,0.7242809633917695,0.023535066525366743,1.0324943878341815,13,0.01884057971014493,0.6149440219097815,0.0033236828866454182,1.0054048543740994,7,0.05343511450381679,297,404,1,1,0.03581859702900614,0.5956014162502345,-30.0,-75.0,0.0,-45.0,-45.0,15.0,"C:\Users\hodor\Documents\lab-Shishkin\projects\BCI_classifier\data\pr_AstroSync\features\csp\exp\01TG\MATRIX_[8, 15]_robust_concat+reg0.1_im_rec_calib.hdf"
pr_AstroSync,exp,01TG,EPOCHS_im_rec_calib.hdf,"MATRIX_[8, 15]_robust_concat+reg0.1_im_rec_calib.hdf","[8, 15]",10,0.8139482833957906,0.6403055018563705,0.7866660756197152,0.790732106146955,0.023216177248835623,1.0293603574059518,23,0.03333333333333333,0.6317118449179651,0.008593656938405414,1.0136037609671882,10,0.07633587786259542,22,524,2,2,0.04990969242649235,0.5880885981639,15.0,-30.0,-60.0,30.0,0.0,30.0,"C:\Users\hodor\Documents\lab-Shishkin\projects\BCI_classifier\data\pr_AstroSync\features\csp\exp\01TG\MATRIX_[8, 15]_robust_concat+reg0.1_im_rec_calib.hdf"
pr_AstroSync,exp,01TG,EPOCHS_im_rec_calib.hdf,"MATRIX_[8, 15]_robust_concat+reg0.1_im_rec_calib.hdf","[8, 15]",11,0.9326596537016575,0.8527417076793002,0.9143117795380461,0.9236866414441225,0.008973012257534996,1.009714346678768,112,0.16231884057971013,0.8509358049667192,0.0018059027125810756,1.002122254936319,41,0.31297709923664124,53,424,2,1,0.053734778464374466,0.7206468541727507,-30.0,45.0,-60.0,-30.0,-15.0,15.0,"C:\Users\hodor\Documents\lab-Shishkin\projects\BCI_classifier\data\pr_AstroSync\features\csp\exp\01TG\MATRIX_[8, 15]_robust_concat+reg0.1_im_rec_calib.hdf"
pr_AstroSync,exp,01TG,EPOCHS_im_rec_calib.hdf,"MATRIX_[8, 15]_robust_concat+reg0.1_im_rec_calib.hdf","[8, 15]",12,0.869662526275435,0.869662526275435,1.0,0.8626714039523329,0.006991122323102172,1.0081040385610005,50,0.07246376811594203,0.8545937633994263,0.015068762876008779,1.0176326618814393,25,0.19083969465648856,663,663,0,0,0.06388701651304407,0.7671592874990111,30.0,15.0,60.0,30.0,15.0,60.0,"C:\Users\hodor\Documents\lab-Shishkin\projects\BCI_classifier\data\pr_AstroSync\features\csp\exp\01TG\MATRIX_[8, 15]_robust_concat+reg0.1_im_rec_calib.hdf"
pr_AstroSync,exp,01TG,EPOCHS_im_rec_calib.hdf,"MATRIX_[8, 15]_robust_concat+reg0.1_im_rec_calib.hdf","[8, 15]",13,0.8175766577399527,0.7859745813878578,0.9613466504297551,0.8098684657033443,0.007708192036608441,1.0095178320468547,189,0.27391304347826084,0.7758526733970781,0.010121907990779722,1.0130461727307851,27,0.20610687022900764,32,514,2,0,0.06717215478525151,0.7211315271361903,-45.0,0.0,-60.0,30.0,-15.0,30.0,"C:\Users\hodor\Documents\lab-Shishkin\projects\BCI_classifier\data\pr_AstroSync\features\csp\exp\01TG\MATRIX_[8, 15]_robust_concat+reg0.1_im_rec_calib.hdf"
pr_AstroSync,exp,01TG,EPOCHS_im_rec_calib.hdf,"MATRIX_[8, 15]_robust_concat+reg0.1_im_rec_calib.hdf","[8, 15]",14,0.8736703458932842,0.8736703458932842,1.0,0.8710009214362935,0.002669424456990699,1.0030647779942514,108,0.1565217391304348,0.8710009214362935,0.002669424456990699,1.0030647779942514,53,0.40458015267175573,531,531,2,2,0.07372739843275378,0.7705301007492001,-15.0,15.0,30.0,-15.0,15.0,30.0,"C:\Users\hodor\Documents\lab-Shishkin\projects\BCI_classifier\data\pr_AstroSync\features\csp\exp\01TG\MATRIX_[8, 15]_robust_concat+reg0.1_im_rec_calib.hdf"
pr_AstroSync,exp,01TG,EPOCHS_im_rec_calib.hdf,"MATRIX_[8, 15]_robust_concat+reg0.1_im_rec_calib.hdf","[8, 15]",15,0.822314452318978,0.822314452318978,1.0,0.8215117323280484,0.0008027199909296234,1.0009771254132365,150,0.21739130434782608,0.8215117323280484,0.0008027199909296234,1.0009771254132365,80,0.6106870229007634,598,598,0,0,0.08359492044584904,0.7545290424008121,15.0,0.0,45.0,15.0,0.0,45.0,"C:\Users\hodor\Documents\lab-Shishkin\projects\BCI_classifier\data\pr_AstroSync\features\csp\exp\01TG\MATRIX_[8, 15]_robust_concat+reg0.1_im_rec_calib.hdf"
pr_AstroSync,exp,01TG,EPOCHS_im_rec_calib.hdf,"MATRIX_[8, 15]_robust_concat+reg0.1_im_rec_calib.hdf","[8, 15]",16,0.9564130040457748,0.9075267988804376,0.9488858840704372,0.954972755883248,0.0014402481625267471,1.001508156283678,154,0.22318840579710145,0.8997291841021362,0.007797614778301432,1.00866662426437,26,0.1984732824427481,313,405,1,1,0.09817740117891516,0.7642685076756328,0.0,-45.0,0.0,-30.0,-45.0,15.0,"C:\Users\hodor\Documents\lab-Shishkin\projects\BCI_classifier\data\pr_AstroSync\features\csp\exp\01TG\MATRIX_[8, 15]_robust_concat+reg0.1_im_rec_calib.hdf"
pr_AstroSync,exp,01TG,EPOCHS_im_rec_calib.hdf,"MATRIX_[8, 15]_robust_concat+reg0.1_im_rec_calib.hdf","[8, 15]",17,0.8454418290464693,0.8430592751136843,0.9971818830687947,0.8443747577971097,0.0010670712493595635,1.001263741294379,88,0.12753623188405797,0.8384652242493472,0.0045940508643370626,1.0054791191470702,29,0.22137404580152673,591,590,1,1,0.11375968508793965,0.766554530688335,45.0,-15.0,45.0,30.0,-15.0,45.0,"C:\Users\hodor\Documents\lab-Shishkin\projects\BCI_classifier\data\pr_AstroSync\features\csp\exp\01TG\MATRIX_[8, 15]_robust_concat+reg0.1_im_rec_calib.hdf"
pr_AstroSync,exp,01TG,EPOCHS_im_rec_calib.hdf,"MATRIX_[8, 15]_robust_concat+reg0.1_im_rec_calib.hdf","[8, 15]",18,0.8376755716738014,0.7908467847515901,0.9440967499760793,0.8373970669261184,0.00027850474768298383,1.0003325838585813,210,0.30434782608695654,0.7902800990135221,0.0005666857380679513,1.000717069477993,34,0.2595419847328244,147,425,0,0,0.11895691190476931,0.7254312945332462,-15.0,-30.0,-30.0,-15.0,-15.0,15.0,"C:\Users\hodor\Documents\lab-Shishkin\projects\BCI_classifier\data\pr_AstroSync\features\csp\exp\01TG\MATRIX_[8, 15]_robust_concat+reg0.1_im_rec_calib.hdf"
pr_AstroSync,exp,01TG,EPOCHS_im_rec_calib.hdf,"MATRIX_[8, 15]_robust_concat+reg0.1_im_rec_calib.hdf","[8, 15]",19,0.9070404922359117,0.9070404922359117,1.0,0.9010435776239781,0.005996914611933524,1.0066555211766197,93,0.13478260869565217,0.9010435776239781,0.005996914611933524,1.0066555211766197,41,0.31297709923664124,590,590,0,0,0.13661833863831951,0.794787840010233,30.0,-15.0,45.0,30.0,-15.0,45.0,"C:\Users\hodor\Documents\lab-Shishkin\projects\BCI_classifier\data\pr_AstroSync\features\csp\exp\01TG\MATRIX_[8, 15]_robust_concat+reg0.1_im_rec_calib.hdf"
pr_AstroSync,exp,01TG,EPOCHS_im_rec_calib.hdf,"MATRIX_[8, 15]_robust_concat+reg0.1_im_rec_calib.hdf","[8, 15]",20,0.6282421374489116,0.6282421374489116,1.0,0.6153012828990384,0.012940854549873149,1.0210317366622434,22,0.03188405797101449,0.6153012828990384,0.012940854549873149,1.0210317366622434,19,0.1450381679389313,680,680,2,2,0.14327201674019774,0.6985391514551587,15.0,-15.0,75.0,15.0,-15.0,75.0,"C:\Users\hodor\Documents\lab-Shishkin\projects\BCI_classifier\data\pr_AstroSync\features\csp\exp\01TG\MATRIX_[8, 15]_robust_concat+reg0.1_im_rec_calib.hdf"
pr_AstroSync,exp,01TG,EPOCHS_im_rec_calib.hdf,"MATRIX_[8, 15]_robust_concat+reg0.1_im_rec_calib.hdf","[8, 15]",21,0.9155188019586948,0.7697362462151172,0.8407650881317947,0.8849970624151955,0.03052173954349935,1.034487955768129,8,0.011594202898550725,0.765824709410613,0.003911536804504179,1.0051076137351516,60,0.4580152671755725,24,426,2,0,0.15861568091699363,0.6794751120179974,45.0,-30.0,-60.0,0.0,-15.0,15.0,"C:\Users\hodor\Documents\lab-Shishkin\projects\BCI_classifier\data\pr_AstroSync\features\csp\exp\01TG\MATRIX_[8, 15]_robust_concat+reg0.1_im_rec_calib.hdf"
pr_AstroSync,exp,01TG,EPOCHS_im_rec_calib.hdf,"MATRIX_[8, 15]_robust_concat+reg0.1_im_rec_calib.hdf","[8, 15]",22,0.9512076681366072,0.9019259191353218,0.94819033671393,0.9507339567526321,0.00047371138397511725,1.0004982586144215,86,0.1246376811594203,0.8903743969139029,0.011551522221418975,1.0129737807617305,20,0.15267175572519084,159,514,2,2,0.17306341486185506,0.7769724061910022,30.0,-15.0,-30.0,30.0,-15.0,30.0,"C:\Users\hodor\Documents\lab-Shishkin\projects\BCI_classifier\data\pr_AstroSync\features\csp\exp\01TG\MATRIX_[8, 15]_robust_concat+reg0.1_im_rec_calib.hdf"
pr_AstroSync,exp,01TG,EPOCHS_im_rec_calib.hdf,"MATRIX_[8, 15]_robust_concat+reg0.1_im_rec_calib.hdf","[8, 15]",23,0.8133652169022254,0.6998637265436285,0.8604544576040791,0.8034831958479061,0.009882021054319345,1.0122989766374528,31,0.04492753623188406,0.6953760354575056,0.0044876910861229025,1.006453617693584,19,0.1450381679389313,203,614,2,2,0.17992737934758374,0.6681422860816223,0.0,60.0,-30.0,-15.0,30.0,45.0,"C:\Users\hodor\Documents\lab-Shishkin\projects\BCI_classifier\data\pr_AstroSync\features\csp\exp\01TG\MATRIX_[8, 15]_robust_concat+reg0.1_im_rec_calib.hdf"
pr_AstroSync,exp,01TG,EPOCHS_im_rec_calib.hdf,"MATRIX_[8, 15]_robust_concat+reg0.1_im_rec_calib.hdf","[8, 15]",24,0.748014440963423,0.7345202021796309,0.9819599221020228,0.7460867695034936,0.0019276714599293365,1.0025837094808854,128,0.1855072463768116,0.7340654644285677,0.0004547377510631945,1.0006194784703804,46,0.3511450381679389,93,425,2,2,0.19123291235398576,0.7372106181795782,15.0,0.0,-45.0,-15.0,-15.0,15.0,"C:\Users\hodor\Documents\lab-Shishkin\projects\BCI_classifier\data\pr_AstroSync\features\csp\exp\01TG\MATRIX_[8, 15]_robust_concat+reg0.1_im_rec_calib.hdf"
pr_AstroSync,exp,01TG,EPOCHS_im_rec_calib.hdf,"MATRIX_[8, 15]_robust_concat+reg0.1_im_rec_calib.hdf","[8, 15]",25,0.8869566161284845,0.8659182596437531,0.9762802868796868,0.8866566921306098,0.000299923997874707,1.0003382639532714,166,0.24057971014492754,0.8559621916408575,0.009956068002895613,1.01163143430881,30,0.22900763358778625,337,514,1,1,0.2061418023600743,0.7836258804431875,45.0,-15.0,0.0,30.0,-15.0,30.0,"C:\Users\hodor\Documents\lab-Shishkin\projects\BCI_classifier\data\pr_AstroSync\features\csp\exp\01TG\MATRIX_[8, 15]_robust_concat+reg0.1_im_rec_calib.hdf"
pr_AstroSync,exp,01TG,EPOCHS_im_rec_calib.hdf,"MATRIX_[8, 15]_robust_concat+reg0.1_im_rec_calib.hdf","[8, 15]",26,0.8372837315164943,0.6654760182805961,0.7948034736985529,0.8324151742487906,0.004868557267703633,1.0058487127797704,25,0.036231884057971016,0.6571912720152301,0.008284746265366016,1.0126062938114826,6,0.04580152671755725,317,581,0,0,0.2137375761515512,0.6333256847928677,60.0,-45.0,0.0,30.0,-30.0,45.0,"C:\Users\hodor\Documents\lab-Shishkin\projects\BCI_classifier\data\pr_AstroSync\features\csp\exp\01TG\MATRIX_[8, 15]_robust_concat+reg0.1_im_rec_calib.hdf"
pr_AstroSync,exp,01TG,EPOCHS_im_rec_calib.hdf,"MATRIX_[8, 15]_robust_concat+reg0.1_im_rec_calib.hdf","[8, 15]",27,0.8114144386241531,0.622647845287098,0.7673610619289316,0.8102048619510471,0.0012095766731059499,1.001492926949603,24,0.034782608695652174,0.6217669928455026,0.0008808524415954144,1.0014166921881205,15,0.11450381679389313,299,572,0,0,0.21955661035575957,0.6071505457896554,0.0,-75.0,0.0,15.0,-45.0,45.0,"C:\Users\hodor\Documents\lab-Shishkin\projects\BCI_classifier\data\pr_AstroSync\features\csp\exp\01TG\MATRIX_[8, 15]_robust_concat+reg0.1_im_rec_calib.hdf"
pr_AstroSync,exp,01TG,EPOCHS_im_rec_calib.hdf,"MATRIX_[8, 15]_robust_concat+reg0.1_im_rec_calib.hdf","[8, 15]",28,0.9036609361462791,0.8138662733631663,0.9006323509279399,0.902869622957332,0.0007913131889470959,1.0008764423664573,19,0.02753623188405797,0.8129038101605209,0.0009624632026453694,1.0011839816600876,65,0.4961832061068702,38,436,2,0,0.2316213651300476,0.7364620266206906,45.0,0.0,-60.0,-15.0,0.0,15.0,"C:\Users\hodor\Documents\lab-Shishkin\projects\BCI_classifier\data\pr_AstroSync\features\csp\exp\01TG\MATRIX_[8, 15]_robust_concat+reg0.1_im_rec_calib.hdf"
pr_AstroSync,exp,01TG,EPOCHS_im_rec_calib.hdf,"MATRIX_[8, 15]_robust_concat+reg0.1_im_rec_calib.hdf","[8, 15]",29,0.9161237576535333,0.6818332913394098,0.7442589340612547,0.9014230964512466,0.014700661202286636,1.016308281050442,16,0.02318840579710145,0.6809708078637506,0.0008624834756592037,1.0012665498516227,32,0.24427480916030533,12,414,2,1,0.23774546948995168,0.6211072661943483,0.0,30.0,-75.0,-30.0,-30.0,15.0,"C:\Users\hodor\Documents\lab-Shishkin\projects\BCI_classifier\data\pr_AstroSync\features\csp\exp\01TG\MATRIX_[8, 15]_robust_concat+reg0.1_im_rec_calib.hdf"
pr_AstroSync,exp,01TG,EPOCHS_im_rec_calib.hdf,"MATRIX_[8, 15]_robust_concat+reg0.1_im_rec_calib.hdf","[8, 15]",30,0.9455262010840711,0.9407256503819454,0.9949228792426674,0.9407256503819454,0.0048005507021257054,1.0051030294540992,95,0.13768115942028986,0.9387902328238424,0.001935417558103003,1.0020616081105589,38,0.2900763358778626,495,504,1,1,0.24835053150119002,0.8266393795931193,15.0,-45.0,30.0,15.0,-30.0,30.0,"C:\Users\hodor\Documents\lab-Shishkin\projects\BCI_classifier\data\pr_AstroSync\features\csp\exp\01TG\MATRIX_[8, 15]_robust_concat+reg0.1_im_rec_calib.hdf"
pr_AstroSync,exp,01TG,EPOCHS_im_rec_calib.hdf,"MATRIX_[8, 15]_robust_concat+reg0.1_im_rec_calib.hdf","[8, 15]",31,0.8534402650680779,0.8019238441410625,0.939636758381788,0.8519222598104312,0.0015180052576466707,1.0017818588963556,50,0.07246376811594203,0.801554806131394,0.00036903800966858746,1.0004604027158788,24,0.183206106870229,394,493,0,0,0.2542778976772331,0.754365466256623,0.0,-75.0,15.0,-15.0,-45.0,30.0,"C:\Users\hodor\Documents\lab-Shishkin\projects\BCI_classifier\data\pr_AstroSync\features\csp\exp\01TG\MATRIX_[8, 15]_robust_concat+reg0.1_im_rec_calib.hdf"
pr_AstroSync,exp,01TG,EPOCHS_im_rec_calib.hdf,"MATRIX_[8, 15]_robust_concat+reg0.1_im_rec_calib.hdf","[8, 15]",32,0.8200831678107212,0.807585499251903,0.9847604864367822,0.8167210713044291,0.003362096506292156,1.0041165786269264,113,0.16376811594202897,0.7981929252971063,0.009392573954796757,1.0117672979265013,28,0.21374045801526717,439,524,2,2,0.25798114216106627,0.7773933720669313,30.0,0.0,15.0,30.0,0.0,30.0,"C:\Users\hodor\Documents\lab-Shishkin\projects\BCI_classifier\data\pr_AstroSync\features\csp\exp\01TG\MATRIX_[8, 15]_robust_concat+reg0.1_im_rec_calib.hdf"
pr_AstroSync,exp,01TG,EPOCHS_im_rec_calib.hdf,"MATRIX_[8, 15]_robust_concat+reg0.1_im_rec_calib.hdf","[8, 15]",33,0.8329701477712361,0.6548516511277738,0.7861646097161453,0.8321221021086054,0.0008480456626307475,1.001019136086497,39,0.05652173913043478,0.6416664668913903,0.013185184236383485,1.0205483454671713,16,0.12213740458015267,160,514,2,2,0.26970111617302495,0.6369123755015912,45.0,-15.0,-30.0,30.0,-15.0,30.0,"C:\Users\hodor\Documents\lab-Shishkin\projects\BCI_classifier\data\pr_AstroSync\features\csp\exp\01TG\MATRIX_[8, 15]_robust_concat+reg0.1_im_rec_calib.hdf"
pr_AstroSync,exp,01TG,EPOCHS_im_rec_calib.hdf,"MATRIX_[8, 15]_robust_concat+reg0.1_im_rec_calib.hdf","[8, 15]",34,0.815766247280909,0.7815380911140621,0.9580417107462643,0.8125734722429108,0.0031927750379981967,1.0039292139690277,114,0.16521739130434782,0.771093457698625,0.01044463341543711,1.0135452237483764,29,0.22137404580152673,399,493,1,1,0.2862708106233769,0.761911263850416,0.0,-60.0,15.0,-15.0,-45.0,30.0,"C:\Users\hodor\Documents\lab-Shishkin\projects\BCI_classifier\data\pr_AstroSync\features\csp\exp\01TG\MATRIX_[8, 15]_robust_concat+reg0.1_im_rec_calib.hdf"
pr_AstroSync,exp,01TG,EPOCHS_im_rec_calib.hdf,"MATRIX_[8, 15]_robust_concat+reg0.1_im_rec_calib.hdf","[8, 15]",35,0.8499753959292059,0.7559634050680304,0.889394456226112,0.8480234596377294,0.001951936291476497,1.002301747987385,50,0.07246376811594203,0.7545413791286711,0.0014220259393592505,1.0018846228698568,30,0.22900763358778625,139,426,2,2,0.29409928559945175,0.7236345541954514,0.0,-45.0,-30.0,0.0,-15.0,15.0,"C:\Users\hodor\Documents\lab-Shishkin\projects\BCI_classifier\data\pr_AstroSync\features\csp\exp\01TG\MATRIX_[8, 15]_robust_concat+reg0.1_im_rec_calib.hdf"
pr_AstroSync,exp,01TG,EPOCHS_im_rec_calib.hdf,"MATRIX_[8, 15]_robust_concat+reg0.1_im_rec_calib.hdf","[8, 15]",36,0.7318872124642324,0.670772856588289,0.9164975766277238,0.7305975170120071,0.0012896954522252368,1.0017652612035965,28,0.04057971014492753,0.6696787582198012,0.0010940983684878391,1.001633765973698,23,0.17557251908396945,199,669,2,0,0.29602134698932314,0.7063986786862414,60.0,45.0,-30.0,15.0,30.0,60.0,"C:\Users\hodor\Documents\lab-Shishkin\projects\BCI_classifier\data\pr_AstroSync\features\csp\exp\01TG\MATRIX_[8, 15]_robust_concat+reg0.1_im_rec_calib.hdf"
pr_AstroSync,exp,01TG,EPOCHS_im_rec_calib.hdf,"MATRIX_[8, 15]_robust_concat+reg0.1_im_rec_calib.hdf","[8, 15]",37,0.7854672307139091,0.541468362264744,0.6893583094136274,0.758570033757596,0.026897196956313096,1.035457763633342,15,0.021739130434782608,0.5410932568708985,0.00037510539384555397,1.000693236127197,33,0.25190839694656486,123,530,2,1,0.30683218542876545,0.5610916031145459,-15.0,60.0,-45.0,-30.0,15.0,30.0,"C:\Users\hodor\Documents\lab-Shishkin\projects\BCI_classifier\data\pr_AstroSync\features\csp\exp\01TG\MATRIX_[8, 15]_robust_concat+reg0.1_im_rec_calib.hdf"
pr_AstroSync,exp,01TG,EPOCHS_im_rec_calib.hdf,"MATRIX_[8, 15]_robust_concat+reg0.1_im_rec_calib.hdf","[8, 15]",38,0.7574067706889678,0.6357265270902892,0.8393462425903675,0.7571256494412607,0.00028112124770707236,1.0003713006525594,96,0.1391304347826087,0.6185367427907924,0.017189784299496802,1.0277910479851815,15,0.11450381679389313,224,504,1,1,0.3100264743980421,0.6622153885268749,30.0,-45.0,-15.0,15.0,-30.0,30.0,"C:\Users\hodor\Documents\lab-Shishkin\projects\BCI_classifier\data\pr_AstroSync\features\csp\exp\01TG\MATRIX_[8, 15]_robust_concat+reg0.1_im_rec_calib.hdf"
pr_AstroSync,exp,01TG,EPOCHS_im_rec_calib.hdf,"MATRIX_[8, 15]_robust_concat+reg0.1_im_rec_calib.hdf","[8, 15]",39,0.7714649607849234,0.7330722320728551,0.9502339954973381,0.7688591960728353,0.0026057647120881766,1.003389131228966,84,0.12173913043478261,0.7244808555077484,0.008591376565106668,1.0118586661052422,8,0.061068702290076333,303,484,1,1,0.32628734264021086,0.7494380477273436,-30.0,-60.0,0.0,-30.0,-60.0,30.0,"C:\Users\hodor\Documents\lab-Shishkin\projects\BCI_classifier\data\pr_AstroSync\features\csp\exp\01TG\MATRIX_[8, 15]_robust_concat+reg0.1_im_rec_calib.hdf"
pr_AstroSync,exp,01TG,EPOCHS_im_rec_calib.hdf,"MATRIX_[8, 15]_robust_concat+reg0.1_im_rec_calib.hdf","[8, 15]",40,0.8569803554438249,0.6643372657164257,0.7752071112206178,0.8446669933403327,0.01231336210349221,1.0145777711223185,21,0.030434782608695653,0.6637799730666369,0.0005572926497887654,1.0008395743656051,54,0.4122137404580153,136,412,2,2,0.3294774900805457,0.6472567410661362,-45.0,-45.0,-30.0,-60.0,-30.0,15.0,"C:\Users\hodor\Documents\lab-Shishkin\projects\BCI_classifier\data\pr_AstroSync\features\csp\exp\01TG\MATRIX_[8, 15]_robust_concat+reg0.1_im_rec_calib.hdf"
pr_AstroSync,exp,01TG,EPOCHS_im_rec_calib.hdf,"MATRIX_[8, 15]_robust_concat+reg0.1_im_rec_calib.hdf","[8, 15]",41,0.794853471148012,0.7255209148718103,0.9127731603460645,0.7937264994573757,0.001126971690636247,1.0014198488917867,65,0.09420289855072464,0.7144731556857045,0.011047759186105788,1.0154628051427668,16,0.12213740458015267,327,514,1,1,0.34071275394624134,0.7328227931501109,60.0,-30.0,0.0,30.0,-15.0,30.0,"C:\Users\hodor\Documents\lab-Shishkin\projects\BCI_classifier\data\pr_AstroSync\features\csp\exp\01TG\MATRIX_[8, 15]_robust_concat+reg0.1_im_rec_calib.hdf"
pr_AstroSync,exp,01TG,EPOCHS_im_rec_calib.hdf,"MATRIX_[8, 15]_robust_concat+reg0.1_im_rec_calib.hdf","[8, 15]",42,0.8151919322362045,0.8032626665010381,0.9853663103578043,0.8135720579734129,0.001619874262791532,1.001991064278715,212,0.3072463768115942,0.7956393919872035,0.007623274513834599,1.0095813186106768,47,0.35877862595419846,323,426,0,0,0.35122220569811713,0.7948012140759988,0.0,-30.0,0.0,0.0,-15.0,15.0,"C:\Users\hodor\Documents\lab-Shishkin\projects\BCI_classifier\data\pr_AstroSync\features\csp\exp\01TG\MATRIX_[8, 15]_robust_concat+reg0.1_im_rec_calib.hdf"
pr_AstroSync,exp,01TG,EPOCHS_im_rec_calib.hdf,"MATRIX_[8, 15]_robust_concat+reg0.1_im_rec_calib.hdf","[8, 15]",43,0.8710866047691983,0.7351702673418284,0.8439692027368714,0.8535211627021762,0.017565442067022152,1.0205799725122355,8,0.011594202898550725,0.7308940565548898,0.004276210786938628,1.0058506574907653,37,0.2824427480916031,57,533,2,1,0.3719852369194152,0.7114927821851151,30.0,45.0,-60.0,15.0,15.0,30.0,"C:\Users\hodor\Documents\lab-Shishkin\projects\BCI_classifier\data\pr_AstroSync\features\csp\exp\01TG\MATRIX_[8, 15]_robust_concat+reg0.1_im_rec_calib.hdf"
pr_AstroSync,exp,01TG,EPOCHS_im_rec_calib.hdf,"MATRIX_[8, 15]_robust_concat+reg0.1_im_rec_calib.hdf","[8, 15]",44,0.8486637266561756,0.8154295348426915,0.9608393869448971,0.830121170260429,0.018542556395746645,1.0223371684279892,104,0.15072463768115943,0.8122666193182525,0.003162915524439036,1.0038939375929221,58,0.44274809160305345,31,607,2,0,0.38214102914939607,0.7942062671500248,45.0,-15.0,-60.0,15.0,15.0,45.0,"C:\Users\hodor\Documents\lab-Shishkin\projects\BCI_classifier\data\pr_AstroSync\features\csp\exp\01TG\MATRIX_[8, 15]_robust_concat+reg0.1_im_rec_calib.hdf"
pr_AstroSync,exp,01TG,EPOCHS_im_rec_calib.hdf,"MATRIX_[8, 15]_robust_concat+reg0.1_im_rec_calib.hdf","[8, 15]",45,0.7123397581812556,0.6097554569824797,0.8559896453615141,0.711608878070594,0.0007308801106615803,1.001027081214393,52,0.07536231884057971,0.6081603252596248,0.001595131722854859,1.0026228802777852,44,0.33587786259541985,33,435,2,2,0.39553063184963566,0.6777158767264764,-30.0,0.0,-60.0,-30.0,0.0,15.0,"C:\Users\hodor\Documents\lab-Shishkin\projects\BCI_classifier\data\pr_AstroSync\features\csp\exp\01TG\MATRIX_[8, 15]_robust_concat+reg0.1_im_rec_calib.hdf"
pr_AstroSync,exp,01TG,EPOCHS_im_rec_calib.hdf,"MATRIX_[8, 15]_robust_concat+reg0.1_im_rec_calib.hdf","[8, 15]",46,0.750731565054278,0.7367111707556695,0.9813243575317167,0.7484640444959885,0.002267520558289493,1.0030295651140015,119,0.17246376811594202,0.7353735681185627,0.001337602637106805,1.001818943044865,38,0.2900763358778626,345,523,2,2,0.4087720642738306,0.781199283508523,15.0,0.0,0.0,15.0,0.0,30.0,"C:\Users\hodor\Documents\lab-Shishkin\projects\BCI_classifier\data\pr_AstroSync\features\csp\exp\01TG\MATRIX_[8, 15]_robust_concat+reg0.1_im_rec_calib.hdf"
pr_AstroSync,exp,01TG,EPOCHS_im_rec_calib.hdf,"MATRIX_[8, 15]_robust_concat+reg0.1_im_rec_calib.hdf","[8, 15]",47,0.7677626761488578,0.6030095674495263,0.785411411862657,0.7659071516455753,0.001855524503282524,1.002422649402471,33,0.04782608695652174,0.6021494485404839,0.0008601189090423622,1.0014284143431953,11,0.08396946564885496,299,484,0,0,0.4158637707812698,0.6476612381017839,0.0,-75.0,0.0,-30.0,-60.0,30.0,"C:\Users\hodor\Documents\lab-Shishkin\projects\BCI_classifier\data\pr_AstroSync\features\csp\exp\01TG\MATRIX_[8, 15]_robust_concat+reg0.1_im_rec_calib.hdf"
pr_AstroSync,exp,01TG,EPOCHS_im_rec_calib.hdf,"MATRIX_[8, 15]_robust_concat+reg0.1_im_rec_calib.hdf","[8, 15]",48,0.8463456499495986,0.7509293547323714,0.8872608428685025,0.846121195632408,0.00022445431719064768,1.0002652744291824,31,0.04492753623188406,0.7431496445129774,0.007779710219394054,1.01046856481307,24,0.183206106870229,76,404,2,0,0.4256620064702814,0.7472250547412124,30.0,-30.0,-45.0,-45.0,-45.0,15.0,"C:\Users\hodor\Documents\lab-Shishkin\projects\BCI_classifier\data\pr_AstroSync\features\csp\exp\01TG\MATRIX_[8, 15]_robust_concat+reg0.1_im_rec_calib.hdf"
pr_AstroSync,exp,01TG,EPOCHS_im_rec_calib.hdf,"MATRIX_[8, 15]_robust_concat+reg0.1_im_rec_calib.hdf","[8, 15]",49,0.7489734001017017,0.6924671353873688,0.9245550446695971,0.7372051809725023,0.011768219129199342,1.015963288692132,37,0.0536231884057971,0.668846220401554,0.023620914985814867,1.0353159130833298,11,0.08396946564885496,39,564,2,1,0.43614709853458944,0.7456426871938157,-45.0,15.0,-60.0,-15.0,-60.0,45.0,"C:\Users\hodor\Documents\lab-Shishkin\projects\BCI_classifier\data\pr_AstroSync\features\csp\exp\01TG\MATRIX_[8, 15]_robust_concat+reg0.1_im_rec_calib.hdf"
pr_AstroSync,exp,01TG,EPOCHS_im_rec_calib.hdf,"MATRIX_[8, 15]_robust_concat+reg0.1_im_rec_calib.hdf","[8, 15]",50,0.8474433462622017,0.8360614082716098,0.9865690868412691,0.8460120383046272,0.0014313079575745125,1.0016918293035673,91,0.1318840579710145,0.8352115114832253,0.000849896788384541,1.0010175827041408,26,0.1984732824427481,319,412,1,1,0.44548148010130695,0.8256738779938958,-60.0,-30.0,0.0,-60.0,-30.0,15.0,"C:\Users\hodor\Documents\lab-Shishkin\projects\BCI_classifier\data\pr_AstroSync\features\csp\exp\01TG\MATRIX_[8, 15]_robust_concat+reg0.1_im_rec_calib.hdf"
pr_AstroSync,exp,01TG,EPOCHS_im_rec_calib.hdf,"MATRIX_[8, 15]_robust_concat+reg0.1_im_rec_calib.hdf","[8, 15]",51,0.9019182877580839,0.8485112738190317,0.9407850858953009,0.8854565401544117,0.01646174760367225,1.0185912541803595,78,0.11304347826086956,0.8433512489138437,0.005160024905187965,1.0061184766274238,27,0.20610687022900764,62,504,2,1,0.4719048914401749,0.8147132127775814,30.0,-60.0,-45.0,15.0,-30.0,30.0,"C:\Users\hodor\Documents\lab-Shishkin\projects\BCI_classifier\data\pr_AstroSync\features\csp\exp\01TG\MATRIX_[8, 15]_robust_concat+reg0.1_im_rec_calib.hdf"
pr_AstroSync,exp,01TG,EPOCHS_im_rec_calib.hdf,"MATRIX_[8, 15]_robust_concat+reg0.1_im_rec_calib.hdf","[8, 15]",52,0.7571945501118476,0.7540795515373118,0.9958861318084293,0.7540795515373118,0.0031149985745357878,1.0041308620134115,102,0.14782608695652175,0.7508052709034478,0.003274280633863924,1.0043610251029857,34,0.2595419847328244,591,590,1,1,0.48047999110981277,0.8081726005738149,45.0,-15.0,45.0,30.0,-15.0,45.0,"C:\Users\hodor\Documents\lab-Shishkin\projects\BCI_classifier\data\pr_AstroSync\features\csp\exp\01TG\MATRIX_[8, 15]_robust_concat+reg0.1_im_rec_calib.hdf"
pr_AstroSync,exp,01TG,EPOCHS_im_rec_calib.hdf,"MATRIX_[8, 15]_robust_concat+reg0.1_im_rec_calib.hdf","[8, 15]",53,0.8829032447473791,0.8417066837483395,0.9533396651964655,0.8733587216133918,0.009544523133987348,1.0109285255849456,57,0.08260869565217391,0.8327739299237298,0.008932753824609674,1.0107265051217775,25,0.19083969465648856,58,404,2,1,0.49066868959870025,0.8217339265700683,-30.0,-60.0,-45.0,-45.0,-45.0,15.0,"C:\Users\hodor\Documents\lab-Shishkin\projects\BCI_classifier\data\pr_AstroSync\features\csp\exp\01TG\MATRIX_[8, 15]_robust_concat+reg0.1_im_rec_calib.hdf"
pr_AstroSync,exp,01TG,EPOCHS_im_rec_calib.hdf,"MATRIX_[8, 15]_robust_concat+reg0.1_im_rec_calib.hdf","[8, 15]",54,0.9388963759191962,0.845648281681513,0.9006832951651436,0.912542721529797,0.026353654389399184,1.0288793650616375,12,0.017391304347826087,0.8364388006948265,0.009209480986686502,1.0110103464581464,44,0.33587786259541985,127,571,2,1,0.546502516457936,0.8105848847044314,0.0,-75.0,-30.0,0.0,-45.0,45.0,"C:\Users\hodor\Documents\lab-Shishkin\projects\BCI_classifier\data\pr_AstroSync\features\csp\exp\01TG\MATRIX_[8, 15]_robust_concat+reg0.1_im_rec_calib.hdf"
pr_AstroSync,exp,01TG,EPOCHS_im_rec_calib.hdf,"MATRIX_[8, 15]_robust_concat+reg0.1_im_rec_calib.hdf","[8, 15]",55,0.8285265585634151,0.8091308772973529,0.9765901514373995,0.8280779232337496,0.0004486353296654366,1.0005417791213578,113,0.16376811594202897,0.8079587273756087,0.0011721499217441922,1.00145075470074,17,0.1297709923664122,220,405,1,1,0.5616669148753719,0.8349947581759776,-30.0,-45.0,-15.0,-30.0,-45.0,15.0,"C:\Users\hodor\Documents\lab-Shishkin\projects\BCI_classifier\data\pr_AstroSync\features\csp\exp\01TG\MATRIX_[8, 15]_robust_concat+reg0.1_im_rec_calib.hdf"
pr_AstroSync,exp,01TG,EPOCHS_qm_rec_calib.hdf,"MATRIX_[8, 12]_robust_concat+reg0.1_qm_rec_calib.hdf","[8, 12]",0,0.9254492300342709,0.9254492300342709,1.0,0.92245905819876,0.0029901718355109796,1.003241522546648,95,0.13768115942028986,0.92245905819876,0.0029901718355109796,1.003241522546648,61,0.46564885496183206,660,660,1,1,0.40133996070910416,0.8541752226538157,-15.0,15.0,60.0,-15.0,15.0,60.0,"C:\Users\hodor\Documents\lab-Shishkin\projects\BCI_classifier\data\pr_AstroSync\features\csp\exp\01TG\MATRIX_[8, 12]_robust_concat+reg0.1_qm_rec_calib.hdf"
pr_AstroSync,exp,01TG,EPOCHS_qm_rec_calib.hdf,"MATRIX_[8, 12]_robust_concat+reg0.1_qm_rec_calib.hdf","[8, 12]",1,0.8849835942399564,0.8824360486705989,0.9971213640728047,0.8827805393619698,0.0022030548779866654,1.0024955861391993,133,0.1927536231884058,0.8808080125494618,0.0016280361211370442,1.0018483439046209,38,0.2900763358778626,541,615,1,1,0.3346894418665378,0.8244951192407792,0.0,30.0,30.0,0.0,30.0,45.0,"C:\Users\hodor\Documents\lab-Shishkin\projects\BCI_classifier\data\pr_AstroSync\features\csp\exp\01TG\MATRIX_[8, 12]_robust_concat+reg0.1_qm_rec_calib.hdf"
pr_AstroSync,exp,01TG,EPOCHS_qm_rec_calib.hdf,"MATRIX_[8, 12]_robust_concat+reg0.1_qm_rec_calib.hdf","[8, 12]",2,0.869449947083855,0.692065826494043,0.7959812164176209,0.8663748905795152,0.0030750565043398126,1.0035493370569442,17,0.02463768115942029,0.6900452718756585,0.0020205546183845735,1.0029281479067198,38,0.2900763358778626,152,642,2,0,0.283792903814433,0.6571731674237311,60.0,-30.0,-30.0,30.0,-30.0,60.0,"C:\Users\hodor\Documents\lab-Shishkin\projects\BCI_classifier\data\pr_AstroSync\features\csp\exp\01TG\MATRIX_[8, 12]_robust_concat+reg0.1_qm_rec_calib.hdf"
pr_AstroSync,exp,01TG,EPOCHS_qm_rec_calib.hdf,"MATRIX_[8, 12]_robust_concat+reg0.1_qm_rec_calib.hdf","[8, 12]",3,0.970391055933877,0.9688234386782061,0.9983845510054065,0.9688234386782061,0.0015676172556708945,1.0016180628926665,186,0.26956521739130435,0.9673671460494357,0.0014562926287703393,1.0015054187386017,48,0.366412213740458,427,513,1,1,0.2677261399564441,0.8419064794810939,15.0,-15.0,15.0,15.0,-15.0,30.0,"C:\Users\hodor\Documents\lab-Shishkin\projects\BCI_classifier\data\pr_AstroSync\features\csp\exp\01TG\MATRIX_[8, 12]_robust_concat+reg0.1_qm_rec_calib.hdf"
pr_AstroSync,exp,01TG,EPOCHS_qm_rec_calib.hdf,"MATRIX_[8, 12]_robust_concat+reg0.1_qm_rec_calib.hdf","[8, 12]",4,0.8062269319523506,0.7892737766165113,0.9789722289544636,0.8009219639130233,0.00530496803932734,1.0066235766758214,76,0.11014492753623188,0.7798935984350802,0.00938017818143111,1.0120275101632494,17,0.1297709923664122,609,608,1,1,0.26144373237953333,0.7690720713211942,45.0,15.0,45.0,30.0,15.0,45.0,"C:\Users\hodor\Documents\lab-Shishkin\projects\BCI_classifier\data\pr_AstroSync\features\csp\exp\01TG\MATRIX_[8, 12]_robust_concat+reg0.1_qm_rec_calib.hdf"
pr_AstroSync,exp,01TG,EPOCHS_qm_rec_calib.hdf,"MATRIX_[8, 12]_robust_concat+reg0.1_qm_rec_calib.hdf","[8, 12]",5,0.8044195964759806,0.6713871793299809,0.8346231025091991,0.7783428097663656,0.026076786709614996,1.0335029583140138,11,0.015942028985507246,0.6621281738668297,0.009259005463151282,1.013983705615604,40,0.3053435114503817,18,504,2,0,0.241550576804491,0.6588760242555312,-45.0,-30.0,-60.0,15.0,-30.0,30.0,"C:\Users\hodor\Documents\lab-Shishkin\projects\BCI_classifier\data\pr_AstroSync\features\csp\exp\01TG\MATRIX_[8, 12]_robust_concat+reg0.1_qm_rec_calib.hdf"
pr_AstroSync,exp,01TG,EPOCHS_qm_rec_calib.hdf,"MATRIX_[8, 12]_robust_concat+reg0.1_qm_rec_calib.hdf","[8, 12]",6,0.8875351676898051,0.7516503465104811,0.8468964091495967,0.8762236740947188,0.01131149359508632,1.0129093676985765,39,0.05652173913043478,0.7447946986910172,0.006855647819463906,1.0092047484112237,13,0.09923664122137404,151,514,2,2,0.21696985303939553,0.687574976003866,45.0,-30.0,-30.0,30.0,-15.0,30.0,"C:\Users\hodor\Documents\lab-Shishkin\projects\BCI_classifier\data\pr_AstroSync\features\csp\exp\01TG\MATRIX_[8, 12]_robust_concat+reg0.1_qm_rec_calib.hdf"
pr_AstroSync,exp,01TG,EPOCHS_qm_rec_calib.hdf,"MATRIX_[8, 12]_robust_concat+reg0.1_qm_rec_calib.hdf","[8, 12]",7,0.8721892287756213,0.8587224712814414,0.9845598213668787,0.8695576562633716,0.002631572512249769,1.0030263347039667,134,0.19420289855072465,0.857948442582134,0.0007740286993074275,1.0009021855637128,83,0.6335877862595419,31,511,2,0,0.20507911613616714,0.7846206077908333,45.0,-15.0,-60.0,-15.0,-15.0,30.0,"C:\Users\hodor\Documents\lab-Shishkin\projects\BCI_classifier\data\pr_AstroSync\features\csp\exp\01TG\MATRIX_[8, 12]_robust_concat+reg0.1_qm_rec_calib.hdf"
pr_AstroSync,exp,01TG,EPOCHS_qm_rec_calib.hdf,"MATRIX_[8, 12]_robust_concat+reg0.1_qm_rec_calib.hdf","[8, 12]",8,0.6765900071117347,0.6765900071117347,1.0,0.6693189442725922,0.0072710628391424725,1.010863375228449,36,0.05217391304347826,0.6646899245897326,0.011900082522002031,1.0179032088222897,19,0.1450381679389313,508,508,2,2,0.20135898278053022,0.7270782990452132,-60.0,-15.0,30.0,-60.0,-15.0,30.0,"C:\Users\hodor\Documents\lab-Shishkin\projects\BCI_classifier\data\pr_AstroSync\features\csp\exp\01TG\MATRIX_[8, 12]_robust_concat+reg0.1_qm_rec_calib.hdf"
pr_AstroSync,exp,01TG,EPOCHS_qm_rec_calib.hdf,"MATRIX_[8, 12]_robust_concat+reg0.1_qm_rec_calib.hdf","[8, 12]",9,0.8323742313424117,0.8002011766987442,0.9613478488013975,0.8223160818580387,0.010058149484373002,1.0122314882394692,153,0.2217391304347826,0.7926456461387945,0.00755553055994973,1.0095320407003494,52,0.3969465648854962,53,426,2,1,0.18476026079838537,0.7496289959648664,-30.0,45.0,-60.0,0.0,-15.0,15.0,"C:\Users\hodor\Documents\lab-Shishkin\projects\BCI_classifier\data\pr_AstroSync\features\csp\exp\01TG\MATRIX_[8, 12]_robust_concat+reg0.1_qm_rec_calib.hdf"
pr_AstroSync,exp,01TG,EPOCHS_qm_rec_calib.hdf,"MATRIX_[8, 12]_robust_concat+reg0.1_qm_rec_calib.hdf","[8, 12]",10,0.8735477867096443,0.7810273730801627,0.8940866028886933,0.8639726807567261,0.009575105952918217,1.0110826489843772,64,0.0927536231884058,0.7660964503551297,0.014930922725032936,1.0194896121997583,9,0.06870229007633588,170,524,2,2,0.1531192056428723,0.7063223930065434,45.0,0.0,-30.0,30.0,0.0,30.0,"C:\Users\hodor\Documents\lab-Shishkin\projects\BCI_classifier\data\pr_AstroSync\features\csp\exp\01TG\MATRIX_[8, 12]_robust_concat+reg0.1_qm_rec_calib.hdf"
pr_AstroSync,exp,01TG,EPOCHS_qm_rec_calib.hdf,"MATRIX_[8, 12]_robust_concat+reg0.1_qm_rec_calib.hdf","[8, 12]",11,0.9278302016076623,0.9278302016076623,1.0,0.9270581767123695,0.0007720248952928221,1.0008327685518408,236,0.34202898550724636,0.9262526661775745,0.001577535430087762,1.0017031372623173,59,0.45038167938931295,425,425,1,1,0.12641575374131886,0.8000237213109456,-15.0,-15.0,15.0,-15.0,-15.0,15.0,"C:\Users\hodor\Documents\lab-Shishkin\projects\BCI_classifier\data\pr_AstroSync\features\csp\exp\01TG\MATRIX_[8, 12]_robust_concat+reg0.1_qm_rec_calib.hdf"
pr_AstroSync,exp,01TG,EPOCHS_qm_rec_calib.hdf,"MATRIX_[8, 12]_robust_concat+reg0.1_qm_rec_calib.hdf","[8, 12]",12,0.8620736307746553,0.8582546082816169,0.9955699578821282,0.8619990286295733,7.460214508192564e-05,1.0000865455094543,264,0.3826086956521739,0.8545462590264408,0.0037083492551761577,1.0043395535537198,42,0.32061068702290074,334,426,1,1,0.1100360126707548,0.7704027964796746,0.0,-15.0,0.0,0.0,-15.0,15.0,"C:\Users\hodor\Documents\lab-Shishkin\projects\BCI_classifier\data\pr_AstroSync\features\csp\exp\01TG\MATRIX_[8, 12]_robust_concat+reg0.1_qm_rec_calib.hdf"
pr_AstroSync,exp,01TG,EPOCHS_qm_rec_calib.hdf,"MATRIX_[8, 12]_robust_concat+reg0.1_qm_rec_calib.hdf","[8, 12]",13,0.7037612335120041,0.6089310496532412,0.8652523336849224,0.6985689891366338,0.005192244375370358,1.0074326866152297,21,0.030434782608695653,0.6077021206459536,0.0012289290072875492,1.0020222555846625,40,0.3053435114503817,116,660,2,2,0.08824777232510739,0.620138972001871,-30.0,45.0,-45.0,-15.0,15.0,60.0,"C:\Users\hodor\Documents\lab-Shishkin\projects\BCI_classifier\data\pr_AstroSync\features\csp\exp\01TG\MATRIX_[8, 12]_robust_concat+reg0.1_qm_rec_calib.hdf"
pr_AstroSync,exp,01TG,EPOCHS_qm_rec_calib.hdf,"MATRIX_[8, 12]_robust_concat+reg0.1_qm_rec_calib.hdf","[8, 12]",14,0.956610097277105,0.956610097277105,1.0,0.953819202792615,0.002790894484489992,1.0029260204411052,144,0.20869565217391303,0.953819202792615,0.002790894484489992,1.0029260204411052,51,0.3893129770992366,504,504,1,1,0.07914763947716907,0.8006430619424205,15.0,-30.0,30.0,15.0,-30.0,30.0,"C:\Users\hodor\Documents\lab-Shishkin\projects\BCI_classifier\data\pr_AstroSync\features\csp\exp\01TG\MATRIX_[8, 12]_robust_concat+reg0.1_qm_rec_calib.hdf"
pr_AstroSync,exp,01TG,EPOCHS_qm_rec_calib.hdf,"MATRIX_[8, 12]_robust_concat+reg0.1_qm_rec_calib.hdf","[8, 12]",15,0.869129323238006,0.8513981593779878,0.9795989349502564,0.8513981593779878,0.017731163860018162,1.0208259363315657,63,0.09130434782608696,0.8466581001020984,0.004740059275889386,1.005598551853833,45,0.3435114503816794,59,493,2,1,0.07221991669935446,0.7532528598497819,-15.0,-60.0,-45.0,-15.0,-45.0,30.0,"C:\Users\hodor\Documents\lab-Shishkin\projects\BCI_classifier\data\pr_AstroSync\features\csp\exp\01TG\MATRIX_[8, 12]_robust_concat+reg0.1_qm_rec_calib.hdf"
pr_AstroSync,exp,01TG,EPOCHS_qm_rec_calib.hdf,"MATRIX_[8, 12]_robust_concat+reg0.1_qm_rec_calib.hdf","[8, 12]",16,0.5848386624070983,0.4856787731207046,0.830449155193899,0.5821141415205773,0.002724520886520976,1.0046803894497462,55,0.07971014492753623,0.48404159173534145,0.0016371813853631734,1.0033823155144452,10,0.07633587786259542,527,608,1,1,0.054577350023161886,0.5546051604341335,75.0,0.0,30.0,30.0,15.0,45.0,"C:\Users\hodor\Documents\lab-Shishkin\projects\BCI_classifier\data\pr_AstroSync\features\csp\exp\01TG\MATRIX_[8, 12]_robust_concat+reg0.1_qm_rec_calib.hdf"
pr_AstroSync,exp,01TG,EPOCHS_qm_rec_calib.hdf,"MATRIX_[8, 12]_robust_concat+reg0.1_qm_rec_calib.hdf","[8, 12]",17,0.9085578871797906,0.8440765101941393,0.9290288732335981,0.9022180715738986,0.00633981560589203,1.007026921545511,62,0.08985507246376812,0.843749926585236,0.0003265836089033636,1.0003870620886748,65,0.4961832061068702,14,437,2,1,0.04575691308454655,0.7226411541399772,-15.0,-45.0,-60.0,0.0,0.0,15.0,"C:\Users\hodor\Documents\lab-Shishkin\projects\BCI_classifier\data\pr_AstroSync\features\csp\exp\01TG\MATRIX_[8, 12]_robust_concat+reg0.1_qm_rec_calib.hdf"
pr_AstroSync,exp,01TG,EPOCHS_qm_rec_calib.hdf,"MATRIX_[8, 12]_robust_concat+reg0.1_qm_rec_calib.hdf","[8, 12]",18,0.700263533484367,0.700263533484367,1.0,0.6986266892850083,0.0016368441993587224,1.0023429454162909,72,0.10434782608695652,0.6986266892850083,0.0016368441993587224,1.0023429454162909,63,0.48091603053435117,648,648,2,2,0.030994628739988705,0.7012911624675262,15.0,-15.0,60.0,15.0,-15.0,60.0,"C:\Users\hodor\Documents\lab-Shishkin\projects\BCI_classifier\data\pr_AstroSync\features\csp\exp\01TG\MATRIX_[8, 12]_robust_concat+reg0.1_qm_rec_calib.hdf"
pr_AstroSync,exp,01TG,EPOCHS_qm_rec_calib.hdf,"MATRIX_[8, 12]_robust_concat+reg0.1_qm_rec_calib.hdf","[8, 12]",19,0.5594610583850739,0.46048372873813137,0.823084505769449,0.5587112527776371,0.0007498056074367598,1.0013420270375961,130,0.18840579710144928,0.44953766617302826,0.01094606256510311,1.0243496004646024,15,0.11450381679389313,114,563,1,0,0.020747954288586667,0.5357069235123154,60.0,30.0,-45.0,-30.0,-60.0,45.0,"C:\Users\hodor\Documents\lab-Shishkin\projects\BCI_classifier\data\pr_AstroSync\features\csp\exp\01TG\MATRIX_[8, 12]_robust_concat+reg0.1_qm_rec_calib.hdf"
pr_AstroSync,exp,01TG,EPOCHS_qm_rec_calib.hdf,"MATRIX_[8, 12]_robust_concat+reg0.1_qm_rec_calib.hdf","[8, 12]",20,0.9165867784147002,0.9165867784147002,1.0,0.9147956624506091,0.0017911159640910945,1.001957941032747,129,0.18695652173913044,0.9147956624506091,0.0017911159640910945,1.001957941032747,54,0.4122137404580153,437,437,2,2,0.0070388814872131,0.7722131487425876,0.0,0.0,15.0,0.0,0.0,15.0,"C:\Users\hodor\Documents\lab-Shishkin\projects\BCI_classifier\data\pr_AstroSync\features\csp\exp\01TG\MATRIX_[8, 12]_robust_concat+reg0.1_qm_rec_calib.hdf"
pr_AstroSync,exp,01TG,EPOCHS_qm_rec_calib.hdf,"MATRIX_[8, 12]_robust_concat+reg0.1_qm_rec_calib.hdf","[8, 12]",21,0.6266110548691997,0.5613509267743191,0.8958522554178315,0.6109196084317907,0.01569144643740894,1.025684961197576,8,0.011594202898550725,0.5581071026394261,0.003243824134892992,1.005812189308382,20,0.15267175572519084,87,642,2,0,0.012191617416213774,0.6020446627922786,60.0,-15.0,-45.0,30.0,-30.0,60.0,"C:\Users\hodor\Documents\lab-Shishkin\projects\BCI_classifier\data\pr_AstroSync\features\csp\exp\01TG\MATRIX_[8, 12]_robust_concat+reg0.1_qm_rec_calib.hdf"
pr_AstroSync,exp,01TG,EPOCHS_qm_rec_calib.hdf,"MATRIX_[8, 12]_robust_concat+reg0.1_qm_rec_calib.hdf","[8, 12]",22,0.8381021847743811,0.5823050507957979,0.6947900403726494,0.8286894644849255,0.009412720289455612,1.011358561551529,12,0.017391304347826087,0.5668419955291072,0.015463055266690673,1.0272793042658335,8,0.061068702290076333,53,514,2,0,0.028989058156969616,0.5222600975776154,-30.0,45.0,-60.0,30.0,-15.0,30.0,"C:\Users\hodor\Documents\lab-Shishkin\projects\BCI_classifier\data\pr_AstroSync\features\csp\exp\01TG\MATRIX_[8, 12]_robust_concat+reg0.1_qm_rec_calib.hdf"
pr_AstroSync,exp,01TG,EPOCHS_qm_rec_calib.hdf,"MATRIX_[8, 12]_robust_concat+reg0.1_qm_rec_calib.hdf","[8, 12]",23,0.8656466906579251,0.8578530381593497,0.9909967281309052,0.8578530381593497,0.007793652498575443,1.0090850671990366,199,0.28840579710144926,0.855009541354776,0.002843496804573631,1.003325690143841,70,0.5343511450381679,24,425,2,0,0.04785975590241387,0.7557690421951626,45.0,-30.0,-60.0,-15.0,-15.0,15.0,"C:\Users\hodor\Documents\lab-Shishkin\projects\BCI_classifier\data\pr_AstroSync\features\csp\exp\01TG\MATRIX_[8, 12]_robust_concat+reg0.1_qm_rec_calib.hdf"
pr_AstroSync,exp,01TG,EPOCHS_qm_rec_calib.hdf,"MATRIX_[8, 12]_robust_concat+reg0.1_qm_rec_calib.hdf","[8, 12]",24,0.9140062564747933,0.8081040816335932,0.8841340810404827,0.9099638443473175,0.004042412127475803,1.0044423876317583,15,0.021739130434782608,0.8021970158424936,0.005907065791099564,1.0073636097796945,81,0.6183206106870229,61,588,2,1,0.059656163984094235,0.6926279978367936,15.0,-60.0,-45.0,0.0,-15.0,45.0,"C:\Users\hodor\Documents\lab-Shishkin\projects\BCI_classifier\data\pr_AstroSync\features\csp\exp\01TG\MATRIX_[8, 12]_robust_concat+reg0.1_qm_rec_calib.hdf"
pr_AstroSync,exp,01TG,EPOCHS_qm_rec_calib.hdf,"MATRIX_[8, 12]_robust_concat+reg0.1_qm_rec_calib.hdf","[8, 12]",25,0.9482526959119941,0.9482526959119941,1.0,0.9439978016030561,0.004254894308937995,1.0045073137900453,131,0.18985507246376812,0.9439978016030561,0.004254894308937995,1.0045073137900453,71,0.5419847328244275,606,606,1,1,0.07151951624795894,0.7961923468187897,0.0,15.0,45.0,0.0,15.0,45.0,"C:\Users\hodor\Documents\lab-Shishkin\projects\BCI_classifier\data\pr_AstroSync\features\csp\exp\01TG\MATRIX_[8, 12]_robust_concat+reg0.1_qm_rec_calib.hdf"
pr_AstroSync,exp,01TG,EPOCHS_qm_rec_calib.hdf,"MATRIX_[8, 12]_robust_concat+reg0.1_qm_rec_calib.hdf","[8, 12]",26,0.9390019069601104,0.9270988610084147,0.987323725475457,0.9380954822699425,0.0009064246901678841,1.0009662392659375,220,0.3188405797101449,0.9249214690939943,0.0021773919144203457,1.002354137066959,50,0.3816793893129771,239,424,1,1,0.07505606858672476,0.7837914915342458,-30.0,-15.0,-15.0,-30.0,-15.0,15.0,"C:\Users\hodor\Documents\lab-Shishkin\projects\BCI_classifier\data\pr_AstroSync\features\csp\exp\01TG\MATRIX_[8, 12]_robust_concat+reg0.1_qm_rec_calib.hdf"
pr_AstroSync,exp,01TG,EPOCHS_qm_rec_calib.hdf,"MATRIX_[8, 12]_robust_concat+reg0.1_qm_rec_calib.hdf","[8, 12]",27,0.8175563433583478,0.7538151974385522,0.9220345528016326,0.810567857675645,0.0069884856827028274,1.0086217157718822,66,0.09565217391304348,0.7398346529991389,0.013980544439413323,1.0188968499687585,18,0.13740458015267176,170,514,2,2,0.09341276142057797,0.6974334201483435,45.0,0.0,-30.0,30.0,-15.0,30.0,"C:\Users\hodor\Documents\lab-Shishkin\projects\BCI_classifier\data\pr_AstroSync\features\csp\exp\01TG\MATRIX_[8, 12]_robust_concat+reg0.1_qm_rec_calib.hdf"
pr_AstroSync,exp,01TG,EPOCHS_qm_rec_calib.hdf,"MATRIX_[8, 12]_robust_concat+reg0.1_qm_rec_calib.hdf","[8, 12]",28,0.81174685633041,0.7297825812315644,0.8990272959363538,0.8074455394109481,0.004301316919461895,1.0053270675352295,37,0.0536231884057971,0.728394519489808,0.001388061741756319,1.0019056455047584,55,0.4198473282442748,118,614,2,2,0.11879168041052068,0.6837445226845109,0.0,45.0,-45.0,-15.0,30.0,45.0,"C:\Users\hodor\Documents\lab-Shishkin\projects\BCI_classifier\data\pr_AstroSync\features\csp\exp\01TG\MATRIX_[8, 12]_robust_concat+reg0.1_qm_rec_calib.hdf"
pr_AstroSync,exp,01TG,EPOCHS_qm_rec_calib.hdf,"MATRIX_[8, 12]_robust_concat+reg0.1_qm_rec_calib.hdf","[8, 12]",29,0.91353613560132,0.8563952051292584,0.9374508262506228,0.905600830049829,0.007935305551490912,1.0087624760139124,77,0.11159420289855072,0.8477582546719761,0.0086369504572823,1.0101879874477002,18,0.13740458015267176,400,572,0,0,0.12662603057680322,0.7469163997233812,15.0,-60.0,15.0,15.0,-45.0,45.0,"C:\Users\hodor\Documents\lab-Shishkin\projects\BCI_classifier\data\pr_AstroSync\features\csp\exp\01TG\MATRIX_[8, 12]_robust_concat+reg0.1_qm_rec_calib.hdf"
pr_AstroSync,exp,01TG,EPOCHS_qm_rec_calib.hdf,"MATRIX_[8, 12]_robust_concat+reg0.1_qm_rec_calib.hdf","[8, 12]",30,0.8078380011601739,0.787094480188023,0.9743221772900504,0.8021755813434794,0.005662419816694464,1.0070588284515107,72,0.10434782608695652,0.7854566636074114,0.001637816580611573,1.002085177523467,28,0.21374045801526717,107,608,2,0,0.14327315390810025,0.7425826786279508,-45.0,30.0,-45.0,30.0,15.0,45.0,"C:\Users\hodor\Documents\lab-Shishkin\projects\BCI_classifier\data\pr_AstroSync\features\csp\exp\01TG\MATRIX_[8, 12]_robust_concat+reg0.1_qm_rec_calib.hdf"
pr_AstroSync,exp,01TG,EPOCHS_qm_rec_calib.hdf,"MATRIX_[8, 12]_robust_concat+reg0.1_qm_rec_calib.hdf","[8, 12]",31,0.9607781105716904,0.9572067454612343,0.9962828408857785,0.9595782172830751,0.0011998932886152502,1.0012504382310934,146,0.21159420289855072,0.9444702546627454,0.01273649079848893,1.0134853276062536,33,0.25190839694656486,418,504,1,1,0.14484415515069582,0.8123184703401715,30.0,-30.0,15.0,15.0,-30.0,30.0,"C:\Users\hodor\Documents\lab-Shishkin\projects\BCI_classifier\data\pr_AstroSync\features\csp\exp\01TG\MATRIX_[8, 12]_robust_concat+reg0.1_qm_rec_calib.hdf"
pr_AstroSync,exp,01TG,EPOCHS_qm_rec_calib.hdf,"MATRIX_[8, 12]_robust_concat+reg0.1_qm_rec_calib.hdf","[8, 12]",32,0.9202110674313643,0.9005041518688216,0.9785843528077187,0.9198886615754021,0.0003224058559622156,1.0003504835633152,193,0.2797101449275362,0.8977619006982382,0.002742251170583354,1.0030545417091665,40,0.3053435114503817,312,405,0,0,0.15516059104667557,0.7865715301268961,-15.0,-45.0,0.0,-30.0,-45.0,15.0,"C:\Users\hodor\Documents\lab-Shishkin\projects\BCI_classifier\data\pr_AstroSync\features\csp\exp\01TG\MATRIX_[8, 12]_robust_concat+reg0.1_qm_rec_calib.hdf"
pr_AstroSync,exp,01TG,EPOCHS_qm_rec_calib.hdf,"MATRIX_[8, 12]_robust_concat+reg0.1_qm_rec_calib.hdf","[8, 12]",33,0.6159371989441866,0.46614941894987505,0.756813226655134,0.6047687165358927,0.011168482408293934,1.018467361328256,11,0.015942028985507246,0.44411038273634684,0.022039036213528207,1.0496251316569918,4,0.030534351145038167,297,484,0,0,0.1659109559639358,0.5369004398200538,-30.0,-75.0,0.0,-30.0,-60.0,30.0,"C:\Users\hodor\Documents\lab-Shishkin\projects\BCI_classifier\data\pr_AstroSync\features\csp\exp\01TG\MATRIX_[8, 12]_robust_concat+reg0.1_qm_rec_calib.hdf"
pr_AstroSync,exp,01TG,EPOCHS_qm_rec_calib.hdf,"MATRIX_[8, 12]_robust_concat+reg0.1_qm_rec_calib.hdf","[8, 12]",34,0.7407210177584295,0.6489403501362542,0.8760927995537078,0.7288956435196814,0.011825374238748076,1.0162236862627494,69,0.1,0.6423518441763036,0.00658850595995053,1.010256849139118,13,0.09923664122137404,11,405,2,1,0.19128841512028227,0.6596285653709139,15.0,15.0,-75.0,-30.0,-45.0,15.0,"C:\Users\hodor\Documents\lab-Shishkin\projects\BCI_classifier\data\pr_AstroSync\features\csp\exp\01TG\MATRIX_[8, 12]_robust_concat+reg0.1_qm_rec_calib.hdf"
pr_AstroSync,exp,01TG,EPOCHS_qm_rec_calib.hdf,"MATRIX_[8, 12]_robust_concat+reg0.1_qm_rec_calib.hdf","[8, 12]",35,0.9493500913440255,0.9397887166431653,0.98992850499722,0.9418015530794863,0.007548538264539162,1.0080149987434794,100,0.14492753623188406,0.935574111132745,0.0042146055104202995,1.0045048334068558,29,0.22137404580152673,330,422,0,0,0.19948426865473445,0.8142907318048037,-60.0,-15.0,0.0,-60.0,-15.0,15.0,"C:\Users\hodor\Documents\lab-Shishkin\projects\BCI_classifier\data\pr_AstroSync\features\csp\exp\01TG\MATRIX_[8, 12]_robust_concat+reg0.1_qm_rec_calib.hdf"
pr_AstroSync,exp,01TG,EPOCHS_qm_rec_calib.hdf,"MATRIX_[8, 12]_robust_concat+reg0.1_qm_rec_calib.hdf","[8, 12]",36,0.880482415415648,0.8677399642455157,0.9855278754611846,0.8748684805086944,0.00561393490695361,1.006416890117803,104,0.15072463768115943,0.8568836760192416,0.010856288226274047,1.0126695005752802,22,0.16793893129770993,398,405,1,1,0.20598757176946147,0.7883940457973558,-15.0,-60.0,15.0,-30.0,-45.0,15.0,"C:\Users\hodor\Documents\lab-Shishkin\projects\BCI_classifier\data\pr_AstroSync\features\csp\exp\01TG\MATRIX_[8, 12]_robust_concat+reg0.1_qm_rec_calib.hdf"
pr_AstroSync,exp,01TG,EPOCHS_qm_rec_calib.hdf,"MATRIX_[8, 12]_robust_concat+reg0.1_qm_rec_calib.hdf","[8, 12]",37,0.9226376627091216,0.9141963981186341,0.9908509429739714,0.9141963981186341,0.008441264590487552,1.0092335351658126,87,0.12608695652173912,0.9091012781730803,0.005095119945553783,1.0056045680144603,29,0.22137404580152673,495,572,1,1,0.20765236657244124,0.8073821369942973,15.0,-45.0,30.0,15.0,-45.0,45.0,"C:\Users\hodor\Documents\lab-Shishkin\projects\BCI_classifier\data\pr_AstroSync\features\csp\exp\01TG\MATRIX_[8, 12]_robust_concat+reg0.1_qm_rec_calib.hdf"
pr_AstroSync,exp,01TG,EPOCHS_qm_rec_calib.hdf,"MATRIX_[8, 12]_robust_concat+reg0.1_qm_rec_calib.hdf","[8, 12]",38,0.6981996795745136,0.6194311894193676,0.887183434109927,0.6934025423092665,0.004797137265247109,1.0069182573938524,74,0.1072463768115942,0.6165358233083224,0.002895366111045239,1.0046961847172298,33,0.25190839694656486,99,435,2,2,0.23742312925720443,0.6635180874976866,-30.0,15.0,-45.0,-30.0,0.0,15.0,"C:\Users\hodor\Documents\lab-Shishkin\projects\BCI_classifier\data\pr_AstroSync\features\csp\exp\01TG\MATRIX_[8, 12]_robust_concat+reg0.1_qm_rec_calib.hdf"
pr_AstroSync,exp,01TG,EPOCHS_qm_rec_calib.hdf,"MATRIX_[8, 12]_robust_concat+reg0.1_qm_rec_calib.hdf","[8, 12]",39,0.7110795203559598,0.5323662477077653,0.7486732952754254,0.6961185603227835,0.014960960033176263,1.0214919711754833,12,0.017391304347826087,0.5281384615788652,0.0042277861289000684,1.008005071466034,26,0.1984732824427481,130,564,2,1,0.25076225044105227,0.5733836196598697,-15.0,-60.0,-30.0,-15.0,-60.0,45.0,"C:\Users\hodor\Documents\lab-Shishkin\projects\BCI_classifier\data\pr_AstroSync\features\csp\exp\01TG\MATRIX_[8, 12]_robust_concat+reg0.1_qm_rec_calib.hdf"
pr_AstroSync,exp,01TG,EPOCHS_qm_rec_calib.hdf,"MATRIX_[8, 12]_robust_concat+reg0.1_qm_rec_calib.hdf","[8, 12]",40,0.6711921261485668,0.6274356161698558,0.9348077722100309,0.6690253085984612,0.0021668175501056153,1.0032387676852537,175,0.2536231884057971,0.6191743069517848,0.008261309218071,1.0133424612832236,23,0.17557251908396945,54,422,2,1,0.2524968805354779,0.6907653392610589,-15.0,45.0,-60.0,-60.0,-15.0,15.0,"C:\Users\hodor\Documents\lab-Shishkin\projects\BCI_classifier\data\pr_AstroSync\features\csp\exp\01TG\MATRIX_[8, 12]_robust_concat+reg0.1_qm_rec_calib.hdf"
pr_AstroSync,exp,01TG,EPOCHS_qm_rec_calib.hdf,"MATRIX_[8, 12]_robust_concat+reg0.1_qm_rec_calib.hdf","[8, 12]",41,0.8762433311072089,0.7156989307143534,0.8167810302305025,0.8694188826968371,0.006824448410371775,1.0078494366135724,28,0.04057971014492753,0.7137691084087059,0.0019298223056475328,1.0027037066789706,47,0.35877862595419846,71,524,2,0,0.26296168964515787,0.6706384272827814,-45.0,-30.0,-45.0,30.0,0.0,30.0,"C:\Users\hodor\Documents\lab-Shishkin\projects\BCI_classifier\data\pr_AstroSync\features\csp\exp\01TG\MATRIX_[8, 12]_robust_concat+reg0.1_qm_rec_calib.hdf"
pr_AstroSync,exp,01TG,EPOCHS_qm_rec_calib.hdf,"MATRIX_[8, 12]_robust_concat+reg0.1_qm_rec_calib.hdf","[8, 12]",42,0.917003713798966,0.8903514591072885,0.9709354997252275,0.9164395530367253,0.0005641607622406397,1.0006156006256728,93,0.13478260869565217,0.8834734144600238,0.006878044647264714,1.0077852310377313,28,0.21374045801526717,222,493,2,2,0.2742890797159767,0.8034018015070987,0.0,-45.0,-15.0,-15.0,-45.0,30.0,"C:\Users\hodor\Documents\lab-Shishkin\projects\BCI_classifier\data\pr_AstroSync\features\csp\exp\01TG\MATRIX_[8, 12]_robust_concat+reg0.1_qm_rec_calib.hdf"
pr_AstroSync,exp,01TG,EPOCHS_qm_rec_calib.hdf,"MATRIX_[8, 12]_robust_concat+reg0.1_qm_rec_calib.hdf","[8, 12]",43,0.9166519860591154,0.9134504353913526,0.9965073433359077,0.9142912767862015,0.0023607092729138746,1.0025820100583394,158,0.2289855072463768,0.9060283334453261,0.007422101946026549,1.0081919093167901,45,0.3435114503816794,406,493,1,1,0.29817843453026516,0.8277716437941849,-15.0,-45.0,15.0,-15.0,-45.0,30.0,"C:\Users\hodor\Documents\lab-Shishkin\projects\BCI_classifier\data\pr_AstroSync\features\csp\exp\01TG\MATRIX_[8, 12]_robust_concat+reg0.1_qm_rec_calib.hdf"
pr_AstroSync,exp,01TG,EPOCHS_qm_rec_calib.hdf,"MATRIX_[8, 12]_robust_concat+reg0.1_qm_rec_calib.hdf","[8, 12]",44,0.9188929813853863,0.9188929813853863,1.0,0.914451808631972,0.00444117275341438,1.0048566504122929,123,0.1782608695652174,0.914451808631972,0.00444117275341438,1.0048566504122929,54,0.4122137404580153,607,607,1,1,0.3161364590493969,0.8348398352947647,15.0,15.0,45.0,15.0,15.0,45.0,"C:\Users\hodor\Documents\lab-Shishkin\projects\BCI_classifier\data\pr_AstroSync\features\csp\exp\01TG\MATRIX_[8, 12]_robust_concat+reg0.1_qm_rec_calib.hdf"
pr_AstroSync,exp,01TG,EPOCHS_qm_rec_calib.hdf,"MATRIX_[8, 12]_robust_concat+reg0.1_qm_rec_calib.hdf","[8, 12]",45,0.859021999030478,0.7684975320428654,0.8946191516750658,0.858460417191943,0.0005615818385350524,1.0006541732469996,18,0.02608695652173913,0.7630563330262534,0.005441199016611997,1.0071307959597589,34,0.2595419847328244,87,572,2,0,0.3233951852684802,0.7362317915224785,60.0,-15.0,-45.0,15.0,-45.0,45.0,"C:\Users\hodor\Documents\lab-Shishkin\projects\BCI_classifier\data\pr_AstroSync\features\csp\exp\01TG\MATRIX_[8, 12]_robust_concat+reg0.1_qm_rec_calib.hdf"
pr_AstroSync,exp,01TG,EPOCHS_qm_rec_calib.hdf,"MATRIX_[8, 12]_robust_concat+reg0.1_qm_rec_calib.hdf","[8, 12]",46,0.6888615827198334,0.6796971765040579,0.9866963023549786,0.6883044770066071,0.0005571057132263135,1.0008093884782634,67,0.09710144927536232,0.6784735236023149,0.0012236529017429776,1.0018035381767678,16,0.12213740458015267,624,616,0,0,0.33654608864656543,0.7492165655654738,15.0,45.0,45.0,15.0,30.0,45.0,"C:\Users\hodor\Documents\lab-Shishkin\projects\BCI_classifier\data\pr_AstroSync\features\csp\exp\01TG\MATRIX_[8, 12]_robust_concat+reg0.1_qm_rec_calib.hdf"
pr_AstroSync,exp,01TG,EPOCHS_qm_rec_calib.hdf,"MATRIX_[8, 12]_robust_concat+reg0.1_qm_rec_calib.hdf","[8, 12]",47,0.8840965892754962,0.8366452697137744,0.9463279011169952,0.8789513812315793,0.005145208043916827,1.0058538027856643,68,0.09855072463768116,0.8286349294879675,0.008010340225806933,1.0096669111339016,19,0.1450381679389313,399,493,1,1,0.3495869080866618,0.7885907815198012,0.0,-60.0,15.0,-15.0,-45.0,30.0,"C:\Users\hodor\Documents\lab-Shishkin\projects\BCI_classifier\data\pr_AstroSync\features\csp\exp\01TG\MATRIX_[8, 12]_robust_concat+reg0.1_qm_rec_calib.hdf"
pr_AstroSync,exp,01TG,EPOCHS_qm_rec_calib.hdf,"MATRIX_[8, 12]_robust_concat+reg0.1_qm_rec_calib.hdf","[8, 12]",48,0.7655663739514114,0.7655663739514114,1.0,0.7602523835010799,0.0053139904503314295,1.0069897715096396,93,0.13478260869565217,0.7602523835010799,0.0053139904503314295,1.0069897715096396,54,0.4122137404580153,520,520,2,2,0.36010160861517226,0.7899685526060284,-30.0,0.0,30.0,-30.0,0.0,30.0,"C:\Users\hodor\Documents\lab-Shishkin\projects\BCI_classifier\data\pr_AstroSync\features\csp\exp\01TG\MATRIX_[8, 12]_robust_concat+reg0.1_qm_rec_calib.hdf"
pr_AstroSync,exp,01TG,EPOCHS_qm_rec_calib.hdf,"MATRIX_[8, 12]_robust_concat+reg0.1_qm_rec_calib.hdf","[8, 12]",49,0.9256794516612278,0.8110225362229497,0.8761375601105607,0.9248409696583504,0.0008384820028773943,1.0009066229010022,85,0.12318840579710146,0.7915679790109253,0.01945455721202438,1.02457724128297,19,0.1450381679389313,142,504,0,0,0.3821554004519818,0.754550869818181,45.0,-45.0,-30.0,15.0,-30.0,30.0,"C:\Users\hodor\Documents\lab-Shishkin\projects\BCI_classifier\data\pr_AstroSync\features\csp\exp\01TG\MATRIX_[8, 12]_robust_concat+reg0.1_qm_rec_calib.hdf"
pr_AstroSync,exp,01TG,EPOCHS_qm_rec_calib.hdf,"MATRIX_[8, 12]_robust_concat+reg0.1_qm_rec_calib.hdf","[8, 12]",50,0.8961513060811171,0.8620333374736626,0.961928339136554,0.8910509085992981,0.005100397481819008,1.0057240247808474,33,0.04782608695652174,0.8551162713707439,0.006917066102918756,1.0080890357656636,28,0.21374045801526717,486,564,1,1,0.3929147947441116,0.8131623796760534,0.0,-60.0,30.0,-15.0,-60.0,45.0,"C:\Users\hodor\Documents\lab-Shishkin\projects\BCI_classifier\data\pr_AstroSync\features\csp\exp\01TG\MATRIX_[8, 12]_robust_concat+reg0.1_qm_rec_calib.hdf"
pr_AstroSync,exp,01TG,EPOCHS_qm_rec_calib.hdf,"MATRIX_[8, 12]_robust_concat+reg0.1_qm_rec_calib.hdf","[8, 12]",51,0.9468246889487812,0.7149138772148487,0.7550646762375692,0.935694743641212,0.011129945307569278,1.0118948464584268,14,0.020289855072463767,0.7093963735963268,0.0055175036185218795,1.0077777443244467,31,0.2366412213740458,62,514,2,1,0.39767027924562304,0.6695330171812278,30.0,-60.0,-45.0,30.0,-15.0,30.0,"C:\Users\hodor\Documents\lab-Shishkin\projects\BCI_classifier\data\pr_AstroSync\features\csp\exp\01TG\MATRIX_[8, 12]_robust_concat+reg0.1_qm_rec_calib.hdf"
pr_AstroSync,exp,01TG,EPOCHS_qm_rec_calib.hdf,"MATRIX_[8, 12]_robust_concat+reg0.1_qm_rec_calib.hdf","[8, 12]",52,0.9319645637890054,0.7465388851915349,0.8010378443536503,0.9181820469524943,0.013782516836511105,1.0150106581611524,19,0.02753623188405797,0.7452404402799896,0.0012984449115452934,1.001742316762973,48,0.366412213740458,132,580,2,1,0.4311839670628812,0.7079924331887562,15.0,-60.0,-30.0,15.0,-30.0,45.0,"C:\Users\hodor\Documents\lab-Shishkin\projects\BCI_classifier\data\pr_AstroSync\features\csp\exp\01TG\MATRIX_[8, 12]_robust_concat+reg0.1_qm_rec_calib.hdf"
pr_AstroSync,exp,01TG,EPOCHS_qm_rec_calib.hdf,"MATRIX_[8, 12]_robust_concat+reg0.1_qm_rec_calib.hdf","[8, 12]",53,0.8262671093460034,0.7033373761718136,0.8512227682988741,0.823050025608724,0.003217083737279469,1.0039087341439545,24,0.034782608695652174,0.7029114446204662,0.0004259315513474027,1.0006059533595693,70,0.5343511450381679,67,660,2,1,0.44419507727529295,0.7180573428496867,15.0,-45.0,-45.0,-15.0,15.0,60.0,"C:\Users\hodor\Documents\lab-Shishkin\projects\BCI_classifier\data\pr_AstroSync\features\csp\exp\01TG\MATRIX_[8, 12]_robust_concat+reg0.1_qm_rec_calib.hdf"
pr_AstroSync,exp,01TG,EPOCHS_qm_rec_calib.hdf,"MATRIX_[8, 12]_robust_concat+reg0.1_qm_rec_calib.hdf","[8, 12]",54,0.8731670343996792,0.7508675454302687,0.8599357463678252,0.8723128140677314,0.0008542203319478192,1.000979259181078,17,0.02463768115942029,0.7481211125432043,0.0027464328870643318,1.0036711073127291,20,0.15267175572519084,58,504,2,0,0.4600836148384171,0.7417914497337987,-30.0,-60.0,-45.0,15.0,-30.0,30.0,"C:\Users\hodor\Documents\lab-Shishkin\projects\BCI_classifier\data\pr_AstroSync\features\csp\exp\01TG\MATRIX_[8, 12]_robust_concat+reg0.1_qm_rec_calib.hdf"
pr_AstroSync,exp,01TG,EPOCHS_qm_rec_calib.hdf,"MATRIX_[8, 12]_robust_concat+reg0.1_qm_rec_calib.hdf","[8, 12]",55,0.9024368402409226,0.878942067863274,0.9739651892188086,0.8984182355608388,0.004018604680083859,1.004472977641171,33,0.04782608695652174,0.8526092562697158,0.02633281159355816,1.0308849703424143,12,0.0916030534351145,567,572,1,1,0.4819735607633373,0.8423087710532772,30.0,-60.0,45.0,15.0,-45.0,45.0,"C:\Users\hodor\Documents\lab-Shishkin\projects\BCI_classifier\data\pr_AstroSync\features\csp\exp\01TG\MATRIX_[8, 12]_robust_concat+reg0.1_qm_rec_calib.hdf"
pr_AstroSync,exp,01TG,EPOCHS_qm_rec_calib.hdf,"MATRIX_[9, 13]_robust_concat+reg0.1_qm_rec_calib.hdf","[9, 13]",0,0.9331815943992968,0.9331815943992968,1.0,0.9306976743214872,0.0024839200778096204,1.002668879644102,119,0.17246376811594202,0.9306976743214872,0.0024839200778096204,1.002668879644102,67,0.5114503816793893,604,604,1,1,0.44049124078309054,0.8647118061963721,-30.0,15.0,45.0,-30.0,15.0,45.0,"C:\Users\hodor\Documents\lab-Shishkin\projects\BCI_classifier\data\pr_AstroSync\features\csp\exp\01TG\MATRIX_[9, 13]_robust_concat+reg0.1_qm_rec_calib.hdf"
pr_AstroSync,exp,01TG,EPOCHS_qm_rec_calib.hdf,"MATRIX_[9, 13]_robust_concat+reg0.1_qm_rec_calib.hdf","[9, 13]",1,0.8258456440607923,0.8157771332773356,0.9878082413392065,0.8227338452298678,0.003111798830924495,1.003782266706258,97,0.14057971014492754,0.7986991813850532,0.01707795189228234,1.021382207832825,17,0.1297709923664122,617,616,1,1,0.2988869431209973,0.7898130938739099,30.0,30.0,45.0,15.0,30.0,45.0,"C:\Users\hodor\Documents\lab-Shishkin\projects\BCI_classifier\data\pr_AstroSync\features\csp\exp\01TG\MATRIX_[9, 13]_robust_concat+reg0.1_qm_rec_calib.hdf"
pr_AstroSync,exp,01TG,EPOCHS_qm_rec_calib.hdf,"MATRIX_[9, 13]_robust_concat+reg0.1_qm_rec_calib.hdf","[9, 13]",2,0.8761518691234231,0.8678620210091316,0.9905383434009158,0.8708451454723158,0.005306723651107292,1.0060937626840982,64,0.0927536231884058,0.8653940459306986,0.0024679750784329935,1.0028518512347502,24,0.183206106870229,591,590,0,0,0.2534629543478615,0.8001865527531805,45.0,-15.0,45.0,30.0,-15.0,45.0,"C:\Users\hodor\Documents\lab-Shishkin\projects\BCI_classifier\data\pr_AstroSync\features\csp\exp\01TG\MATRIX_[9, 13]_robust_concat+reg0.1_qm_rec_calib.hdf"
pr_AstroSync,exp,01TG,EPOCHS_qm_rec_calib.hdf,"MATRIX_[9, 13]_robust_concat+reg0.1_qm_rec_calib.hdf","[9, 13]",3,0.944921738465341,0.9431274034488115,0.9981010755245787,0.9431274034488115,0.0017943350165294802,1.0019025372499706,217,0.3144927536231884,0.9381258246782235,0.005001578770588044,1.0053314583598671,54,0.4122137404580153,438,523,1,1,0.22536478884167188,0.8243130329614788,15.0,0.0,15.0,15.0,0.0,30.0,"C:\Users\hodor\Documents\lab-Shishkin\projects\BCI_classifier\data\pr_AstroSync\features\csp\exp\01TG\MATRIX_[9, 13]_robust_concat+reg0.1_qm_rec_calib.hdf"
pr_AstroSync,exp,01TG,EPOCHS_qm_rec_calib.hdf,"MATRIX_[9, 13]_robust_concat+reg0.1_qm_rec_calib.hdf","[9, 13]",4,0.8572235650448619,0.7568454518493395,0.8829032270125832,0.8425237708259227,0.014699794218939188,1.017447334696004,10,0.014492753623188406,0.7469325264073132,0.009912925442026266,1.0132715139474602,35,0.26717557251908397,134,656,2,1,0.20102303708993596,0.7024069677209184,45.0,-60.0,-30.0,30.0,0.0,60.0,"C:\Users\hodor\Documents\lab-Shishkin\projects\BCI_classifier\data\pr_AstroSync\features\csp\exp\01TG\MATRIX_[9, 13]_robust_concat+reg0.1_qm_rec_calib.hdf"
pr_AstroSync,exp,01TG,EPOCHS_qm_rec_calib.hdf,"MATRIX_[9, 13]_robust_concat+reg0.1_qm_rec_calib.hdf","[9, 13]",5,0.8819824732821616,0.796530908744632,0.9031142147082188,0.8785503030258388,0.0034321702563228085,1.0039066291873122,34,0.04927536231884058,0.793805966842267,0.0027249419023649413,1.003432755630705,83,0.6335877862595419,171,655,2,0,0.18781708730852098,0.7227506321410239,60.0,0.0,-30.0,15.0,0.0,60.0,"C:\Users\hodor\Documents\lab-Shishkin\projects\BCI_classifier\data\pr_AstroSync\features\csp\exp\01TG\MATRIX_[9, 13]_robust_concat+reg0.1_qm_rec_calib.hdf"
pr_AstroSync,exp,01TG,EPOCHS_qm_rec_calib.hdf,"MATRIX_[9, 13]_robust_concat+reg0.1_qm_rec_calib.hdf","[9, 13]",6,0.8703538876432324,0.8212062454891114,0.9435314268691275,0.8585346720352942,0.011819215607938194,1.013766730678353,58,0.08405797101449275,0.8201542168052468,0.0010520286838645587,1.0012827205692638,76,0.5801526717557252,87,588,2,0,0.16660385951632173,0.7453320999155607,60.0,-15.0,-45.0,0.0,-15.0,45.0,"C:\Users\hodor\Documents\lab-Shishkin\projects\BCI_classifier\data\pr_AstroSync\features\csp\exp\01TG\MATRIX_[9, 13]_robust_concat+reg0.1_qm_rec_calib.hdf"
pr_AstroSync,exp,01TG,EPOCHS_qm_rec_calib.hdf,"MATRIX_[9, 13]_robust_concat+reg0.1_qm_rec_calib.hdf","[9, 13]",7,0.8234557270930185,0.8145473983457544,0.9891817757115947,0.8145473983457544,0.008908328747264105,1.0109365382117184,57,0.08260869565217391,0.7972158617696472,0.017331536576107198,1.0217400799548004,18,0.13740458015267176,58,404,2,1,0.13701446705146658,0.757626281901525,-30.0,-60.0,-45.0,-45.0,-45.0,15.0,"C:\Users\hodor\Documents\lab-Shishkin\projects\BCI_classifier\data\pr_AstroSync\features\csp\exp\01TG\MATRIX_[9, 13]_robust_concat+reg0.1_qm_rec_calib.hdf"
pr_AstroSync,exp,01TG,EPOCHS_qm_rec_calib.hdf,"MATRIX_[9, 13]_robust_concat+reg0.1_qm_rec_calib.hdf","[9, 13]",8,0.8158398109639535,0.711312496650507,0.8718776493758713,0.8114706286251192,0.004369182338834321,1.0053842766265453,29,0.042028985507246375,0.7060502340478475,0.005262262602659495,1.0074530994381101,20,0.15267175572519084,40,608,2,0,0.12663262386745489,0.6666308408203105,-30.0,15.0,-60.0,30.0,15.0,45.0,"C:\Users\hodor\Documents\lab-Shishkin\projects\BCI_classifier\data\pr_AstroSync\features\csp\exp\01TG\MATRIX_[9, 13]_robust_concat+reg0.1_qm_rec_calib.hdf"
pr_AstroSync,exp,01TG,EPOCHS_qm_rec_calib.hdf,"MATRIX_[9, 13]_robust_concat+reg0.1_qm_rec_calib.hdf","[9, 13]",9,0.8411794215198368,0.7636967103366195,0.9078880091440871,0.8378041434446997,0.003375278075137156,1.0040287197211264,21,0.030434782608695653,0.7610127185901057,0.002683991746513792,1.0035268684490402,84,0.6412213740458015,24,587,2,0,0.0958583850334972,0.6950151297393554,45.0,-30.0,-60.0,-15.0,-15.0,45.0,"C:\Users\hodor\Documents\lab-Shishkin\projects\BCI_classifier\data\pr_AstroSync\features\csp\exp\01TG\MATRIX_[9, 13]_robust_concat+reg0.1_qm_rec_calib.hdf"
pr_AstroSync,exp,01TG,EPOCHS_qm_rec_calib.hdf,"MATRIX_[9, 13]_robust_concat+reg0.1_qm_rec_calib.hdf","[9, 13]",10,0.8322707616672587,0.7503285743013385,0.9015438350834669,0.8275788711899377,0.004691890477320992,1.0056694179136965,48,0.06956521739130435,0.7459954516751258,0.00433312262621266,1.0058085107844594,48,0.366412213740458,118,504,2,1,0.07910812460948013,0.6841313517149246,0.0,45.0,-45.0,15.0,-30.0,30.0,"C:\Users\hodor\Documents\lab-Shishkin\projects\BCI_classifier\data\pr_AstroSync\features\csp\exp\01TG\MATRIX_[9, 13]_robust_concat+reg0.1_qm_rec_calib.hdf"
pr_AstroSync,exp,01TG,EPOCHS_qm_rec_calib.hdf,"MATRIX_[9, 13]_robust_concat+reg0.1_qm_rec_calib.hdf","[9, 13]",11,0.8677889129815436,0.8677889129815436,1.0,0.8670628076463347,0.0007261053352088931,1.0008374310705126,153,0.2217391304347826,0.8554053609652871,0.012383552016256516,1.014476823014392,32,0.24427480916030533,405,405,1,1,0.07491446737309637,0.7687090130181595,-30.0,-45.0,15.0,-30.0,-45.0,15.0,"C:\Users\hodor\Documents\lab-Shishkin\projects\BCI_classifier\data\pr_AstroSync\features\csp\exp\01TG\MATRIX_[9, 13]_robust_concat+reg0.1_qm_rec_calib.hdf"
pr_AstroSync,exp,01TG,EPOCHS_qm_rec_calib.hdf,"MATRIX_[9, 13]_robust_concat+reg0.1_qm_rec_calib.hdf","[9, 13]",12,0.7349695506388413,0.7286831513209276,0.9914467214152621,0.7326261243795977,0.002343426259243553,1.0031986659788144,132,0.19130434782608696,0.7262268678316424,0.0024562834892852825,1.0033822536704256,50,0.3816793893129771,186,531,2,2,0.05359255545519037,0.7119086386902307,0.0,30.0,-30.0,-15.0,15.0,30.0,"C:\Users\hodor\Documents\lab-Shishkin\projects\BCI_classifier\data\pr_AstroSync\features\csp\exp\01TG\MATRIX_[9, 13]_robust_concat+reg0.1_qm_rec_calib.hdf"
pr_AstroSync,exp,01TG,EPOCHS_qm_rec_calib.hdf,"MATRIX_[9, 13]_robust_concat+reg0.1_qm_rec_calib.hdf","[9, 13]",13,0.796299180654918,0.7836925705398037,0.9841685004563913,0.792144074646603,0.004155106008315035,1.0052453917681183,151,0.21884057971014492,0.7752312479184644,0.008461322621339251,1.010914578900242,40,0.3053435114503817,406,493,1,1,0.05041862755689219,0.7272519504056858,-15.0,-45.0,15.0,-15.0,-45.0,30.0,"C:\Users\hodor\Documents\lab-Shishkin\projects\BCI_classifier\data\pr_AstroSync\features\csp\exp\01TG\MATRIX_[9, 13]_robust_concat+reg0.1_qm_rec_calib.hdf"
pr_AstroSync,exp,01TG,EPOCHS_qm_rec_calib.hdf,"MATRIX_[9, 13]_robust_concat+reg0.1_qm_rec_calib.hdf","[9, 13]",14,0.5953842309836237,0.5953842309836237,1.0,0.5907858778430795,0.004598353140544242,1.0077834513535302,19,0.02753623188405797,0.5895938002872967,0.005790430696327009,1.009821050854852,10,0.07633587786259542,635,635,0,0,0.031211305650344023,0.664626741974337,15.0,-45.0,60.0,15.0,-45.0,60.0,"C:\Users\hodor\Documents\lab-Shishkin\projects\BCI_classifier\data\pr_AstroSync\features\csp\exp\01TG\MATRIX_[9, 13]_robust_concat+reg0.1_qm_rec_calib.hdf"
pr_AstroSync,exp,01TG,EPOCHS_qm_rec_calib.hdf,"MATRIX_[9, 13]_robust_concat+reg0.1_qm_rec_calib.hdf","[9, 13]",15,0.8275898548120257,0.7801967145750786,0.9427335413050565,0.809566639922974,0.018023214889051786,1.0222627934505386,59,0.08550724637681159,0.7778076923162769,0.002389022258801665,1.003071481913077,69,0.5267175572519084,17,522,2,1,0.014356589101498951,0.7001702615088526,30.0,-45.0,-60.0,0.0,0.0,30.0,"C:\Users\hodor\Documents\lab-Shishkin\projects\BCI_classifier\data\pr_AstroSync\features\csp\exp\01TG\MATRIX_[9, 13]_robust_concat+reg0.1_qm_rec_calib.hdf"
pr_AstroSync,exp,01TG,EPOCHS_qm_rec_calib.hdf,"MATRIX_[9, 13]_robust_concat+reg0.1_qm_rec_calib.hdf","[9, 13]",16,0.8281515886455906,0.6369061531360067,0.7690695301057645,0.8253419653065966,0.0028096233389939274,1.003404192997687,19,0.02753623188405797,0.6310254574558429,0.0058806956801638055,1.0093192685186958,22,0.16793893129770993,23,533,2,1,0.0045906536387605446,0.5699165728729485,30.0,-30.0,-60.0,15.0,15.0,30.0,"C:\Users\hodor\Documents\lab-Shishkin\projects\BCI_classifier\data\pr_AstroSync\features\csp\exp\01TG\MATRIX_[9, 13]_robust_concat+reg0.1_qm_rec_calib.hdf"
pr_AstroSync,exp,01TG,EPOCHS_qm_rec_calib.hdf,"MATRIX_[9, 13]_robust_concat+reg0.1_qm_rec_calib.hdf","[9, 13]",17,0.8293076875232162,0.653208966785557,0.78765574781588,0.8290033263577237,0.0003043611654924838,1.0003671410666466,26,0.03768115942028986,0.6520900912294694,0.001118875556087584,1.001715829716072,37,0.2824427480916031,48,436,2,2,0.011195292446168903,0.5853072833813247,-15.0,30.0,-60.0,-15.0,0.0,15.0,"C:\Users\hodor\Documents\lab-Shishkin\projects\BCI_classifier\data\pr_AstroSync\features\csp\exp\01TG\MATRIX_[9, 13]_robust_concat+reg0.1_qm_rec_calib.hdf"
pr_AstroSync,exp,01TG,EPOCHS_qm_rec_calib.hdf,"MATRIX_[9, 13]_robust_concat+reg0.1_qm_rec_calib.hdf","[9, 13]",18,0.8756894369499614,0.8404837852656075,0.9597966468489381,0.8752680179325876,0.00042141901737380305,1.0004814742555876,200,0.2898550724637681,0.828889496844167,0.011594288421440502,1.0139877371659112,26,0.1984732824427481,324,504,1,1,0.025022241997240346,0.7310822643244328,15.0,-30.0,0.0,15.0,-30.0,30.0,"C:\Users\hodor\Documents\lab-Shishkin\projects\BCI_classifier\data\pr_AstroSync\features\csp\exp\01TG\MATRIX_[9, 13]_robust_concat+reg0.1_qm_rec_calib.hdf"
pr_AstroSync,exp,01TG,EPOCHS_qm_rec_calib.hdf,"MATRIX_[9, 13]_robust_concat+reg0.1_qm_rec_calib.hdf","[9, 13]",19,0.8987792579129966,0.8987792579129966,1.0,0.897493743565752,0.001285514347244665,1.0014323379482706,157,0.22753623188405797,0.897493743565752,0.001285514347244665,1.0014323379482706,51,0.3893129770992366,513,513,1,1,0.03989903529784877,0.7725525473291186,15.0,-15.0,30.0,15.0,-15.0,30.0,"C:\Users\hodor\Documents\lab-Shishkin\projects\BCI_classifier\data\pr_AstroSync\features\csp\exp\01TG\MATRIX_[9, 13]_robust_concat+reg0.1_qm_rec_calib.hdf"
pr_AstroSync,exp,01TG,EPOCHS_qm_rec_calib.hdf,"MATRIX_[9, 13]_robust_concat+reg0.1_qm_rec_calib.hdf","[9, 13]",20,0.586985943213795,0.5537905452702013,0.943447712287885,0.5742825082995141,0.012703434914280942,1.0221205325439853,18,0.02608695652173913,0.5516855362277805,0.0021050090424208356,1.0038155958497916,12,0.0916030534351145,482,564,2,2,0.049079929766830954,0.6281941473274849,0.0,-75.0,30.0,-15.0,-60.0,45.0,"C:\Users\hodor\Documents\lab-Shishkin\projects\BCI_classifier\data\pr_AstroSync\features\csp\exp\01TG\MATRIX_[9, 13]_robust_concat+reg0.1_qm_rec_calib.hdf"
pr_AstroSync,exp,01TG,EPOCHS_qm_rec_calib.hdf,"MATRIX_[9, 13]_robust_concat+reg0.1_qm_rec_calib.hdf","[9, 13]",21,0.8216745311970542,0.6329646572661228,0.7703350088556232,0.809810413878203,0.011864117318851286,1.014650487466608,28,0.04057971014492753,0.6247599555519511,0.008204701714171758,1.0131325665821895,19,0.1450381679389313,9,435,2,2,0.07050527534677276,0.582289439097528,-15.0,15.0,-75.0,-30.0,0.0,15.0,"C:\Users\hodor\Documents\lab-Shishkin\projects\BCI_classifier\data\pr_AstroSync\features\csp\exp\01TG\MATRIX_[9, 13]_robust_concat+reg0.1_qm_rec_calib.hdf"
pr_AstroSync,exp,01TG,EPOCHS_qm_rec_calib.hdf,"MATRIX_[9, 13]_robust_concat+reg0.1_qm_rec_calib.hdf","[9, 13]",22,0.8810278938285101,0.703637794506494,0.7986555243430866,0.877007254671458,0.004020639157052086,1.004584499313587,31,0.04492753623188406,0.6931012679793119,0.010536526527182066,1.0152020015168932,60,0.4580152671755725,131,504,2,2,0.08874237401803375,0.6234166888352687,0.0,-60.0,-30.0,15.0,-30.0,30.0,"C:\Users\hodor\Documents\lab-Shishkin\projects\BCI_classifier\data\pr_AstroSync\features\csp\exp\01TG\MATRIX_[9, 13]_robust_concat+reg0.1_qm_rec_calib.hdf"
pr_AstroSync,exp,01TG,EPOCHS_qm_rec_calib.hdf,"MATRIX_[9, 13]_robust_concat+reg0.1_qm_rec_calib.hdf","[9, 13]",23,0.5928650010422916,0.5680179430441101,0.9580898552714381,0.5858702948741183,0.006994706168173215,1.0119390012249658,43,0.06231884057971015,0.5642131043250663,0.0038048387190438016,1.0067436199015536,11,0.08396946564885496,517,422,1,1,0.09374434824485167,0.6486955845865561,-75.0,0.0,30.0,-60.0,-15.0,15.0,"C:\Users\hodor\Documents\lab-Shishkin\projects\BCI_classifier\data\pr_AstroSync\features\csp\exp\01TG\MATRIX_[9, 13]_robust_concat+reg0.1_qm_rec_calib.hdf"
pr_AstroSync,exp,01TG,EPOCHS_qm_rec_calib.hdf,"MATRIX_[9, 13]_robust_concat+reg0.1_qm_rec_calib.hdf","[9, 13]",24,0.7760296923950432,0.7048737808138799,0.9083077461101309,0.7734873697067308,0.0025423226883123373,1.003286831547458,87,0.12608695652173912,0.7040771651062863,0.0007966157075935953,1.0011314323870641,11,0.08396946564885496,72,514,2,0,0.10502865385222737,0.6764500398048623,-30.0,-30.0,-45.0,30.0,-15.0,30.0,"C:\Users\hodor\Documents\lab-Shishkin\projects\BCI_classifier\data\pr_AstroSync\features\csp\exp\01TG\MATRIX_[9, 13]_robust_concat+reg0.1_qm_rec_calib.hdf"
pr_AstroSync,exp,01TG,EPOCHS_qm_rec_calib.hdf,"MATRIX_[9, 13]_robust_concat+reg0.1_qm_rec_calib.hdf","[9, 13]",25,0.8396930375850756,0.8373172886369291,0.9971706935251254,0.8379046211250452,0.001788416460030473,1.0021343914509377,182,0.263768115942029,0.837064925311916,0.0002523633250131052,1.0003014859628947,53,0.40458015267175573,331,414,0,0,0.12619879100692843,0.7670276213106173,-45.0,-15.0,0.0,-30.0,-30.0,15.0,"C:\Users\hodor\Documents\lab-Shishkin\projects\BCI_classifier\data\pr_AstroSync\features\csp\exp\01TG\MATRIX_[9, 13]_robust_concat+reg0.1_qm_rec_calib.hdf"
pr_AstroSync,exp,01TG,EPOCHS_qm_rec_calib.hdf,"MATRIX_[9, 13]_robust_concat+reg0.1_qm_rec_calib.hdf","[9, 13]",26,0.9015738292451803,0.7213740694027078,0.8001275613852499,0.8884141674150947,0.013159661830085545,1.0148125303633715,8,0.011594202898550725,0.7208965149157982,0.00047755448690955937,1.000662445270616,48,0.366412213740458,13,424,2,1,0.1421059461948846,0.6409595161532871,-30.0,-45.0,-60.0,-30.0,-15.0,15.0,"C:\Users\hodor\Documents\lab-Shishkin\projects\BCI_classifier\data\pr_AstroSync\features\csp\exp\01TG\MATRIX_[9, 13]_robust_concat+reg0.1_qm_rec_calib.hdf"
pr_AstroSync,exp,01TG,EPOCHS_qm_rec_calib.hdf,"MATRIX_[9, 13]_robust_concat+reg0.1_qm_rec_calib.hdf","[9, 13]",27,0.8048766302482485,0.7331253416596064,0.9108543025202361,0.7936656958162475,0.011210934432001052,1.0141255121534152,66,0.09565217391304348,0.7245749276906712,0.008550413968935189,1.0118005932059873,29,0.22137404580152673,150,514,2,2,0.15055190360217252,0.696588686435403,30.0,-30.0,-30.0,30.0,-15.0,30.0,"C:\Users\hodor\Documents\lab-Shishkin\projects\BCI_classifier\data\pr_AstroSync\features\csp\exp\01TG\MATRIX_[9, 13]_robust_concat+reg0.1_qm_rec_calib.hdf"
pr_AstroSync,exp,01TG,EPOCHS_qm_rec_calib.hdf,"MATRIX_[9, 13]_robust_concat+reg0.1_qm_rec_calib.hdf","[9, 13]",28,0.9569429431449191,0.9569429431449191,1.0,0.9535532380486433,0.0033897050962757858,1.0035548147298126,172,0.2492753623188406,0.9535532380486433,0.0033897050962757858,1.0035548147298126,68,0.5190839694656488,523,523,1,1,0.1611811767729594,0.8171662654553136,15.0,0.0,30.0,15.0,0.0,30.0,"C:\Users\hodor\Documents\lab-Shishkin\projects\BCI_classifier\data\pr_AstroSync\features\csp\exp\01TG\MATRIX_[9, 13]_robust_concat+reg0.1_qm_rec_calib.hdf"
pr_AstroSync,exp,01TG,EPOCHS_qm_rec_calib.hdf,"MATRIX_[9, 13]_robust_concat+reg0.1_qm_rec_calib.hdf","[9, 13]",29,0.6967522140738487,0.5458310031314721,0.7833932811494727,0.6944223438027008,0.002329870271147838,1.0033551199668913,39,0.05652173913043478,0.5408248629593504,0.0050061401721217536,1.0092564904370864,51,0.3893129770992366,128,572,2,0,0.18537686252542618,0.5806432001183631,-45.0,-60.0,-30.0,15.0,-45.0,45.0,"C:\Users\hodor\Documents\lab-Shishkin\projects\BCI_classifier\data\pr_AstroSync\features\csp\exp\01TG\MATRIX_[9, 13]_robust_concat+reg0.1_qm_rec_calib.hdf"
pr_AstroSync,exp,01TG,EPOCHS_qm_rec_calib.hdf,"MATRIX_[9, 13]_robust_concat+reg0.1_qm_rec_calib.hdf","[9, 13]",30,0.8828424413130751,0.8308766604022884,0.9411381029286532,0.8637523834223833,0.019090057890691847,1.0221013084966002,55,0.07971014492753623,0.8239562972173424,0.006920363184945932,1.0083989444686778,35,0.26717557251908397,62,514,2,1,0.19211920565600327,0.7527428185898956,30.0,-60.0,-45.0,30.0,-15.0,30.0,"C:\Users\hodor\Documents\lab-Shishkin\projects\BCI_classifier\data\pr_AstroSync\features\csp\exp\01TG\MATRIX_[9, 13]_robust_concat+reg0.1_qm_rec_calib.hdf"
pr_AstroSync,exp,01TG,EPOCHS_qm_rec_calib.hdf,"MATRIX_[9, 13]_robust_concat+reg0.1_qm_rec_calib.hdf","[9, 13]",31,0.9328438125177092,0.9328438125177092,1.0,0.9298503692230097,0.002993443294699527,1.0032192741905355,246,0.3565217391304348,0.9298503692230097,0.002993443294699527,1.0032192741905355,60,0.4580152671755725,426,426,0,0,0.19751417559543372,0.8159981695002849,0.0,-15.0,15.0,0.0,-15.0,15.0,"C:\Users\hodor\Documents\lab-Shishkin\projects\BCI_classifier\data\pr_AstroSync\features\csp\exp\01TG\MATRIX_[9, 13]_robust_concat+reg0.1_qm_rec_calib.hdf"
pr_AstroSync,exp,01TG,EPOCHS_qm_rec_calib.hdf,"MATRIX_[9, 13]_robust_concat+reg0.1_qm_rec_calib.hdf","[9, 13]",32,0.7844870563475346,0.6983251300711005,0.8901678165633576,0.7824404010914592,0.0020466552560753914,1.0026157331002086,39,0.05652173913043478,0.6949659703826081,0.00335915968849243,1.004833559960703,52,0.3969465648854962,48,436,2,2,0.2214199782702515,0.6892733086324464,-15.0,30.0,-60.0,-15.0,0.0,15.0,"C:\Users\hodor\Documents\lab-Shishkin\projects\BCI_classifier\data\pr_AstroSync\features\csp\exp\01TG\MATRIX_[9, 13]_robust_concat+reg0.1_qm_rec_calib.hdf"
pr_AstroSync,exp,01TG,EPOCHS_qm_rec_calib.hdf,"MATRIX_[9, 13]_robust_concat+reg0.1_qm_rec_calib.hdf","[9, 13]",33,0.8476055304020788,0.8294641896469348,0.9785969532943724,0.845824991240612,0.0017805391614668098,1.0021050916914327,190,0.2753623188405797,0.8156027802367366,0.0138614094101982,1.0169952944571556,22,0.16793893129770993,336,514,1,1,0.230494583422014,0.7767800120432975,30.0,-15.0,0.0,30.0,-15.0,30.0,"C:\Users\hodor\Documents\lab-Shishkin\projects\BCI_classifier\data\pr_AstroSync\features\csp\exp\01TG\MATRIX_[9, 13]_robust_concat+reg0.1_qm_rec_calib.hdf"
pr_AstroSync,exp,01TG,EPOCHS_qm_rec_calib.hdf,"MATRIX_[9, 13]_robust_concat+reg0.1_qm_rec_calib.hdf","[9, 13]",34,0.7262806379358285,0.7144851635719199,0.9837590681235387,0.723806341449715,0.0024742964861135253,1.0034184509646016,122,0.17681159420289855,0.7073799278133706,0.0071052357585493775,1.0100444407300513,24,0.183206106870229,543,608,0,0,0.2393801688946957,0.7406374216847035,30.0,30.0,30.0,30.0,15.0,45.0,"C:\Users\hodor\Documents\lab-Shishkin\projects\BCI_classifier\data\pr_AstroSync\features\csp\exp\01TG\MATRIX_[9, 13]_robust_concat+reg0.1_qm_rec_calib.hdf"
pr_AstroSync,exp,01TG,EPOCHS_qm_rec_calib.hdf,"MATRIX_[9, 13]_robust_concat+reg0.1_qm_rec_calib.hdf","[9, 13]",35,0.7748551242916321,0.7722743591376081,0.9966693578281705,0.7722743591376081,0.002580765154023945,1.0033417724199802,129,0.18695652173913044,0.7647938296287946,0.007480529508813505,1.0097811059909365,31,0.2366412213740458,311,405,1,1,0.2555804407226301,0.7699133248653656,-30.0,-45.0,0.0,-30.0,-45.0,15.0,"C:\Users\hodor\Documents\lab-Shishkin\projects\BCI_classifier\data\pr_AstroSync\features\csp\exp\01TG\MATRIX_[9, 13]_robust_concat+reg0.1_qm_rec_calib.hdf"
pr_AstroSync,exp,01TG,EPOCHS_qm_rec_calib.hdf,"MATRIX_[9, 13]_robust_concat+reg0.1_qm_rec_calib.hdf","[9, 13]",36,0.6208818674028749,0.5707511433674886,0.919258837039192,0.6150739495719584,0.005807917830916498,1.0094426334182391,24,0.034782608695652174,0.5672675905210427,0.0034835528464458587,1.006140934022418,5,0.03816793893129771,297,483,1,1,0.268357262025011,0.6671008292512595,-30.0,-75.0,0.0,-45.0,-60.0,30.0,"C:\Users\hodor\Documents\lab-Shishkin\projects\BCI_classifier\data\pr_AstroSync\features\csp\exp\01TG\MATRIX_[9, 13]_robust_concat+reg0.1_qm_rec_calib.hdf"
pr_AstroSync,exp,01TG,EPOCHS_qm_rec_calib.hdf,"MATRIX_[9, 13]_robust_concat+reg0.1_qm_rec_calib.hdf","[9, 13]",37,0.9377391451461647,0.7023055924805426,0.7489349208847144,0.9222064020997142,0.015532743046450581,1.0168430223549576,13,0.01884057971014493,0.6996186738629906,0.002686918617551992,1.003840547312318,38,0.2900763358778626,69,524,2,1,0.27086315534609406,0.6370003028355301,45.0,-45.0,-45.0,30.0,0.0,30.0,"C:\Users\hodor\Documents\lab-Shishkin\projects\BCI_classifier\data\pr_AstroSync\features\csp\exp\01TG\MATRIX_[9, 13]_robust_concat+reg0.1_qm_rec_calib.hdf"
pr_AstroSync,exp,01TG,EPOCHS_qm_rec_calib.hdf,"MATRIX_[9, 13]_robust_concat+reg0.1_qm_rec_calib.hdf","[9, 13]",38,0.9326707072103035,0.9182547242452148,0.9845433304019935,0.9284225432081439,0.00424816400215966,1.0045756795041623,60,0.08695652173913043,0.9062992702188338,0.011955454026380985,1.013191507948025,14,0.10687022900763359,398,484,1,1,0.27835776128939704,0.8201052044246017,-15.0,-60.0,15.0,-30.0,-60.0,30.0,"C:\Users\hodor\Documents\lab-Shishkin\projects\BCI_classifier\data\pr_AstroSync\features\csp\exp\01TG\MATRIX_[9, 13]_robust_concat+reg0.1_qm_rec_calib.hdf"
pr_AstroSync,exp,01TG,EPOCHS_qm_rec_calib.hdf,"MATRIX_[9, 13]_robust_concat+reg0.1_qm_rec_calib.hdf","[9, 13]",39,0.8968031573127336,0.7337004478074569,0.8181287519169611,0.890835977633599,0.0059671796791346265,1.0066984044526195,32,0.0463768115942029,0.7193584175415959,0.014342030265861005,1.0199372523016756,44,0.33587786259541985,95,514,2,2,0.29114055963347574,0.6831812070219376,45.0,0.0,-45.0,30.0,-15.0,30.0,"C:\Users\hodor\Documents\lab-Shishkin\projects\BCI_classifier\data\pr_AstroSync\features\csp\exp\01TG\MATRIX_[9, 13]_robust_concat+reg0.1_qm_rec_calib.hdf"
pr_AstroSync,exp,01TG,EPOCHS_qm_rec_calib.hdf,"MATRIX_[9, 13]_robust_concat+reg0.1_qm_rec_calib.hdf","[9, 13]",40,0.9357057499995955,0.9357057499995955,1.0,0.933888586633598,0.001817163365997576,1.001945803163253,199,0.28840579710144926,0.933888586633598,0.001817163365997576,1.001945803163253,75,0.5725190839694656,511,511,1,1,0.3003069544216741,0.8375584033841932,-15.0,-15.0,30.0,-15.0,-15.0,30.0,"C:\Users\hodor\Documents\lab-Shishkin\projects\BCI_classifier\data\pr_AstroSync\features\csp\exp\01TG\MATRIX_[9, 13]_robust_concat+reg0.1_qm_rec_calib.hdf"
pr_AstroSync,exp,01TG,EPOCHS_qm_rec_calib.hdf,"MATRIX_[9, 13]_robust_concat+reg0.1_qm_rec_calib.hdf","[9, 13]",41,0.8080133434774187,0.7294671819834797,0.9027910094208313,0.7992369955551665,0.008776347922252237,1.0109809080048353,48,0.06956521739130435,0.7256904519992258,0.003776729984253935,1.0052043264092139,39,0.29770992366412213,9,435,2,2,0.3133456461628872,0.7242385971661693,-15.0,15.0,-75.0,-30.0,0.0,15.0,"C:\Users\hodor\Documents\lab-Shishkin\projects\BCI_classifier\data\pr_AstroSync\features\csp\exp\01TG\MATRIX_[9, 13]_robust_concat+reg0.1_qm_rec_calib.hdf"
pr_AstroSync,exp,01TG,EPOCHS_qm_rec_calib.hdf,"MATRIX_[9, 13]_robust_concat+reg0.1_qm_rec_calib.hdf","[9, 13]",42,0.8645712314013156,0.7338375751317178,0.8487878713501698,0.8644037703215761,0.00016746107973952817,1.0001937301588553,26,0.03768115942028986,0.733613034556329,0.00022454057538878747,1.0003060749534318,59,0.45038167938931295,130,513,2,1,0.3397036355050813,0.7067384205046939,-15.0,-60.0,-30.0,15.0,-15.0,30.0,"C:\Users\hodor\Documents\lab-Shishkin\projects\BCI_classifier\data\pr_AstroSync\features\csp\exp\01TG\MATRIX_[9, 13]_robust_concat+reg0.1_qm_rec_calib.hdf"
pr_AstroSync,exp,01TG,EPOCHS_qm_rec_calib.hdf,"MATRIX_[9, 13]_robust_concat+reg0.1_qm_rec_calib.hdf","[9, 13]",43,0.8733453628840504,0.8607441870465979,0.9855713714493891,0.8694521922491445,0.003893170634905907,1.0044777282403934,111,0.1608695652173913,0.8474637412584383,0.013280445788159678,1.0156708129700498,14,0.10687022900763359,397,405,1,1,0.3431786618753758,0.8134033149936095,-30.0,-60.0,15.0,-30.0,-45.0,15.0,"C:\Users\hodor\Documents\lab-Shishkin\projects\BCI_classifier\data\pr_AstroSync\features\csp\exp\01TG\MATRIX_[9, 13]_robust_concat+reg0.1_qm_rec_calib.hdf"
pr_AstroSync,exp,01TG,EPOCHS_qm_rec_calib.hdf,"MATRIX_[9, 13]_robust_concat+reg0.1_qm_rec_calib.hdf","[9, 13]",44,0.8291378599111836,0.8281881613178477,0.9988545950688614,0.8281881613178477,0.0009496985933359348,1.001146718388035,182,0.263768115942029,0.8255276404687357,0.002660520849111947,1.0032228125609475,62,0.4732824427480916,406,493,0,0,0.36651105431655195,0.8126526351055448,-15.0,-45.0,15.0,-15.0,-45.0,30.0,"C:\Users\hodor\Documents\lab-Shishkin\projects\BCI_classifier\data\pr_AstroSync\features\csp\exp\01TG\MATRIX_[9, 13]_robust_concat+reg0.1_qm_rec_calib.hdf"
pr_AstroSync,exp,01TG,EPOCHS_qm_rec_calib.hdf,"MATRIX_[9, 13]_robust_concat+reg0.1_qm_rec_calib.hdf","[9, 13]",45,0.9413845434814102,0.9140160112711606,0.9709273618312918,0.9358918586651777,0.0054926848162325514,1.005868931079352,46,0.06666666666666667,0.9139304273391223,8.558393203828008e-05,1.0000936438151944,29,0.22137404580152673,486,571,1,1,0.37889960039974957,0.8326028368489374,0.0,-60.0,30.0,0.0,-45.0,45.0,"C:\Users\hodor\Documents\lab-Shishkin\projects\BCI_classifier\data\pr_AstroSync\features\csp\exp\01TG\MATRIX_[9, 13]_robust_concat+reg0.1_qm_rec_calib.hdf"
pr_AstroSync,exp,01TG,EPOCHS_qm_rec_calib.hdf,"MATRIX_[9, 13]_robust_concat+reg0.1_qm_rec_calib.hdf","[9, 13]",46,0.947269872987732,0.947269872987732,1.0,0.9408980345580277,0.006371838429704346,1.0067720817725987,75,0.10869565217391304,0.9408980345580277,0.006371838429704346,1.0067720817725987,45,0.3435114503816794,580,580,2,2,0.38488290320318397,0.858521036186343,15.0,-30.0,45.0,15.0,-30.0,45.0,"C:\Users\hodor\Documents\lab-Shishkin\projects\BCI_classifier\data\pr_AstroSync\features\csp\exp\01TG\MATRIX_[9, 13]_robust_concat+reg0.1_qm_rec_calib.hdf"
pr_AstroSync,exp,01TG,EPOCHS_qm_rec_calib.hdf,"MATRIX_[9, 13]_robust_concat+reg0.1_qm_rec_calib.hdf","[9, 13]",47,0.7873716519791846,0.7762982040105842,0.9859361866270325,0.7872790774765271,9.257450265742762e-05,1.000117587911715,190,0.2753623188405797,0.7712779686857651,0.0050202353248191,1.006508983179402,38,0.2900763358778626,229,414,1,1,0.39760241245566585,0.7948961378770023,-30.0,-30.0,-15.0,-30.0,-30.0,15.0,"C:\Users\hodor\Documents\lab-Shishkin\projects\BCI_classifier\data\pr_AstroSync\features\csp\exp\01TG\MATRIX_[9, 13]_robust_concat+reg0.1_qm_rec_calib.hdf"
pr_AstroSync,exp,01TG,EPOCHS_qm_rec_calib.hdf,"MATRIX_[9, 13]_robust_concat+reg0.1_qm_rec_calib.hdf","[9, 13]",48,0.9335774609311994,0.7113526390278861,0.761964238423607,0.9136125508372506,0.01996491009394885,1.0218527099651298,12,0.017391304347826087,0.7094526453902263,0.0018999936376598026,1.0026781119924004,57,0.4351145038167939,17,513,2,1,0.4054681790542418,0.6729509667612317,30.0,-45.0,-60.0,15.0,-15.0,30.0,"C:\Users\hodor\Documents\lab-Shishkin\projects\BCI_classifier\data\pr_AstroSync\features\csp\exp\01TG\MATRIX_[9, 13]_robust_concat+reg0.1_qm_rec_calib.hdf"
pr_AstroSync,exp,01TG,EPOCHS_qm_rec_calib.hdf,"MATRIX_[9, 13]_robust_concat+reg0.1_qm_rec_calib.hdf","[9, 13]",49,0.6264747490791319,0.501633605275425,0.8007243803725315,0.5982237254160558,0.02825102366307608,1.0472248465963598,11,0.015942028985507246,0.47686492465168673,0.02476868062373827,1.0519406635785382,7,0.05343511450381679,395,572,1,1,0.41696294253337896,0.6192903215207137,15.0,-75.0,15.0,15.0,-45.0,45.0,"C:\Users\hodor\Documents\lab-Shishkin\projects\BCI_classifier\data\pr_AstroSync\features\csp\exp\01TG\MATRIX_[9, 13]_robust_concat+reg0.1_qm_rec_calib.hdf"
pr_AstroSync,exp,01TG,EPOCHS_qm_rec_calib.hdf,"MATRIX_[9, 13]_robust_concat+reg0.1_qm_rec_calib.hdf","[9, 13]",50,0.8718165380739273,0.7156388677951624,0.8208594773576989,0.8687890670615371,0.0030274710123902038,1.0034847020147593,21,0.030434782608695653,0.7125672597193751,0.0030716080757873243,1.004310621957283,53,0.40458015267175573,131,641,2,1,0.45201261741968657,0.7102628920232087,0.0,-60.0,-30.0,15.0,-30.0,60.0,"C:\Users\hodor\Documents\lab-Shishkin\projects\BCI_classifier\data\pr_AstroSync\features\csp\exp\01TG\MATRIX_[9, 13]_robust_concat+reg0.1_qm_rec_calib.hdf"
pr_AstroSync,exp,01TG,EPOCHS_qm_rec_calib.hdf,"MATRIX_[9, 13]_robust_concat+reg0.1_qm_rec_calib.hdf","[9, 13]",51,0.9296959037259549,0.7188897290091357,0.7732525507835751,0.9290138937736279,0.000682009952327034,1.000734122446282,17,0.02463768115942029,0.7064353323605895,0.012454396648546195,1.0176299175282317,25,0.19083969465648856,133,581,2,1,0.46179205469327744,0.6919334639444618,30.0,-60.0,-30.0,30.0,-30.0,45.0,"C:\Users\hodor\Documents\lab-Shishkin\projects\BCI_classifier\data\pr_AstroSync\features\csp\exp\01TG\MATRIX_[9, 13]_robust_concat+reg0.1_qm_rec_calib.hdf"
pr_AstroSync,exp,01TG,EPOCHS_qm_rec_calib.hdf,"MATRIX_[9, 13]_robust_concat+reg0.1_qm_rec_calib.hdf","[9, 13]",52,0.8607799175597459,0.777838571870151,0.903643958231823,0.8571977914249824,0.003582126134763497,1.0041788793328652,16,0.02318840579710145,0.7752334064594848,0.0026051654106662436,1.0033604916776795,24,0.183206106870229,127,571,2,1,0.477378860405707,0.7743590534400147,0.0,-75.0,-30.0,0.0,-45.0,45.0,"C:\Users\hodor\Documents\lab-Shishkin\projects\BCI_classifier\data\pr_AstroSync\features\csp\exp\01TG\MATRIX_[9, 13]_robust_concat+reg0.1_qm_rec_calib.hdf"
pr_AstroSync,exp,01TG,EPOCHS_qm_rec_calib.hdf,"MATRIX_[9, 13]_robust_concat+reg0.1_qm_rec_calib.hdf","[9, 13]",53,0.8391200566593566,0.7569747532948041,0.9021054225642235,0.8368617047352731,0.0022583519240835237,1.002698596328766,67,0.09710144927536232,0.7568622106222656,0.00011254267253857364,1.0001486963821935,19,0.1450381679389313,128,581,2,0,0.4979700135892937,0.7704826065249408,-45.0,-60.0,-30.0,30.0,-30.0,45.0,"C:\Users\hodor\Documents\lab-Shishkin\projects\BCI_classifier\data\pr_AstroSync\features\csp\exp\01TG\MATRIX_[9, 13]_robust_concat+reg0.1_qm_rec_calib.hdf"
pr_AstroSync,exp,01TG,EPOCHS_qm_rec_calib.hdf,"MATRIX_[9, 13]_robust_concat+reg0.1_qm_rec_calib.hdf","[9, 13]",54,0.8724043841184379,0.8724043841184379,1.0,0.8709356525337618,0.0014687315846760862,1.0016863835811558,134,0.19420289855072465,0.8709356525337618,0.0014687315846760862,1.0016863835811558,93,0.7099236641221374,596,596,1,1,0.5049311061743218,0.8563277556763176,-15.0,0.0,45.0,-15.0,0.0,45.0,"C:\Users\hodor\Documents\lab-Shishkin\projects\BCI_classifier\data\pr_AstroSync\features\csp\exp\01TG\MATRIX_[9, 13]_robust_concat+reg0.1_qm_rec_calib.hdf"
pr_AstroSync,exp,01TG,EPOCHS_qm_rec_calib.hdf,"MATRIX_[9, 13]_robust_concat+reg0.1_qm_rec_calib.hdf","[9, 13]",55,0.9062387557961349,0.8886222226223144,0.9805608256531202,0.9045863623962541,0.0016523933998807694,1.0018266839613894,59,0.08550724637681159,0.8872454305239376,0.0013767920983768223,1.0015517601455144,19,0.1450381679389313,496,581,1,1,0.5507421869899023,0.8624185868596945,30.0,-45.0,30.0,30.0,-30.0,45.0,"C:\Users\hodor\Documents\lab-Shishkin\projects\BCI_classifier\data\pr_AstroSync\features\csp\exp\01TG\MATRIX_[9, 13]_robust_concat+reg0.1_qm_rec_calib.hdf"
pr_AstroSync,exp,01TG,EPOCHS_qm_rec_calib.hdf,"MATRIX_[10, 14]_robust_concat+reg0.1_qm_rec_calib.hdf","[10, 14]",0,0.9258844762339649,0.9258844762339649,1.0,0.9215788170411627,0.004305659192802125,1.0046720466152053,115,0.16666666666666666,0.9215788170411627,0.004305659192802125,1.0046720466152053,65,0.4961832061068702,604,604,1,1,0.4045577273673626,0.8549711121553603,-30.0,15.0,45.0,-30.0,15.0,45.0,"C:\Users\hodor\Documents\lab-Shishkin\projects\BCI_classifier\data\pr_AstroSync\features\csp\exp\01TG\MATRIX_[10, 14]_robust_concat+reg0.1_qm_rec_calib.hdf"
pr_AstroSync,exp,01TG,EPOCHS_qm_rec_calib.hdf,"MATRIX_[10, 14]_robust_concat+reg0.1_qm_rec_calib.hdf","[10, 14]",1,0.753116445273428,0.679540465683824,0.902304643523099,0.7300153927429629,0.023101052530465127,1.0316446101823484,37,0.0536231884057971,0.6787949173244039,0.0007455483594200896,1.0010983411047902,11,0.08396946564885496,152,616,2,1,0.2588186922588659,0.6956399910265062,60.0,-30.0,-30.0,15.0,30.0,45.0,"C:\Users\hodor\Documents\lab-Shishkin\projects\BCI_classifier\data\pr_AstroSync\features\csp\exp\01TG\MATRIX_[10, 14]_robust_concat+reg0.1_qm_rec_calib.hdf"
pr_AstroSync,exp,01TG,EPOCHS_qm_rec_calib.hdf,"MATRIX_[10, 14]_robust_concat+reg0.1_qm_rec_calib.hdf","[10, 14]",2,0.7487140876026077,0.6896664524098476,0.9211346010840648,0.7403587015810758,0.008355386021531963,1.0112855917053296,14,0.020289855072463767,0.6771116453953194,0.012554807014528158,1.0185417088893787,40,0.3053435114503817,143,663,2,1,0.20886458637505023,0.6976667461062859,60.0,-45.0,-30.0,30.0,15.0,60.0,"C:\Users\hodor\Documents\lab-Shishkin\projects\BCI_classifier\data\pr_AstroSync\features\csp\exp\01TG\MATRIX_[10, 14]_robust_concat+reg0.1_qm_rec_calib.hdf"
pr_AstroSync,exp,01TG,EPOCHS_qm_rec_calib.hdf,"MATRIX_[10, 14]_robust_concat+reg0.1_qm_rec_calib.hdf","[10, 14]",3,0.8685583295193531,0.8489755795993185,0.9774537307921837,0.8534312212019086,0.01512710831744446,1.0177250467778067,136,0.19710144927536233,0.8463757791306633,0.0025998004686551557,1.0030716858076036,50,0.3816793893129771,17,533,2,1,0.19358623234732364,0.7757128781857088,30.0,-45.0,-60.0,15.0,15.0,30.0,"C:\Users\hodor\Documents\lab-Shishkin\projects\BCI_classifier\data\pr_AstroSync\features\csp\exp\01TG\MATRIX_[10, 14]_robust_concat+reg0.1_qm_rec_calib.hdf"
pr_AstroSync,exp,01TG,EPOCHS_qm_rec_calib.hdf,"MATRIX_[10, 14]_robust_concat+reg0.1_qm_rec_calib.hdf","[10, 14]",4,0.806559388962501,0.7549235391268821,0.9359801019711153,0.7996324986369961,0.006926890325504864,1.008662592299978,51,0.07391304347826087,0.7546240613142374,0.00029947781264472173,1.0003968569622907,58,0.44274809160305345,52,523,2,0,0.16663579219657487,0.7187414430207256,45.0,30.0,-60.0,15.0,0.0,30.0,"C:\Users\hodor\Documents\lab-Shishkin\projects\BCI_classifier\data\pr_AstroSync\features\csp\exp\01TG\MATRIX_[10, 14]_robust_concat+reg0.1_qm_rec_calib.hdf"
pr_AstroSync,exp,01TG,EPOCHS_qm_rec_calib.hdf,"MATRIX_[10, 14]_robust_concat+reg0.1_qm_rec_calib.hdf","[10, 14]",5,0.8676194131793217,0.8234390426988457,0.9490786284753813,0.8339901004628634,0.033629312716458304,1.040323395562842,99,0.14347826086956522,0.8202834975808988,0.003155545117946912,1.0038468957710998,57,0.4351145038167939,57,425,2,1,0.11537893287916146,0.7383648343343499,30.0,45.0,-60.0,-15.0,-15.0,15.0,"C:\Users\hodor\Documents\lab-Shishkin\projects\BCI_classifier\data\pr_AstroSync\features\csp\exp\01TG\MATRIX_[10, 14]_robust_concat+reg0.1_qm_rec_calib.hdf"
pr_AstroSync,exp,01TG,EPOCHS_qm_rec_calib.hdf,"MATRIX_[10, 14]_robust_concat+reg0.1_qm_rec_calib.hdf","[10, 14]",6,0.9213792098687882,0.8175521150215583,0.887313395250132,0.9201329350781361,0.001246274790652091,1.0013544508006837,13,0.01884057971014493,0.8141447302330111,0.0034073847885471853,1.0041852322590996,33,0.25190839694656486,17,608,2,1,0.09699569896234994,0.7048334079125748,30.0,-45.0,-60.0,30.0,15.0,45.0,"C:\Users\hodor\Documents\lab-Shishkin\projects\BCI_classifier\data\pr_AstroSync\features\csp\exp\01TG\MATRIX_[10, 14]_robust_concat+reg0.1_qm_rec_calib.hdf"
pr_AstroSync,exp,01TG,EPOCHS_qm_rec_calib.hdf,"MATRIX_[10, 14]_robust_concat+reg0.1_qm_rec_calib.hdf","[10, 14]",7,0.8490507261617664,0.7749279878064268,0.9126992815960242,0.8469479508692336,0.002102775292532777,1.0024827680265058,59,0.08550724637681159,0.7731486551068076,0.0017793326996191627,1.0023014108449473,16,0.12213740458015267,150,581,2,2,0.0773655051537615,0.6974125734812124,30.0,-30.0,-30.0,30.0,-30.0,45.0,"C:\Users\hodor\Documents\lab-Shishkin\projects\BCI_classifier\data\pr_AstroSync\features\csp\exp\01TG\MATRIX_[10, 14]_robust_concat+reg0.1_qm_rec_calib.hdf"
pr_AstroSync,exp,01TG,EPOCHS_qm_rec_calib.hdf,"MATRIX_[10, 14]_robust_concat+reg0.1_qm_rec_calib.hdf","[10, 14]",8,0.82319571245328,0.82319571245328,1.0,0.8196723246027109,0.0035233878505691596,1.004298532163175,271,0.3927536231884058,0.8196723246027109,0.0035233878505691596,1.004298532163175,72,0.549618320610687,426,426,1,1,0.06657036528915516,0.7514325724164791,0.0,-15.0,15.0,0.0,-15.0,15.0,"C:\Users\hodor\Documents\lab-Shishkin\projects\BCI_classifier\data\pr_AstroSync\features\csp\exp\01TG\MATRIX_[10, 14]_robust_concat+reg0.1_qm_rec_calib.hdf"
pr_AstroSync,exp,01TG,EPOCHS_qm_rec_calib.hdf,"MATRIX_[10, 14]_robust_concat+reg0.1_qm_rec_calib.hdf","[10, 14]",9,0.8133104676202924,0.8133104676202924,1.0,0.81237759727166,0.0009328703486323198,1.001148321115409,154,0.22318840579710145,0.81237759727166,0.0009328703486323198,1.001148321115409,87,0.6641221374045801,511,511,1,1,0.044192150863781254,0.7434970938398585,-15.0,-15.0,30.0,-15.0,-15.0,30.0,"C:\Users\hodor\Documents\lab-Shishkin\projects\BCI_classifier\data\pr_AstroSync\features\csp\exp\01TG\MATRIX_[10, 14]_robust_concat+reg0.1_qm_rec_calib.hdf"
pr_AstroSync,exp,01TG,EPOCHS_qm_rec_calib.hdf,"MATRIX_[10, 14]_robust_concat+reg0.1_qm_rec_calib.hdf","[10, 14]",10,0.8328012468589132,0.8328012468589132,1.0,0.832670818719196,0.00013042813971719802,1.0001566382978544,115,0.16666666666666666,0.832670818719196,0.00013042813971719802,1.0001566382978544,54,0.4122137404580153,589,589,0,0,0.03871649567844604,0.7492237355363087,15.0,-15.0,45.0,15.0,-15.0,45.0,"C:\Users\hodor\Documents\lab-Shishkin\projects\BCI_classifier\data\pr_AstroSync\features\csp\exp\01TG\MATRIX_[10, 14]_robust_concat+reg0.1_qm_rec_calib.hdf"
pr_AstroSync,exp,01TG,EPOCHS_qm_rec_calib.hdf,"MATRIX_[10, 14]_robust_concat+reg0.1_qm_rec_calib.hdf","[10, 14]",11,0.7819609388452614,0.7711848905307406,0.9862191987103166,0.7800450240061727,0.001915914839088706,1.0024561592986632,154,0.22318840579710145,0.7696208909816504,0.0015639995490901448,1.0020321687826006,27,0.20610687022900764,534,608,1,1,0.02777477759599367,0.7192683066246004,30.0,15.0,30.0,30.0,15.0,45.0,"C:\Users\hodor\Documents\lab-Shishkin\projects\BCI_classifier\data\pr_AstroSync\features\csp\exp\01TG\MATRIX_[10, 14]_robust_concat+reg0.1_qm_rec_calib.hdf"
pr_AstroSync,exp,01TG,EPOCHS_qm_rec_calib.hdf,"MATRIX_[10, 14]_robust_concat+reg0.1_qm_rec_calib.hdf","[10, 14]",12,0.7034462230364554,0.6724927068343026,0.9559973240476853,0.7020681862330054,0.0013780368034500556,1.0019628247376426,100,0.14492753623188406,0.6690862366786999,0.003406470155602692,1.0050912273618304,16,0.12213740458015267,9,572,2,0,0.005656615486974825,0.6667025663108593,-15.0,15.0,-75.0,15.0,-45.0,45.0,"C:\Users\hodor\Documents\lab-Shishkin\projects\BCI_classifier\data\pr_AstroSync\features\csp\exp\01TG\MATRIX_[10, 14]_robust_concat+reg0.1_qm_rec_calib.hdf"
pr_AstroSync,exp,01TG,EPOCHS_qm_rec_calib.hdf,"MATRIX_[10, 14]_robust_concat+reg0.1_qm_rec_calib.hdf","[10, 14]",13,0.8931860764736818,0.8766675845567367,0.9815061023094309,0.891843284522976,0.0013427919507057462,1.0015056366673478,206,0.2985507246376812,0.8726756446126724,0.003991939944064216,1.0045743684594703,41,0.31297709923664124,324,504,1,1,0.00829195663860105,0.7501697919618219,15.0,-30.0,0.0,15.0,-30.0,30.0,"C:\Users\hodor\Documents\lab-Shishkin\projects\BCI_classifier\data\pr_AstroSync\features\csp\exp\01TG\MATRIX_[10, 14]_robust_concat+reg0.1_qm_rec_calib.hdf"
pr_AstroSync,exp,01TG,EPOCHS_qm_rec_calib.hdf,"MATRIX_[10, 14]_robust_concat+reg0.1_qm_rec_calib.hdf","[10, 14]",14,0.8896952000008231,0.719070747665403,0.8082214534424124,0.8877568441728317,0.0019383558279914004,1.0021834310157276,50,0.07246376811594203,0.7100032505544903,0.009067497110912703,1.0127710642223557,13,0.09923664122137404,95,514,2,2,0.021501759728860925,0.6196747676777488,45.0,0.0,-45.0,30.0,-15.0,30.0,"C:\Users\hodor\Documents\lab-Shishkin\projects\BCI_classifier\data\pr_AstroSync\features\csp\exp\01TG\MATRIX_[10, 14]_robust_concat+reg0.1_qm_rec_calib.hdf"
pr_AstroSync,exp,01TG,EPOCHS_qm_rec_calib.hdf,"MATRIX_[10, 14]_robust_concat+reg0.1_qm_rec_calib.hdf","[10, 14]",15,0.6319745100310619,0.4595094539741037,0.727101246459321,0.6305191288560135,0.001455381175048398,1.0023082268379215,54,0.0782608695652174,0.4518669322561062,0.007642521717997508,1.0169132130997935,5,0.03816793893129771,481,616,1,1,0.038902498161137444,0.49580436942985817,15.0,75.0,15.0,15.0,30.0,45.0,"C:\Users\hodor\Documents\lab-Shishkin\projects\BCI_classifier\data\pr_AstroSync\features\csp\exp\01TG\MATRIX_[10, 14]_robust_concat+reg0.1_qm_rec_calib.hdf"
pr_AstroSync,exp,01TG,EPOCHS_qm_rec_calib.hdf,"MATRIX_[10, 14]_robust_concat+reg0.1_qm_rec_calib.hdf","[10, 14]",16,0.8601240066012632,0.8447711740839325,0.9821504429599673,0.8586762251861998,0.0014477814150634094,1.001686062071591,184,0.26666666666666666,0.8425559182946682,0.002215255789264292,1.0026292092206153,49,0.37404580152671757,62,426,2,1,0.048832199817519184,0.7474040502248656,30.0,-60.0,-45.0,0.0,-15.0,15.0,"C:\Users\hodor\Documents\lab-Shishkin\projects\BCI_classifier\data\pr_AstroSync\features\csp\exp\01TG\MATRIX_[10, 14]_robust_concat+reg0.1_qm_rec_calib.hdf"
pr_AstroSync,exp,01TG,EPOCHS_qm_rec_calib.hdf,"MATRIX_[10, 14]_robust_concat+reg0.1_qm_rec_calib.hdf","[10, 14]",17,0.6621746625188272,0.6537510644232017,0.9872788879242478,0.6604460764552447,0.0017285860635825046,1.002617300829252,81,0.11739130434782609,0.6485783486284595,0.005172715794742211,1.0079754678917063,15,0.11450381679389313,430,483,2,0,0.06060563996846868,0.6852095001077259,60.0,-15.0,15.0,-45.0,-60.0,30.0,"C:\Users\hodor\Documents\lab-Shishkin\projects\BCI_classifier\data\pr_AstroSync\features\csp\exp\01TG\MATRIX_[10, 14]_robust_concat+reg0.1_qm_rec_calib.hdf"
pr_AstroSync,exp,01TG,EPOCHS_qm_rec_calib.hdf,"MATRIX_[10, 14]_robust_concat+reg0.1_qm_rec_calib.hdf","[10, 14]",18,0.7159956179424491,0.7095418581380115,0.9909863138227246,0.7125781336854624,0.003417484256986736,1.0047959432031845,100,0.14492753623188406,0.7059401915907723,0.0036016665472392573,1.0051019428984815,20,0.15267175572519084,506,581,0,0,0.08115959601383049,0.7105154107712962,45.0,-30.0,30.0,30.0,-30.0,45.0,"C:\Users\hodor\Documents\lab-Shishkin\projects\BCI_classifier\data\pr_AstroSync\features\csp\exp\01TG\MATRIX_[10, 14]_robust_concat+reg0.1_qm_rec_calib.hdf"
pr_AstroSync,exp,01TG,EPOCHS_qm_rec_calib.hdf,"MATRIX_[10, 14]_robust_concat+reg0.1_qm_rec_calib.hdf","[10, 14]",19,0.9268284298208288,0.682574815170674,0.7364629668326282,0.9221730409387644,0.004655388882064404,1.0050482812611017,37,0.0536231884057971,0.669189974920187,0.013384840250487029,1.020001555241594,42,0.32061068702290074,86,514,2,2,0.08393038177000345,0.5870955967384193,45.0,-15.0,-45.0,30.0,-15.0,30.0,"C:\Users\hodor\Documents\lab-Shishkin\projects\BCI_classifier\data\pr_AstroSync\features\csp\exp\01TG\MATRIX_[10, 14]_robust_concat+reg0.1_qm_rec_calib.hdf"
pr_AstroSync,exp,01TG,EPOCHS_qm_rec_calib.hdf,"MATRIX_[10, 14]_robust_concat+reg0.1_qm_rec_calib.hdf","[10, 14]",20,0.7042013825554672,0.6758891671440085,0.9597952856770646,0.7025114701363683,0.0016899124190988823,1.0024055300033334,90,0.13043478260869565,0.6694968922281985,0.006392274915809959,1.009547878399458,55,0.4198473282442748,61,530,2,0,0.11305292460149774,0.6910796719753816,15.0,-60.0,-45.0,-30.0,15.0,30.0,"C:\Users\hodor\Documents\lab-Shishkin\projects\BCI_classifier\data\pr_AstroSync\features\csp\exp\01TG\MATRIX_[10, 14]_robust_concat+reg0.1_qm_rec_calib.hdf"
pr_AstroSync,exp,01TG,EPOCHS_qm_rec_calib.hdf,"MATRIX_[10, 14]_robust_concat+reg0.1_qm_rec_calib.hdf","[10, 14]",21,0.8516850391094974,0.6608992725884851,0.7759902337600134,0.8372362561928502,0.014448782916647196,1.0172577128734843,19,0.02753623188405797,0.6607228844547107,0.00017638813377440776,1.0002669623497602,81,0.6183206106870229,16,522,2,1,0.12335845534736034,0.6051820416674479,15.0,-45.0,-60.0,0.0,0.0,30.0,"C:\Users\hodor\Documents\lab-Shishkin\projects\BCI_classifier\data\pr_AstroSync\features\csp\exp\01TG\MATRIX_[10, 14]_robust_concat+reg0.1_qm_rec_calib.hdf"
pr_AstroSync,exp,01TG,EPOCHS_qm_rec_calib.hdf,"MATRIX_[10, 14]_robust_concat+reg0.1_qm_rec_calib.hdf","[10, 14]",22,0.8956712329090116,0.8784504847598226,0.9807733602281068,0.8926022805470519,0.003068952361959698,1.0034382080674036,198,0.28695652173913044,0.8758470901161262,0.0026033946436964106,1.0029724305453265,31,0.2366412213740458,230,405,1,1,0.13089497456827015,0.77498467668224,-15.0,-30.0,-15.0,-30.0,-45.0,15.0,"C:\Users\hodor\Documents\lab-Shishkin\projects\BCI_classifier\data\pr_AstroSync\features\csp\exp\01TG\MATRIX_[10, 14]_robust_concat+reg0.1_qm_rec_calib.hdf"
pr_AstroSync,exp,01TG,EPOCHS_qm_rec_calib.hdf,"MATRIX_[10, 14]_robust_concat+reg0.1_qm_rec_calib.hdf","[10, 14]",23,0.7831991216633272,0.6929731283306367,0.8847981428514985,0.7747341278665827,0.00846499379674448,1.0109263210335846,10,0.014492753623188406,0.6870967568357591,0.00587637149487763,1.008552465771982,63,0.48091603053435117,53,514,2,1,0.1393817629239662,0.6685761117836905,-30.0,45.0,-60.0,30.0,-15.0,30.0,"C:\Users\hodor\Documents\lab-Shishkin\projects\BCI_classifier\data\pr_AstroSync\features\csp\exp\01TG\MATRIX_[10, 14]_robust_concat+reg0.1_qm_rec_calib.hdf"
pr_AstroSync,exp,01TG,EPOCHS_qm_rec_calib.hdf,"MATRIX_[10, 14]_robust_concat+reg0.1_qm_rec_calib.hdf","[10, 14]",24,0.7956890706815027,0.7907746549813435,0.9938236983751076,0.7945241378215429,0.0011649328599598885,1.001466201974875,97,0.14057971014492754,0.7899778346446638,0.0007968203366797155,1.0010086616380043,28,0.21374045801526717,397,405,0,0,0.15631411937352713,0.7552546173869741,-30.0,-60.0,15.0,-30.0,-45.0,15.0,"C:\Users\hodor\Documents\lab-Shishkin\projects\BCI_classifier\data\pr_AstroSync\features\csp\exp\01TG\MATRIX_[10, 14]_robust_concat+reg0.1_qm_rec_calib.hdf"
pr_AstroSync,exp,01TG,EPOCHS_qm_rec_calib.hdf,"MATRIX_[10, 14]_robust_concat+reg0.1_qm_rec_calib.hdf","[10, 14]",25,0.8467279564624799,0.836618166590741,0.9880601676198618,0.8440926856337596,0.002635270828720282,1.0031220159510583,120,0.17391304347826086,0.8329420671354306,0.0036760994553103332,1.004413391519476,44,0.33587786259541985,110,532,2,2,0.16087867887149643,0.7696191695099965,0.0,30.0,-45.0,0.0,15.0,30.0,"C:\Users\hodor\Documents\lab-Shishkin\projects\BCI_classifier\data\pr_AstroSync\features\csp\exp\01TG\MATRIX_[10, 14]_robust_concat+reg0.1_qm_rec_calib.hdf"
pr_AstroSync,exp,01TG,EPOCHS_qm_rec_calib.hdf,"MATRIX_[10, 14]_robust_concat+reg0.1_qm_rec_calib.hdf","[10, 14]",26,0.8446698725235431,0.6677240704602833,0.7905148415740045,0.8349890314603241,0.009680841063218981,1.011593973930757,25,0.036231884057971016,0.6632295230825866,0.004494547377696612,1.006776760112859,36,0.2748091603053435,48,435,2,2,0.16324763211242943,0.6220846297918871,-15.0,30.0,-60.0,-30.0,0.0,15.0,"C:\Users\hodor\Documents\lab-Shishkin\projects\BCI_classifier\data\pr_AstroSync\features\csp\exp\01TG\MATRIX_[10, 14]_robust_concat+reg0.1_qm_rec_calib.hdf"
pr_AstroSync,exp,01TG,EPOCHS_qm_rec_calib.hdf,"MATRIX_[10, 14]_robust_concat+reg0.1_qm_rec_calib.hdf","[10, 14]",27,0.7520174596570175,0.6949952993063433,0.9241744195983415,0.7437674503463955,0.00825000931062203,1.0110921892411127,64,0.0927536231884058,0.690895848021762,0.004099451284581335,1.0059335300629166,53,0.40458015267175573,108,530,2,2,0.16971744575602754,0.6930703327276793,-30.0,30.0,-45.0,-30.0,15.0,30.0,"C:\Users\hodor\Documents\lab-Shishkin\projects\BCI_classifier\data\pr_AstroSync\features\csp\exp\01TG\MATRIX_[10, 14]_robust_concat+reg0.1_qm_rec_calib.hdf"
pr_AstroSync,exp,01TG,EPOCHS_qm_rec_calib.hdf,"MATRIX_[10, 14]_robust_concat+reg0.1_qm_rec_calib.hdf","[10, 14]",28,0.7575216184874596,0.7575216184874596,1.0,0.7558925073452707,0.0016291111421888882,1.0021552153598008,114,0.16521739130434782,0.7558925073452707,0.0016291111421888882,1.0021552153598008,75,0.5725190839694656,586,586,0,0,0.20091331618032648,0.7553152297066762,-30.0,-15.0,45.0,-30.0,-15.0,45.0,"C:\Users\hodor\Documents\lab-Shishkin\projects\BCI_classifier\data\pr_AstroSync\features\csp\exp\01TG\MATRIX_[10, 14]_robust_concat+reg0.1_qm_rec_calib.hdf"
pr_AstroSync,exp,01TG,EPOCHS_qm_rec_calib.hdf,"MATRIX_[10, 14]_robust_concat+reg0.1_qm_rec_calib.hdf","[10, 14]",29,0.8789880904832825,0.858688074279027,0.9769052431721865,0.8785509491746002,0.0004371413086823317,1.0004975708114516,100,0.14492753623188406,0.85601008965974,0.0026779846192870327,1.0031284498297812,24,0.183206106870229,547,613,0,0,0.21658998391709638,0.7834661822085628,-45.0,45.0,30.0,-30.0,30.0,45.0,"C:\Users\hodor\Documents\lab-Shishkin\projects\BCI_classifier\data\pr_AstroSync\features\csp\exp\01TG\MATRIX_[10, 14]_robust_concat+reg0.1_qm_rec_calib.hdf"
pr_AstroSync,exp,01TG,EPOCHS_qm_rec_calib.hdf,"MATRIX_[10, 14]_robust_concat+reg0.1_qm_rec_calib.hdf","[10, 14]",30,0.9740866441987261,0.9740866441987261,1.0,0.9731331918843161,0.0009534523144100193,1.0009797757617986,199,0.28840579710144926,0.9731331918843161,0.0009534523144100193,1.0009797757617986,73,0.5572519083969466,511,511,1,1,0.22501099892087195,0.8359325252537285,-15.0,-15.0,30.0,-15.0,-15.0,30.0,"C:\Users\hodor\Documents\lab-Shishkin\projects\BCI_classifier\data\pr_AstroSync\features\csp\exp\01TG\MATRIX_[10, 14]_robust_concat+reg0.1_qm_rec_calib.hdf"
pr_AstroSync,exp,01TG,EPOCHS_qm_rec_calib.hdf,"MATRIX_[10, 14]_robust_concat+reg0.1_qm_rec_calib.hdf","[10, 14]",31,0.8569298486596322,0.7842921329553648,0.9152349333870401,0.8514849497342781,0.005444898925354047,1.0063945920912087,21,0.030434782608695653,0.7803378772071325,0.0039542557482322716,1.005067363591762,29,0.22137404580152673,134,599,2,1,0.23264220706564087,0.7328864079716739,45.0,-60.0,-30.0,30.0,0.0,45.0,"C:\Users\hodor\Documents\lab-Shishkin\projects\BCI_classifier\data\pr_AstroSync\features\csp\exp\01TG\MATRIX_[10, 14]_robust_concat+reg0.1_qm_rec_calib.hdf"
pr_AstroSync,exp,01TG,EPOCHS_qm_rec_calib.hdf,"MATRIX_[10, 14]_robust_concat+reg0.1_qm_rec_calib.hdf","[10, 14]",32,0.6783140210481083,0.6283360248526646,0.9263202666543449,0.673725444273575,0.004588576774533393,1.006810751788484,33,0.04782608695652174,0.6257886594195448,0.0025473654331198414,1.004070648125012,11,0.08396946564885496,601,514,2,2,0.2555028981212528,0.6878623083171383,60.0,0.0,45.0,30.0,-15.0,30.0,"C:\Users\hodor\Documents\lab-Shishkin\projects\BCI_classifier\data\pr_AstroSync\features\csp\exp\01TG\MATRIX_[10, 14]_robust_concat+reg0.1_qm_rec_calib.hdf"
pr_AstroSync,exp,01TG,EPOCHS_qm_rec_calib.hdf,"MATRIX_[10, 14]_robust_concat+reg0.1_qm_rec_calib.hdf","[10, 14]",33,0.8890452547382204,0.8570678342698521,0.9640317292084484,0.8881101617129821,0.0009350930252383094,1.001052902067278,93,0.13478260869565217,0.8568660033894391,0.0002018308804130342,1.000235545440728,76,0.5801526717557252,60,606,2,1,0.26113671344253775,0.7860153628267577,0.0,-60.0,-45.0,0.0,15.0,45.0,"C:\Users\hodor\Documents\lab-Shishkin\projects\BCI_classifier\data\pr_AstroSync\features\csp\exp\01TG\MATRIX_[10, 14]_robust_concat+reg0.1_qm_rec_calib.hdf"
pr_AstroSync,exp,01TG,EPOCHS_qm_rec_calib.hdf,"MATRIX_[10, 14]_robust_concat+reg0.1_qm_rec_calib.hdf","[10, 14]",34,0.8107986391415607,0.7884770286998493,0.9724696005097584,0.8106667030804249,0.0001319360611358178,1.0001627500681038,202,0.2927536231884058,0.7860927515224645,0.0023842771773847637,1.0030330736071118,60,0.4580152671755725,230,426,1,1,0.26679247812838636,0.7669367759000157,-15.0,-30.0,-15.0,0.0,-15.0,15.0,"C:\Users\hodor\Documents\lab-Shishkin\projects\BCI_classifier\data\pr_AstroSync\features\csp\exp\01TG\MATRIX_[10, 14]_robust_concat+reg0.1_qm_rec_calib.hdf"
pr_AstroSync,exp,01TG,EPOCHS_qm_rec_calib.hdf,"MATRIX_[10, 14]_robust_concat+reg0.1_qm_rec_calib.hdf","[10, 14]",35,0.7841686091743527,0.7101484000800369,0.9056067684572947,0.7841632061141375,5.403060215236621e-06,1.0000068902240926,21,0.030434782608695653,0.6983833724753649,0.011765027604672018,1.016846087791254,8,0.061068702290076333,132,642,2,1,0.27447220739013556,0.7109694273118227,15.0,-60.0,-30.0,30.0,-30.0,60.0,"C:\Users\hodor\Documents\lab-Shishkin\projects\BCI_classifier\data\pr_AstroSync\features\csp\exp\01TG\MATRIX_[10, 14]_robust_concat+reg0.1_qm_rec_calib.hdf"
pr_AstroSync,exp,01TG,EPOCHS_qm_rec_calib.hdf,"MATRIX_[10, 14]_robust_concat+reg0.1_qm_rec_calib.hdf","[10, 14]",36,0.8781377824541219,0.7172768735930168,0.8168158663990646,0.8621472036625368,0.015990578791585053,1.0185473881068738,31,0.04492753623188406,0.6991216047438802,0.018155268849136652,1.0259686851699967,18,0.13740458015267176,44,524,2,2,0.28429760910193513,0.675473567457522,30.0,15.0,-60.0,30.0,0.0,30.0,"C:\Users\hodor\Documents\lab-Shishkin\projects\BCI_classifier\data\pr_AstroSync\features\csp\exp\01TG\MATRIX_[10, 14]_robust_concat+reg0.1_qm_rec_calib.hdf"
pr_AstroSync,exp,01TG,EPOCHS_qm_rec_calib.hdf,"MATRIX_[10, 14]_robust_concat+reg0.1_qm_rec_calib.hdf","[10, 14]",37,0.8966729605090363,0.8966729605090363,1.0,0.8965066130974007,0.00016634741163568112,1.0001855506799453,173,0.25072463768115943,0.8965066130974007,0.00016634741163568112,1.0001855506799453,70,0.5343511450381679,414,414,0,0,0.30290256141214655,0.824416048460592,-30.0,-30.0,15.0,-30.0,-30.0,15.0,"C:\Users\hodor\Documents\lab-Shishkin\projects\BCI_classifier\data\pr_AstroSync\features\csp\exp\01TG\MATRIX_[10, 14]_robust_concat+reg0.1_qm_rec_calib.hdf"
pr_AstroSync,exp,01TG,EPOCHS_qm_rec_calib.hdf,"MATRIX_[10, 14]_robust_concat+reg0.1_qm_rec_calib.hdf","[10, 14]",38,0.8381788456040187,0.8381788456040187,1.0,0.8373779174707587,0.0008009281332599372,1.0009564715244452,97,0.14057971014492754,0.8373779174707587,0.0008009281332599372,1.0009564715244452,45,0.3435114503816794,424,424,2,2,0.3172365591112023,0.806809907783647,-30.0,-15.0,15.0,-30.0,-15.0,15.0,"C:\Users\hodor\Documents\lab-Shishkin\projects\BCI_classifier\data\pr_AstroSync\features\csp\exp\01TG\MATRIX_[10, 14]_robust_concat+reg0.1_qm_rec_calib.hdf"
pr_AstroSync,exp,01TG,EPOCHS_qm_rec_calib.hdf,"MATRIX_[10, 14]_robust_concat+reg0.1_qm_rec_calib.hdf","[10, 14]",39,0.7555600942609515,0.7402099568681236,0.9796837637278308,0.7508550276850708,0.0047050665758806565,1.006266278312588,38,0.05507246376811594,0.7389121803538399,0.001297776514283755,1.0017563339037967,12,0.0916030534351145,329,412,0,0,0.32402902691286983,0.7647369839639411,-75.0,-15.0,0.0,-60.0,-30.0,15.0,"C:\Users\hodor\Documents\lab-Shishkin\projects\BCI_classifier\data\pr_AstroSync\features\csp\exp\01TG\MATRIX_[10, 14]_robust_concat+reg0.1_qm_rec_calib.hdf"
pr_AstroSync,exp,01TG,EPOCHS_qm_rec_calib.hdf,"MATRIX_[10, 14]_robust_concat+reg0.1_qm_rec_calib.hdf","[10, 14]",40,0.8505716371471611,0.7354298758349509,0.864630142502284,0.8332524392805682,0.01731919786659286,1.0207850551047246,14,0.020289855072463767,0.7275721766542884,0.00785769918066248,1.010799889595553,34,0.2595419847328244,127,572,2,1,0.3446485416631322,0.7154137290008871,0.0,-75.0,-30.0,15.0,-45.0,45.0,"C:\Users\hodor\Documents\lab-Shishkin\projects\BCI_classifier\data\pr_AstroSync\features\csp\exp\01TG\MATRIX_[10, 14]_robust_concat+reg0.1_qm_rec_calib.hdf"
pr_AstroSync,exp,01TG,EPOCHS_qm_rec_calib.hdf,"MATRIX_[10, 14]_robust_concat+reg0.1_qm_rec_calib.hdf","[10, 14]",41,0.9522058077168603,0.8850904304057441,0.9295158916620754,0.9349749534688452,0.01723085424801507,1.018429214797773,40,0.057971014492753624,0.8808002506166143,0.004290179789129822,1.004870774941454,43,0.3282442748091603,61,504,2,1,0.3538001361442715,0.7988238291187987,15.0,-60.0,-45.0,15.0,-30.0,30.0,"C:\Users\hodor\Documents\lab-Shishkin\projects\BCI_classifier\data\pr_AstroSync\features\csp\exp\01TG\MATRIX_[10, 14]_robust_concat+reg0.1_qm_rec_calib.hdf"
pr_AstroSync,exp,01TG,EPOCHS_qm_rec_calib.hdf,"MATRIX_[10, 14]_robust_concat+reg0.1_qm_rec_calib.hdf","[10, 14]",42,0.762816879811162,0.7021394026341531,0.9204560376377227,0.7575617442746136,0.005255135536548328,1.0069369072240841,50,0.07246376811594203,0.695119594816723,0.007019807817430057,1.0100987051289798,20,0.15267175572519084,13,608,2,0,0.3743237552341785,0.7348187589057644,-30.0,-45.0,-60.0,30.0,15.0,45.0,"C:\Users\hodor\Documents\lab-Shishkin\projects\BCI_classifier\data\pr_AstroSync\features\csp\exp\01TG\MATRIX_[10, 14]_robust_concat+reg0.1_qm_rec_calib.hdf"
pr_AstroSync,exp,01TG,EPOCHS_qm_rec_calib.hdf,"MATRIX_[10, 14]_robust_concat+reg0.1_qm_rec_calib.hdf","[10, 14]",43,0.74812219770813,0.6388279529281441,0.853908565853535,0.7410992949897511,0.0070229027183789094,1.0094763316681823,36,0.05217391304347826,0.6363704434439458,0.002457509484198317,1.0038617593094026,12,0.0916030534351145,527,590,2,2,0.37852159226819904,0.683552956612581,75.0,0.0,30.0,30.0,-15.0,45.0,"C:\Users\hodor\Documents\lab-Shishkin\projects\BCI_classifier\data\pr_AstroSync\features\csp\exp\01TG\MATRIX_[10, 14]_robust_concat+reg0.1_qm_rec_calib.hdf"
pr_AstroSync,exp,01TG,EPOCHS_qm_rec_calib.hdf,"MATRIX_[10, 14]_robust_concat+reg0.1_qm_rec_calib.hdf","[10, 14]",44,0.8351436985600578,0.7660725318859045,0.9172942730775019,0.8321716945554509,0.002972004004606843,1.003571383194179,49,0.07101449275362319,0.7645124842123887,0.0015600476735158075,1.0020405784153061,8,0.061068702290076333,135,403,1,1,0.38859239979599214,0.7586262890041409,-60.0,-45.0,-30.0,-60.0,-45.0,15.0,"C:\Users\hodor\Documents\lab-Shishkin\projects\BCI_classifier\data\pr_AstroSync\features\csp\exp\01TG\MATRIX_[10, 14]_robust_concat+reg0.1_qm_rec_calib.hdf"
pr_AstroSync,exp,01TG,EPOCHS_qm_rec_calib.hdf,"MATRIX_[10, 14]_robust_concat+reg0.1_qm_rec_calib.hdf","[10, 14]",45,0.7140848834048539,0.6632298585541045,0.9287829415905492,0.6970904157762892,0.016994467628564713,1.0243791440019148,27,0.0391304347826087,0.6614842611529846,0.0017455974011199027,1.0026389099539228,17,0.1297709923664122,297,484,0,0,0.40149245519625576,0.7303812652489349,-30.0,-75.0,0.0,-30.0,-60.0,30.0,"C:\Users\hodor\Documents\lab-Shishkin\projects\BCI_classifier\data\pr_AstroSync\features\csp\exp\01TG\MATRIX_[10, 14]_robust_concat+reg0.1_qm_rec_calib.hdf"
pr_AstroSync,exp,01TG,EPOCHS_qm_rec_calib.hdf,"MATRIX_[10, 14]_robust_concat+reg0.1_qm_rec_calib.hdf","[10, 14]",46,0.7506234713055817,0.7026754400000251,0.9361223927328582,0.7432230364113637,0.007400434894218044,1.009957219477414,43,0.06231884057971015,0.7015868608190718,0.0010885791809532863,1.0015515957349634,9,0.06870229007633588,44,564,2,1,0.41239508577142003,0.7496704978840789,30.0,15.0,-60.0,-15.0,-60.0,45.0,"C:\Users\hodor\Documents\lab-Shishkin\projects\BCI_classifier\data\pr_AstroSync\features\csp\exp\01TG\MATRIX_[10, 14]_robust_concat+reg0.1_qm_rec_calib.hdf"
pr_AstroSync,exp,01TG,EPOCHS_qm_rec_calib.hdf,"MATRIX_[10, 14]_robust_concat+reg0.1_qm_rec_calib.hdf","[10, 14]",47,0.9263979298144148,0.9172140310161763,0.9900864428744154,0.9230365646063803,0.003361365208034539,1.0036416381938975,113,0.16376811594202897,0.9100215862984258,0.00719244471775049,1.0079035979212385,58,0.44274809160305345,60,503,2,1,0.4153624607199764,0.8496363022931438,0.0,-60.0,-45.0,0.0,-30.0,30.0,"C:\Users\hodor\Documents\lab-Shishkin\projects\BCI_classifier\data\pr_AstroSync\features\csp\exp\01TG\MATRIX_[10, 14]_robust_concat+reg0.1_qm_rec_calib.hdf"
pr_AstroSync,exp,01TG,EPOCHS_qm_rec_calib.hdf,"MATRIX_[10, 14]_robust_concat+reg0.1_qm_rec_calib.hdf","[10, 14]",48,0.5271630468303639,0.40798604457553883,0.7739276245340181,0.5210480690387006,0.006114977791663256,1.0117359187280839,9,0.013043478260869565,0.39835614842196054,0.009629896153578288,1.0241740869112375,5,0.03816793893129771,489,572,0,0,0.44531544623671726,0.5801256358890903,45.0,-60.0,30.0,15.0,-45.0,45.0,"C:\Users\hodor\Documents\lab-Shishkin\projects\BCI_classifier\data\pr_AstroSync\features\csp\exp\01TG\MATRIX_[10, 14]_robust_concat+reg0.1_qm_rec_calib.hdf"
pr_AstroSync,exp,01TG,EPOCHS_qm_rec_calib.hdf,"MATRIX_[10, 14]_robust_concat+reg0.1_qm_rec_calib.hdf","[10, 14]",49,0.8298204325111194,0.7367275045365567,0.887815575120446,0.8283040246174393,0.0015164078936800163,1.0018307382900624,23,0.03333333333333333,0.723478599709208,0.01324890482734864,1.0183127805475847,15,0.11450381679389313,58,514,2,0,0.4623943100263441,0.7498504973972644,-30.0,-60.0,-45.0,30.0,-15.0,30.0,"C:\Users\hodor\Documents\lab-Shishkin\projects\BCI_classifier\data\pr_AstroSync\features\csp\exp\01TG\MATRIX_[10, 14]_robust_concat+reg0.1_qm_rec_calib.hdf"
pr_AstroSync,exp,01TG,EPOCHS_qm_rec_calib.hdf,"MATRIX_[10, 14]_robust_concat+reg0.1_qm_rec_calib.hdf","[10, 14]",50,0.9330200338374628,0.9330200338374628,1.0,0.9319172636182871,0.0011027702191757083,1.001183334897021,101,0.1463768115942029,0.9319172636182871,0.0011027702191757083,1.001183334897021,58,0.44274809160305345,571,571,1,1,0.47981891242209707,0.8725207943275314,0.0,-45.0,45.0,0.0,-45.0,45.0,"C:\Users\hodor\Documents\lab-Shishkin\projects\BCI_classifier\data\pr_AstroSync\features\csp\exp\01TG\MATRIX_[10, 14]_robust_concat+reg0.1_qm_rec_calib.hdf"
pr_AstroSync,exp,01TG,EPOCHS_qm_rec_calib.hdf,"MATRIX_[10, 14]_robust_concat+reg0.1_qm_rec_calib.hdf","[10, 14]",51,0.7604052478429975,0.6940401412159513,0.9127240286474867,0.7574548376539119,0.002950410189085595,1.003895163173324,47,0.06811594202898551,0.6803204804238396,0.013719660792111621,1.0201664674030748,15,0.11450381679389313,402,581,0,0,0.49033191271399446,0.7517062448597508,45.0,-60.0,15.0,30.0,-30.0,45.0,"C:\Users\hodor\Documents\lab-Shishkin\projects\BCI_classifier\data\pr_AstroSync\features\csp\exp\01TG\MATRIX_[10, 14]_robust_concat+reg0.1_qm_rec_calib.hdf"
pr_AstroSync,exp,01TG,EPOCHS_qm_rec_calib.hdf,"MATRIX_[10, 14]_robust_concat+reg0.1_qm_rec_calib.hdf","[10, 14]",52,0.6847876436878597,0.6267113707813027,0.9151908282196906,0.6649764115489128,0.019811232138946866,1.029792383300937,19,0.02753623188405797,0.6223826469694345,0.004328723811868218,1.0069550843567796,60,0.4580152671755725,217,509,2,0,0.49854392353313925,0.7308936371789445,45.0,-60.0,-15.0,-45.0,-15.0,30.0,"C:\Users\hodor\Documents\lab-Shishkin\projects\BCI_classifier\data\pr_AstroSync\features\csp\exp\01TG\MATRIX_[10, 14]_robust_concat+reg0.1_qm_rec_calib.hdf"
pr_AstroSync,exp,01TG,EPOCHS_qm_rec_calib.hdf,"MATRIX_[10, 14]_robust_concat+reg0.1_qm_rec_calib.hdf","[10, 14]",53,0.8078906104241041,0.7212074140809199,0.8927042903770355,0.8069704417452662,0.0009201686788379293,1.0011402755680219,92,0.13333333333333333,0.70979623580339,0.01141117827752991,1.0160766959613614,20,0.15267175572519084,306,493,0,0,0.5313974267026498,0.7604190109385179,15.0,-60.0,0.0,-15.0,-45.0,30.0,"C:\Users\hodor\Documents\lab-Shishkin\projects\BCI_classifier\data\pr_AstroSync\features\csp\exp\01TG\MATRIX_[10, 14]_robust_concat+reg0.1_qm_rec_calib.hdf"
pr_AstroSync,exp,01TG,EPOCHS_qm_rec_calib.hdf,"MATRIX_[10, 14]_robust_concat+reg0.1_qm_rec_calib.hdf","[10, 14]",54,0.6768842807011115,0.5470488532694713,0.8081866707007028,0.6672419865476643,0.009642294153447195,1.0144509703343711,50,0.07246376811594203,0.5462918889612742,0.0007569643081970501,1.0013856407599906,13,0.09923664122137404,9,571,2,2,0.538230456444035,0.6627971917484382,-15.0,15.0,-75.0,0.0,-45.0,45.0,"C:\Users\hodor\Documents\lab-Shishkin\projects\BCI_classifier\data\pr_AstroSync\features\csp\exp\01TG\MATRIX_[10, 14]_robust_concat+reg0.1_qm_rec_calib.hdf"
pr_AstroSync,exp,01TG,EPOCHS_qm_rec_calib.hdf,"MATRIX_[10, 14]_robust_concat+reg0.1_qm_rec_calib.hdf","[10, 14]",55,0.6525988136718935,0.6231412595643107,0.9548611589686505,0.6281673978023555,0.02443141586953801,1.0388931612099122,50,0.07246376811594203,0.6117705046262607,0.011370754938049954,1.0185866347789954,28,0.21374045801526717,297,493,0,2,0.5603120545393463,0.7598493732912707,-30.0,-75.0,0.0,-15.0,-45.0,30.0,"C:\Users\hodor\Documents\lab-Shishkin\projects\BCI_classifier\data\pr_AstroSync\features\csp\exp\01TG\MATRIX_[10, 14]_robust_concat+reg0.1_qm_rec_calib.hdf"
pr_AstroSync,exp,01TG,EPOCHS_qm_rec_calib.hdf,"MATRIX_[8, 15]_robust_concat+reg0.1_qm_rec_calib.hdf","[8, 15]",0,0.9249175639396932,0.9249175639396932,1.0,0.9240144596701434,0.0009031042695497593,1.0009773702782445,116,0.1681159420289855,0.9240144596701434,0.0009031042695497593,1.0009773702782445,65,0.4961832061068702,605,605,1,1,0.36251578757971925,0.8462243048948364,-15.0,15.0,45.0,-15.0,15.0,45.0,"C:\Users\hodor\Documents\lab-Shishkin\projects\BCI_classifier\data\pr_AstroSync\features\csp\exp\01TG\MATRIX_[8, 15]_robust_concat+reg0.1_qm_rec_calib.hdf"
pr_AstroSync,exp,01TG,EPOCHS_qm_rec_calib.hdf,"MATRIX_[8, 15]_robust_concat+reg0.1_qm_rec_calib.hdf","[8, 15]",1,0.8237145003834326,0.7546369518082108,0.9161389673933543,0.8202551464228656,0.0034593539605670687,1.0042174120767828,25,0.036231884057971016,0.7531122006324098,0.0015247511758009757,1.0020246002846862,20,0.15267175572519084,161,649,2,0,0.2818967920708644,0.7327648268740561,60.0,-15.0,-30.0,30.0,-15.0,60.0,"C:\Users\hodor\Documents\lab-Shishkin\projects\BCI_classifier\data\pr_AstroSync\features\csp\exp\01TG\MATRIX_[8, 15]_robust_concat+reg0.1_qm_rec_calib.hdf"
pr_AstroSync,exp,01TG,EPOCHS_qm_rec_calib.hdf,"MATRIX_[8, 15]_robust_concat+reg0.1_qm_rec_calib.hdf","[8, 15]",2,0.8015566480326497,0.680397488611647,0.8488451693110184,0.7911894278504669,0.010367220182182835,1.0131033350765932,25,0.036231884057971016,0.6704588377754064,0.00993865083624057,1.0148236554972072,29,0.22137404580152673,19,524,2,0,0.22342963594427867,0.6648053743928906,-30.0,-30.0,-60.0,30.0,0.0,30.0,"C:\Users\hodor\Documents\lab-Shishkin\projects\BCI_classifier\data\pr_AstroSync\features\csp\exp\01TG\MATRIX_[8, 15]_robust_concat+reg0.1_qm_rec_calib.hdf"
pr_AstroSync,exp,01TG,EPOCHS_qm_rec_calib.hdf,"MATRIX_[8, 15]_robust_concat+reg0.1_qm_rec_calib.hdf","[8, 15]",3,0.8999575118148448,0.8999575118148448,1.0,0.8986886099467989,0.0012689018680459574,1.001411948314468,135,0.1956521739130435,0.8986886099467989,0.0012689018680459574,1.001411948314468,44,0.33587786259541985,524,524,1,1,0.19781367851730147,0.8045478648386559,30.0,0.0,30.0,30.0,0.0,30.0,"C:\Users\hodor\Documents\lab-Shishkin\projects\BCI_classifier\data\pr_AstroSync\features\csp\exp\01TG\MATRIX_[8, 15]_robust_concat+reg0.1_qm_rec_calib.hdf"
pr_AstroSync,exp,01TG,EPOCHS_qm_rec_calib.hdf,"MATRIX_[8, 15]_robust_concat+reg0.1_qm_rec_calib.hdf","[8, 15]",4,0.8818027084902333,0.8047452642187453,0.9126137360097011,0.8716622372968956,0.010140471193337719,1.011633486870768,25,0.036231884057971016,0.7967871538160216,0.00795811040272365,1.0099877493815133,48,0.366412213740458,16,533,2,1,0.1673623074250593,0.7258094851659381,15.0,-45.0,-60.0,15.0,15.0,30.0,"C:\Users\hodor\Documents\lab-Shishkin\projects\BCI_classifier\data\pr_AstroSync\features\csp\exp\01TG\MATRIX_[8, 15]_robust_concat+reg0.1_qm_rec_calib.hdf"
pr_AstroSync,exp,01TG,EPOCHS_qm_rec_calib.hdf,"MATRIX_[8, 15]_robust_concat+reg0.1_qm_rec_calib.hdf","[8, 15]",5,0.8076020488787041,0.7846772926490001,0.9716137963474296,0.8073742225369195,0.00022782634178464267,1.0002821818376475,89,0.1289855072463768,0.7841022113125442,0.000575081336455896,1.0007334264948613,50,0.3816793893129771,18,599,2,0,0.15082753190349374,0.7420287671641921,-45.0,-30.0,-60.0,30.0,0.0,45.0,"C:\Users\hodor\Documents\lab-Shishkin\projects\BCI_classifier\data\pr_AstroSync\features\csp\exp\01TG\MATRIX_[8, 15]_robust_concat+reg0.1_qm_rec_calib.hdf"
pr_AstroSync,exp,01TG,EPOCHS_qm_rec_calib.hdf,"MATRIX_[8, 15]_robust_concat+reg0.1_qm_rec_calib.hdf","[8, 15]",6,0.9453490923504998,0.9324686697580153,0.9863749564084747,0.9428512021810307,0.002497890169469108,1.00264929414492,237,0.34347826086956523,0.9219545741741011,0.010514095583914251,1.0114041362540371,41,0.31297709923664124,335,426,1,1,0.14520496820941697,0.7992737584410023,15.0,-15.0,0.0,0.0,-15.0,15.0,"C:\Users\hodor\Documents\lab-Shishkin\projects\BCI_classifier\data\pr_AstroSync\features\csp\exp\01TG\MATRIX_[8, 15]_robust_concat+reg0.1_qm_rec_calib.hdf"
pr_AstroSync,exp,01TG,EPOCHS_qm_rec_calib.hdf,"MATRIX_[8, 15]_robust_concat+reg0.1_qm_rec_calib.hdf","[8, 15]",7,0.8453940785130007,0.8029517473357988,0.9497958026251431,0.8440307353557814,0.00136334315721931,1.0016152766719386,155,0.2246376811594203,0.7887466288172837,0.014205118518515025,1.0180097359526157,19,0.1450381679389313,14,405,1,1,0.13193444983139235,0.7348281127151224,-15.0,-45.0,-60.0,-30.0,-45.0,15.0,"C:\Users\hodor\Documents\lab-Shishkin\projects\BCI_classifier\data\pr_AstroSync\features\csp\exp\01TG\MATRIX_[8, 15]_robust_concat+reg0.1_qm_rec_calib.hdf"
pr_AstroSync,exp,01TG,EPOCHS_qm_rec_calib.hdf,"MATRIX_[8, 15]_robust_concat+reg0.1_qm_rec_calib.hdf","[8, 15]",8,0.8740644196712615,0.8740644196712615,1.0,0.8702130038514551,0.003851415819806414,1.0044258311502592,139,0.20144927536231885,0.8663578569708722,0.0077065627003892745,1.008895357314972,46,0.3511450381679389,504,504,0,0,0.12505777814545582,0.7809341025140327,15.0,-30.0,30.0,15.0,-30.0,30.0,"C:\Users\hodor\Documents\lab-Shishkin\projects\BCI_classifier\data\pr_AstroSync\features\csp\exp\01TG\MATRIX_[8, 15]_robust_concat+reg0.1_qm_rec_calib.hdf"
pr_AstroSync,exp,01TG,EPOCHS_qm_rec_calib.hdf,"MATRIX_[8, 15]_robust_concat+reg0.1_qm_rec_calib.hdf","[8, 15]",9,0.8726176283373571,0.7581723181008024,0.8688482715452206,0.8712789947075071,0.0013386336298499835,1.0015364006684213,42,0.06086956521739131,0.7509858111903965,0.007186506910405899,1.0095694310109726,13,0.09923664122137404,86,524,2,2,0.10356703483315788,0.6770554404972616,45.0,-15.0,-45.0,30.0,0.0,30.0,"C:\Users\hodor\Documents\lab-Shishkin\projects\BCI_classifier\data\pr_AstroSync\features\csp\exp\01TG\MATRIX_[8, 15]_robust_concat+reg0.1_qm_rec_calib.hdf"
pr_AstroSync,exp,01TG,EPOCHS_qm_rec_calib.hdf,"MATRIX_[8, 15]_robust_concat+reg0.1_qm_rec_calib.hdf","[8, 15]",10,0.8106065016364205,0.6568898398354224,0.8103683334753904,0.7891647305417738,0.021441771094646622,1.027170209545384,13,0.01884057971014493,0.6492166589759091,0.0076731808595132955,1.0118191373456393,42,0.32061068702290074,17,533,2,1,0.08908581672463223,0.61239435735125,30.0,-45.0,-60.0,15.0,15.0,30.0,"C:\Users\hodor\Documents\lab-Shishkin\projects\BCI_classifier\data\pr_AstroSync\features\csp\exp\01TG\MATRIX_[8, 15]_robust_concat+reg0.1_qm_rec_calib.hdf"
pr_AstroSync,exp,01TG,EPOCHS_qm_rec_calib.hdf,"MATRIX_[8, 15]_robust_concat+reg0.1_qm_rec_calib.hdf","[8, 15]",11,0.9381676883146782,0.9308186739659637,0.9921666302940829,0.9358157832367748,0.0023519050779033934,1.0025132137329087,165,0.2391304347826087,0.9243483525073114,0.006470321458652339,1.0069998734147159,38,0.2900763358778626,417,504,1,1,0.08303571980870772,0.7888686634821662,15.0,-30.0,15.0,15.0,-30.0,30.0,"C:\Users\hodor\Documents\lab-Shishkin\projects\BCI_classifier\data\pr_AstroSync\features\csp\exp\01TG\MATRIX_[8, 15]_robust_concat+reg0.1_qm_rec_calib.hdf"
pr_AstroSync,exp,01TG,EPOCHS_qm_rec_calib.hdf,"MATRIX_[8, 15]_robust_concat+reg0.1_qm_rec_calib.hdf","[8, 15]",12,0.8270656602148564,0.7836743537281182,0.9475358383571796,0.8247085143089423,0.002357145905914071,1.0028581563849734,87,0.12608695652173912,0.7739647514195025,0.009709602308615728,1.0125452771470635,30,0.22900763358778625,83,426,2,2,0.06257833519392042,0.7131928181043562,0.0,-15.0,-45.0,0.0,-15.0,15.0,"C:\Users\hodor\Documents\lab-Shishkin\projects\BCI_classifier\data\pr_AstroSync\features\csp\exp\01TG\MATRIX_[8, 15]_robust_concat+reg0.1_qm_rec_calib.hdf"
pr_AstroSync,exp,01TG,EPOCHS_qm_rec_calib.hdf,"MATRIX_[8, 15]_robust_concat+reg0.1_qm_rec_calib.hdf","[8, 15]",13,0.7357151544846341,0.6810405041725544,0.9256850290784358,0.7352807963550747,0.0004343581295593868,1.0005907377585714,43,0.06231884057971015,0.680753669220996,0.0002868349515583457,1.0004213491083884,18,0.13740458015267176,227,412,2,2,0.04940521946348864,0.6648034834383878,-60.0,-30.0,-15.0,-60.0,-30.0,15.0,"C:\Users\hodor\Documents\lab-Shishkin\projects\BCI_classifier\data\pr_AstroSync\features\csp\exp\01TG\MATRIX_[8, 15]_robust_concat+reg0.1_qm_rec_calib.hdf"
pr_AstroSync,exp,01TG,EPOCHS_qm_rec_calib.hdf,"MATRIX_[8, 15]_robust_concat+reg0.1_qm_rec_calib.hdf","[8, 15]",14,0.9114456459698512,0.9114456459698512,1.0,0.9092757815141324,0.002169864455718873,1.0023863656107783,103,0.1492753623188406,0.9092757815141324,0.002169864455718873,1.0023863656107783,47,0.35877862595419846,523,523,2,2,0.04380699777166952,0.7777673756437817,15.0,0.0,30.0,15.0,0.0,30.0,"C:\Users\hodor\Documents\lab-Shishkin\projects\BCI_classifier\data\pr_AstroSync\features\csp\exp\01TG\MATRIX_[8, 15]_robust_concat+reg0.1_qm_rec_calib.hdf"
pr_AstroSync,exp,01TG,EPOCHS_qm_rec_calib.hdf,"MATRIX_[8, 15]_robust_concat+reg0.1_qm_rec_calib.hdf","[8, 15]",15,0.7391756593582137,0.7198560634931861,0.9738633224451657,0.7359466314747596,0.0032290278834541386,1.0043875842966812,78,0.11304347826086956,0.7120278883555836,0.007828175137602478,1.010994197370108,22,0.16793893129770993,399,493,1,1,0.034014273609129786,0.6969909720447657,0.0,-60.0,15.0,-15.0,-45.0,30.0,"C:\Users\hodor\Documents\lab-Shishkin\projects\BCI_classifier\data\pr_AstroSync\features\csp\exp\01TG\MATRIX_[8, 15]_robust_concat+reg0.1_qm_rec_calib.hdf"
pr_AstroSync,exp,01TG,EPOCHS_qm_rec_calib.hdf,"MATRIX_[8, 15]_robust_concat+reg0.1_qm_rec_calib.hdf","[8, 15]",16,0.8522990325287524,0.8175769107601264,0.9592606345385537,0.8512634148527092,0.00103561767604321,1.0012165654695995,232,0.336231884057971,0.802068882239718,0.015508028520408446,1.0193350332668478,26,0.1984732824427481,274,533,0,0,0.02432264719893007,0.7226837337481794,15.0,30.0,-15.0,15.0,15.0,30.0,"C:\Users\hodor\Documents\lab-Shishkin\projects\BCI_classifier\data\pr_AstroSync\features\csp\exp\01TG\MATRIX_[8, 15]_robust_concat+reg0.1_qm_rec_calib.hdf"
pr_AstroSync,exp,01TG,EPOCHS_qm_rec_calib.hdf,"MATRIX_[8, 15]_robust_concat+reg0.1_qm_rec_calib.hdf","[8, 15]",17,0.8270718324400284,0.7454681660964042,0.9013342455359931,0.8250706101374601,0.002001222302568273,1.0024255164079046,81,0.11739130434782609,0.7285199293170979,0.016948236779306347,1.0232639301922644,6,0.04580152671755725,410,514,0,0,0.001781030669638195,0.666870474758866,45.0,-45.0,15.0,30.0,-15.0,30.0,"C:\Users\hodor\Documents\lab-Shishkin\projects\BCI_classifier\data\pr_AstroSync\features\csp\exp\01TG\MATRIX_[8, 15]_robust_concat+reg0.1_qm_rec_calib.hdf"
pr_AstroSync,exp,01TG,EPOCHS_qm_rec_calib.hdf,"MATRIX_[8, 15]_robust_concat+reg0.1_qm_rec_calib.hdf","[8, 15]",18,0.9179524078158896,0.9179524078158896,1.0,0.9177806027335995,0.0001718050822900885,1.0001871962446998,251,0.36376811594202896,0.9177806027335995,0.0001718050822900885,1.0001871962446998,72,0.549618320610687,437,437,1,1,0.007945095523277601,0.7728723618402169,0.0,0.0,15.0,0.0,0.0,15.0,"C:\Users\hodor\Documents\lab-Shishkin\projects\BCI_classifier\data\pr_AstroSync\features\csp\exp\01TG\MATRIX_[8, 15]_robust_concat+reg0.1_qm_rec_calib.hdf"
pr_AstroSync,exp,01TG,EPOCHS_qm_rec_calib.hdf,"MATRIX_[8, 15]_robust_concat+reg0.1_qm_rec_calib.hdf","[8, 15]",19,0.6564919564464101,0.6409101201929017,0.9762650005068564,0.6558385306612343,0.0006534257851757985,1.000996321128795,133,0.1927536231884058,0.634638894041101,0.006271226151800757,1.0098815660538363,27,0.20610687022900764,351,518,1,1,0.013224732814478557,0.6662827388584966,-60.0,15.0,0.0,-60.0,0.0,30.0,"C:\Users\hodor\Documents\lab-Shishkin\projects\BCI_classifier\data\pr_AstroSync\features\csp\exp\01TG\MATRIX_[8, 15]_robust_concat+reg0.1_qm_rec_calib.hdf"
pr_AstroSync,exp,01TG,EPOCHS_qm_rec_calib.hdf,"MATRIX_[8, 15]_robust_concat+reg0.1_qm_rec_calib.hdf","[8, 15]",20,0.8688931021427115,0.7373296457992475,0.8485849916186177,0.8682008450980992,0.0006922570446122878,1.0007973466606497,23,0.03333333333333333,0.7363581877181915,0.0009714580810560314,1.0013192738225216,80,0.6106870229007634,61,647,2,1,0.03218321822798109,0.6463652659037109,15.0,-60.0,-45.0,0.0,-15.0,60.0,"C:\Users\hodor\Documents\lab-Shishkin\projects\BCI_classifier\data\pr_AstroSync\features\csp\exp\01TG\MATRIX_[8, 15]_robust_concat+reg0.1_qm_rec_calib.hdf"
pr_AstroSync,exp,01TG,EPOCHS_qm_rec_calib.hdf,"MATRIX_[8, 15]_robust_concat+reg0.1_qm_rec_calib.hdf","[8, 15]",21,0.9546398692296933,0.9365412113744143,0.9810413765037039,0.9497601359914636,0.0048797332382297665,1.0051378585532396,193,0.2797101449275362,0.9315035102365363,0.005037701137877937,1.0054081397252048,43,0.3282442748091603,322,414,1,1,0.03581030175109534,0.7764201037579308,-15.0,-30.0,0.0,-30.0,-30.0,15.0,"C:\Users\hodor\Documents\lab-Shishkin\projects\BCI_classifier\data\pr_AstroSync\features\csp\exp\01TG\MATRIX_[8, 15]_robust_concat+reg0.1_qm_rec_calib.hdf"
pr_AstroSync,exp,01TG,EPOCHS_qm_rec_calib.hdf,"MATRIX_[8, 15]_robust_concat+reg0.1_qm_rec_calib.hdf","[8, 15]",22,0.7686134991930893,0.7511255992315844,0.9772474722602918,0.7588309023812845,0.009782596811804822,1.0128916689885799,85,0.12318840579710146,0.7502862031429779,0.0008393960886065033,1.0011187678583056,55,0.4198473282442748,46,656,2,0,0.04158877477259204,0.7109730772027042,-45.0,30.0,-60.0,30.0,0.0,60.0,"C:\Users\hodor\Documents\lab-Shishkin\projects\BCI_classifier\data\pr_AstroSync\features\csp\exp\01TG\MATRIX_[8, 15]_robust_concat+reg0.1_qm_rec_calib.hdf"
pr_AstroSync,exp,01TG,EPOCHS_qm_rec_calib.hdf,"MATRIX_[8, 15]_robust_concat+reg0.1_qm_rec_calib.hdf","[8, 15]",23,0.9459088977028053,0.9394746577597133,0.993197822793804,0.9417399013199685,0.004168996382836743,1.0044269085094444,213,0.30869565217391304,0.9352272246268023,0.004247433132910983,1.0045416055275829,49,0.37404580152671757,427,513,1,1,0.05936872323627207,0.7876288951203658,15.0,-15.0,15.0,15.0,-15.0,30.0,"C:\Users\hodor\Documents\lab-Shishkin\projects\BCI_classifier\data\pr_AstroSync\features\csp\exp\01TG\MATRIX_[8, 15]_robust_concat+reg0.1_qm_rec_calib.hdf"
pr_AstroSync,exp,01TG,EPOCHS_qm_rec_calib.hdf,"MATRIX_[8, 15]_robust_concat+reg0.1_qm_rec_calib.hdf","[8, 15]",24,0.8027128602251209,0.8027128602251209,1.0,0.8024981244388506,0.00021473578627029255,1.0002675841596769,59,0.08550724637681159,0.7953384213052423,0.007374438919878545,1.0092720767943995,27,0.20610687022900764,656,656,1,1,0.07227344049986839,0.7454041891787659,30.0,0.0,60.0,30.0,0.0,60.0,"C:\Users\hodor\Documents\lab-Shishkin\projects\BCI_classifier\data\pr_AstroSync\features\csp\exp\01TG\MATRIX_[8, 15]_robust_concat+reg0.1_qm_rec_calib.hdf"
pr_AstroSync,exp,01TG,EPOCHS_qm_rec_calib.hdf,"MATRIX_[8, 15]_robust_concat+reg0.1_qm_rec_calib.hdf","[8, 15]",25,0.6749587746487531,0.6663299088073197,0.9872157142546611,0.6745578066533113,0.0004009679954417589,1.000594416062622,208,0.30144927536231886,0.6654578369817747,0.00087207182554494,1.0013104839661973,74,0.5648854961832062,312,493,0,0,0.07620229579157223,0.6927029986554738,-15.0,-45.0,0.0,-15.0,-45.0,30.0,"C:\Users\hodor\Documents\lab-Shishkin\projects\BCI_classifier\data\pr_AstroSync\features\csp\exp\01TG\MATRIX_[8, 15]_robust_concat+reg0.1_qm_rec_calib.hdf"
pr_AstroSync,exp,01TG,EPOCHS_qm_rec_calib.hdf,"MATRIX_[8, 15]_robust_concat+reg0.1_qm_rec_calib.hdf","[8, 15]",26,0.7683918586297848,0.6958995854191027,0.9056571560506222,0.764997425200469,0.0033944334293157796,1.004437182815911,49,0.07101449275362319,0.6807068107612937,0.015192774657808994,1.0223191165677006,9,0.06870229007633588,411,581,0,0,0.0803971432057844,0.6671900037606228,60.0,-45.0,15.0,30.0,-30.0,45.0,"C:\Users\hodor\Documents\lab-Shishkin\projects\BCI_classifier\data\pr_AstroSync\features\csp\exp\01TG\MATRIX_[8, 15]_robust_concat+reg0.1_qm_rec_calib.hdf"
pr_AstroSync,exp,01TG,EPOCHS_qm_rec_calib.hdf,"MATRIX_[8, 15]_robust_concat+reg0.1_qm_rec_calib.hdf","[8, 15]",27,0.9043370724334847,0.8924883425414996,0.9868978832637024,0.8996906106281416,0.004646461805343116,1.0051645107223015,201,0.29130434782608694,0.8869863833074002,0.005501959234099352,1.006202980494,55,0.4198473282442748,14,435,2,1,0.09399195419345441,0.7752733581968818,-15.0,-45.0,-60.0,-30.0,0.0,15.0,"C:\Users\hodor\Documents\lab-Shishkin\projects\BCI_classifier\data\pr_AstroSync\features\csp\exp\01TG\MATRIX_[8, 15]_robust_concat+reg0.1_qm_rec_calib.hdf"
pr_AstroSync,exp,01TG,EPOCHS_qm_rec_calib.hdf,"MATRIX_[8, 15]_robust_concat+reg0.1_qm_rec_calib.hdf","[8, 15]",28,0.7652625965781354,0.7628364514773197,0.9968296567587855,0.765200299428499,6.229714963645883e-05,1.000081412866256,138,0.2,0.7551451881880503,0.00769126328926939,1.0101851450682278,46,0.3511450381679389,102,523,2,2,0.10369284100796694,0.7363046717601088,15.0,15.0,-45.0,15.0,0.0,30.0,"C:\Users\hodor\Documents\lab-Shishkin\projects\BCI_classifier\data\pr_AstroSync\features\csp\exp\01TG\MATRIX_[8, 15]_robust_concat+reg0.1_qm_rec_calib.hdf"
pr_AstroSync,exp,01TG,EPOCHS_qm_rec_calib.hdf,"MATRIX_[8, 15]_robust_concat+reg0.1_qm_rec_calib.hdf","[8, 15]",29,0.856619956622355,0.8142906195711782,0.9505856281727535,0.8498788292703194,0.006741127352035581,1.007931868779251,59,0.08550724637681159,0.8106546570860955,0.003635962485082689,1.0044852175378258,76,0.5801526717557252,173,660,2,0,0.11557458704719936,0.7358801669370914,-60.0,15.0,-30.0,-15.0,15.0,60.0,"C:\Users\hodor\Documents\lab-Shishkin\projects\BCI_classifier\data\pr_AstroSync\features\csp\exp\01TG\MATRIX_[8, 15]_robust_concat+reg0.1_qm_rec_calib.hdf"
pr_AstroSync,exp,01TG,EPOCHS_qm_rec_calib.hdf,"MATRIX_[8, 15]_robust_concat+reg0.1_qm_rec_calib.hdf","[8, 15]",30,0.78188487021812,0.78188487021812,1.0,0.7782082298434867,0.003676640374633333,1.0047244943366542,164,0.23768115942028986,0.7782082298434867,0.003676640374633333,1.0047244943366542,43,0.3282442748091603,607,607,1,1,0.12105932193392643,0.7478715689631272,15.0,15.0,45.0,15.0,15.0,45.0,"C:\Users\hodor\Documents\lab-Shishkin\projects\BCI_classifier\data\pr_AstroSync\features\csp\exp\01TG\MATRIX_[8, 15]_robust_concat+reg0.1_qm_rec_calib.hdf"
pr_AstroSync,exp,01TG,EPOCHS_qm_rec_calib.hdf,"MATRIX_[8, 15]_robust_concat+reg0.1_qm_rec_calib.hdf","[8, 15]",31,0.8503795851401614,0.7698854210606344,0.9053432543700355,0.8466725742669392,0.0037070108732222273,1.0043783287493773,52,0.07536231884057971,0.7649247987361194,0.004960622324514996,1.0064851111281938,23,0.17557251908396945,62,514,2,1,0.13212286607022072,0.703288935051782,30.0,-60.0,-45.0,30.0,-15.0,30.0,"C:\Users\hodor\Documents\lab-Shishkin\projects\BCI_classifier\data\pr_AstroSync\features\csp\exp\01TG\MATRIX_[8, 15]_robust_concat+reg0.1_qm_rec_calib.hdf"
pr_AstroSync,exp,01TG,EPOCHS_qm_rec_calib.hdf,"MATRIX_[8, 15]_robust_concat+reg0.1_qm_rec_calib.hdf","[8, 15]",32,0.9095444755528146,0.7493489124083426,0.8238727544938291,0.8882142736806689,0.021330201872145738,1.0240147028754172,16,0.02318840579710145,0.7471700632452324,0.0021788491631101747,1.0029161355229446,40,0.3053435114503817,45,435,2,0,0.13471684549169627,0.6599582279634822,45.0,15.0,-60.0,-30.0,0.0,15.0,"C:\Users\hodor\Documents\lab-Shishkin\projects\BCI_classifier\data\pr_AstroSync\features\csp\exp\01TG\MATRIX_[8, 15]_robust_concat+reg0.1_qm_rec_calib.hdf"
pr_AstroSync,exp,01TG,EPOCHS_qm_rec_calib.hdf,"MATRIX_[8, 15]_robust_concat+reg0.1_qm_rec_calib.hdf","[8, 15]",33,0.816314787032687,0.6436465884656041,0.7884784138301185,0.8077091585100113,0.008605628522675657,1.0106543654135982,20,0.028985507246376812,0.637433941980209,0.006212646485395101,1.0097463377398688,54,0.4122137404580153,47,531,2,2,0.1378905494992666,0.6076697020863681,-30.0,30.0,-60.0,-15.0,15.0,30.0,"C:\Users\hodor\Documents\lab-Shishkin\projects\BCI_classifier\data\pr_AstroSync\features\csp\exp\01TG\MATRIX_[8, 15]_robust_concat+reg0.1_qm_rec_calib.hdf"
pr_AstroSync,exp,01TG,EPOCHS_qm_rec_calib.hdf,"MATRIX_[8, 15]_robust_concat+reg0.1_qm_rec_calib.hdf","[8, 15]",34,0.7698203592400443,0.6672297234708737,0.8667343172497456,0.7650101322981476,0.0048102269418967,1.0062877950746174,73,0.10579710144927536,0.6604957391481641,0.006733984322709663,1.0101953486201054,32,0.24427480916030533,150,504,2,2,0.15656869360153713,0.6548745846974987,30.0,-30.0,-30.0,15.0,-30.0,30.0,"C:\Users\hodor\Documents\lab-Shishkin\projects\BCI_classifier\data\pr_AstroSync\features\csp\exp\01TG\MATRIX_[8, 15]_robust_concat+reg0.1_qm_rec_calib.hdf"
pr_AstroSync,exp,01TG,EPOCHS_qm_rec_calib.hdf,"MATRIX_[8, 15]_robust_concat+reg0.1_qm_rec_calib.hdf","[8, 15]",35,0.9127825000424288,0.9067285940241434,0.9933676357533103,0.912555031717917,0.00022746832451181476,1.000249265322754,100,0.14492753623188406,0.8996085342245546,0.0071200597995888515,1.0079146201138767,29,0.22137404580152673,398,493,1,1,0.17478203906189416,0.7993268518098187,-15.0,-60.0,15.0,-15.0,-45.0,30.0,"C:\Users\hodor\Documents\lab-Shishkin\projects\BCI_classifier\data\pr_AstroSync\features\csp\exp\01TG\MATRIX_[8, 15]_robust_concat+reg0.1_qm_rec_calib.hdf"
pr_AstroSync,exp,01TG,EPOCHS_qm_rec_calib.hdf,"MATRIX_[8, 15]_robust_concat+reg0.1_qm_rec_calib.hdf","[8, 15]",36,0.9147988399709808,0.9137859057066211,0.9988927245858862,0.9137859057066211,0.0010129342643596662,1.001108502832046,82,0.11884057971014493,0.9035703143323502,0.01021559137427086,1.0113058067670353,36,0.2748091603053435,495,572,1,1,0.18362100179968688,0.8060509934209036,15.0,-45.0,30.0,15.0,-45.0,45.0,"C:\Users\hodor\Documents\lab-Shishkin\projects\BCI_classifier\data\pr_AstroSync\features\csp\exp\01TG\MATRIX_[8, 15]_robust_concat+reg0.1_qm_rec_calib.hdf"
pr_AstroSync,exp,01TG,EPOCHS_qm_rec_calib.hdf,"MATRIX_[8, 15]_robust_concat+reg0.1_qm_rec_calib.hdf","[8, 15]",37,0.7439828962500457,0.6496006956678878,0.8731392871289384,0.7416019548915165,0.002380941358529176,1.003210538136833,23,0.03333333333333333,0.6425257667050271,0.00707492896286066,1.0110111210000838,44,0.33587786259541985,124,422,2,1,0.19715880226031057,0.6597046831438451,0.0,60.0,-45.0,-60.0,-15.0,15.0,"C:\Users\hodor\Documents\lab-Shishkin\projects\BCI_classifier\data\pr_AstroSync\features\csp\exp\01TG\MATRIX_[8, 15]_robust_concat+reg0.1_qm_rec_calib.hdf"
pr_AstroSync,exp,01TG,EPOCHS_qm_rec_calib.hdf,"MATRIX_[8, 15]_robust_concat+reg0.1_qm_rec_calib.hdf","[8, 15]",38,0.8999547543232911,0.8573052340975245,0.9526092617202335,0.8990841609046487,0.0008705934186423736,1.000968311373394,172,0.2492753623188406,0.8421228332130601,0.01518240088446432,1.0180287248910433,26,0.1984732824427481,221,405,1,1,0.1987964741020818,0.768490294528655,-15.0,-45.0,-15.0,-30.0,-45.0,15.0,"C:\Users\hodor\Documents\lab-Shishkin\projects\BCI_classifier\data\pr_AstroSync\features\csp\exp\01TG\MATRIX_[8, 15]_robust_concat+reg0.1_qm_rec_calib.hdf"
pr_AstroSync,exp,01TG,EPOCHS_qm_rec_calib.hdf,"MATRIX_[8, 15]_robust_concat+reg0.1_qm_rec_calib.hdf","[8, 15]",39,0.8767985644730832,0.8045305226181065,0.9175773720633238,0.873354940740318,0.0034436237327651886,1.0039429830554873,69,0.1,0.8000922581385244,0.004438264479582177,1.0055471908825966,28,0.21374045801526717,82,437,2,2,0.20553795260301877,0.7356030908654367,-15.0,-15.0,-45.0,0.0,0.0,15.0,"C:\Users\hodor\Documents\lab-Shishkin\projects\BCI_classifier\data\pr_AstroSync\features\csp\exp\01TG\MATRIX_[8, 15]_robust_concat+reg0.1_qm_rec_calib.hdf"
pr_AstroSync,exp,01TG,EPOCHS_qm_rec_calib.hdf,"MATRIX_[8, 15]_robust_concat+reg0.1_qm_rec_calib.hdf","[8, 15]",40,0.87688041217778,0.670200379220939,0.7643007756969505,0.8729978545805593,0.0038825575972206705,1.0044473850386335,36,0.05217391304347826,0.6671100533397216,0.0030903258812173817,1.0046324078999356,33,0.25190839694656486,66,414,2,2,0.2198104528728062,0.6224675723655176,0.0,-45.0,-45.0,-30.0,-30.0,15.0,"C:\Users\hodor\Documents\lab-Shishkin\projects\BCI_classifier\data\pr_AstroSync\features\csp\exp\01TG\MATRIX_[8, 15]_robust_concat+reg0.1_qm_rec_calib.hdf"
pr_AstroSync,exp,01TG,EPOCHS_qm_rec_calib.hdf,"MATRIX_[8, 15]_robust_concat+reg0.1_qm_rec_calib.hdf","[8, 15]",41,0.8245892890619705,0.8221857608261363,0.9970851813530486,0.8221857608261363,0.002403528235834229,1.00292333965188,181,0.26231884057971017,0.8178126009092913,0.004373159916844949,1.0053473863229578,47,0.35877862595419846,331,423,1,1,0.23107542130769598,0.7826684321595587,-45.0,-15.0,0.0,-45.0,-15.0,15.0,"C:\Users\hodor\Documents\lab-Shishkin\projects\BCI_classifier\data\pr_AstroSync\features\csp\exp\01TG\MATRIX_[8, 15]_robust_concat+reg0.1_qm_rec_calib.hdf"
pr_AstroSync,exp,01TG,EPOCHS_qm_rec_calib.hdf,"MATRIX_[8, 15]_robust_concat+reg0.1_qm_rec_calib.hdf","[8, 15]",42,0.7403696524680099,0.7403113089506268,0.999921196773546,0.7403113089506268,5.8343517383097065e-05,1.000078809436892,53,0.07681159420289856,0.7285192297336711,0.011792079216955687,1.0161863664480986,38,0.2900763358778626,485,564,1,1,0.2332725741108037,0.7557280115029759,-15.0,-60.0,30.0,-15.0,-60.0,45.0,"C:\Users\hodor\Documents\lab-Shishkin\projects\BCI_classifier\data\pr_AstroSync\features\csp\exp\01TG\MATRIX_[8, 15]_robust_concat+reg0.1_qm_rec_calib.hdf"
pr_AstroSync,exp,01TG,EPOCHS_qm_rec_calib.hdf,"MATRIX_[8, 15]_robust_concat+reg0.1_qm_rec_calib.hdf","[8, 15]",43,0.9128274640166414,0.8030614884607485,0.8797516728156947,0.9114095917406899,0.0014178722759514706,1.0015556916328294,46,0.06666666666666667,0.7999617465840012,0.0030997418767473306,1.0038748626293492,40,0.3053435114503817,94,513,2,2,0.24768069662979197,0.726495913054283,30.0,0.0,-45.0,15.0,-15.0,30.0,"C:\Users\hodor\Documents\lab-Shishkin\projects\BCI_classifier\data\pr_AstroSync\features\csp\exp\01TG\MATRIX_[8, 15]_robust_concat+reg0.1_qm_rec_calib.hdf"
pr_AstroSync,exp,01TG,EPOCHS_qm_rec_calib.hdf,"MATRIX_[8, 15]_robust_concat+reg0.1_qm_rec_calib.hdf","[8, 15]",44,0.9301740958809812,0.9151842425776351,0.9838848949140547,0.9285559454270951,0.0016181504538861358,1.0017426526229842,148,0.2144927536231884,0.9032722650748578,0.011911977502777282,1.0131875824857637,28,0.21374045801526717,221,405,0,0,0.26425224779946443,0.8159131371733899,-15.0,-45.0,-15.0,-30.0,-45.0,15.0,"C:\Users\hodor\Documents\lab-Shishkin\projects\BCI_classifier\data\pr_AstroSync\features\csp\exp\01TG\MATRIX_[8, 15]_robust_concat+reg0.1_qm_rec_calib.hdf"
pr_AstroSync,exp,01TG,EPOCHS_qm_rec_calib.hdf,"MATRIX_[8, 15]_robust_concat+reg0.1_qm_rec_calib.hdf","[8, 15]",45,0.8538677242872983,0.8538677242872983,1.0,0.8498272992777534,0.0040404250095449346,1.0047544071754093,67,0.09710144927536232,0.8498272992777534,0.0040404250095449346,1.0047544071754093,43,0.3282442748091603,491,491,0,0,0.27511219889065774,0.8038761432786861,-45.0,-45.0,30.0,-45.0,-45.0,30.0,"C:\Users\hodor\Documents\lab-Shishkin\projects\BCI_classifier\data\pr_AstroSync\features\csp\exp\01TG\MATRIX_[8, 15]_robust_concat+reg0.1_qm_rec_calib.hdf"
pr_AstroSync,exp,01TG,EPOCHS_qm_rec_calib.hdf,"MATRIX_[8, 15]_robust_concat+reg0.1_qm_rec_calib.hdf","[8, 15]",46,0.7969735191650147,0.7791568007642442,0.9776445289933385,0.7843530061956054,0.012620512969409248,1.0160903481847074,36,0.05217391304347826,0.7757302693255758,0.0034265314386684453,1.0044171686656593,15,0.11450381679389313,396,404,1,1,0.27620746576004795,0.7678864114664974,-45.0,-60.0,15.0,-45.0,-45.0,15.0,"C:\Users\hodor\Documents\lab-Shishkin\projects\BCI_classifier\data\pr_AstroSync\features\csp\exp\01TG\MATRIX_[8, 15]_robust_concat+reg0.1_qm_rec_calib.hdf"
pr_AstroSync,exp,01TG,EPOCHS_qm_rec_calib.hdf,"MATRIX_[8, 15]_robust_concat+reg0.1_qm_rec_calib.hdf","[8, 15]",47,0.7120511013641161,0.6565025157462153,0.9219879226203243,0.7116260520899265,0.0004250492741896261,1.0005972930205989,50,0.07246376811594203,0.6529798047938976,0.003522710952317709,1.0053948237395023,16,0.12213740458015267,411,581,0,0,0.29453585979155017,0.7035776176486314,60.0,-45.0,15.0,30.0,-30.0,45.0,"C:\Users\hodor\Documents\lab-Shishkin\projects\BCI_classifier\data\pr_AstroSync\features\csp\exp\01TG\MATRIX_[8, 15]_robust_concat+reg0.1_qm_rec_calib.hdf"
pr_AstroSync,exp,01TG,EPOCHS_qm_rec_calib.hdf,"MATRIX_[8, 15]_robust_concat+reg0.1_qm_rec_calib.hdf","[8, 15]",48,0.8352991460995036,0.7388025177857782,0.8844765629603188,0.8349367195816226,0.0003624265178809871,1.0004340766304571,14,0.020289855072463767,0.737805299129147,0.0009972186566311603,1.0013516013747912,64,0.48854961832061067,46,614,2,0,0.30442676018894677,0.7174806865949551,-45.0,30.0,-60.0,-15.0,30.0,45.0,"C:\Users\hodor\Documents\lab-Shishkin\projects\BCI_classifier\data\pr_AstroSync\features\csp\exp\01TG\MATRIX_[8, 15]_robust_concat+reg0.1_qm_rec_calib.hdf"
pr_AstroSync,exp,01TG,EPOCHS_qm_rec_calib.hdf,"MATRIX_[8, 15]_robust_concat+reg0.1_qm_rec_calib.hdf","[8, 15]",49,0.9266895875804153,0.8656041902370106,0.934082136929046,0.9125085465611913,0.014181041019224017,1.0155407213145187,36,0.05217391304347826,0.8569380771826509,0.008666113054359714,1.0101128812980877,48,0.366412213740458,61,504,2,1,0.32220713968039005,0.7877398561371024,15.0,-60.0,-45.0,15.0,-30.0,30.0,"C:\Users\hodor\Documents\lab-Shishkin\projects\BCI_classifier\data\pr_AstroSync\features\csp\exp\01TG\MATRIX_[8, 15]_robust_concat+reg0.1_qm_rec_calib.hdf"
pr_AstroSync,exp,01TG,EPOCHS_qm_rec_calib.hdf,"MATRIX_[8, 15]_robust_concat+reg0.1_qm_rec_calib.hdf","[8, 15]",50,0.7836793403016602,0.7307958143518081,0.9325189229443055,0.7740940041076017,0.009585336194058547,1.0123826513875518,73,0.10579710144927536,0.7189063615001865,0.011889452851621574,1.0165382496084903,31,0.2366412213740458,8,493,2,0,0.3393973878523082,0.7432915279185319,30.0,0.0,-75.0,-15.0,-45.0,30.0,"C:\Users\hodor\Documents\lab-Shishkin\projects\BCI_classifier\data\pr_AstroSync\features\csp\exp\01TG\MATRIX_[8, 15]_robust_concat+reg0.1_qm_rec_calib.hdf"
pr_AstroSync,exp,01TG,EPOCHS_qm_rec_calib.hdf,"MATRIX_[8, 15]_robust_concat+reg0.1_qm_rec_calib.hdf","[8, 15]",51,0.7501865941299022,0.7367524204950089,0.9820922238013666,0.748321599842724,0.0018649942871782343,1.0024922363427304,140,0.2028985507246377,0.7314589508944669,0.005293469600542,1.0072368648904615,25,0.19083969465648856,407,405,1,1,0.3470700693006885,0.7692188617440058,0.0,-45.0,15.0,-30.0,-45.0,15.0,"C:\Users\hodor\Documents\lab-Shishkin\projects\BCI_classifier\data\pr_AstroSync\features\csp\exp\01TG\MATRIX_[8, 15]_robust_concat+reg0.1_qm_rec_calib.hdf"
pr_AstroSync,exp,01TG,EPOCHS_qm_rec_calib.hdf,"MATRIX_[8, 15]_robust_concat+reg0.1_qm_rec_calib.hdf","[8, 15]",52,0.7813602401985291,0.7813602401985291,1.0,0.7774466642340504,0.003913575964478722,1.0050338835376371,112,0.16231884057971013,0.7774466642340504,0.003913575964478722,1.0050338835376371,56,0.42748091603053434,589,589,2,2,0.36242876739958785,0.7959618375494028,15.0,-15.0,45.0,15.0,-15.0,45.0,"C:\Users\hodor\Documents\lab-Shishkin\projects\BCI_classifier\data\pr_AstroSync\features\csp\exp\01TG\MATRIX_[8, 15]_robust_concat+reg0.1_qm_rec_calib.hdf"
pr_AstroSync,exp,01TG,EPOCHS_qm_rec_calib.hdf,"MATRIX_[8, 15]_robust_concat+reg0.1_qm_rec_calib.hdf","[8, 15]",53,0.9262186541489585,0.7688741361232231,0.8301216269820122,0.911214066806864,0.015004587342094533,1.0164665887947435,13,0.01884057971014493,0.7670095299691169,0.0018646061541062187,1.0024310078053154,87,0.6641221374045801,59,511,2,1,0.365840067416201,0.7158286932682738,-15.0,-60.0,-45.0,-15.0,-15.0,30.0,"C:\Users\hodor\Documents\lab-Shishkin\projects\BCI_classifier\data\pr_AstroSync\features\csp\exp\01TG\MATRIX_[8, 15]_robust_concat+reg0.1_qm_rec_calib.hdf"
pr_AstroSync,exp,01TG,EPOCHS_qm_rec_calib.hdf,"MATRIX_[8, 15]_robust_concat+reg0.1_qm_rec_calib.hdf","[8, 15]",54,0.9201854242145137,0.8140204577136664,0.8846265505765085,0.9192375087887916,0.0009479154257220346,1.0010311975051704,17,0.02463768115942029,0.8076482522458563,0.006372205467810033,1.0078898275952317,55,0.4198473282442748,127,640,2,1,0.39897306088288365,0.7627837201357888,0.0,-75.0,-30.0,0.0,-30.0,60.0,"C:\Users\hodor\Documents\lab-Shishkin\projects\BCI_classifier\data\pr_AstroSync\features\csp\exp\01TG\MATRIX_[8, 15]_robust_concat+reg0.1_qm_rec_calib.hdf"
pr_AstroSync,exp,01TG,EPOCHS_qm_rec_calib.hdf,"MATRIX_[8, 15]_robust_concat+reg0.1_qm_rec_calib.hdf","[8, 15]",55,0.7640007989317824,0.656975770045755,0.859915030146999,0.7484482940274251,0.015552504904357334,1.0207796651130951,39,0.05652173913043478,0.636818805200267,0.020156964845488012,1.0316525904713965,13,0.09923664122137404,489,581,1,1,0.42289417035417265,0.7014821171529984,45.0,-60.0,30.0,30.0,-30.0,45.0,"C:\Users\hodor\Documents\lab-Shishkin\projects\BCI_classifier\data\pr_AstroSync\features\csp\exp\01TG\MATRIX_[8, 15]_robust_concat+reg0.1_qm_rec_calib.hdf"
