project,stage,subject,record,file,epoch_path,matrix,matrix_path,band,component,component_1based,component_relative,edge_group,eigenvalue,eigen_score_abs_diff,eigen_score_logit,eigengap,eigen_gap_multiplier,eigen_abs_boost,eigengap_boost,weighted_contra,weighted_ipsi,locality,locality_ipsi,contra_local_weighted,ipsi_local_weighted,weighted_local_sum,contrast_contra,contrast_ipsi,gof,gof_coef,final_score_1,final_score_2,final_score_3,final_score_4,final_score_5,rv,x_mm,y_mm,z_mm,ori_x,ori_y,ori_z,amplitude,fit_error,dist_left_M1_mm,in_left_M1,dist_left_S1_mm,in_left_S1,dist_SMA_mm,in_SMA,dist_left_PMd_mm,in_left_PMd,dist_right_M1_mm,in_right_M1,dist_right_S1_mm,in_right_S1,dist_right_PMd_mm,in_right_PMd,roi_names,roi_count,roi_weights,best_roi,best_roi_weight,nearest_roi,nearest_roi_dist_mm
pr_Agency_EBCI,test,03_23 Artem,01_calib,test/03_23 Artem/01_calib,C:\Users\hodor\Documents\lab-Shishkin\projects\BCI_classifier\data\pr_Agency_EBCI\trans\test\03_23 Artem\EPOCHS_01_calib.hdf,"MATRIX_[8, 12]_robust_concat_01_calib.hdf","C:\Users\hodor\Documents\lab-Shishkin\projects\BCI_classifier\data\pr_Agency_EBCI\features\csp\test\03_23 Artem\MATRIX_[8, 12]_robust_concat_01_calib.hdf","[8, 12]",0,1,0,first5,0.3011009887817168,0.199,0.842,0.010938451096664137,1.4067070070729446,1.3980000000000001,1.0218769021933283,0.15969477642981617,0.19761958975601573,0.6071428571428572,0.6071428571428572,0.25665231926220455,0.31760291210788244,0.574255231370087,0.1135465661199934,0.1427977509390328,31.677822096510553,0.0,0.11427679104264733,0.48352290481361326,0.8078088578165965,0.0,0.0,68.32217790348945,-60.314450330646665,38.076242671275224,-46.477687113453634,0.33744510633313957,0.6061842985118325,-0.7201884450958191,0.0003682797513320965,,122.25517884812666,False,121.11006880671545,False,128.4372811580886,False,116.91415737624327,False,153.72576102527694,False,157.48167011406753,False,142.91304570272584,False,,0,,,0.0,left_PMd,116.91415737624327
pr_Agency_EBCI,test,03_23 Artem,01_calib,test/03_23 Artem/01_calib,C:\Users\hodor\Documents\lab-Shishkin\projects\BCI_classifier\data\pr_Agency_EBCI\trans\test\03_23 Artem\EPOCHS_01_calib.hdf,"MATRIX_[8, 12]_robust_concat_01_calib.hdf","C:\Users\hodor\Documents\lab-Shishkin\projects\BCI_classifier\data\pr_Agency_EBCI\features\csp\test\03_23 Artem\MATRIX_[8, 12]_robust_concat_01_calib.hdf","[8, 12]",1,2,1,first5,0.31203943987838095,0.188,0.791,0.005249741988446799,1.3799478059753119,1.376,1.0104994839768935,0.0931833298592884,0.26406241627540283,0.5178571428571428,0.5178571428571428,0.14143898282213418,0.4008090247037364,0.5422480075258707,0.06739977884175427,0.22501881314185904,35.219529222320666,0.20439058444641334,0.10194262541486368,0.4289181739529637,0.7482739482798096,0.15250261275020738,0.15410381148921257,64.78047077767934,-14.870357535068727,-83.44845011334309,-8.787384790945186,-0.28948613522072175,-0.0039788704500168005,-0.9571739372260989,0.00021567283221924385,,90.43221350616417,False,85.36896666538702,False,103.34381803181816,False,100.31082376200757,False,101.58403774547632,False,98.92462047138471,False,108.29469704348519,False,,0,,,0.0,left_S1,85.36896666538702
pr_Agency_EBCI,test,03_23 Artem,01_calib,test/03_23 Artem/01_calib,C:\Users\hodor\Documents\lab-Shishkin\projects\BCI_classifier\data\pr_Agency_EBCI\trans\test\03_23 Artem\EPOCHS_01_calib.hdf,"MATRIX_[8, 12]_robust_concat_01_calib.hdf","C:\Users\hodor\Documents\lab-Shishkin\projects\BCI_classifier\data\pr_Agency_EBCI\features\csp\test\03_23 Artem\MATRIX_[8, 12]_robust_concat_01_calib.hdf","[8, 12]",2,3,2,first5,0.31728918186682775,0.183,0.766,0.008719147618649559,1.3723824160568514,1.366,1.0174382952372991,0.4650379629101936,0.363030346638109,0.5714285714285714,0.5714285714285714,0.7307739417160185,0.5704762590027427,1.3012502007187612,0.18822506631379154,0.14959014022170905,28.602121170319272,0.0,0.2381287867315333,0.9967576537505711,1.7858128943568763,0.0,0.0,71.39787882968074,14.639269871473225,-72.23807374067194,-3.9749128419128663,-0.411129649992437,-0.3057674472243825,0.8587657882769787,0.0003494455814037571,,92.13163181948666,False,90.14018322898926,False,91.88405986354333,False,97.68125523087515,False,79.87604597267756,False,75.27187585113218,False,88.8933596950547,False,,0,,,0.0,right_S1,75.27187585113218
pr_Agency_EBCI,test,03_23 Artem,01_calib,test/03_23 Artem/01_calib,C:\Users\hodor\Documents\lab-Shishkin\projects\BCI_classifier\data\pr_Agency_EBCI\trans\test\03_23 Artem\EPOCHS_01_calib.hdf,"MATRIX_[8, 12]_robust_concat_01_calib.hdf","C:\Users\hodor\Documents\lab-Shishkin\projects\BCI_classifier\data\pr_Agency_EBCI\features\csp\test\03_23 Artem\MATRIX_[8, 12]_robust_concat_01_calib.hdf","[8, 12]",3,4,3,first5,0.3260083294854773,0.174,0.726,0.008492941594342385,1.3539110873496623,1.3479999999999999,1.0169858831886849,0.2808350748899196,0.08792913446170728,0.6071428571428572,0.6071428571428572,0.45134208464451364,0.1413146803848867,0.5926567650294003,0.23159922361449067,0.05789661064764556,42.95745076633755,0.35914901532675103,0.10312227711511565,0.43026881141134465,0.8024045651660887,0.28692462215533904,0.2917982902712272,57.04254923366245,10.399705447509614,-65.91193936633752,25.01400924996206,-0.5659356662675662,-0.8148092024349358,0.1257091296351608,0.00023634261684151665,,69.7830563233271,False,69.01912935410301,False,69.17853668438104,False,76.08194084266837,False,58.06993512466893,False,54.92257916027605,False,67.99775520019917,False,,0,,,0.0,right_S1,54.92257916027605
pr_Agency_EBCI,test,03_23 Artem,01_calib,test/03_23 Artem/01_calib,C:\Users\hodor\Documents\lab-Shishkin\projects\BCI_classifier\data\pr_Agency_EBCI\trans\test\03_23 Artem\EPOCHS_01_calib.hdf,"MATRIX_[8, 12]_robust_concat_01_calib.hdf","C:\Users\hodor\Documents\lab-Shishkin\projects\BCI_classifier\data\pr_Agency_EBCI\features\csp\test\03_23 Artem\MATRIX_[8, 12]_robust_concat_01_calib.hdf","[8, 12]",4,5,4,first5,0.3345012710798197,0.165,0.688,0.010798246790640842,1.337126842881823,1.33,1.0215964935812818,0.18092705954394575,0.06858169728509397,0.4642857142857143,0.4642857142857143,0.26492890861792057,0.10042319959603047,0.36535210821395103,0.25697460155831936,0.09621147803127901,42.81496537162768,0.3562993074325536,0.06028309785530192,0.2513622504511983,0.4885221109963385,0.17313235515712,0.17687140695398296,57.18503462837232,-10.536095161963393,-69.19525371497781,15.778668849747945,-0.7100694874451391,0.6540137240924149,-0.2608972435618443,0.000284751005959463,,65.64127426749145,False,61.95345068464488,False,76.7286791067174,False,75.28348111591772,False,76.32807210183397,False,74.88854411019469,False,82.75049961825391,False,,0,,,0.0,left_S1,61.95345068464488
pr_Agency_EBCI,test,03_23 Artem,01_calib,test/03_23 Artem/01_calib,C:\Users\hodor\Documents\lab-Shishkin\projects\BCI_classifier\data\pr_Agency_EBCI\trans\test\03_23 Artem\EPOCHS_01_calib.hdf,"MATRIX_[8, 12]_robust_concat_01_calib.hdf","C:\Users\hodor\Documents\lab-Shishkin\projects\BCI_classifier\data\pr_Agency_EBCI\features\csp\test\03_23 Artem\MATRIX_[8, 12]_robust_concat_01_calib.hdf","[8, 12]",51,52,-5,last5,0.6865519488811277,0.187,0.784,0.016014563483329525,1.3859788934855306,1.374,1.032029126966659,0.07985575575465925,0.19932787535768895,0.5714285714285714,0.5714285714285714,0.1254876161858931,0.31322951841922547,0.4387171346051186,0.0893918108477099,0.20110552684127303,33.865623040028865,0.0,0.08204010417115717,0.343954233530413,0.6080526887731448,0.0,0.0,66.13437695997114,28.645827366179883,-78.91654537774427,9.257819035569426,0.751692500304087,-0.5552414144836911,0.3559007679518831,0.00011902019641859348,,96.84906521694133,False,95.97163836020064,False,92.26703756210513,False,102.09180989493865,False,72.48960127263392,False,66.31784354171143,False,84.93765350309687,False,,0,,,0.0,right_S1,66.31784354171143
pr_Agency_EBCI,test,03_23 Artem,01_calib,test/03_23 Artem/01_calib,C:\Users\hodor\Documents\lab-Shishkin\projects\BCI_classifier\data\pr_Agency_EBCI\trans\test\03_23 Artem\EPOCHS_01_calib.hdf,"MATRIX_[8, 12]_robust_concat_01_calib.hdf","C:\Users\hodor\Documents\lab-Shishkin\projects\BCI_classifier\data\pr_Agency_EBCI\features\csp\test\03_23 Artem\MATRIX_[8, 12]_robust_concat_01_calib.hdf","[8, 12]",52,53,-4,last5,0.6931090921991426,0.193,0.815,0.006557143318014935,1.3910621146415076,1.3860000000000001,1.0131142866360299,0.13888352437270407,0.18856933666135395,0.5892857142857143,0.5892857142857143,0.22072560123519042,0.2996905529082233,0.5204161541434137,0.12040053903280018,0.1772391230464485,45.99851278895712,0.4199702557791425,0.10044031774967885,0.42413916562688214,0.7239311958763378,0.30292319723894906,0.30689581887624323,54.00148721104288,-50.3630492506563,-53.10163698743065,42.988266531660095,0.7937062301328234,-0.48650628339477336,-0.3651603161157383,0.00014129869298593802,,34.96437711408695,True,26.169401299462784,True,70.57161666310475,False,51.99585405187965,False,92.0586050245744,False,95.63383208092512,False,91.34675886235853,False,left_M1;left_S1,2,1;0.8,left_M1,1.0,left_S1,26.169401299462784
pr_Agency_EBCI,test,03_23 Artem,01_calib,test/03_23 Artem/01_calib,C:\Users\hodor\Documents\lab-Shishkin\projects\BCI_classifier\data\pr_Agency_EBCI\trans\test\03_23 Artem\EPOCHS_01_calib.hdf,"MATRIX_[8, 12]_robust_concat_01_calib.hdf","C:\Users\hodor\Documents\lab-Shishkin\projects\BCI_classifier\data\pr_Agency_EBCI\features\csp\test\03_23 Artem\MATRIX_[8, 12]_robust_concat_01_calib.hdf","[8, 12]",53,54,-3,last5,0.7060314504325517,0.206,0.876,0.012922358233409037,1.422648023184329,1.412,1.025844716466818,0.24159039957575945,0.22455230161158043,0.5,0.5,0.3623855993636392,0.33682845241737064,0.6992140517810098,0.19426046868657523,0.1770629603952867,22.298225616007038,0.0,0.14403809466688802,0.6125115093601646,0.9947354885489587,0.0,0.0,77.70177438399296,-39.48688970411235,-46.80423860431174,-0.41796735928300405,0.08347903812503134,-0.9918744063777288,0.09600214667676728,0.00030853962308270065,,60.95226607013187,False,55.10300772651885,False,81.46692124397849,False,69.4312941668807,False,96.96025400377376,False,98.3368645564809,False,96.14175085023419,False,,0,,,0.0,left_S1,55.10300772651885
pr_Agency_EBCI,test,03_23 Artem,01_calib,test/03_23 Artem/01_calib,C:\Users\hodor\Documents\lab-Shishkin\projects\BCI_classifier\data\pr_Agency_EBCI\trans\test\03_23 Artem\EPOCHS_01_calib.hdf,"MATRIX_[8, 12]_robust_concat_01_calib.hdf","C:\Users\hodor\Documents\lab-Shishkin\projects\BCI_classifier\data\pr_Agency_EBCI\features\csp\test\03_23 Artem\MATRIX_[8, 12]_robust_concat_01_calib.hdf","[8, 12]",54,55,-2,last5,0.7215179827165847,0.222,0.952,0.015486532284033072,1.4577520406682214,1.444,1.0309730645680661,0.21630964004969652,0.276851694879259,0.5,0.5,0.32446446007454477,0.41527754231888847,0.7397420023934332,0.18617711013221264,0.20702042768449597,47.42793366987739,0.44855867339754785,0.16422272453134218,0.7042343862785484,1.0783604135570237,0.47914474616506364,0.49398532732548384,52.57206633012261,-13.567214583819556,-46.409118797669514,42.49478889638574,0.7914999952756079,0.05468850954658499,-0.6087174421702453,0.00033565339049290916,,34.4643176890193,True,34.17647589150857,True,45.358326302182014,False,43.19671779934427,False,56.04880100269465,False,58.71391278431844,False,58.18491610395238,False,left_M1;left_S1,2,1;0.8,left_M1,1.0,left_S1,34.17647589150857
pr_Agency_EBCI,test,03_23 Artem,01_calib,test/03_23 Artem/01_calib,C:\Users\hodor\Documents\lab-Shishkin\projects\BCI_classifier\data\pr_Agency_EBCI\trans\test\03_23 Artem\EPOCHS_01_calib.hdf,"MATRIX_[8, 12]_robust_concat_01_calib.hdf","C:\Users\hodor\Documents\lab-Shishkin\projects\BCI_classifier\data\pr_Agency_EBCI\features\csp\test\03_23 Artem\MATRIX_[8, 12]_robust_concat_01_calib.hdf","[8, 12]",55,56,-1,last5,0.7454650427447564,0.245,1.075,0.023947060028171707,1.5134681188276082,1.49,1.0478941200563434,0.7254939468067951,0.14323276837241392,0.5535714285714286,0.5535714285714286,1.1271066673605568,0.22252233657857162,1.3496290039391283,0.40864457985625835,0.07374968297960972,50.104853102391125,0.5020970620478225,0.3306591059650864,1.4508511792345629,2.042620469706931,1.0096906890212245,1.058048936100979,49.895146897608875,-26.352920047712978,-22.98926652773251,49.849940397930474,-0.8480265648090803,-0.5152463474073237,-0.12398446217781534,0.00048300185804637234,,11.48524996971279,True,17.280169303131423,True,32.396528266293764,True,16.28539887499338,True,62.66363741227808,False,68.74514396785177,False,56.71632271102816,False,left_M1;left_S1;SMA;left_PMd,4,1;0.8;0.7;0.6,left_M1,1.0,left_M1,11.48524996971279
pr_Agency_EBCI,test,03_23 Artem,01_calib,test/03_23 Artem/01_calib,C:\Users\hodor\Documents\lab-Shishkin\projects\BCI_classifier\data\pr_Agency_EBCI\trans\test\03_23 Artem\EPOCHS_01_calib.hdf,"MATRIX_[9, 13]_robust_concat_01_calib.hdf","C:\Users\hodor\Documents\lab-Shishkin\projects\BCI_classifier\data\pr_Agency_EBCI\features\csp\test\03_23 Artem\MATRIX_[9, 13]_robust_concat_01_calib.hdf","[9, 13]",0,1,0,first5,0.3061019144053637,0.194,0.818,0.008235141012515101,1.3943904694257117,1.388,1.0164702820250302,0.16539419373044334,0.10074845049292884,0.4464285714285714,0.4464285714285714,0.23923088736010553,0.14572543732012921,0.3849563246802348,0.2149243736814815,0.08084808629217012,27.444930176809972,0.0,0.07468152698796555,0.314894273588432,0.5367794302792692,0.0,0.0,72.55506982319002,-33.871103678019345,-7.578339831070228,-77.84571277665741,0.00294609681702829,0.5495063497660806,0.8354843458020638,0.0011701927121653322,,134.8661482765228,False,132.01787351197072,False,140.01357255919007,False,133.9750815800744,False,151.8759917846788,False,152.0495456899821,False,147.45469167281777,False,,0,,,0.0,left_S1,132.01787351197072
pr_Agency_EBCI,test,03_23 Artem,01_calib,test/03_23 Artem/01_calib,C:\Users\hodor\Documents\lab-Shishkin\projects\BCI_classifier\data\pr_Agency_EBCI\trans\test\03_23 Artem\EPOCHS_01_calib.hdf,"MATRIX_[9, 13]_robust_concat_01_calib.hdf","C:\Users\hodor\Documents\lab-Shishkin\projects\BCI_classifier\data\pr_Agency_EBCI\features\csp\test\03_23 Artem\MATRIX_[9, 13]_robust_concat_01_calib.hdf","[9, 13]",1,2,1,first5,0.3143370554178788,0.186,0.78,0.00877800580804955,1.3785308363211888,1.3719999999999999,1.017556011616099,0.21344383844883377,0.16029215754665171,0.5535714285714286,0.5535714285714286,0.3316002490187239,0.2490253161885482,0.5806255652072722,0.213626786309256,0.14688016879326207,42.030735745565934,0.3406147149113187,0.10799635512855262,0.4528879408616723,0.8004102459946438,0.27133990679044523,0.27610355334596953,57.969264254434066,-7.2740486337028365,-73.67034164756696,18.41287016329875,-0.9356723128822074,0.039373426168042756,-0.35066658839622883,0.00028577915061850855,,68.59384411626112,False,65.12361882279795,False,78.73580996555349,False,78.4534968086657,False,75.84575435645122,False,73.91296164435005,False,83.4843973954537,False,,0,,,0.0,left_S1,65.12361882279795
pr_Agency_EBCI,test,03_23 Artem,01_calib,test/03_23 Artem/01_calib,C:\Users\hodor\Documents\lab-Shishkin\projects\BCI_classifier\data\pr_Agency_EBCI\trans\test\03_23 Artem\EPOCHS_01_calib.hdf,"MATRIX_[9, 13]_robust_concat_01_calib.hdf","C:\Users\hodor\Documents\lab-Shishkin\projects\BCI_classifier\data\pr_Agency_EBCI\features\csp\test\03_23 Artem\MATRIX_[9, 13]_robust_concat_01_calib.hdf","[9, 13]",2,3,2,first5,0.32311506122592837,0.177,0.739,0.01474521025742137,1.3644396088622543,1.354,1.0294904205148427,0.5676953065863477,0.30705509052691804,0.5714285714285714,0.5714285714285714,0.8920926246356893,0.4825151422565855,1.3746077668922747,0.1970604137826593,0.10626483492971875,27.092928613693633,0.0,0.2433055747399326,1.015835139733391,1.8755692837975122,0.0,0.0,72.90707138630637,32.47452826681513,-64.76780115068193,29.189889327791043,0.16450342490241665,0.8991538059799723,-0.4055379839017613,0.00018778484037515827,,84.0806557198533,False,85.29687278145914,False,73.0634786687795,False,87.16956952304675,False,48.92059480279365,False,42.6595330198478,False,62.939547861022845,False,,0,,,0.0,right_S1,42.6595330198478
pr_Agency_EBCI,test,03_23 Artem,01_calib,test/03_23 Artem/01_calib,C:\Users\hodor\Documents\lab-Shishkin\projects\BCI_classifier\data\pr_Agency_EBCI\trans\test\03_23 Artem\EPOCHS_01_calib.hdf,"MATRIX_[9, 13]_robust_concat_01_calib.hdf","C:\Users\hodor\Documents\lab-Shishkin\projects\BCI_classifier\data\pr_Agency_EBCI\features\csp\test\03_23 Artem\MATRIX_[9, 13]_robust_concat_01_calib.hdf","[9, 13]",3,4,3,first5,0.33786027148334974,0.162,0.673,0.006699959342865602,1.328341573654177,1.324,1.0133999186857312,0.29947136537233204,0.17645321559417917,0.5892857142857143,0.5892857142857143,0.4759455628238849,0.2804345747836062,0.7563801376074911,0.209629855606967,0.12131024585088696,56.187706309158955,0.6237541261831792,0.12253358229241357,0.5090438326098415,1.0047311822702978,0.6246568868974717,0.6330272383883798,43.812293690841045,16.553717758317894,-64.48862700910686,11.55920547591524,-0.9876639658446889,-0.048629070107926074,0.14884590727453645,0.0005825146312195997,,79.85115143337282,False,79.07882850696065,False,76.49635584170487,False,84.56348482290551,False,63.18600341877669,False,58.92738357195138,False,72.78026227255688,False,,0,,,0.0,right_S1,58.92738357195138
pr_Agency_EBCI,test,03_23 Artem,01_calib,test/03_23 Artem/01_calib,C:\Users\hodor\Documents\lab-Shishkin\projects\BCI_classifier\data\pr_Agency_EBCI\trans\test\03_23 Artem\EPOCHS_01_calib.hdf,"MATRIX_[9, 13]_robust_concat_01_calib.hdf","C:\Users\hodor\Documents\lab-Shishkin\projects\BCI_classifier\data\pr_Agency_EBCI\features\csp\test\03_23 Artem\MATRIX_[9, 13]_robust_concat_01_calib.hdf","[9, 13]",4,5,4,first5,0.34456023082621534,0.155,0.643,0.002562456434737237,1.311588722989537,1.31,1.0051249128694746,0.10108380340162403,0.30504076603001523,0.4642857142857143,0.4642857142857143,0.14801556926666376,0.4466668359725223,0.5946824052391861,0.09362581938458087,0.33814771729155896,42.5970216002164,0.351940432004328,0.09217577281207386,0.3823807865687967,0.7799787364720105,0.2741735452128801,0.27557866074321113,57.4029783997836,44.19929448822766,-64.71904346686605,16.667022698689323,-0.44474145865617865,0.6760585585326554,-0.5874945620064262,0.0001806187585976129,,98.16847987338609,False,99.41906072025255,False,84.32033391484785,False,99.88428865331865,False,57.2044756496083,False,49.58495901455419,False,70.89816737474943,False,,0,,,0.0,right_S1,49.58495901455419
pr_Agency_EBCI,test,03_23 Artem,01_calib,test/03_23 Artem/01_calib,C:\Users\hodor\Documents\lab-Shishkin\projects\BCI_classifier\data\pr_Agency_EBCI\trans\test\03_23 Artem\EPOCHS_01_calib.hdf,"MATRIX_[9, 13]_robust_concat_01_calib.hdf","C:\Users\hodor\Documents\lab-Shishkin\projects\BCI_classifier\data\pr_Agency_EBCI\features\csp\test\03_23 Artem\MATRIX_[9, 13]_robust_concat_01_calib.hdf","[9, 13]",51,52,-5,last5,0.6740146130487258,0.174,0.726,0.012679957780207474,1.3568252506150245,1.3479999999999999,1.025359915560415,0.12926225000412123,0.31115787369218684,0.4285714285714286,0.4285714285714286,0.18466035714874462,0.4445112481316955,0.6291716052804401,0.08697617783025037,0.27190755580444587,27.91060068422167,0.0,0.10947585931879658,0.4567785854335995,0.8536759210144904,0.0,0.0,72.08939931577834,67.61409411299589,-30.70500127775468,-41.76863526979054,-0.3421535192129427,0.9389839392737591,-0.035215494830143225,0.00025882696222104625,,142.61677174690496,False,144.25083575277253,False,123.02757168395797,False,138.6227907617972,False,102.97142337191121,False,97.20666543190366,False,107.90504889917555,False,,0,,,0.0,right_S1,97.20666543190366
pr_Agency_EBCI,test,03_23 Artem,01_calib,test/03_23 Artem/01_calib,C:\Users\hodor\Documents\lab-Shishkin\projects\BCI_classifier\data\pr_Agency_EBCI\trans\test\03_23 Artem\EPOCHS_01_calib.hdf,"MATRIX_[9, 13]_robust_concat_01_calib.hdf","C:\Users\hodor\Documents\lab-Shishkin\projects\BCI_classifier\data\pr_Agency_EBCI\features\csp\test\03_23 Artem\MATRIX_[9, 13]_robust_concat_01_calib.hdf","[9, 13]",52,53,-4,last5,0.6931826475001917,0.193,0.815,0.019168034451465865,1.4007977225965318,1.3860000000000001,1.0383360689029317,0.21854108776683928,0.39920135385205463,0.4821428571428571,0.4821428571428571,0.3239091122258511,0.591673435173581,0.9155825473994321,0.1579992281009307,0.27291851125958516,18.27478952792426,0.0,0.1767074316480904,0.7461997761305371,1.2825459472462557,0.0,0.0,81.72521047207574,-60.00816512329971,-55.676029659907755,22.992722869435894,0.4920896876110785,-0.37858652301912865,-0.783913250261225,0.000130912873150954,,51.664719017689826,False,42.71972187097943,False,85.40607271343974,False,66.23448333207321,False,106.3504535436121,False,109.1162058424329,False,105.39412353673353,False,,0,,,0.0,left_S1,42.71972187097943
pr_Agency_EBCI,test,03_23 Artem,01_calib,test/03_23 Artem/01_calib,C:\Users\hodor\Documents\lab-Shishkin\projects\BCI_classifier\data\pr_Agency_EBCI\trans\test\03_23 Artem\EPOCHS_01_calib.hdf,"MATRIX_[9, 13]_robust_concat_01_calib.hdf","C:\Users\hodor\Documents\lab-Shishkin\projects\BCI_classifier\data\pr_Agency_EBCI\features\csp\test\03_23 Artem\MATRIX_[9, 13]_robust_concat_01_calib.hdf","[9, 13]",53,54,-3,last5,0.6978292415918129,0.198,0.837,0.00464659409162127,1.399680102520564,1.396,1.0092931881832425,0.07612403168905249,0.13542966682773133,0.4821428571428571,0.4821428571428571,0.11282668982484566,0.20072611333395896,0.3135528031588046,0.10902902957314944,0.22777954108982032,23.04615674415298,0.0,0.06208345502544332,0.26244369624391944,0.4388736196709259,0.0,0.0,76.95384325584702,-2.3664686333100486,-68.77476737017412,49.882363649323345,-0.7499631628506344,0.2810516213604123,0.5988031734199112,9.76589120869924e-05,,56.33311370558569,False,55.48678921075919,False,63.34167358140882,False,66.2425524398402,False,59.28061388821048,False,58.96058435357736,False,68.21378336286372,False,,0,,,0.0,left_S1,55.48678921075919
pr_Agency_EBCI,test,03_23 Artem,01_calib,test/03_23 Artem/01_calib,C:\Users\hodor\Documents\lab-Shishkin\projects\BCI_classifier\data\pr_Agency_EBCI\trans\test\03_23 Artem\EPOCHS_01_calib.hdf,"MATRIX_[9, 13]_robust_concat_01_calib.hdf","C:\Users\hodor\Documents\lab-Shishkin\projects\BCI_classifier\data\pr_Agency_EBCI\features\csp\test\03_23 Artem\MATRIX_[9, 13]_robust_concat_01_calib.hdf","[9, 13]",54,55,-2,last5,0.7298232944122192,0.23,0.994,0.03199405282040624,1.4894345285947739,1.46,1.0639881056408125,0.3343820104023012,0.17717511885231033,0.5,0.5,0.5015730156034518,0.2657626782784655,0.7673356938819174,0.275215022902169,0.12664247229435185,26.146319431820707,0.0,0.176487209592841,0.7627316797186259,1.1428962774909572,0.0,0.0,73.8536805681793,-57.534571446459445,-22.541219370944187,58.26942148960353,-0.9046944337457485,0.25841298400886176,-0.3387487435328657,9.832533821205768e-05,,21.702904925466758,True,18.33744705000764,True,59.86577851948896,False,32.99830670227511,True,93.57347044164818,False,100.01034930104493,False,86.79147565988765,False,left_M1;left_S1;left_PMd,3,1;0.8;0.6,left_M1,1.0,left_S1,18.33744705000764
pr_Agency_EBCI,test,03_23 Artem,01_calib,test/03_23 Artem/01_calib,C:\Users\hodor\Documents\lab-Shishkin\projects\BCI_classifier\data\pr_Agency_EBCI\trans\test\03_23 Artem\EPOCHS_01_calib.hdf,"MATRIX_[9, 13]_robust_concat_01_calib.hdf","C:\Users\hodor\Documents\lab-Shishkin\projects\BCI_classifier\data\pr_Agency_EBCI\features\csp\test\03_23 Artem\MATRIX_[9, 13]_robust_concat_01_calib.hdf","[9, 13]",55,56,-1,last5,0.7524874205979437,0.252,1.112,0.022664126185724554,1.5268454391952102,1.504,1.045328252371449,0.6151461202402471,0.046349715948191664,0.625,0.625,0.9996124453904015,0.07531828841581145,1.0749307338062128,0.478185386522797,0.028618085010512745,53.467497788931325,0.5693499557786266,0.27088254491916564,1.1953229759925088,1.6412530883627767,0.9204656956995114,0.9621887970534404,46.532502211068675,-63.94699627214131,-17.800411759914798,29.986303261312298,0.026375804503677044,-0.17426541029237078,-0.9843454087424879,0.00030176148929109446,,38.68051076439005,False,33.393164610439655,True,70.80420365274898,False,45.44168823520566,False,103.46279223074566,False,108.89535718486653,False,96.05732981998541,False,left_S1,1,0.8,left_S1,0.8,left_S1,33.393164610439655
pr_Agency_EBCI,test,03_23 Artem,01_calib,test/03_23 Artem/01_calib,C:\Users\hodor\Documents\lab-Shishkin\projects\BCI_classifier\data\pr_Agency_EBCI\trans\test\03_23 Artem\EPOCHS_01_calib.hdf,"MATRIX_[10, 14]_robust_concat_01_calib.hdf","C:\Users\hodor\Documents\lab-Shishkin\projects\BCI_classifier\data\pr_Agency_EBCI\features\csp\test\03_23 Artem\MATRIX_[10, 14]_robust_concat_01_calib.hdf","[10, 14]",0,1,0,first5,0.2887831839948212,0.211,0.901,0.01938918138360779,1.438364469087765,1.422,1.0387783627672156,0.1869026594360889,0.21207787609783701,0.5357142857142857,0.5357142857142857,0.28702908413399364,0.3256910240073925,0.6127201081413862,0.13760707396616959,0.16411460039794146,26.779969560871503,0.0,0.12928394281783248,0.552060817435389,0.881314833046183,0.0,0.0,73.2200304391285,7.339520560166287,-77.5354146292326,34.129687401763064,-0.697360198557579,0.6108894446523792,0.37483708445142094,0.0001819908470506817,,72.26800976264346,False,70.80502810845313,False,75.76922813231555,False,81.00843273527956,False,64.54280962577927,False,61.484246367105314,False,75.76503066380748,False,,0,,,0.0,right_S1,61.484246367105314
pr_Agency_EBCI,test,03_23 Artem,01_calib,test/03_23 Artem/01_calib,C:\Users\hodor\Documents\lab-Shishkin\projects\BCI_classifier\data\pr_Agency_EBCI\trans\test\03_23 Artem\EPOCHS_01_calib.hdf,"MATRIX_[10, 14]_robust_concat_01_calib.hdf","C:\Users\hodor\Documents\lab-Shishkin\projects\BCI_classifier\data\pr_Agency_EBCI\features\csp\test\03_23 Artem\MATRIX_[10, 14]_robust_concat_01_calib.hdf","[10, 14]",1,2,1,first5,0.308172365378429,0.192,0.809,0.013879363960006885,1.3946593515212853,1.384,1.0277587279200138,0.28523901256536977,0.19217171457801535,0.4285714285714286,0.4285714285714286,0.407484303664814,0.2745310208257362,0.6820153244905502,0.1998969255883732,0.14296715198123577,41.23749165575221,0.3247498331150442,0.13094694230218565,0.5517503975128552,0.9511790501815698,0.3065343581293291,0.31504336197477717,58.76250834424779,24.54645107545354,-75.44830938674185,30.714907263738294,-0.8806431789681937,0.24628622640358863,-0.4047353283575258,0.00019411437665421225,,83.37947703882266,False,83.34887011616894,False,78.54980727349147,False,89.16131377697413,False,58.45894487931033,False,53.13407916738376,False,72.11475129254237,False,,0,,,0.0,right_S1,53.13407916738376
pr_Agency_EBCI,test,03_23 Artem,01_calib,test/03_23 Artem/01_calib,C:\Users\hodor\Documents\lab-Shishkin\projects\BCI_classifier\data\pr_Agency_EBCI\trans\test\03_23 Artem\EPOCHS_01_calib.hdf,"MATRIX_[10, 14]_robust_concat_01_calib.hdf","C:\Users\hodor\Documents\lab-Shishkin\projects\BCI_classifier\data\pr_Agency_EBCI\features\csp\test\03_23 Artem\MATRIX_[10, 14]_robust_concat_01_calib.hdf","[10, 14]",2,3,2,first5,0.3220517293384359,0.178,0.744,0.009279095316813701,1.3626067158655712,1.3559999999999999,1.0185581906336274,0.3752698283037904,0.11464190307449748,0.5357142857142857,0.5357142857142857,0.5763072363236781,0.17605720829297827,0.7523644446166564,0.28341671223319537,0.09491045093196229,42.10055479288171,0.34201109585763423,0.13392087114176485,0.5597591467947923,1.0251768450131267,0.348921835982471,0.355397193930869,57.89944520711829,-6.82485328579994,-60.60532482690082,14.353497007942288,0.9229924938961148,0.2860105605937301,0.25745449197924425,0.0005324239685730329,,62.654370980367304,False,59.9269225111437,False,70.23772024531938,False,70.35721889031088,False,70.0596108760296,False,68.83176151800134,False,75.59445626491873,False,,0,,,0.0,left_S1,59.9269225111437
pr_Agency_EBCI,test,03_23 Artem,01_calib,test/03_23 Artem/01_calib,C:\Users\hodor\Documents\lab-Shishkin\projects\BCI_classifier\data\pr_Agency_EBCI\trans\test\03_23 Artem\EPOCHS_01_calib.hdf,"MATRIX_[10, 14]_robust_concat_01_calib.hdf","C:\Users\hodor\Documents\lab-Shishkin\projects\BCI_classifier\data\pr_Agency_EBCI\features\csp\test\03_23 Artem\MATRIX_[10, 14]_robust_concat_01_calib.hdf","[10, 14]",3,4,3,first5,0.3313308246552496,0.169,0.702,0.007673742568305109,1.3431874499761742,1.338,1.0153474851366102,0.39963714978970455,0.12031372755234995,0.6428571428571428,0.6428571428571428,0.656546746083086,0.19765826669314635,0.8542050127762324,0.2093273913136208,0.04900124015164057,29.563655075721357,0.0,0.1443606471591833,0.5996519189689151,1.147357452867773,0.0,0.0,70.43634492427864,-3.0689883271493414,-66.55372851936997,2.7335181625988856,0.8028752615024319,0.4971610679644415,0.3289714075232945,0.00038312446876803154,,75.71386549392291,False,72.65662372540035,False,82.03997039025262,False,82.9904365206382,False,78.57813784470433,False,76.12210592288878,False,85.03610554656655,False,,0,,,0.0,left_S1,72.65662372540035
pr_Agency_EBCI,test,03_23 Artem,01_calib,test/03_23 Artem/01_calib,C:\Users\hodor\Documents\lab-Shishkin\projects\BCI_classifier\data\pr_Agency_EBCI\trans\test\03_23 Artem\EPOCHS_01_calib.hdf,"MATRIX_[10, 14]_robust_concat_01_calib.hdf","C:\Users\hodor\Documents\lab-Shishkin\projects\BCI_classifier\data\pr_Agency_EBCI\features\csp\test\03_23 Artem\MATRIX_[10, 14]_robust_concat_01_calib.hdf","[10, 14]",4,5,4,first5,0.3390045672235547,0.161,0.668,0.008383440437561951,1.32739893564179,1.322,1.016766880875124,0.15579447533230095,0.38252999679267174,0.4464285714285714,0.4464285714285714,0.22534558039136388,0.5533023167894002,0.7786478971807641,0.10728739687821684,0.28485893747683927,30.607392258022976,0.0,0.12536231144610302,0.5201367953167505,1.0335763899574641,0.0,0.0,69.39260774197703,24.770556345363246,16.959646146442594,-55.13372237877842,0.8172624141686226,0.554607906001481,0.15649989453008317,0.0004975859070155928,,133.12196430615856,False,134.68908653488447,False,118.06762872230128,False,125.53254479424123,False,118.9726744550943,False,118.2357668625724,False,113.94787181793919,False,,0,,,0.0,right_PMd,113.94787181793919
pr_Agency_EBCI,test,03_23 Artem,01_calib,test/03_23 Artem/01_calib,C:\Users\hodor\Documents\lab-Shishkin\projects\BCI_classifier\data\pr_Agency_EBCI\trans\test\03_23 Artem\EPOCHS_01_calib.hdf,"MATRIX_[10, 14]_robust_concat_01_calib.hdf","C:\Users\hodor\Documents\lab-Shishkin\projects\BCI_classifier\data\pr_Agency_EBCI\features\csp\test\03_23 Artem\MATRIX_[10, 14]_robust_concat_01_calib.hdf","[10, 14]",51,52,-5,last5,0.669268056474081,0.169,0.705,0.0034562589626517815,1.3403364310587527,1.338,1.0069125179253036,0.13855262217471145,0.1412319036109973,0.5,0.5,0.2078289332620672,0.21184785541649595,0.4196767886785632,0.14417855677052943,0.20006045846276746,40.021038007742604,0.3004207601548521,0.07092537728667718,0.295872136018387,0.5625080891356237,0.16869453139162766,0.16986063536377297,59.978961992257396,-48.50155009547245,-58.496477945386765,38.18561801129611,-0.7272806112523793,0.6846374901758681,0.048315831174200206,0.00016761102719235483,,40.78784072570673,False,32.328881184873666,True,74.16798697503106,False,57.33724833688443,False,92.99393079558286,False,95.88230793376351,False,93.379514121345,False,left_S1,1,0.8,left_S1,0.8,left_S1,32.328881184873666
pr_Agency_EBCI,test,03_23 Artem,01_calib,test/03_23 Artem/01_calib,C:\Users\hodor\Documents\lab-Shishkin\projects\BCI_classifier\data\pr_Agency_EBCI\trans\test\03_23 Artem\EPOCHS_01_calib.hdf,"MATRIX_[10, 14]_robust_concat_01_calib.hdf","C:\Users\hodor\Documents\lab-Shishkin\projects\BCI_classifier\data\pr_Agency_EBCI\features\csp\test\03_23 Artem\MATRIX_[10, 14]_robust_concat_01_calib.hdf","[10, 14]",52,53,-4,last5,0.6809298455666403,0.181,0.758,0.011661789092559216,1.3704431353030129,1.362,1.0233235781851184,0.10935080716990209,0.14659654282651496,0.4821428571428571,0.4821428571428571,0.16207351776967632,0.2172770188321561,0.37935053660183243,0.15105756746861196,0.15326773848235767,18.29662353687058,0.0,0.06866244712493166,0.287547706744189,0.5198783387594956,0.0,0.0,81.70337646312942,53.29755345471491,-23.627218019386607,13.5480998032573,0.636922455389321,0.11991452995589601,-0.7615446745439789,0.00025890745668830177,,98.8754562554173,False,102.96011205008928,False,71.60530322861815,False,93.035831651369,False,45.842209286180704,False,40.580730562359676,False,51.82991398925723,False,,0,,,0.0,right_S1,40.580730562359676
pr_Agency_EBCI,test,03_23 Artem,01_calib,test/03_23 Artem/01_calib,C:\Users\hodor\Documents\lab-Shishkin\projects\BCI_classifier\data\pr_Agency_EBCI\trans\test\03_23 Artem\EPOCHS_01_calib.hdf,"MATRIX_[10, 14]_robust_concat_01_calib.hdf","C:\Users\hodor\Documents\lab-Shishkin\projects\BCI_classifier\data\pr_Agency_EBCI\features\csp\test\03_23 Artem\MATRIX_[10, 14]_robust_concat_01_calib.hdf","[10, 14]",53,54,-3,last5,0.7021826397038635,0.202,0.858,0.021252794137223252,1.4211722576628765,1.404,1.0425055882744465,0.1742314195773052,0.13158835853274498,0.4642857142857143,0.4642857142857143,0.25512457866676835,0.19268295356580517,0.4478075322325735,0.19933404064833218,0.1431164211571879,18.217586890675854,0.0,0.09045712151097986,0.38421886265554805,0.6364116415814078,0.0,0.0,81.78241310932415,-57.275206324746975,-4.464994489710393,51.58278629241809,0.07358913921869162,0.6176056047483551,0.7830376463315608,0.00013449428122300347,,29.219216645660584,True,29.75806616619946,True,57.654020963222784,False,29.816870161918953,True,95.40121766596909,False,102.50744931227875,False,85.4626752133608,False,left_M1;left_S1;left_PMd,3,1;0.8;0.6,left_M1,1.0,left_M1,29.219216645660584
pr_Agency_EBCI,test,03_23 Artem,01_calib,test/03_23 Artem/01_calib,C:\Users\hodor\Documents\lab-Shishkin\projects\BCI_classifier\data\pr_Agency_EBCI\trans\test\03_23 Artem\EPOCHS_01_calib.hdf,"MATRIX_[10, 14]_robust_concat_01_calib.hdf","C:\Users\hodor\Documents\lab-Shishkin\projects\BCI_classifier\data\pr_Agency_EBCI\features\csp\test\03_23 Artem\MATRIX_[10, 14]_robust_concat_01_calib.hdf","[10, 14]",54,55,-2,last5,0.7150894666742609,0.215,0.92,0.012906826970397356,1.4410998711945417,1.43,1.0258136539407947,0.2489182634951178,0.12140761574680857,0.5,0.5,0.3733773952426767,0.18211142362021285,0.5554888188628896,0.22099067870075806,0.10577489015468276,18.195708181188035,0.0,0.11943009605552125,0.5110497133538584,0.8005148653133183,0.0,0.0,81.80429181881196,-30.291126864691748,-21.148390306877285,76.48571591226708,-0.9433939364748746,-0.14088163213104882,0.30026695847284335,8.914767595334857e-05,,21.456641553492673,True,28.54818712272947,True,38.584294582269976,False,24.449825897339423,True,69.44285229791961,False,76.83689414117798,False,63.169614493486385,False,left_M1;left_S1;left_PMd,3,1;0.8;0.6,left_M1,1.0,left_M1,21.456641553492673
pr_Agency_EBCI,test,03_23 Artem,01_calib,test/03_23 Artem/01_calib,C:\Users\hodor\Documents\lab-Shishkin\projects\BCI_classifier\data\pr_Agency_EBCI\trans\test\03_23 Artem\EPOCHS_01_calib.hdf,"MATRIX_[10, 14]_robust_concat_01_calib.hdf","C:\Users\hodor\Documents\lab-Shishkin\projects\BCI_classifier\data\pr_Agency_EBCI\features\csp\test\03_23 Artem\MATRIX_[10, 14]_robust_concat_01_calib.hdf","[10, 14]",55,56,-1,last5,0.745892688950087,0.246,1.077,0.030803222275826103,1.522310370719413,1.492,1.0616064445516522,0.2662119009332739,0.2026968099826443,0.5,0.5,0.39931785139991083,0.30404521497396647,0.7033630663738772,0.33779830044157194,0.2248776924111286,61.43865973702041,0.7287731947404081,0.1730273143279738,0.7575220224846657,1.07073689032196,0.7647874862240008,0.8119033240878571,38.56134026297959,-66.50171278600915,-16.92035085271455,41.06756926142729,-0.26657582020149395,0.16084458214646954,0.9502980335021368,0.00021178523544160142,,34.69082591537891,True,29.848437029731706,True,69.4869705551753,False,42.24845600201429,False,103.8253343065961,False,109.83267701903381,False,96.08914541501116,False,left_M1;left_S1,2,1;0.8,left_M1,1.0,left_S1,29.848437029731706
pr_Agency_EBCI,test,03_23 Artem,01_calib,test/03_23 Artem/01_calib,C:\Users\hodor\Documents\lab-Shishkin\projects\BCI_classifier\data\pr_Agency_EBCI\trans\test\03_23 Artem\EPOCHS_01_calib.hdf,"MATRIX_[8, 15]_robust_concat_01_calib.hdf","C:\Users\hodor\Documents\lab-Shishkin\projects\BCI_classifier\data\pr_Agency_EBCI\features\csp\test\03_23 Artem\MATRIX_[8, 15]_robust_concat_01_calib.hdf","[8, 15]",0,1,0,first5,0.353124043184265,0.147,0.605,0.0011101521822043936,1.294652769483136,1.294,1.0022203043644087,0.09974118223980655,0.39082505897459086,0.5535714285714286,0.5535714285714286,0.15495505097969947,0.607174645192668,0.7621296961723674,0.04663515467521295,0.2579964767617474,37.985576020657106,0.25971152041314216,0.11203306533733799,0.46108846618428223,0.9866933218548964,0.25612641761554156,0.2566950962184137,62.014423979342894,21.285424806534543,-68.37807258624318,24.600850644017772,0.9191537855629972,-0.3054975067041406,0.24865154711516566,0.0002606196639370629,,78.97429836354529,False,78.9217006520381,False,73.88908191656239,False,84.02661083174485,False,56.31907873778918,False,51.50420823886245,False,68.38496727744798,False,,0,,,0.0,right_S1,51.50420823886245
pr_Agency_EBCI,test,03_23 Artem,01_calib,test/03_23 Artem/01_calib,C:\Users\hodor\Documents\lab-Shishkin\projects\BCI_classifier\data\pr_Agency_EBCI\trans\test\03_23 Artem\EPOCHS_01_calib.hdf,"MATRIX_[8, 15]_robust_concat_01_calib.hdf","C:\Users\hodor\Documents\lab-Shishkin\projects\BCI_classifier\data\pr_Agency_EBCI\features\csp\test\03_23 Artem\MATRIX_[8, 15]_robust_concat_01_calib.hdf","[8, 15]",1,2,1,first5,0.3542341953664694,0.146,0.6,0.012334098638014768,1.2992031136046005,1.292,1.0246681972760294,0.06678598553085877,0.08104432479227877,0.4821428571428571,0.4821428571428571,0.09898637141180854,0.12011926710284175,0.21910563851465029,0.13976242415570972,0.14942468870044318,27.664806506331175,0.0,0.03198942322313894,0.13146338310879016,0.2846627277665577,0.0,0.0,72.33519349366883,46.47381048678731,45.49829355453117,-54.97968732979956,-0.11098860101793057,0.29520580828327597,-0.9489652581627528,0.0006472623800366983,,154.75281329598621,False,158.0261401568734,False,132.5756352024374,False,143.961477005096,False,131.36287341910955,False,131.01397181636594,False,124.57865020527633,False,,0,,,0.0,right_PMd,124.57865020527633
pr_Agency_EBCI,test,03_23 Artem,01_calib,test/03_23 Artem/01_calib,C:\Users\hodor\Documents\lab-Shishkin\projects\BCI_classifier\data\pr_Agency_EBCI\trans\test\03_23 Artem\EPOCHS_01_calib.hdf,"MATRIX_[8, 15]_robust_concat_01_calib.hdf","C:\Users\hodor\Documents\lab-Shishkin\projects\BCI_classifier\data\pr_Agency_EBCI\features\csp\test\03_23 Artem\MATRIX_[8, 15]_robust_concat_01_calib.hdf","[8, 15]",2,3,2,first5,0.36656829400448415,0.133,0.547,0.00781545778351972,1.2701578235408324,1.266,1.0156309155670393,0.6366051995816003,0.35810575424766744,0.5357142857142857,0.5357142857142857,0.9776436993574575,0.5499481225946321,1.5275918219520896,0.22402655053633402,0.13697725308538153,55.178769326178845,0.6035753865235769,0.20316971231962794,0.835592726607793,1.940282703829441,1.1672732996713941,1.1855188500622171,44.821230673821155,17.32041377780382,-62.05117610947751,-1.18757208804106,-0.533106933017855,-0.3527541222339201,0.7690003427926887,0.0006654277477553608,,86.95617821682123,False,85.87844435823907,False,83.33606522008976,False,90.80687168454817,False,71.18453024409044,False,66.8227333376907,False,79.41033687134167,False,,0,,,0.0,right_S1,66.8227333376907
pr_Agency_EBCI,test,03_23 Artem,01_calib,test/03_23 Artem/01_calib,C:\Users\hodor\Documents\lab-Shishkin\projects\BCI_classifier\data\pr_Agency_EBCI\trans\test\03_23 Artem\EPOCHS_01_calib.hdf,"MATRIX_[8, 15]_robust_concat_01_calib.hdf","C:\Users\hodor\Documents\lab-Shishkin\projects\BCI_classifier\data\pr_Agency_EBCI\features\csp\test\03_23 Artem\MATRIX_[8, 15]_robust_concat_01_calib.hdf","[8, 15]",3,4,3,first5,0.37438375178800387,0.126,0.513,0.005252542069223098,1.2546472812028884,1.252,1.0105050841384462,0.05641718955931306,0.15555494488891577,0.5357142857142857,0.5357142857142857,0.08664068396608791,0.23888795107940636,0.3255286350454943,0.07376798163964554,0.3234301610437248,38.31550383502514,0.26631007670050283,0.04101660801573228,0.16699618977833858,0.4084236169135167,0.10853782782050382,0.10967802683396241,61.68449616497486,30.572066067847565,-77.02059985156333,19.104570823052637,-0.9486513451419561,-0.20829056168818877,0.23806651858666703,0.00020024772954646406,,92.75934822600145,False,92.51892154847262,False,86.553054468295,False,97.75378673727715,False,64.82221200747895,False,58.511911138622345,False,78.30537288001466,False,,0,,,0.0,right_S1,58.511911138622345
pr_Agency_EBCI,test,03_23 Artem,01_calib,test/03_23 Artem/01_calib,C:\Users\hodor\Documents\lab-Shishkin\projects\BCI_classifier\data\pr_Agency_EBCI\trans\test\03_23 Artem\EPOCHS_01_calib.hdf,"MATRIX_[8, 15]_robust_concat_01_calib.hdf","C:\Users\hodor\Documents\lab-Shishkin\projects\BCI_classifier\data\pr_Agency_EBCI\features\csp\test\03_23 Artem\MATRIX_[8, 15]_robust_concat_01_calib.hdf","[8, 15]",4,5,4,first5,0.37963629385722697,0.12,0.491,0.0052058286636913476,1.2424987977585717,1.24,1.0104116573273827,0.10731276521109805,0.15807847852739731,0.6964285714285714,0.6964285714285714,0.18204844098311276,0.26816884750183473,0.45021728848494746,0.07790131741940198,0.10687138913001376,39.193123770779145,0.2838624754155829,0.05402607461819369,0.2210566886461092,0.5593944396726713,0.15847174454044372,0.16012169804067136,60.806876229220855,25.38855201922219,-58.7174027812274,3.9119997891850127,0.3025424188008311,0.17241059193391395,-0.9374127546684756,0.0005348777328406924,,87.67560744501624,False,87.62626278703209,False,79.68196092238215,False,90.19840462859811,False,63.490634349363624,False,58.42161578382334,False,72.74774478560434,False,,0,,,0.0,right_S1,58.42161578382334
pr_Agency_EBCI,test,03_23 Artem,01_calib,test/03_23 Artem/01_calib,C:\Users\hodor\Documents\lab-Shishkin\projects\BCI_classifier\data\pr_Agency_EBCI\trans\test\03_23 Artem\EPOCHS_01_calib.hdf,"MATRIX_[8, 15]_robust_concat_01_calib.hdf","C:\Users\hodor\Documents\lab-Shishkin\projects\BCI_classifier\data\pr_Agency_EBCI\features\csp\test\03_23 Artem\MATRIX_[8, 15]_robust_concat_01_calib.hdf","[8, 15]",51,52,-5,last5,0.6432081612944567,0.143,0.589,0.013312467298953079,1.2936147312950013,1.286,1.0266249345979062,0.2403759266815772,0.5817035289587627,0.5,0.5,0.3605638900223658,0.872555293438144,1.2331191834605097,0.11312560977652172,0.2851828595222603,20.275762191743002,0.0,0.17633604323485289,0.7263071990582401,1.5951811411669787,0.0,0.0,79.724237808257,3.902377183443157,-42.03992017034738,47.655414484852216,0.17703990113514922,-0.9658956146840025,-0.1889511443211436,0.0002123302820162682,,44.578812591430534,False,47.65357627815411,False,37.69767689191305,False,47.39314235812932,False,37.753519274977144,False,40.19034666781816,False,42.532854336762746,False,,0,,,0.0,SMA,37.69767689191305
pr_Agency_EBCI,test,03_23 Artem,01_calib,test/03_23 Artem/01_calib,C:\Users\hodor\Documents\lab-Shishkin\projects\BCI_classifier\data\pr_Agency_EBCI\trans\test\03_23 Artem\EPOCHS_01_calib.hdf,"MATRIX_[8, 15]_robust_concat_01_calib.hdf","C:\Users\hodor\Documents\lab-Shishkin\projects\BCI_classifier\data\pr_Agency_EBCI\features\csp\test\03_23 Artem\MATRIX_[8, 15]_robust_concat_01_calib.hdf","[8, 15]",52,53,-4,last5,0.6530289880892255,0.153,0.632,0.009820826794768811,1.3120103459983985,1.306,1.0196416535895376,0.12141450801878642,0.1550373987578059,0.5535714285714286,0.5535714285714286,0.18862611067204318,0.24086167307016274,0.4294877837422059,0.1232395195308359,0.1776414709897183,46.10897642517982,0.4221795285035964,0.06571163091255751,0.27143627932507414,0.5634924157496969,0.23680516075007085,0.24145640568573853,53.89102357482018,-42.47547935469296,-40.761885744406015,51.25710118556508,-0.8397224647141,0.5193071420336285,-0.15870184147432553,0.00016595527736814876,,18.584610185461102,True,10.79797036673455,True,55.2993827392295,False,36.12998407474911,False,80.38567510956993,False,85.16147424527887,False,77.86288870166092,False,left_M1;left_S1,2,1;0.8,left_M1,1.0,left_S1,10.79797036673455
pr_Agency_EBCI,test,03_23 Artem,01_calib,test/03_23 Artem/01_calib,C:\Users\hodor\Documents\lab-Shishkin\projects\BCI_classifier\data\pr_Agency_EBCI\trans\test\03_23 Artem\EPOCHS_01_calib.hdf,"MATRIX_[8, 15]_robust_concat_01_calib.hdf","C:\Users\hodor\Documents\lab-Shishkin\projects\BCI_classifier\data\pr_Agency_EBCI\features\csp\test\03_23 Artem\MATRIX_[8, 15]_robust_concat_01_calib.hdf","[8, 15]",53,54,-3,last5,0.6561921250048718,0.156,0.646,0.003163136915646292,1.3139737974353634,1.312,1.0063262738312926,0.07680932655247524,0.27616502677646215,0.5178571428571428,0.5178571428571428,0.11658558494572134,0.41917905849998716,0.5357646434457085,0.07102234296599905,0.31142468587334404,26.93061348879237,0.0,0.08357928437753052,0.3461039596659277,0.7039807030799611,0.0,0.0,73.06938651120763,-62.248249763672874,38.3410949697308,43.276584228241305,-0.41707588342969554,-0.8956059173308367,0.15471828690665365,7.316910088328677e-05,,68.82781448355153,False,71.80943435845188,False,77.83158917652497,False,59.011227777174454,False,117.05133921724723,False,124.9571959639694,False,102.24543499492252,False,,0,,,0.0,left_PMd,59.011227777174454
pr_Agency_EBCI,test,03_23 Artem,01_calib,test/03_23 Artem/01_calib,C:\Users\hodor\Documents\lab-Shishkin\projects\BCI_classifier\data\pr_Agency_EBCI\trans\test\03_23 Artem\EPOCHS_01_calib.hdf,"MATRIX_[8, 15]_robust_concat_01_calib.hdf","C:\Users\hodor\Documents\lab-Shishkin\projects\BCI_classifier\data\pr_Agency_EBCI\features\csp\test\03_23 Artem\MATRIX_[8, 15]_robust_concat_01_calib.hdf","[8, 15]",54,55,-2,last5,0.6705861295776633,0.171,0.711,0.014394004572791497,1.3518454991277893,1.342,1.028788009145583,0.15883312615160952,0.2522844721657783,0.5357142857142857,0.5357142857142857,0.24392230087568603,0.38743686796887383,0.6313591688445599,0.09802919975320906,0.16909377663327568,33.848183389517644,0.0,0.10796241787241975,0.44889636904848207,0.8535000507355802,0.0,0.0,66.15181661048236,-68.31713959523047,-26.65505745292571,42.96950457245405,-0.6419406546050991,0.7143174245714021,0.2786804853570775,0.00012338503997486627,,34.94625377323363,True,28.02374573080843,True,72.93681343228087,False,46.29553676976384,False,105.16134629461736,False,110.736668618772,False,98.96866352268464,False,left_M1;left_S1,2,1;0.8,left_M1,1.0,left_S1,28.02374573080843
pr_Agency_EBCI,test,03_23 Artem,01_calib,test/03_23 Artem/01_calib,C:\Users\hodor\Documents\lab-Shishkin\projects\BCI_classifier\data\pr_Agency_EBCI\trans\test\03_23 Artem\EPOCHS_01_calib.hdf,"MATRIX_[8, 15]_robust_concat_01_calib.hdf","C:\Users\hodor\Documents\lab-Shishkin\projects\BCI_classifier\data\pr_Agency_EBCI\features\csp\test\03_23 Artem\MATRIX_[8, 15]_robust_concat_01_calib.hdf","[8, 15]",55,56,-1,last5,0.7087602020754609,0.209,0.889,0.038174072497797584,1.4499135246081587,1.418,1.0763481449955952,0.6613606341310245,0.08552593373065212,0.5892857142857143,0.5892857142857143,1.0510910078153783,0.13592514467907213,1.1870161524944505,0.45364188959440094,0.046015693383167584,50.758380215267294,0.5151676043053459,0.24808637587134014,1.0552573595675665,1.7210707734300443,0.8671243953891828,0.933327734457574,49.241619784732706,-22.957415262977797,-29.002312703938994,46.66620388661088,-0.8242275320280802,-0.5295377614396979,0.20059594875354267,0.0004898157746022818,,16.800354130098324,True,19.800626110974303,True,34.41808012696922,True,23.529652560766902,True,59.900915658823735,False,65.18366788212265,False,55.90058192079862,False,left_M1;left_S1;SMA;left_PMd,4,1;0.8;0.7;0.6,left_M1,1.0,left_M1,16.800354130098324
pr_Agency_EBCI,test,03_30 Artem,01_calib,test/03_30 Artem/01_calib,C:\Users\hodor\Documents\lab-Shishkin\projects\BCI_classifier\data\pr_Agency_EBCI\trans\test\03_30 Artem\EPOCHS_01_calib.hdf,"MATRIX_[8, 12]_robust_concat_01_calib.hdf","C:\Users\hodor\Documents\lab-Shishkin\projects\BCI_classifier\data\pr_Agency_EBCI\features\csp\test\03_30 Artem\MATRIX_[8, 12]_robust_concat_01_calib.hdf","[8, 12]",0,1,0,first5,0.19917362653607323,0.301,1.391,0.01099756356110107,1.6152410665275656,1.6019999999999999,1.021995127122202,0.8620041583927434,0.2776702497513497,0.5,0.5,1.2930062375891151,0.4165053746270245,1.7095116122161396,0.31298447939200774,0.09201733105305071,34.90671125280805,0.0,0.514562995277058,2.3779306525926502,2.7612733597572556,0.0,0.0,65.09328874719195,-8.424283014610069,-47.1350486613554,42.14158190575194,-0.9145041348277739,-0.31326806269090257,0.25601817959042167,0.00037402530309640675,,38.57079719031727,False,38.963150168216856,False,44.88374089950946,False,45.900070602273814,False,51.96925196691249,False,54.16093257584759,False,55.22984862309554,False,,0,,,0.0,left_M1,38.57079719031727
pr_Agency_EBCI,test,03_30 Artem,01_calib,test/03_30 Artem/01_calib,C:\Users\hodor\Documents\lab-Shishkin\projects\BCI_classifier\data\pr_Agency_EBCI\trans\test\03_30 Artem\EPOCHS_01_calib.hdf,"MATRIX_[8, 12]_robust_concat_01_calib.hdf","C:\Users\hodor\Documents\lab-Shishkin\projects\BCI_classifier\data\pr_Agency_EBCI\features\csp\test\03_30 Artem\MATRIX_[8, 12]_robust_concat_01_calib.hdf","[8, 12]",1,2,1,first5,0.2101711900971743,0.29,1.324,0.017725546211125598,1.6005616336049058,1.58,1.0354510924222513,0.07463808411551362,0.2592901951751353,0.5714285714285714,0.5714285714285714,0.11728841789580711,0.4074560209894983,0.5247444388853054,0.043219940006929136,0.2915983826437271,33.01782340601368,0.0,0.15217588727673856,0.6947616370841444,0.839885816327354,0.0,0.0,66.98217659398631,6.032021196334433,-64.65170167939573,-48.63683114042209,0.3590284246030406,0.14990501020069463,0.92120957346512,0.0009838008608637745,,119.867085083391,False,116.77151738103255,False,121.8516357923551,False,123.75968730159353,False,116.18737897946032,False,112.34859905884275,False,120.99947862283851,False,,0,,,0.0,right_S1,112.34859905884275
pr_Agency_EBCI,test,03_30 Artem,01_calib,test/03_30 Artem/01_calib,C:\Users\hodor\Documents\lab-Shishkin\projects\BCI_classifier\data\pr_Agency_EBCI\trans\test\03_30 Artem\EPOCHS_01_calib.hdf,"MATRIX_[8, 12]_robust_concat_01_calib.hdf","C:\Users\hodor\Documents\lab-Shishkin\projects\BCI_classifier\data\pr_Agency_EBCI\features\csp\test\03_30 Artem\MATRIX_[8, 12]_robust_concat_01_calib.hdf","[8, 12]",2,3,2,first5,0.2278967363082999,0.272,1.22,0.023321420017913347,1.5693737049794898,1.544,1.0466428400358267,0.305322739715014,0.10688771967985486,0.5178571428571428,0.5178571428571428,0.46343630135314623,0.1622402887997797,0.625676590152926,0.3392570615761768,0.086674394034155,26.120753317533257,0.0,0.1701840325215959,0.7633254399865697,0.9819203884072312,0.0,0.0,73.87924668246674,-50.44643061473521,53.42561598751114,-42.965485985631744,0.9570704343693757,0.14844893765254122,-0.24895601331529732,0.00021914500008906847,,126.4815906957379,False,126.6870913767951,False,127.55499032800415,False,118.62173478397447,False,152.51845394392785,False,156.60338267351682,False,140.43189164862062,False,,0,,,0.0,left_PMd,118.62173478397447
pr_Agency_EBCI,test,03_30 Artem,01_calib,test/03_30 Artem/01_calib,C:\Users\hodor\Documents\lab-Shishkin\projects\BCI_classifier\data\pr_Agency_EBCI\trans\test\03_30 Artem\EPOCHS_01_calib.hdf,"MATRIX_[8, 12]_robust_concat_01_calib.hdf","C:\Users\hodor\Documents\lab-Shishkin\projects\BCI_classifier\data\pr_Agency_EBCI\features\csp\test\03_30 Artem\MATRIX_[8, 12]_robust_concat_01_calib.hdf","[8, 12]",3,4,3,first5,0.25121815632621325,0.249,1.092,0.001313611472691656,1.4993083570268009,1.498,1.0026272229453834,0.16939755491773534,0.2055559073782442,0.4821428571428571,0.4821428571428571,0.2510713760387863,0.3046632198641834,0.5557345959029697,0.1258486323134263,0.14280287373520575,28.8127201767437,0.0,0.13837791437983946,0.606862178726043,0.8332175239262346,0.0,0.0,71.1872798232563,-17.73990634545854,-83.10086037481136,5.116041891470361,0.7209903361038128,-0.06146952327644056,-0.690213324236122,0.00011664257448735432,,80.09694070378826,False,74.87562383442756,False,95.16280771870129,False,91.29395348886734,False,94.7104346091401,False,92.66425044552905,False,101.59456409827658,False,,0,,,0.0,left_S1,74.87562383442756
pr_Agency_EBCI,test,03_30 Artem,01_calib,test/03_30 Artem/01_calib,C:\Users\hodor\Documents\lab-Shishkin\projects\BCI_classifier\data\pr_Agency_EBCI\trans\test\03_30 Artem\EPOCHS_01_calib.hdf,"MATRIX_[8, 12]_robust_concat_01_calib.hdf","C:\Users\hodor\Documents\lab-Shishkin\projects\BCI_classifier\data\pr_Agency_EBCI\features\csp\test\03_30 Artem\MATRIX_[8, 12]_robust_concat_01_calib.hdf","[8, 12]",4,5,4,first5,0.2525317677989049,0.247,1.085,0.015418547031361807,1.5092335244669854,1.494,1.0308370940627236,0.22655161586100997,0.13050948993342348,0.625,0.625,0.3681463757741412,0.21207792114181317,0.5802242969159543,0.15978678389062295,0.07081686032475312,56.99167739662854,0.6398335479325707,0.14331540133824072,0.6295433621538105,0.8756939606158444,0.5546429739156702,0.5717465514735364,43.00832260337146,18.782731032862053,-68.98742825593582,12.023432242253705,0.7309657615515474,0.6810830639344758,0.042601824620469346,0.0004890793004239452,,83.42035022854753,False,82.53899638058773,False,80.21254195032182,False,88.5552304492382,False,65.22454724658037,False,60.474681561739956,False,75.75198323632942,False,,0,,,0.0,right_S1,60.474681561739956
pr_Agency_EBCI,test,03_30 Artem,01_calib,test/03_30 Artem/01_calib,C:\Users\hodor\Documents\lab-Shishkin\projects\BCI_classifier\data\pr_Agency_EBCI\trans\test\03_30 Artem\EPOCHS_01_calib.hdf,"MATRIX_[8, 12]_robust_concat_01_calib.hdf","C:\Users\hodor\Documents\lab-Shishkin\projects\BCI_classifier\data\pr_Agency_EBCI\features\csp\test\03_30 Artem\MATRIX_[8, 12]_robust_concat_01_calib.hdf","[8, 12]",51,52,-5,last5,0.6949959350962014,0.195,0.824,0.020497508462476444,1.4059880566007317,1.3900000000000001,1.0409950169249529,0.1145062081375509,0.22392961848645296,0.5178571428571428,0.5178571428571428,0.17380406592306832,0.3398931709169375,0.5136972368400058,0.10547368553488545,0.22942466528276256,24.004372233853353,0.0,0.10017096118380113,0.4232865231561648,0.7222521797058455,0.0,0.0,75.99562776614664,7.86334148360422,-29.55792840751704,31.752027667101114,-0.32326896270636396,0.6382433448984915,-0.6986720335347169,0.0003823754366131536,,50.426654227178204,False,53.81940760355176,False,36.13535916149298,False,48.36204815607241,False,37.55697382522162,False,39.6924081601474,False,38.18629931908295,False,,0,,,0.0,SMA,36.13535916149298
pr_Agency_EBCI,test,03_30 Artem,01_calib,test/03_30 Artem/01_calib,C:\Users\hodor\Documents\lab-Shishkin\projects\BCI_classifier\data\pr_Agency_EBCI\trans\test\03_30 Artem\EPOCHS_01_calib.hdf,"MATRIX_[8, 12]_robust_concat_01_calib.hdf","C:\Users\hodor\Documents\lab-Shishkin\projects\BCI_classifier\data\pr_Agency_EBCI\features\csp\test\03_30 Artem\MATRIX_[8, 12]_robust_concat_01_calib.hdf","[8, 12]",52,53,-4,last5,0.6986824956179126,0.199,0.841,0.003686560521711235,1.4009345021752821,1.3980000000000001,1.0073731210434225,0.30645104659269096,0.4701644842014173,0.3928571428571429,0.3928571428571429,0.4268425291826767,0.6548719601376883,1.081714489320365,0.1697548912552695,0.24631767910773844,20.589065017482298,0.0,0.21526118337475264,0.9097218855184269,1.515411149591815,0.0,0.0,79.4109349825177,-6.478477731962164,22.143844556318562,-34.909100826900215,0.4084230396511165,-0.6741217233201046,0.6154271060248118,0.0004894242351404394,,106.13783152399267,False,107.39623306193066,False,97.29412971293212,False,98.16461632647811,False,110.44519036163597,False,112.3491661511654,False,101.79332691539469,False,,0,,,0.0,SMA,97.29412971293212
pr_Agency_EBCI,test,03_30 Artem,01_calib,test/03_30 Artem/01_calib,C:\Users\hodor\Documents\lab-Shishkin\projects\BCI_classifier\data\pr_Agency_EBCI\trans\test\03_30 Artem\EPOCHS_01_calib.hdf,"MATRIX_[8, 12]_robust_concat_01_calib.hdf","C:\Users\hodor\Documents\lab-Shishkin\projects\BCI_classifier\data\pr_Agency_EBCI\features\csp\test\03_30 Artem\MATRIX_[8, 12]_robust_concat_01_calib.hdf","[8, 12]",53,54,-3,last5,0.7058295205975473,0.206,0.875,0.0071470249796347085,1.417889148583219,1.412,1.0142940499592694,0.08976592846294265,0.21374875447877595,0.6785714285714286,0.6785714285714286,0.1506785227770823,0.35879255216080247,0.5094710749378848,0.059354103419419796,0.14595985795011995,33.73378664466774,0.0,0.10495104143720427,0.4457871905706492,0.7223735086714549,0.0,0.0,66.26621335533227,45.569041800174055,-40.66471216272456,0.9714874735525684,0.26371640779936445,0.8088877569027345,0.5255038087305002,0.0004426576858844295,,99.79658512463432,False,101.91163946270416,False,80.81108266128926,False,97.50653579603157,False,58.28736040783902,False,52.253069149543336,False,66.36107173127398,False,,0,,,0.0,right_S1,52.253069149543336
pr_Agency_EBCI,test,03_30 Artem,01_calib,test/03_30 Artem/01_calib,C:\Users\hodor\Documents\lab-Shishkin\projects\BCI_classifier\data\pr_Agency_EBCI\trans\test\03_30 Artem\EPOCHS_01_calib.hdf,"MATRIX_[8, 12]_robust_concat_01_calib.hdf","C:\Users\hodor\Documents\lab-Shishkin\projects\BCI_classifier\data\pr_Agency_EBCI\features\csp\test\03_30 Artem\MATRIX_[8, 12]_robust_concat_01_calib.hdf","[8, 12]",54,55,-2,last5,0.7332861259217482,0.233,1.011,0.02745660532420091,1.4915895561621553,1.466,1.0549132106484018,0.13814998213274932,0.230681661477451,0.5178571428571428,0.5178571428571428,0.2096919371657802,0.3501418075997024,0.5598337447654826,0.15540202204238895,0.2760209778602204,45.96264350773708,0.41925287015474155,0.13044126253035745,0.5659919159579029,0.8350421668793436,0.34408765170732664,0.36298260940704496,54.03735649226292,11.507464386884052,-46.69372442651038,46.90989067257053,-0.5734820618022588,0.36584638355046245,-0.7329902785399532,0.00024649027018378033,,53.428404322065155,False,56.28177674262886,False,43.71946327678909,False,56.04171785250928,False,34.60519493791022,True,35.13380674379874,False,43.032988840298366,False,right_M1,1,1,right_M1,1.0,right_M1,34.60519493791022
pr_Agency_EBCI,test,03_30 Artem,01_calib,test/03_30 Artem/01_calib,C:\Users\hodor\Documents\lab-Shishkin\projects\BCI_classifier\data\pr_Agency_EBCI\trans\test\03_30 Artem\EPOCHS_01_calib.hdf,"MATRIX_[8, 12]_robust_concat_01_calib.hdf","C:\Users\hodor\Documents\lab-Shishkin\projects\BCI_classifier\data\pr_Agency_EBCI\features\csp\test\03_30 Artem\MATRIX_[8, 12]_robust_concat_01_calib.hdf","[8, 12]",55,56,-1,last5,0.7565152417372369,0.257,1.134,0.0232291158154887,1.5378795310583224,1.514,1.0464582316309774,0.6214333069012302,0.7407415737692393,0.5,0.5,0.9321499603518453,1.111112360653859,2.043262321005704,0.15911127675038553,0.19101088887995626,21.394323162480873,0.0,0.525118416498466,2.3170594720204685,3.1422913000573915,0.0,0.0,78.60567683751913,-34.594789828864286,-53.7762662428969,-0.37774176745749405,-0.23326062057185024,0.853973535683693,0.4651007237602706,0.0004058883070275846,,63.77343031224733,False,57.99634304669797,False,82.98995019448688,False,72.92055657237947,False,95.1246558424656,False,95.78883284621163,False,95.87504384175475,False,,0,,,0.0,left_S1,57.99634304669797
pr_Agency_EBCI,test,03_30 Artem,01_calib,test/03_30 Artem/01_calib,C:\Users\hodor\Documents\lab-Shishkin\projects\BCI_classifier\data\pr_Agency_EBCI\trans\test\03_30 Artem\EPOCHS_01_calib.hdf,"MATRIX_[9, 13]_robust_concat_01_calib.hdf","C:\Users\hodor\Documents\lab-Shishkin\projects\BCI_classifier\data\pr_Agency_EBCI\features\csp\test\03_30 Artem\MATRIX_[9, 13]_robust_concat_01_calib.hdf","[9, 13]",0,1,0,first5,0.21913959410070588,0.281,1.271,0.018762167271919428,1.5830886760136376,1.562,1.0375243345438387,0.5523936257046376,0.250011710687271,0.4821428571428571,0.4821428571428571,0.8187262666693735,0.37055307119720526,1.1892793378665787,0.26868371175491096,0.11353196579920878,34.31998185508762,0.0,0.3341874939405086,1.5115740384284213,1.8827346523935775,0.0,0.0,65.68001814491238,-27.401959751243044,-62.3761541367676,11.208143306622219,0.1530166534847583,0.3547112999552459,-0.9223696642021489,0.00030153950033653997,,59.60676076158041,False,54.08598439785609,False,78.22158273951587,False,70.4516445293134,False,86.59588981393563,False,86.7687901638254,False,89.62395722698231,False,,0,,,0.0,left_S1,54.08598439785609
pr_Agency_EBCI,test,03_30 Artem,01_calib,test/03_30 Artem/01_calib,C:\Users\hodor\Documents\lab-Shishkin\projects\BCI_classifier\data\pr_Agency_EBCI\trans\test\03_30 Artem\EPOCHS_01_calib.hdf,"MATRIX_[9, 13]_robust_concat_01_calib.hdf","C:\Users\hodor\Documents\lab-Shishkin\projects\BCI_classifier\data\pr_Agency_EBCI\features\csp\test\03_30 Artem\MATRIX_[9, 13]_robust_concat_01_calib.hdf","[9, 13]",1,2,1,first5,0.2379017613726253,0.262,1.164,0.005232142128327788,1.5294832849504876,1.524,1.0104642842566556,0.45224785551793856,0.14380565175846902,0.4642857142857143,0.4642857142857143,0.6622200741512673,0.2105725615034725,0.8727926356547397,0.37592687790759494,0.1155122441075401,31.487908451871043,0.0,0.22867167054154183,1.015930627902117,1.3349217474618054,0.0,0.0,68.51209154812895,-19.58660797817967,-46.941404916591566,60.19574506755055,-0.8749977818315045,-0.14411599639391404,0.46217903605998445,0.00018007028729924942,,28.518621528412652,True,29.26673161943423,True,45.438476482347774,False,40.060235382017495,False,60.280870288497944,False,64.39791704720096,False,61.6321551823297,False,left_M1;left_S1,2,1;0.8,left_M1,1.0,left_M1,28.518621528412652
pr_Agency_EBCI,test,03_30 Artem,01_calib,test/03_30 Artem/01_calib,C:\Users\hodor\Documents\lab-Shishkin\projects\BCI_classifier\data\pr_Agency_EBCI\trans\test\03_30 Artem\EPOCHS_01_calib.hdf,"MATRIX_[9, 13]_robust_concat_01_calib.hdf","C:\Users\hodor\Documents\lab-Shishkin\projects\BCI_classifier\data\pr_Agency_EBCI\features\csp\test\03_30 Artem\MATRIX_[9, 13]_robust_concat_01_calib.hdf","[9, 13]",2,3,2,first5,0.2431339035009531,0.257,1.136,0.009902737389874738,1.5241800140367912,1.514,1.0198054747797496,0.1844537359127344,0.18100758944966777,0.5,0.5,0.2766806038691016,0.27151138417450166,0.5481919880436033,0.10355260673577898,0.17371392310589984,22.673941493545215,0.0,0.14088534092720603,0.6227460984175333,0.8355432720311556,0.0,0.0,77.32605850645479,-43.1204305005603,45.290354336163965,-57.53205000526449,-0.9280709240754237,-0.15012212804667674,-0.3408044990262401,0.0003298367814793505,,133.19677215661926,False,132.91787990683372,False,133.55795203918726,False,126.32503972765677,False,154.76020840326828,False,157.83344107958112,False,144.1787220024398,False,,0,,,0.0,left_PMd,126.32503972765677
pr_Agency_EBCI,test,03_30 Artem,01_calib,test/03_30 Artem/01_calib,C:\Users\hodor\Documents\lab-Shishkin\projects\BCI_classifier\data\pr_Agency_EBCI\trans\test\03_30 Artem\EPOCHS_01_calib.hdf,"MATRIX_[9, 13]_robust_concat_01_calib.hdf","C:\Users\hodor\Documents\lab-Shishkin\projects\BCI_classifier\data\pr_Agency_EBCI\features\csp\test\03_30 Artem\MATRIX_[9, 13]_robust_concat_01_calib.hdf","[9, 13]",3,4,3,first5,0.25303664089082784,0.247,1.082,0.015219805039609124,1.5090371673791338,1.494,1.0304396100792181,0.4349914806226457,0.1465438179728723,0.5178571428571428,0.5178571428571428,0.6602549259450872,0.22243258085168116,0.8826875067967683,0.2529916413955512,0.0783339386400378,48.39263438834567,0.4678526877669134,0.21802381417880176,0.9550678823541034,1.3320082549375452,0.6169737774346368,0.6357542186488493,51.60736561165433,18.034392737499328,-56.64383470944741,25.911216397865726,0.7354160373513751,0.5639079899984645,0.3757273357400183,0.00054358499302583,,69.93332854729644,False,70.67281563107315,False,62.60772594938104,False,73.42154226524008,False,47.89277489876949,False,44.32684163488044,False,58.05920152746256,False,,0,,,0.0,right_S1,44.32684163488044
pr_Agency_EBCI,test,03_30 Artem,01_calib,test/03_30 Artem/01_calib,C:\Users\hodor\Documents\lab-Shishkin\projects\BCI_classifier\data\pr_Agency_EBCI\trans\test\03_30 Artem\EPOCHS_01_calib.hdf,"MATRIX_[9, 13]_robust_concat_01_calib.hdf","C:\Users\hodor\Documents\lab-Shishkin\projects\BCI_classifier\data\pr_Agency_EBCI\features\csp\test\03_30 Artem\MATRIX_[9, 13]_robust_concat_01_calib.hdf","[9, 13]",4,5,4,first5,0.26825644593043696,0.232,1.003,0.020719459733071877,1.4832276586322908,1.464,1.0414389194661438,0.309054334673314,0.25695012542693335,0.5357142857142857,0.5357142857142857,0.47461915681973216,0.39460197833421906,0.8692211351539512,0.20187893306285265,0.17871617705790788,41.38861808668737,0.32777236173374746,0.2016593033557167,0.871828798559413,1.289252829128097,0.41710335659127046,0.43438766899411435,58.61138191331263,-4.413990562454344,-76.82672649093995,19.90497475916565,-0.809721157218549,-0.30653493714602076,0.5003878294498568,0.00024609589896629414,,71.35257438294549,False,68.08480788330361,False,80.54278022397573,False,81.21741788423907,False,75.6756533639928,False,73.32865387417588,False,84.20591375181438,False,,0,,,0.0,left_S1,68.08480788330361
pr_Agency_EBCI,test,03_30 Artem,01_calib,test/03_30 Artem/01_calib,C:\Users\hodor\Documents\lab-Shishkin\projects\BCI_classifier\data\pr_Agency_EBCI\trans\test\03_30 Artem\EPOCHS_01_calib.hdf,"MATRIX_[9, 13]_robust_concat_01_calib.hdf","C:\Users\hodor\Documents\lab-Shishkin\projects\BCI_classifier\data\pr_Agency_EBCI\features\csp\test\03_30 Artem\MATRIX_[9, 13]_robust_concat_01_calib.hdf","[9, 13]",51,52,-5,last5,0.6959135489203327,0.196,0.828,0.011408294521703666,1.4009441029050156,1.392,1.0228165890434073,0.14634051150336458,0.16039284887143865,0.5535714285714286,0.5535714285714286,0.22735043751415568,0.2491817473538422,0.47653218486799787,0.09971395716079684,0.1323699289838902,35.18057400620131,0.20361148012402625,0.09340030823412758,0.3945686490707022,0.6675949542352643,0.1350621734948911,0.13814383160283342,64.81942599379869,16.724377073855884,-83.01722185488826,-9.009067385178124,-0.38250030370430127,-0.35850290016888814,0.8515686632542402,0.00031169303454978424,,102.41616696394115,False,99.90738000334139,False,103.44840435011521,False,108.87622477731583,False,89.89305288480654,False,84.6864170379422,False,99.90446481258354,False,,0,,,0.0,right_S1,84.6864170379422
pr_Agency_EBCI,test,03_30 Artem,01_calib,test/03_30 Artem/01_calib,C:\Users\hodor\Documents\lab-Shishkin\projects\BCI_classifier\data\pr_Agency_EBCI\trans\test\03_30 Artem\EPOCHS_01_calib.hdf,"MATRIX_[9, 13]_robust_concat_01_calib.hdf","C:\Users\hodor\Documents\lab-Shishkin\projects\BCI_classifier\data\pr_Agency_EBCI\features\csp\test\03_30 Artem\MATRIX_[9, 13]_robust_concat_01_calib.hdf","[9, 13]",52,53,-4,last5,0.6981244675833458,0.198,0.838,0.0022109186630130395,1.3977510475811064,1.396,1.004421837326026,0.13921972114317016,0.2785321255474297,0.4642857142857143,0.4642857142857143,0.2038574488167849,0.4078506124087363,0.6117080612255212,0.13876770045768416,0.27547673714046245,27.045195971153436,0.0,0.1211181961226532,0.5126113553069868,0.8550155833917799,0.0,0.0,72.95480402884657,31.316198590177375,-40.177254675695465,56.0814343822477,0.684492652853306,0.4149274991682744,-0.5994205357041125,0.00011274320024194107,,69.23280142413076,False,74.13163693771294,False,46.39471872246233,False,67.48180321547831,False,16.841858449932992,True,15.30941644593571,True,32.34779008081807,True,right_M1;right_S1;right_PMd,3,1;0.8;0.6,right_M1,1.0,right_S1,15.30941644593571
pr_Agency_EBCI,test,03_30 Artem,01_calib,test/03_30 Artem/01_calib,C:\Users\hodor\Documents\lab-Shishkin\projects\BCI_classifier\data\pr_Agency_EBCI\trans\test\03_30 Artem\EPOCHS_01_calib.hdf,"MATRIX_[9, 13]_robust_concat_01_calib.hdf","C:\Users\hodor\Documents\lab-Shishkin\projects\BCI_classifier\data\pr_Agency_EBCI\features\csp\test\03_30 Artem\MATRIX_[9, 13]_robust_concat_01_calib.hdf","[9, 13]",53,54,-3,last5,0.7137241297621452,0.214,0.914,0.015599662178799378,1.4413533108250522,1.428,1.0311993243575988,0.23499913380353235,0.28163464466139726,0.4642857142857143,0.4642857142857143,0.34410587449802954,0.41239358682561744,0.756499461323647,0.19817761707472079,0.23901172804535886,34.71607781465556,0.0,0.16189088472326046,0.6914405076498134,1.0903830032162072,0.0,0.0,65.28392218534444,43.979226454711466,-37.696487545987154,16.536581868661358,0.5144449065805862,0.7659540526571031,0.3855655940452308,0.0003815911606328163,,90.23099138322856,False,93.32372328542324,False,68.24994304350689,False,87.29405354430777,False,42.52791079422802,False,36.342912424057644,False,51.909328846256415,False,,0,,,0.0,right_S1,36.342912424057644
pr_Agency_EBCI,test,03_30 Artem,01_calib,test/03_30 Artem/01_calib,C:\Users\hodor\Documents\lab-Shishkin\projects\BCI_classifier\data\pr_Agency_EBCI\trans\test\03_30 Artem\EPOCHS_01_calib.hdf,"MATRIX_[9, 13]_robust_concat_01_calib.hdf","C:\Users\hodor\Documents\lab-Shishkin\projects\BCI_classifier\data\pr_Agency_EBCI\features\csp\test\03_30 Artem\MATRIX_[9, 13]_robust_concat_01_calib.hdf","[9, 13]",54,55,-2,last5,0.7329997582295841,0.233,1.01,0.01927562846743891,1.4839648857316532,1.466,1.0385512569348778,0.10112896721971949,0.2836856791211557,0.5892857142857143,0.5892857142857143,0.1607228229027685,0.4508575971746939,0.6115804200774624,0.08075976075622494,0.19906731062154154,35.94417448100281,0.21888348962005624,0.14249823787804874,0.617696224278237,0.9075638681959679,0.19624587967276724,0.20381140500244319,64.05582551899718,51.231839164465164,-39.1199873718965,-21.17789851907517,-0.019306548988862048,0.855310307443673,0.5177562507075605,0.00046226063739749767,,117.44971605739238,False,118.87116906685284,False,99.95386196433421,False,114.90241934455226,False,80.10649762833917,False,74.3196195879,False,86.39791655364868,False,,0,,,0.0,right_S1,74.3196195879
pr_Agency_EBCI,test,03_30 Artem,01_calib,test/03_30 Artem/01_calib,C:\Users\hodor\Documents\lab-Shishkin\projects\BCI_classifier\data\pr_Agency_EBCI\trans\test\03_30 Artem\EPOCHS_01_calib.hdf,"MATRIX_[9, 13]_robust_concat_01_calib.hdf","C:\Users\hodor\Documents\lab-Shishkin\projects\BCI_classifier\data\pr_Agency_EBCI\features\csp\test\03_30 Artem\MATRIX_[9, 13]_robust_concat_01_calib.hdf","[9, 13]",55,56,-1,last5,0.7438591197288915,0.244,1.066,0.01085936149930744,1.498598736823324,1.488,1.0217187229986149,0.5795071466841231,0.6355596647991351,0.5178571428571428,0.5178571428571428,0.8796090619312582,0.9646887769272585,1.8442978388585167,0.16649355061110563,0.19206330352101902,19.495426101540573,0.0,0.4500086726814781,1.966021496223179,2.7638624116393595,0.0,0.0,80.50457389845943,20.706440043917112,-47.544739177386646,24.28974369558835,0.5181673812286254,-0.7483559421496059,-0.41408447070621257,0.0003288743342080977,,69.10510429973324,False,70.76562583797364,False,57.368139177757406,False,70.29682818769784,False,42.35313534973469,False,39.103604346172595,False,51.21057281784684,False,,0,,,0.0,right_S1,39.103604346172595
pr_Agency_EBCI,test,03_30 Artem,01_calib,test/03_30 Artem/01_calib,C:\Users\hodor\Documents\lab-Shishkin\projects\BCI_classifier\data\pr_Agency_EBCI\trans\test\03_30 Artem\EPOCHS_01_calib.hdf,"MATRIX_[10, 14]_robust_concat_01_calib.hdf","C:\Users\hodor\Documents\lab-Shishkin\projects\BCI_classifier\data\pr_Agency_EBCI\features\csp\test\03_30 Artem\MATRIX_[10, 14]_robust_concat_01_calib.hdf","[10, 14]",0,1,0,first5,0.22548963335574188,0.275,1.234,0.008465409088777853,1.5593119499976558,1.55,1.0169308181775558,0.20067531322386073,0.2882752365202602,0.4464285714285714,0.4464285714285714,0.29026250662736996,0.41696953853823354,0.7072320451656036,0.11408789964154965,0.2141734632796104,37.45716316963407,0.24914326339268145,0.194488812420541,0.8727243437343548,1.1027953794480074,0.27311325454808005,0.2777372854027141,62.54283683036593,-5.301101925104601,-75.4281427633861,19.338026302982197,0.7896183481124239,0.5598385556772542,-0.2511645992201391,0.0002566637186987239,,70.22376041244776,False,66.91285228285246,False,79.64368712799757,False,80.03683355615021,False,75.46346933238577,False,73.26605574237232,False,83.66372058010933,False,,0,,,0.0,left_S1,66.91285228285246
pr_Agency_EBCI,test,03_30 Artem,01_calib,test/03_30 Artem/01_calib,C:\Users\hodor\Documents\lab-Shishkin\projects\BCI_classifier\data\pr_Agency_EBCI\trans\test\03_30 Artem\EPOCHS_01_calib.hdf,"MATRIX_[10, 14]_robust_concat_01_calib.hdf","C:\Users\hodor\Documents\lab-Shishkin\projects\BCI_classifier\data\pr_Agency_EBCI\features\csp\test\03_30 Artem\MATRIX_[10, 14]_robust_concat_01_calib.hdf","[10, 14]",1,2,1,first5,0.23395504244451973,0.266,1.186,0.01976520862306061,1.5530301819749366,1.532,1.0395304172461213,0.19773243876219496,0.19560076705814905,0.4821428571428571,0.4821428571428571,0.29306772173682466,0.2899082797468995,0.5829760014837242,0.12372895870907084,0.15707539038269644,39.43916649142486,0.28878332982849714,0.15507161639467065,0.6914095377596968,0.9053793256712891,0.25791794640725346,0.268113550443995,60.56083350857514,22.30008200729981,-81.17195215146617,6.290279571097949,0.8325178452743965,0.5514350703939794,0.05322969508895348,0.0002590096849457176,,95.5959621531528,False,94.03429042017497,False,93.92556220023293,False,101.760941115524,False,76.98945493335987,False,71.3865113141092,False,88.64355561404092,False,,0,,,0.0,right_S1,71.3865113141092
pr_Agency_EBCI,test,03_30 Artem,01_calib,test/03_30 Artem/01_calib,C:\Users\hodor\Documents\lab-Shishkin\projects\BCI_classifier\data\pr_Agency_EBCI\trans\test\03_30 Artem\EPOCHS_01_calib.hdf,"MATRIX_[10, 14]_robust_concat_01_calib.hdf","C:\Users\hodor\Documents\lab-Shishkin\projects\BCI_classifier\data\pr_Agency_EBCI\features\csp\test\03_30 Artem\MATRIX_[10, 14]_robust_concat_01_calib.hdf","[10, 14]",2,3,2,first5,0.25372025106758034,0.246,1.079,0.004189588548767775,1.4961225551319874,1.492,1.0083791770975354,0.33191070962114677,0.5184471639642173,0.4821428571428571,0.4821428571428571,0.4919390874741997,0.7684127608755364,1.2603518483497362,0.1454940818481221,0.2513373596367685,31.001476312976646,0.0,0.31004655469403514,1.3599196443693653,1.8856408277183305,0.0,0.0,68.99852368702335,14.017971662255363,-59.21549482209734,-2.0958440931417757,-0.9905444777758866,-0.13562842374390285,0.020653528038576233,0.0006326765056929028,,84.36264378068046,False,83.17402620411461,False,81.48559931639251,False,88.11165617202421,False,71.40355555783766,False,67.54923682576911,False,78.69975303140671,False,,0,,,0.0,right_S1,67.54923682576911
pr_Agency_EBCI,test,03_30 Artem,01_calib,test/03_30 Artem/01_calib,C:\Users\hodor\Documents\lab-Shishkin\projects\BCI_classifier\data\pr_Agency_EBCI\trans\test\03_30 Artem\EPOCHS_01_calib.hdf,"MATRIX_[10, 14]_robust_concat_01_calib.hdf","C:\Users\hodor\Documents\lab-Shishkin\projects\BCI_classifier\data\pr_Agency_EBCI\features\csp\test\03_30 Artem\MATRIX_[10, 14]_robust_concat_01_calib.hdf","[10, 14]",3,4,3,first5,0.2579098396163481,0.242,1.057,0.010116273317809787,1.4937925525716398,1.484,1.0202325466356195,0.39620533665070284,0.13269939056504126,0.5714285714285714,0.5714285714285714,0.6226083861653902,0.20852761374506484,0.8311359999104551,0.23608469792657158,0.06251367641919656,22.490513165945718,0.0,0.2011349119783301,0.878510751905351,1.241544766840421,0.0,0.0,77.50948683405429,74.29864873074304,39.57595157927527,-12.646791480939344,0.4002197639802713,0.3094519683376403,0.862591224052005,0.00015889312753694727,,144.63773889156926,False,150.15124502826632,False,112.19815378214614,False,132.06387349096295,False,101.09930808091006,False,100.31561890739466,False,95.49564400324157,False,,0,,,0.0,right_PMd,95.49564400324157
pr_Agency_EBCI,test,03_30 Artem,01_calib,test/03_30 Artem/01_calib,C:\Users\hodor\Documents\lab-Shishkin\projects\BCI_classifier\data\pr_Agency_EBCI\trans\test\03_30 Artem\EPOCHS_01_calib.hdf,"MATRIX_[10, 14]_robust_concat_01_calib.hdf","C:\Users\hodor\Documents\lab-Shishkin\projects\BCI_classifier\data\pr_Agency_EBCI\features\csp\test\03_30 Artem\MATRIX_[10, 14]_robust_concat_01_calib.hdf","[10, 14]",4,5,4,first5,0.2680261129341579,0.232,1.005,0.017403595246064163,1.4801505363883476,1.464,1.0348071904921283,0.19425289900308967,0.08840086277381948,0.5178571428571428,0.5178571428571428,0.2948481502725468,0.134179880995976,0.4290280312685228,0.1736496974606419,0.07375181987257873,32.24052412607466,0.0,0.09953450325429729,0.4311731714248654,0.6350260706077407,0.0,0.0,67.75947587392534,33.10783906080587,-69.54745380073955,36.00816984032223,-0.5756597226262875,-0.7530402731602169,-0.31866319326933823,0.0001355717937273093,,85.14773772989011,False,86.37665901365672,False,74.95364224375933,False,89.00522645984853,False,49.82578063374527,False,43.57534004624792,False,64.91419230306008,False,,0,,,0.0,right_S1,43.57534004624792
pr_Agency_EBCI,test,03_30 Artem,01_calib,test/03_30 Artem/01_calib,C:\Users\hodor\Documents\lab-Shishkin\projects\BCI_classifier\data\pr_Agency_EBCI\trans\test\03_30 Artem\EPOCHS_01_calib.hdf,"MATRIX_[10, 14]_robust_concat_01_calib.hdf","C:\Users\hodor\Documents\lab-Shishkin\projects\BCI_classifier\data\pr_Agency_EBCI\features\csp\test\03_30 Artem\MATRIX_[10, 14]_robust_concat_01_calib.hdf","[10, 14]",51,52,-5,last5,0.6748404460702466,0.175,0.73,0.02027606958040784,1.3641932487062856,1.35,1.0405521391608157,0.05102626317003267,0.15236837256080019,0.7142857142857143,0.7142857142857143,0.0874735940057703,0.2612029243899432,0.3486765183957135,0.06076307690265433,0.13787886440412697,28.461908231303173,0.0,0.06101839071924986,0.25453385842887083,0.47566215237784537,0.0,0.0,71.53809176869683,22.056398252985023,-35.54500944494003,1.95097797251188,-0.16938625176824282,0.542938832401566,0.8225118369861493,0.0008145903721568698,,80.15690490108044,False,81.4792850533035,False,67.08863657307194,False,78.64901355713988,False,57.000070656894884,False,54.160862126594736,False,60.953676912692075,False,,0,,,0.0,right_S1,54.160862126594736
pr_Agency_EBCI,test,03_30 Artem,01_calib,test/03_30 Artem/01_calib,C:\Users\hodor\Documents\lab-Shishkin\projects\BCI_classifier\data\pr_Agency_EBCI\trans\test\03_30 Artem\EPOCHS_01_calib.hdf,"MATRIX_[10, 14]_robust_concat_01_calib.hdf","C:\Users\hodor\Documents\lab-Shishkin\projects\BCI_classifier\data\pr_Agency_EBCI\features\csp\test\03_30 Artem\MATRIX_[10, 14]_robust_concat_01_calib.hdf","[10, 14]",52,53,-4,last5,0.6849499806052421,0.185,0.777,0.010109534534995523,1.3774810555558967,1.37,1.020219069069991,0.15672120711034102,0.1006244877583962,0.4285714285714286,0.4285714285714286,0.22388743872905859,0.14374926822628029,0.3676367069553389,0.21771789513847492,0.10573515944020868,38.34377867811999,0.26687557356239977,0.06801279078673769,0.28565372130429834,0.5064125991579341,0.1344151621328782,0.1371329115800969,61.65622132188001,23.389361311975115,-79.53497973398252,-19.880850661328758,0.9324684893261364,-0.26306844250085804,-0.24758334147112143,0.00020617521688748333,,111.21660716001479,False,109.07034189838379,False,109.63522411520638,False,116.258433150808,False,94.87394626166152,False,89.25764270592472,False,104.38589373923892,False,,0,,,0.0,right_S1,89.25764270592472
pr_Agency_EBCI,test,03_30 Artem,01_calib,test/03_30 Artem/01_calib,C:\Users\hodor\Documents\lab-Shishkin\projects\BCI_classifier\data\pr_Agency_EBCI\trans\test\03_30 Artem\EPOCHS_01_calib.hdf,"MATRIX_[10, 14]_robust_concat_01_calib.hdf","C:\Users\hodor\Documents\lab-Shishkin\projects\BCI_classifier\data\pr_Agency_EBCI\features\csp\test\03_30 Artem\MATRIX_[10, 14]_robust_concat_01_calib.hdf","[10, 14]",53,54,-3,last5,0.706702194262221,0.207,0.879,0.02175221365697888,1.4320108329079786,1.414,1.0435044273139578,0.16741687221352528,0.10830462479768085,0.5,0.5,0.2511253083202879,0.16245693719652127,0.41358224551680917,0.21061849005417013,0.1576487424089059,18.86485087401669,0.0,0.08561152482197949,0.3635387938092753,0.592254255878478,0.0,0.0,81.1351491259833,-19.01110939176372,-72.89481522311517,-32.10511808838015,0.2687860211270801,-0.15408896006383124,0.9507947555772065,0.0004216561450092245,,102.18530810820411,False,97.1705981924729,False,113.82122337139616,False,109.79366571244678,False,114.80172884404912,False,112.40992630056887,False,119.09615141747464,False,,0,,,0.0,left_S1,97.1705981924729
pr_Agency_EBCI,test,03_30 Artem,01_calib,test/03_30 Artem/01_calib,C:\Users\hodor\Documents\lab-Shishkin\projects\BCI_classifier\data\pr_Agency_EBCI\trans\test\03_30 Artem\EPOCHS_01_calib.hdf,"MATRIX_[10, 14]_robust_concat_01_calib.hdf","C:\Users\hodor\Documents\lab-Shishkin\projects\BCI_classifier\data\pr_Agency_EBCI\features\csp\test\03_30 Artem\MATRIX_[10, 14]_robust_concat_01_calib.hdf","[10, 14]",54,55,-2,last5,0.7152853705771087,0.215,0.921,0.008583176314887697,1.4373815316308034,1.43,1.0171663526297754,0.5731284216796242,0.4445994248515639,0.5714285714285714,0.5714285714285714,0.9006303769251237,0.6986562390524576,1.5992866159775811,0.17276532463709143,0.14095136444348408,31.076887630063542,0.0,0.34384662243517994,1.4729429733153523,2.2987850455905,0.0,0.0,68.92311236993646,50.878784701117326,-48.17769261244969,4.096987305885927,0.39624388107159714,0.8698145690289769,0.2939615658861766,0.00039715207114204257,,104.05002055708864,False,106.0735394970945,False,85.28272547400657,False,102.6159460625447,False,59.159629655447254,False,51.99961491832374,False,69.50977269266488,False,,0,,,0.0,right_S1,51.99961491832374
pr_Agency_EBCI,test,03_30 Artem,01_calib,test/03_30 Artem/01_calib,C:\Users\hodor\Documents\lab-Shishkin\projects\BCI_classifier\data\pr_Agency_EBCI\trans\test\03_30 Artem\EPOCHS_01_calib.hdf,"MATRIX_[10, 14]_robust_concat_01_calib.hdf","C:\Users\hodor\Documents\lab-Shishkin\projects\BCI_classifier\data\pr_Agency_EBCI\features\csp\test\03_30 Artem\MATRIX_[10, 14]_robust_concat_01_calib.hdf","[10, 14]",55,56,-1,last5,0.7431097631804118,0.243,1.062,0.02782439260330305,1.5130453096104106,1.486,1.055648785206606,0.43249543573181337,0.43366877629780376,0.4464285714285714,0.4464285714285714,0.6255737552549443,0.627270908573609,1.2528446638285533,0.1681908680078969,0.1813549080964755,37.40388856941468,0.24807777138829368,0.30444125331033844,1.3305210329859236,1.8956107422762243,0.461853127378079,0.487554692860541,62.59611143058532,-41.26481908761304,27.69078048801828,-69.14540740996067,-0.4136299726431058,-0.6079633037978021,-0.6777100168704346,0.0010301923329163153,,135.50287119943556,False,134.18262324465118,False,137.85430210795073,False,130.80963356372513,False,155.89471463749854,False,157.9160092819439,False,147.42055477744177,False,,0,,,0.0,left_PMd,130.80963356372513
pr_Agency_EBCI,test,03_30 Artem,01_calib,test/03_30 Artem/01_calib,C:\Users\hodor\Documents\lab-Shishkin\projects\BCI_classifier\data\pr_Agency_EBCI\trans\test\03_30 Artem\EPOCHS_01_calib.hdf,"MATRIX_[8, 15]_robust_concat_01_calib.hdf","C:\Users\hodor\Documents\lab-Shishkin\projects\BCI_classifier\data\pr_Agency_EBCI\features\csp\test\03_30 Artem\MATRIX_[8, 15]_robust_concat_01_calib.hdf","[8, 15]",0,1,0,first5,0.2550652149841367,0.245,1.072,0.029896742637504747,1.5192988077847547,1.49,1.0597934852750095,0.8079172282189608,0.12717251827643106,0.5714285714285714,0.5714285714285714,1.2695842157726527,0.19984252872010594,1.4694267444927587,0.37712099350119216,0.04926606351007385,46.23669917308716,0.42473398346174324,0.36000955240072585,1.5752254700962374,2.2324983010348816,0.9299320571445097,0.9855359359101392,53.76330082691284,-12.286046888170828,-44.504806031141236,50.92076659864961,0.9024062532358212,0.2826137400733333,-0.3252574796106146,0.00033778163865030256,,31.75842021433295,True,33.082822616391184,True,41.032701363484925,False,40.06654212329041,False,52.704724706678356,False,56.200792071645246,False,54.60187770757099,False,left_M1;left_S1,2,1;0.8,left_M1,1.0,left_M1,31.75842021433295
pr_Agency_EBCI,test,03_30 Artem,01_calib,test/03_30 Artem/01_calib,C:\Users\hodor\Documents\lab-Shishkin\projects\BCI_classifier\data\pr_Agency_EBCI\trans\test\03_30 Artem\EPOCHS_01_calib.hdf,"MATRIX_[8, 15]_robust_concat_01_calib.hdf","C:\Users\hodor\Documents\lab-Shishkin\projects\BCI_classifier\data\pr_Agency_EBCI\features\csp\test\03_30 Artem\MATRIX_[8, 15]_robust_concat_01_calib.hdf","[8, 15]",1,2,1,first5,0.28496195762164145,0.215,0.92,0.008417934922969161,1.4372394240337534,1.43,1.0168358698459383,0.2517768971504878,0.2655437208059974,0.4821428571428571,0.4821428571428571,0.3731693297051873,0.3935737290517462,0.7667430587569335,0.15789801996089856,0.15954070554171393,29.31776773833655,0.0,0.1648497576327407,0.7054036140563789,1.1019933521496934,0.0,0.0,70.68223226166344,-49.014678832137456,-51.62031602248958,9.424887286881255,0.3270303117180538,-0.9391783411179356,0.10485808882749624,0.000288855457759201,,55.69115590940447,False,48.262656439167564,False,82.72359729908747,False,67.18325550730228,False,100.79493339624463,False,102.78010532376494,False,100.01616794178258,False,,0,,,0.0,left_S1,48.262656439167564
pr_Agency_EBCI,test,03_30 Artem,01_calib,test/03_30 Artem/01_calib,C:\Users\hodor\Documents\lab-Shishkin\projects\BCI_classifier\data\pr_Agency_EBCI\trans\test\03_30 Artem\EPOCHS_01_calib.hdf,"MATRIX_[8, 15]_robust_concat_01_calib.hdf","C:\Users\hodor\Documents\lab-Shishkin\projects\BCI_classifier\data\pr_Agency_EBCI\features\csp\test\03_30 Artem\MATRIX_[8, 15]_robust_concat_01_calib.hdf","[8, 15]",2,3,2,first5,0.2933798925446106,0.207,0.879,0.0038372742101580593,1.4171772630460109,1.414,1.007674548420316,0.1886842438351647,0.18333436854412974,0.5535714285714286,0.5535714285714286,0.2931344502439166,0.28482303684534443,0.577957487089261,0.12905572290962158,0.17690439068094604,28.610729550115284,0.0,0.11963719982747702,0.5080246311514603,0.8190682097101091,0.0,0.0,71.38927044988472,30.077374695074823,-79.20606054136229,8.130694614417468,-0.7948234059912077,-0.571050808840093,0.20532103402138693,0.00019707965610493396,,98.51598329808232,False,97.67753217576663,False,93.54530126187001,False,103.60866231831405,False,73.30932416205499,False,66.99180056675111,False,85.82592231687377,False,,0,,,0.0,right_S1,66.99180056675111
pr_Agency_EBCI,test,03_30 Artem,01_calib,test/03_30 Artem/01_calib,C:\Users\hodor\Documents\lab-Shishkin\projects\BCI_classifier\data\pr_Agency_EBCI\trans\test\03_30 Artem\EPOCHS_01_calib.hdf,"MATRIX_[8, 15]_robust_concat_01_calib.hdf","C:\Users\hodor\Documents\lab-Shishkin\projects\BCI_classifier\data\pr_Agency_EBCI\features\csp\test\03_30 Artem\MATRIX_[8, 15]_robust_concat_01_calib.hdf","[8, 15]",3,4,3,first5,0.29721716675476867,0.203,0.861,0.01775328166092316,1.4204156647086696,1.4060000000000001,1.0355065633218463,0.24884223746569242,0.13760449000422367,0.5892857142857143,0.5892857142857143,0.39548141311511836,0.21869285018528406,0.6141742633004024,0.20756058015761636,0.09067831158972085,39.4881379148023,0.28976275829604603,0.12467737544998168,0.5288040407016464,0.8723827444527985,0.2502185490233635,0.259102949778562,60.5118620851977,10.330449891709872,-61.03449696914879,21.972105028117507,-0.7017869616695903,-0.6880749419183105,-0.18452082466398897,0.0004148614448108568,,68.38100751775741,False,67.84755312050147,False,66.58470746137864,False,73.75485674780339,False,56.46571884548513,False,53.55160952419648,False,65.44286443927629,False,,0,,,0.0,right_S1,53.55160952419648
pr_Agency_EBCI,test,03_30 Artem,01_calib,test/03_30 Artem/01_calib,C:\Users\hodor\Documents\lab-Shishkin\projects\BCI_classifier\data\pr_Agency_EBCI\trans\test\03_30 Artem\EPOCHS_01_calib.hdf,"MATRIX_[8, 15]_robust_concat_01_calib.hdf","C:\Users\hodor\Documents\lab-Shishkin\projects\BCI_classifier\data\pr_Agency_EBCI\features\csp\test\03_30 Artem\MATRIX_[8, 15]_robust_concat_01_calib.hdf","[8, 15]",4,5,4,first5,0.31497044841569183,0.185,0.777,0.006402976402632599,1.374738202537948,1.37,1.012805952805265,0.20600998266979614,0.09023986868246368,0.4464285714285714,0.4464285714285714,0.29797872493309796,0.13052552434427783,0.4285042492773758,0.23637833585312776,0.0965504254100588,26.599347851883635,0.0,0.07927328611631453,0.332947801688521,0.5890811614314524,0.0,0.0,73.40065214811636,-3.5521571960528804,-83.28302196002626,16.963057032556,0.9171488502789485,-0.037813105099876614,-0.3967469666105951,0.00018173156798324228,,78.04628185625562,False,74.46411496804076,False,87.57461956601709,False,88.25595350707951,False,81.25720120590981,False,78.36878732576176,False,90.4817933918294,False,,0,,,0.0,left_S1,74.46411496804076
pr_Agency_EBCI,test,03_30 Artem,01_calib,test/03_30 Artem/01_calib,C:\Users\hodor\Documents\lab-Shishkin\projects\BCI_classifier\data\pr_Agency_EBCI\trans\test\03_30 Artem\EPOCHS_01_calib.hdf,"MATRIX_[8, 15]_robust_concat_01_calib.hdf","C:\Users\hodor\Documents\lab-Shishkin\projects\BCI_classifier\data\pr_Agency_EBCI\features\csp\test\03_30 Artem\MATRIX_[8, 15]_robust_concat_01_calib.hdf","[8, 15]",51,52,-5,last5,0.6346741709764032,0.135,0.552,0.001965612241397685,1.2710614306103547,1.27,1.0039312244827954,0.14524802859333932,0.17926398279711803,0.5178571428571428,0.5178571428571428,0.2204657576863186,0.2720971167456256,0.4925628744319442,0.08081905585908811,0.10567835073439005,41.46318735254626,0.32926374705092515,0.06649598804831247,0.27189470668643323,0.6260776718410155,0.20597253407091806,0.20678225833964103,58.53681264745374,13.442825141838059,-51.97734982043603,15.403095200729478,0.19319977583124284,-0.9014148487401071,-0.3874598264202463,0.0005591317220521115,,69.82430622829315,False,69.97316775539835,False,64.1024378848644,False,72.79851462940026,False,54.21869529818824,False,51.359999823757065,False,61.595676117412175,False,,0,,,0.0,right_S1,51.359999823757065
pr_Agency_EBCI,test,03_30 Artem,01_calib,test/03_30 Artem/01_calib,C:\Users\hodor\Documents\lab-Shishkin\projects\BCI_classifier\data\pr_Agency_EBCI\trans\test\03_30 Artem\EPOCHS_01_calib.hdf,"MATRIX_[8, 15]_robust_concat_01_calib.hdf","C:\Users\hodor\Documents\lab-Shishkin\projects\BCI_classifier\data\pr_Agency_EBCI\features\csp\test\03_30 Artem\MATRIX_[8, 15]_robust_concat_01_calib.hdf","[8, 15]",52,53,-4,last5,0.6402780009562983,0.14,0.577,0.005603829979895059,1.2831381447887413,1.28,1.0112076599597901,0.22695015930707818,0.346076400620279,0.4821428571428571,0.4821428571428571,0.33637255754441947,0.5129346652050564,0.8493072227494758,0.16952648479370955,0.2665127802771172,22.198219086960012,0.0,0.11890301118492662,0.4900502675264475,1.0897784941544406,0.0,0.0,77.80178091303999,38.953515778066716,-54.60097251188344,1.7010869789516578,-0.2876752697571028,0.6240066709082691,0.7265387903148443,0.00029673770910183594,,97.48241380594406,False,98.43099215419464,False,83.95831422750524,False,97.99385628377178,False,62.39803465968867,False,56.07557013302602,False,72.38785880395307,False,,0,,,0.0,right_S1,56.07557013302602
pr_Agency_EBCI,test,03_30 Artem,01_calib,test/03_30 Artem/01_calib,C:\Users\hodor\Documents\lab-Shishkin\projects\BCI_classifier\data\pr_Agency_EBCI\trans\test\03_30 Artem\EPOCHS_01_calib.hdf,"MATRIX_[8, 15]_robust_concat_01_calib.hdf","C:\Users\hodor\Documents\lab-Shishkin\projects\BCI_classifier\data\pr_Agency_EBCI\features\csp\test\03_30 Artem\MATRIX_[8, 15]_robust_concat_01_calib.hdf","[8, 15]",53,54,-3,last5,0.6582346494655645,0.158,0.655,0.01795664850926626,1.3273486018578562,1.316,1.0359132970185325,0.06280065158107542,0.2177909313615426,0.625,0.625,0.10205105881924756,0.3539102634625067,0.45596132228175423,0.05475043274757412,0.22320002298646088,30.338488684676168,0.0,0.07204188892051717,0.29865466609454905,0.6052196236319458,0.0,0.0,69.66151131532384,46.75630380846313,-21.016644684267796,39.407687028617744,0.7723639023151793,0.6347019713809983,0.024645687767686778,0.00025404164354862546,,84.45597124371288,False,90.09410904403319,False,52.510243429531734,False,77.67395218269775,False,19.997583111470394,True,16.18299862869477,True,28.22298391616566,True,right_M1;right_S1;right_PMd,3,1;0.8;0.6,right_M1,1.0,right_S1,16.18299862869477
pr_Agency_EBCI,test,03_30 Artem,01_calib,test/03_30 Artem/01_calib,C:\Users\hodor\Documents\lab-Shishkin\projects\BCI_classifier\data\pr_Agency_EBCI\trans\test\03_30 Artem\EPOCHS_01_calib.hdf,"MATRIX_[8, 15]_robust_concat_01_calib.hdf","C:\Users\hodor\Documents\lab-Shishkin\projects\BCI_classifier\data\pr_Agency_EBCI\features\csp\test\03_30 Artem\MATRIX_[8, 15]_robust_concat_01_calib.hdf","[8, 15]",54,55,-2,last5,0.6736825311757643,0.174,0.725,0.015447881710199729,1.358751725670299,1.3479999999999999,1.0308957634203995,0.272061189203161,0.40456425793318623,0.5178571428571428,0.5178571428571428,0.41295001932622655,0.6140707486485862,1.027020767974813,0.12522050689599207,0.17794041932270202,36.24122282887116,0.2248244565774232,0.17870161362761744,0.7445900567817393,1.3954662407850127,0.3112523724003406,0.3208687520620596,63.75877717112884,11.429192402213697,-41.19596911608179,15.900588887777213,0.30265193087197345,-0.17866199226541846,-0.9362060143254889,0.0006350134926017417,,64.44526683407015,False,65.44612905168879,False,56.05125419634203,False,65.30387699511951,False,50.07383260142695,False,48.61163939097714,False,54.63082281593208,False,,0,,,0.0,right_S1,48.61163939097714
pr_Agency_EBCI,test,03_30 Artem,01_calib,test/03_30 Artem/01_calib,C:\Users\hodor\Documents\lab-Shishkin\projects\BCI_classifier\data\pr_Agency_EBCI\trans\test\03_30 Artem\EPOCHS_01_calib.hdf,"MATRIX_[8, 15]_robust_concat_01_calib.hdf","C:\Users\hodor\Documents\lab-Shishkin\projects\BCI_classifier\data\pr_Agency_EBCI\features\csp\test\03_30 Artem\MATRIX_[8, 15]_robust_concat_01_calib.hdf","[8, 15]",55,56,-1,last5,0.6924574456890124,0.192,0.812,0.018774914513248087,1.3984191343461745,1.384,1.0375498290264962,0.658824080933631,0.7613440488928216,0.4821428571428571,0.4821428571428571,0.9764714056694889,1.1284206438947177,2.1048920495642065,0.1768286735557445,0.21135470105016527,26.509742248462263,0.0,0.40413927351632767,1.7091723442461357,2.9435213178437225,0.0,0.0,73.49025775153774,22.61204474731537,-34.00875297776472,28.684395228675644,-0.16771434244794658,0.9145595192885909,-0.368039107997879,0.00046917025635592784,,65.43461767027,False,68.80700438704206,False,46.424126207528474,False,63.120334037343596,False,32.02428369286342,True,30.587257725553663,True,38.10023040988749,False,right_M1;right_S1,2,1;0.8,right_M1,1.0,right_S1,30.587257725553663
pr_Agency_EBCI,test,03_30 Artem,04_calib_rest,test/03_30 Artem/04_calib_rest,C:\Users\hodor\Documents\lab-Shishkin\projects\BCI_classifier\data\pr_Agency_EBCI\trans\test\03_30 Artem\EPOCHS_04_calib_rest.hdf,"MATRIX_[8, 12]_robust_concat_04_calib_rest.hdf","C:\Users\hodor\Documents\lab-Shishkin\projects\BCI_classifier\data\pr_Agency_EBCI\features\csp\test\03_30 Artem\MATRIX_[8, 12]_robust_concat_04_calib_rest.hdf","[8, 12]",0,1,0,first5,0.058565017173483946,0.441,2.777,0.07286313656884058,2.0105305729074345,1.8820000000000001,1.1457262731376812,1.2597500227118066,0.2723065078921346,0.5892857142857143,0.5892857142857143,2.0021027146669783,0.4327728428999997,2.434875557566978,0.37105571501646456,0.07252491025695042,82.67404642674188,1.0,1.0737801208870372,6.761649423363497,4.895391749713445,4.582435799341052,5.250217090271715,17.32595357325812,-36.03880223870422,-19.666794786102216,54.28846831563758,0.6548589206555344,0.7534619459819363,0.05877831228423019,0.0007482224624018137,,4.65913229540178,True,12.146937719996727,True,38.72146709475106,False,14.271152116090498,True,72.18930001128605,False,78.7532022972767,False,65.11537171402361,False,left_M1;left_S1;left_PMd,3,1;0.8;0.6,left_M1,1.0,left_M1,4.65913229540178
pr_Agency_EBCI,test,03_30 Artem,04_calib_rest,test/03_30 Artem/04_calib_rest,C:\Users\hodor\Documents\lab-Shishkin\projects\BCI_classifier\data\pr_Agency_EBCI\trans\test\03_30 Artem\EPOCHS_04_calib_rest.hdf,"MATRIX_[8, 12]_robust_concat_04_calib_rest.hdf","C:\Users\hodor\Documents\lab-Shishkin\projects\BCI_classifier\data\pr_Agency_EBCI\features\csp\test\03_30 Artem\MATRIX_[8, 12]_robust_concat_04_calib_rest.hdf","[8, 12]",1,2,1,first5,0.13142815374232453,0.369,1.888,0.026972280171763563,1.777811085533523,1.738,1.0539445603435271,0.1033410292528605,0.881435861135701,0.625,0.625,0.1679291725358983,1.4323332743455142,1.6002624468814124,0.04476215673886774,0.4431835065711094,77.0401731518142,1.0,0.5904968428992412,3.0212954997121066,2.8449643178287753,2.7812561326798946,2.93128977196005,22.9598268481858,39.964079553661314,-7.950299826997588,66.34689661950125,0.909416372550519,-0.41141409687604386,-0.060830109557066275,0.0003433008088257227,,78.32746981572242,False,86.08212972161458,False,40.87299850956862,False,68.74719521070112,False,19.502950341055474,True,26.38498990702439,True,15.817709673912326,True,right_M1;right_S1;right_PMd,3,1;0.8;0.6,right_M1,1.0,right_PMd,15.817709673912326
pr_Agency_EBCI,test,03_30 Artem,04_calib_rest,test/03_30 Artem/04_calib_rest,C:\Users\hodor\Documents\lab-Shishkin\projects\BCI_classifier\data\pr_Agency_EBCI\trans\test\03_30 Artem\EPOCHS_04_calib_rest.hdf,"MATRIX_[8, 12]_robust_concat_04_calib_rest.hdf","C:\Users\hodor\Documents\lab-Shishkin\projects\BCI_classifier\data\pr_Agency_EBCI\features\csp\test\03_30 Artem\MATRIX_[8, 12]_robust_concat_04_calib_rest.hdf","[8, 12]",2,3,2,first5,0.1584004339140881,0.342,1.67,0.11038029880665157,1.8350002487674995,1.6840000000000002,1.2207605976133031,0.36975487328202783,0.31633231093985725,0.5535714285714286,0.5535714285714286,0.5744406067060075,0.4914448402101354,1.065885446916143,0.25247601390371666,0.215898630128226,44.52792153177092,0.39055843063541845,0.3645328228453209,1.7800286963499588,1.9559000602487797,0.7010332817958356,0.8557938080318994,55.47207846822908,-40.261092993812056,-11.668839418804993,62.92841983309476,0.7152428379534338,-0.24636243879698905,0.6540131738018109,0.00022295999320257469,,14.772184542739526,True,21.412276989570866,True,40.955838063258106,False,14.553274046327349,True,77.56168401519972,False,84.98440579799644,False,68.70982608604432,False,left_M1;left_S1;left_PMd,3,1;0.8;0.6,left_M1,1.0,left_PMd,14.553274046327349
pr_Agency_EBCI,test,03_30 Artem,04_calib_rest,test/03_30 Artem/04_calib_rest,C:\Users\hodor\Documents\lab-Shishkin\projects\BCI_classifier\data\pr_Agency_EBCI\trans\test\03_30 Artem\EPOCHS_04_calib_rest.hdf,"MATRIX_[8, 12]_robust_concat_04_calib_rest.hdf","C:\Users\hodor\Documents\lab-Shishkin\projects\BCI_classifier\data\pr_Agency_EBCI\features\csp\test\03_30 Artem\MATRIX_[8, 12]_robust_concat_04_calib_rest.hdf","[8, 12]",3,4,3,first5,0.26878073272073966,0.231,1.001,0.03974777685359088,1.498726945812718,1.462,1.0794955537071818,0.19983699743242472,0.3020444480791855,0.4285714285714286,0.4285714285714286,0.2854814249034639,0.43149206868455076,0.7169734935880147,0.1416489178092314,0.22223564303577362,33.595460523520316,0.0,0.16562087701883138,0.7176904670816026,1.0745474942738396,0.0,0.0,66.40453947647968,46.237736271183536,-28.756186059168414,57.314105000160595,0.11413629119968714,-0.9651563655853707,-0.2354699492530177,0.0001149495738167344,,82.38563858336968,False,88.40636225597724,False,51.538749610306,False,77.09596369683736,False,11.364832675371073,True,6.909789705645417,True,27.66154652168797,True,right_M1;right_S1;right_PMd,3,1;0.8;0.6,right_M1,1.0,right_S1,6.909789705645417
pr_Agency_EBCI,test,03_30 Artem,04_calib_rest,test/03_30 Artem/04_calib_rest,C:\Users\hodor\Documents\lab-Shishkin\projects\BCI_classifier\data\pr_Agency_EBCI\trans\test\03_30 Artem\EPOCHS_04_calib_rest.hdf,"MATRIX_[8, 12]_robust_concat_04_calib_rest.hdf","C:\Users\hodor\Documents\lab-Shishkin\projects\BCI_classifier\data\pr_Agency_EBCI\features\csp\test\03_30 Artem\MATRIX_[8, 12]_robust_concat_04_calib_rest.hdf","[8, 12]",4,5,4,first5,0.30852850957433053,0.191,0.807,0.011821612717372476,1.3910317121160727,1.3820000000000001,1.023643225434745,0.47141393031571166,0.14700661249499847,0.5,0.5,0.7071208954735675,0.2205099187424977,0.9276308142160652,0.3124264246495643,0.09853705917342548,30.241464984567155,0.0,0.17717748551526846,0.7485980670723646,1.2903638797105996,0.0,0.0,69.75853501543284,21.404184274100718,-43.396446142900814,40.37167458256265,-0.375976564110359,-0.5955180667843578,-0.7099294721119769,0.000258629253832112,,62.57561066823625,False,65.83899531992861,False,46.55524831403662,False,62.75289936480941,False,28.870478261230435,True,27.182169646455044,True,39.25121322953746,False,right_M1;right_S1,2,1;0.8,right_M1,1.0,right_S1,27.182169646455044
pr_Agency_EBCI,test,03_30 Artem,04_calib_rest,test/03_30 Artem/04_calib_rest,C:\Users\hodor\Documents\lab-Shishkin\projects\BCI_classifier\data\pr_Agency_EBCI\trans\test\03_30 Artem\EPOCHS_04_calib_rest.hdf,"MATRIX_[8, 12]_robust_concat_04_calib_rest.hdf","C:\Users\hodor\Documents\lab-Shishkin\projects\BCI_classifier\data\pr_Agency_EBCI\features\csp\test\03_30 Artem\MATRIX_[8, 12]_robust_concat_04_calib_rest.hdf","[8, 12]",51,52,-5,last5,0.7852846307993119,0.285,1.297,0.0035179603195770737,1.5740104747643178,1.5699999999999998,1.0070359206391541,0.2452436186328722,0.26800186220331457,0.4285714285714286,0.4285714285714286,0.3503480266183889,0.38285980314759227,0.7332078297659812,0.18878873412645464,0.2099812815571879,17.64215439384633,0.0,0.20896423148330462,0.9509705552064776,1.1540768042308671,0.0,0.0,82.35784560615367,15.187633363932488,-74.38247960798715,20.633219690048147,-0.8367513480395323,0.2334650918151631,0.4953193237273942,8.978403984278545e-05,,80.05858611255893,False,78.89299596880412,False,79.39209025631092,False,86.73300654292275,False,64.97967379062267,False,60.60183502001474,False,76.29940686017318,False,,0,,,0.0,right_S1,60.60183502001474
pr_Agency_EBCI,test,03_30 Artem,04_calib_rest,test/03_30 Artem/04_calib_rest,C:\Users\hodor\Documents\lab-Shishkin\projects\BCI_classifier\data\pr_Agency_EBCI\trans\test\03_30 Artem\EPOCHS_04_calib_rest.hdf,"MATRIX_[8, 12]_robust_concat_04_calib_rest.hdf","C:\Users\hodor\Documents\lab-Shishkin\projects\BCI_classifier\data\pr_Agency_EBCI\features\csp\test\03_30 Artem\MATRIX_[8, 12]_robust_concat_04_calib_rest.hdf","[8, 12]",52,53,-4,last5,0.78983518941715,0.29,1.324,0.004550558617838152,1.5852786479966923,1.58,1.0091011172356763,0.23484108478434268,0.27816958526153074,0.5892857142857143,0.5892857142857143,0.37322958117511607,0.4420909480049328,0.8153205291800489,0.1521883620235907,0.17747513782934365,31.645770794501978,0.0,0.23644295346221417,1.0794843806343848,1.2925102261824957,0.0,0.0,68.35422920549803,-15.596503396186781,-53.49764884309791,33.636101652414915,-0.08597277026781062,-0.8505207897532348,-0.5188671014527825,0.0002940938347018328,,42.267693457694754,False,39.831104636722735,False,55.61364137062925,False,52.192209452673815,False,63.50160942278982,False,64.8593051700443,False,66.86430368982163,False,,0,,,0.0,left_S1,39.831104636722735
pr_Agency_EBCI,test,03_30 Artem,04_calib_rest,test/03_30 Artem/04_calib_rest,C:\Users\hodor\Documents\lab-Shishkin\projects\BCI_classifier\data\pr_Agency_EBCI\trans\test\03_30 Artem\EPOCHS_04_calib_rest.hdf,"MATRIX_[8, 12]_robust_concat_04_calib_rest.hdf","C:\Users\hodor\Documents\lab-Shishkin\projects\BCI_classifier\data\pr_Agency_EBCI\features\csp\test\03_30 Artem\MATRIX_[8, 12]_robust_concat_04_calib_rest.hdf","[8, 12]",53,54,-3,last5,0.7972240341188185,0.297,1.369,0.007388844701668451,1.6027779475055821,1.5939999999999999,1.014777689403337,0.10470969686562087,0.11639251859002847,0.4821428571428571,0.4821428571428571,0.1551947292829738,0.17251034005307792,0.3277050693360517,0.1416971644210113,0.20212755353187808,28.944013847928268,0.0,0.09732840559280735,0.44862823992105477,0.5252384584176114,0.0,0.0,71.05598615207174,-14.551722627126246,58.108291793627814,3.5262114732249916,0.4675121144611697,0.8839592345917914,0.006963792927756207,0.00018308868432327945,,99.77624299342986,False,104.24100530821727,False,85.3757538448332,False,85.46730889949613,False,109.77589318329476,False,115.37277230362885,False,94.52223984206061,False,,0,,,0.0,SMA,85.3757538448332
pr_Agency_EBCI,test,03_30 Artem,04_calib_rest,test/03_30 Artem/04_calib_rest,C:\Users\hodor\Documents\lab-Shishkin\projects\BCI_classifier\data\pr_Agency_EBCI\trans\test\03_30 Artem\EPOCHS_04_calib_rest.hdf,"MATRIX_[8, 12]_robust_concat_04_calib_rest.hdf","C:\Users\hodor\Documents\lab-Shishkin\projects\BCI_classifier\data\pr_Agency_EBCI\features\csp\test\03_30 Artem\MATRIX_[8, 12]_robust_concat_04_calib_rest.hdf","[8, 12]",54,55,-2,last5,0.8172820143114059,0.317,1.498,0.02005798019258742,1.6594335188842009,1.634,1.0401159603851748,0.0892956711102045,0.18814071383957218,0.6428571428571428,0.6428571428571428,0.14670003110962168,0.30908831559358285,0.45578834670320456,0.05945657505942436,0.1376371386062083,40.68740504547117,0.3137481009094235,0.14448490590491586,0.6827709433614004,0.756350460036111,0.2336664578702645,0.24304021223753217,59.31259495452883,33.00298588889923,-53.55445650019012,-2.422272133282176,-0.5325829323231055,0.5993876116097782,0.5975700053105478,0.0005143901349729922,,95.12118503162446,False,95.61403671751752,False,83.67481329742998,False,95.96736255417376,False,65.54090229634504,False,59.97951640421684,False,74.25227441666361,False,,0,,,0.0,right_S1,59.97951640421684
pr_Agency_EBCI,test,03_30 Artem,04_calib_rest,test/03_30 Artem/04_calib_rest,C:\Users\hodor\Documents\lab-Shishkin\projects\BCI_classifier\data\pr_Agency_EBCI\trans\test\03_30 Artem\EPOCHS_04_calib_rest.hdf,"MATRIX_[8, 12]_robust_concat_04_calib_rest.hdf","C:\Users\hodor\Documents\lab-Shishkin\projects\BCI_classifier\data\pr_Agency_EBCI\features\csp\test\03_30 Artem\MATRIX_[8, 12]_robust_concat_04_calib_rest.hdf","[8, 12]",55,56,-1,last5,0.830751674619458,0.331,1.591,0.013469660308052078,1.679833830247861,1.662,1.0269393206161042,0.6189914230956737,1.0489136975768134,0.5357142857142857,0.5357142857142857,0.9505939711826417,1.6108317498501061,2.561425721032748,0.1456904874785585,0.2482020196317906,47.215599481467045,0.44431198962934093,0.8478319136618396,4.075228322163102,4.302769579857831,1.8914759272605164,1.9424310037026302,52.784400518532955,11.409880275112116,-39.87334956536115,40.300824118467766,-0.5481906580026429,0.7797489562568427,-0.30245424066293713,0.0004688593016936061,,52.40347409746704,False,55.560499088369006,False,39.8854610798842,False,53.06140969832654,False,33.212969422617945,True,34.206858562718345,True,39.212327250000165,False,right_M1;right_S1,2,1;0.8,right_M1,1.0,right_M1,33.212969422617945
pr_Agency_EBCI,test,03_30 Artem,04_calib_rest,test/03_30 Artem/04_calib_rest,C:\Users\hodor\Documents\lab-Shishkin\projects\BCI_classifier\data\pr_Agency_EBCI\trans\test\03_30 Artem\EPOCHS_04_calib_rest.hdf,"MATRIX_[9, 13]_robust_concat_04_calib_rest.hdf","C:\Users\hodor\Documents\lab-Shishkin\projects\BCI_classifier\data\pr_Agency_EBCI\features\csp\test\03_30 Artem\MATRIX_[9, 13]_robust_concat_04_calib_rest.hdf","[9, 13]",0,1,0,first5,0.059466544241003394,0.441,2.761,0.08676692445863132,2.035056854745026,1.8820000000000001,1.1735338489172626,1.3237699690946636,0.28840869274979924,0.5892857142857143,0.5892857142857143,2.1038487008825904,0.45836381526307385,2.562212516145664,0.38172993767835295,0.07582765600917393,81.0103388638571,1.0,1.129935719620238,7.074268757078179,5.214248144295734,4.82208395538614,5.658878743966475,18.9896611361429,-36.232604675131405,-19.57344678763685,54.168406874295755,0.6791931282022888,0.732595022423912,0.04473508379892838,0.0007636344791028409,,4.796166349794651,True,12.111063086948622,True,38.88085910987702,False,14.320446349935613,True,72.39128597333952,False,78.95413500582553,False,65.29262521354231,False,left_M1;left_S1;left_PMd,3,1;0.8;0.6,left_M1,1.0,left_M1,4.796166349794651
pr_Agency_EBCI,test,03_30 Artem,04_calib_rest,test/03_30 Artem/04_calib_rest,C:\Users\hodor\Documents\lab-Shishkin\projects\BCI_classifier\data\pr_Agency_EBCI\trans\test\03_30 Artem\EPOCHS_04_calib_rest.hdf,"MATRIX_[9, 13]_robust_concat_04_calib_rest.hdf","C:\Users\hodor\Documents\lab-Shishkin\projects\BCI_classifier\data\pr_Agency_EBCI\features\csp\test\03_30 Artem\MATRIX_[9, 13]_robust_concat_04_calib_rest.hdf","[9, 13]",1,2,1,first5,0.14623346869963472,0.354,1.764,0.045798485825651825,1.772850655929123,1.708,1.0915969716513036,0.18165961456757812,1.002076433597737,0.5714285714285714,0.5714285714285714,0.2854651086061942,1.5746915385107296,1.8601566471169237,0.06740866100030095,0.40363016584704514,77.61818439004458,1.0,0.658495453079391,3.2813163255142537,3.2977799319721566,3.177147553275706,3.4681646476451093,22.381815609955424,43.162808854822536,-8.424728457409381,68.0495262511547,-0.9133290388086223,0.4060561843441275,-0.03079678594928136,0.000325357782086627,,81.5753055298469,False,89.30724297091511,False,44.38355950352298,False,72.17698276630722,False,20.95437895031546,True,26.915270005256836,True,19.372203011213887,True,right_M1;right_S1;right_PMd,3,1;0.8;0.6,right_M1,1.0,right_PMd,19.372203011213887
pr_Agency_EBCI,test,03_30 Artem,04_calib_rest,test/03_30 Artem/04_calib_rest,C:\Users\hodor\Documents\lab-Shishkin\projects\BCI_classifier\data\pr_Agency_EBCI\trans\test\03_30 Artem\EPOCHS_04_calib_rest.hdf,"MATRIX_[9, 13]_robust_concat_04_calib_rest.hdf","C:\Users\hodor\Documents\lab-Shishkin\projects\BCI_classifier\data\pr_Agency_EBCI\features\csp\test\03_30 Artem\MATRIX_[9, 13]_robust_concat_04_calib_rest.hdf","[9, 13]",2,3,2,first5,0.19203195452528654,0.308,1.437,0.11431180495895255,1.7568321437094294,1.616,1.228623609917905,0.3921477198781837,0.129142822687126,0.5357142857142857,0.5357142857142857,0.6022268555272107,0.19832647769808637,0.800553333225297,0.3255236355256553,0.08817846111338339,37.01354529400652,0.2402709058801304,0.24657042663339146,1.1503951398447518,1.4064378285639276,0.31083707412031036,0.38190176810201515,62.98645470599348,-45.031236985008874,-11.092659768774688,59.887886205012656,-0.6435788259468275,0.283736932064558,-0.7108443206325107,0.00018835903809935852,,16.22585382860105,True,20.709772115159208,True,45.357596962841896,False,17.74100439174906,True,82.14485046738113,False,89.40996854122764,False,73.20001215265646,False,left_M1;left_S1;left_PMd,3,1;0.8;0.6,left_M1,1.0,left_M1,16.22585382860105
pr_Agency_EBCI,test,03_30 Artem,04_calib_rest,test/03_30 Artem/04_calib_rest,C:\Users\hodor\Documents\lab-Shishkin\projects\BCI_classifier\data\pr_Agency_EBCI\trans\test\03_30 Artem\EPOCHS_04_calib_rest.hdf,"MATRIX_[9, 13]_robust_concat_04_calib_rest.hdf","C:\Users\hodor\Documents\lab-Shishkin\projects\BCI_classifier\data\pr_Agency_EBCI\features\csp\test\03_30 Artem\MATRIX_[9, 13]_robust_concat_04_calib_rest.hdf","[9, 13]",3,4,3,first5,0.3063437594842391,0.194,0.817,0.006181840475073197,1.3927971082086568,1.388,1.0123636809501464,0.42901423509995446,0.12935148065033775,0.5,0.5,0.6435213526499317,0.19402722097550662,0.8375485736254383,0.378559522554689,0.10187700187483884,35.77333865929684,0.21546677318593682,0.16248442328333504,0.6842771846519831,1.1665352313297959,0.2504838773012334,0.2535807800433415,64.22666134070316,-49.83141730146424,-5.632613210705323,36.384036762865435,-0.5877867197275096,0.011184845401550148,0.8089386078963702,0.0002432180345849987,,30.22341833339531,True,29.982644041383416,True,54.319011312751,False,29.444886063991042,True,89.9398638378237,False,96.28414745096046,False,80.30018712982809,False,left_M1;left_S1;left_PMd,3,1;0.8;0.6,left_M1,1.0,left_PMd,29.444886063991042
pr_Agency_EBCI,test,03_30 Artem,04_calib_rest,test/03_30 Artem/04_calib_rest,C:\Users\hodor\Documents\lab-Shishkin\projects\BCI_classifier\data\pr_Agency_EBCI\trans\test\03_30 Artem\EPOCHS_04_calib_rest.hdf,"MATRIX_[9, 13]_robust_concat_04_calib_rest.hdf","C:\Users\hodor\Documents\lab-Shishkin\projects\BCI_classifier\data\pr_Agency_EBCI\features\csp\test\03_30 Artem\MATRIX_[9, 13]_robust_concat_04_calib_rest.hdf","[9, 13]",4,5,4,first5,0.3125255999593123,0.187,0.788,0.06052262834243871,1.4192709260001442,1.374,1.1210452566848774,0.17846566983232892,0.17920552373840504,0.4285714285714286,0.4285714285714286,0.25495095690332703,0.2560078910548643,0.5109588479581914,0.14154645056093645,0.1676100866120881,42.611675867995935,0.3522335173599187,0.09554930456818178,0.4026355721910548,0.7251890372895891,0.24728816750117533,0.27722122721148806,57.388324132004065,-63.84184030071224,-12.524928070122915,15.302683295088356,0.39611339267682655,0.32249447154715877,0.8597043072845296,0.00037356952939312485,,50.62723510232509,False,46.14257448405738,False,77.08058194578872,False,54.418600470440495,False,108.4266661730806,False,113.37798000730318,False,100.55680081844886,False,,0,,,0.0,left_S1,46.14257448405738
pr_Agency_EBCI,test,03_30 Artem,04_calib_rest,test/03_30 Artem/04_calib_rest,C:\Users\hodor\Documents\lab-Shishkin\projects\BCI_classifier\data\pr_Agency_EBCI\trans\test\03_30 Artem\EPOCHS_04_calib_rest.hdf,"MATRIX_[9, 13]_robust_concat_04_calib_rest.hdf","C:\Users\hodor\Documents\lab-Shishkin\projects\BCI_classifier\data\pr_Agency_EBCI\features\csp\test\03_30 Artem\MATRIX_[9, 13]_robust_concat_04_calib_rest.hdf","[9, 13]",51,52,-5,last5,0.7965391683649968,0.297,1.365,0.009398788771010858,1.6051657610599608,1.5939999999999999,1.0187975775420217,0.10908943824340236,0.4384962243497862,0.5,0.5,0.16363415736510356,0.6577443365246793,0.8213784938897829,0.07705805396810816,0.3226213425676814,50.38419407115092,0.5076838814230185,0.24394941268526552,1.1211816441595537,1.3184486352628777,0.6646989913012006,0.6771937221322886,49.61580592884908,40.780116891651346,-73.77723005815619,11.520158549341954,-0.46338424507351167,-0.016012986527037594,0.8860127683505113,0.0001837710004567714,,101.74190521920616,False,102.01770036631196,False,91.74500808943932,False,105.05143868233554,False,66.92591758979577,False,59.63683048446808,False,80.42656077045416,False,,0,,,0.0,right_S1,59.63683048446808
pr_Agency_EBCI,test,03_30 Artem,04_calib_rest,test/03_30 Artem/04_calib_rest,C:\Users\hodor\Documents\lab-Shishkin\projects\BCI_classifier\data\pr_Agency_EBCI\trans\test\03_30 Artem\EPOCHS_04_calib_rest.hdf,"MATRIX_[9, 13]_robust_concat_04_calib_rest.hdf","C:\Users\hodor\Documents\lab-Shishkin\projects\BCI_classifier\data\pr_Agency_EBCI\features\csp\test\03_30 Artem\MATRIX_[9, 13]_robust_concat_04_calib_rest.hdf","[9, 13]",52,53,-4,last5,0.8023564721301444,0.302,1.401,0.005817303765147552,1.6110273029482982,1.604,1.011634607530295,0.08774070061763065,0.1531643842730862,0.5,0.5,0.13161105092644598,0.2297465764096293,0.3613576273360753,0.10143274407949839,0.2050823128697173,37.01389456683081,0.24027789133661615,0.10913000345549473,0.5062620358978415,0.5821570037670336,0.13926930293840276,0.14088964661910883,62.98610543316919,0.9124706354287013,81.34396329805406,24.404544788125524,-0.18955470888700002,-0.7857497231592365,0.5887838184715575,0.00010288546346049055,,116.00928360178213,False,122.4763954699252,False,93.58661837124684,False,99.07849174313326,False,115.44157877600679,False,121.84897365408331,False,98.56140631568783,False,,0,,,0.0,SMA,93.58661837124684
pr_Agency_EBCI,test,03_30 Artem,04_calib_rest,test/03_30 Artem/04_calib_rest,C:\Users\hodor\Documents\lab-Shishkin\projects\BCI_classifier\data\pr_Agency_EBCI\trans\test\03_30 Artem\EPOCHS_04_calib_rest.hdf,"MATRIX_[9, 13]_robust_concat_04_calib_rest.hdf","C:\Users\hodor\Documents\lab-Shishkin\projects\BCI_classifier\data\pr_Agency_EBCI\features\csp\test\03_30 Artem\MATRIX_[9, 13]_robust_concat_04_calib_rest.hdf","[9, 13]",53,54,-3,last5,0.8115769993294412,0.312,1.46,0.00922052719929678,1.6355072179447223,1.624,1.0184410543985936,0.23900946500981193,0.24361975064112565,0.4464285714285714,0.4464285714285714,0.3457101190320494,0.35237856789162814,0.6980886869236775,0.18044382954354735,0.1888876642377611,25.38577887368605,0.0,0.21780367032018738,1.0192094829085692,1.1417290862292282,0.0,0.0,74.61422112631395,-2.9272823403590866,-5.720391931694706,-85.00817535953576,0.17391738597017808,0.2601981704429502,-0.9497629467164118,0.0013605271020570783,,145.9837465019677,False,144.52479631056337,False,143.0384052701783,False,143.2380651293878,False,147.42042904483242,False,146.216278785196,False,144.37797243392413,False,,0,,,0.0,SMA,143.0384052701783
pr_Agency_EBCI,test,03_30 Artem,04_calib_rest,test/03_30 Artem/04_calib_rest,C:\Users\hodor\Documents\lab-Shishkin\projects\BCI_classifier\data\pr_Agency_EBCI\trans\test\03_30 Artem\EPOCHS_04_calib_rest.hdf,"MATRIX_[9, 13]_robust_concat_04_calib_rest.hdf","C:\Users\hodor\Documents\lab-Shishkin\projects\BCI_classifier\data\pr_Agency_EBCI\features\csp\test\03_30 Artem\MATRIX_[9, 13]_robust_concat_04_calib_rest.hdf","[9, 13]",54,55,-2,last5,0.8204772397932139,0.32,1.52,0.00890024046377269,1.6513923077936292,1.6400000000000001,1.0178004809275454,0.05502635520924419,0.04879147949753065,0.5714285714285714,0.5714285714285714,0.08646998675738372,0.07667232492469102,0.16314231168207474,0.12154749787613309,0.09596341285262991,31.54457751848833,0.0,0.05220553973826392,0.2479763137567536,0.269411958587449,0.0,0.0,68.45542248151168,-48.94657477911524,-68.79597949526946,10.38007476424352,0.4982201955204561,0.0194482005517871,0.8668323968743069,0.00014109044461317103,,65.23397240677465,False,57.320163143427706,False,92.77262259328913,False,78.84216953053932,False,106.3192265028317,False,107.27826278273025,False,108.15777397646093,False,,0,,,0.0,left_S1,57.320163143427706
pr_Agency_EBCI,test,03_30 Artem,04_calib_rest,test/03_30 Artem/04_calib_rest,C:\Users\hodor\Documents\lab-Shishkin\projects\BCI_classifier\data\pr_Agency_EBCI\trans\test\03_30 Artem\EPOCHS_04_calib_rest.hdf,"MATRIX_[9, 13]_robust_concat_04_calib_rest.hdf","C:\Users\hodor\Documents\lab-Shishkin\projects\BCI_classifier\data\pr_Agency_EBCI\features\csp\test\03_30 Artem\MATRIX_[9, 13]_robust_concat_04_calib_rest.hdf","[9, 13]",55,56,-1,last5,0.8442043530277614,0.344,1.69,0.02372711323454757,1.7206485078107374,1.688,1.0474542264690951,0.14079358679383608,0.7258459082974473,0.6428571428571428,0.6428571428571428,0.23130374973273068,1.192461135060092,1.4237648847928226,0.05414087289252708,0.28518228901857734,34.136687948878134,0.0,0.48977512036873094,2.40616265529987,2.4497989244920966,0.0,0.0,65.86331205112187,46.7667836594742,-42.02869055238767,-23.5181463848778,-0.3894162864041085,0.8973651753948714,0.20758299032378608,0.0005142518491823987,,116.1830872582357,False,117.16322678665361,False,100.6499219413415,False,114.32917092317092,False,82.24410567262876,False,76.61854903526405,False,88.50581649879582,False,,0,,,0.0,right_S1,76.61854903526405
pr_Agency_EBCI,test,03_30 Artem,04_calib_rest,test/03_30 Artem/04_calib_rest,C:\Users\hodor\Documents\lab-Shishkin\projects\BCI_classifier\data\pr_Agency_EBCI\trans\test\03_30 Artem\EPOCHS_04_calib_rest.hdf,"MATRIX_[10, 14]_robust_concat_04_calib_rest.hdf","C:\Users\hodor\Documents\lab-Shishkin\projects\BCI_classifier\data\pr_Agency_EBCI\features\csp\test\03_30 Artem\MATRIX_[10, 14]_robust_concat_04_calib_rest.hdf","[10, 14]",0,1,0,first5,0.10393515350249918,0.396,2.154,0.05651228755597021,1.881515463488657,1.792,1.1130245751119405,1.0262978186831422,0.09726664576933836,0.6607142857142857,0.6607142857142857,1.7043874488845039,0.16153210815265118,1.865919557037155,0.4373440188396174,0.03280847016356097,72.94118386904842,0.9588236773809684,0.7389041445867134,4.0191907258580315,3.510756500191312,3.2060454296647753,3.5684073521422155,27.058816130951584,-37.47340899160248,-17.507757159118057,51.59348470976214,0.6963014438814379,0.7100531526104357,-0.10482757135699593,0.0006623055107143449,,7.983578656505989,True,13.293284471268512,True,39.72062807218937,False,14.126581367126143,True,73.89119313528084,False,80.45025868586929,False,66.30672747302127,False,left_M1;left_S1;left_PMd,3,1;0.8;0.6,left_M1,1.0,left_M1,7.983578656505989
pr_Agency_EBCI,test,03_30 Artem,04_calib_rest,test/03_30 Artem/04_calib_rest,C:\Users\hodor\Documents\lab-Shishkin\projects\BCI_classifier\data\pr_Agency_EBCI\trans\test\03_30 Artem\EPOCHS_04_calib_rest.hdf,"MATRIX_[10, 14]_robust_concat_04_calib_rest.hdf","C:\Users\hodor\Documents\lab-Shishkin\projects\BCI_classifier\data\pr_Agency_EBCI\features\csp\test\03_30 Artem\MATRIX_[10, 14]_robust_concat_04_calib_rest.hdf","[10, 14]",1,2,1,first5,0.1604474410584694,0.34,1.655,0.10042386443549359,1.8165764556322714,1.6800000000000002,1.2008477288709871,0.38931195880543756,0.9882583346947291,0.5,0.5,0.5839679382081564,1.4823875020420938,2.06635544025025,0.12608688469254695,0.33667958362080624,71.13824393360386,0.9227648786720772,0.7025608496850851,3.419818253614164,3.7536926417262615,3.2033571815547273,3.846744196232561,28.86175606639614,43.390850436876896,-5.879118736142998,61.29056506727544,-0.8552262645962913,0.4679400303266353,-0.22275584024348763,0.0003429832508342034,,81.60431085181979,False,89.21731250462236,False,43.51561021492569,False,71.61802665647092,False,20.272668464959473,True,25.885632639596178,True,16.412388407442975,True,right_M1;right_S1;right_PMd,3,1;0.8;0.6,right_M1,1.0,right_PMd,16.412388407442975
pr_Agency_EBCI,test,03_30 Artem,04_calib_rest,test/03_30 Artem/04_calib_rest,C:\Users\hodor\Documents\lab-Shishkin\projects\BCI_classifier\data\pr_Agency_EBCI\trans\test\03_30 Artem\EPOCHS_04_calib_rest.hdf,"MATRIX_[10, 14]_robust_concat_04_calib_rest.hdf","C:\Users\hodor\Documents\lab-Shishkin\projects\BCI_classifier\data\pr_Agency_EBCI\features\csp\test\03_30 Artem\MATRIX_[10, 14]_robust_concat_04_calib_rest.hdf","[10, 14]",2,3,2,first5,0.260871305493963,0.239,1.041,0.07637449949594743,1.5510140215181258,1.478,1.1527489989918949,0.39699805763588547,0.2317565410636236,0.4464285714285714,0.4464285714285714,0.5742293333661914,0.3352192826098841,0.9094486159760755,0.2908023997915199,0.16080624242548308,44.49130684949216,0.38982613698984325,0.21735821921828205,0.9467360092310946,1.4105675552291466,0.5239906706384218,0.6040297210595323,55.50869315050784,-19.045195877840243,-11.12230070107946,75.58330145383044,0.6089969629176993,-0.22692630730099367,-0.7600178617715201,0.00017032077776269126,,28.92760304425207,True,37.94025132454224,False,26.4221486732979,True,21.758744779187246,True,59.827371865182386,False,68.11061281508624,False,51.05394120617835,False,left_M1;SMA;left_PMd,3,1;0.7;0.6,left_M1,1.0,left_PMd,21.758744779187246
pr_Agency_EBCI,test,03_30 Artem,04_calib_rest,test/03_30 Artem/04_calib_rest,C:\Users\hodor\Documents\lab-Shishkin\projects\BCI_classifier\data\pr_Agency_EBCI\trans\test\03_30 Artem\EPOCHS_04_calib_rest.hdf,"MATRIX_[10, 14]_robust_concat_04_calib_rest.hdf","C:\Users\hodor\Documents\lab-Shishkin\projects\BCI_classifier\data\pr_Agency_EBCI\features\csp\test\03_30 Artem\MATRIX_[10, 14]_robust_concat_04_calib_rest.hdf","[10, 14]",3,4,3,first5,0.3372458049899104,0.163,0.676,0.01074699398690293,1.3330070400794607,1.326,1.0214939879738059,0.42840677106463626,0.14210058861497796,0.5,0.5,0.6426101565969544,0.21315088292246692,0.8557610395194213,0.29590745933900015,0.10104790622182398,27.49507198206722,0.0,0.13948904944166568,0.5784944627151288,1.1407354903051061,0.0,0.0,72.50492801793278,-63.51962867735254,-18.363289974502994,-27.350899773317956,0.7577542086627267,0.5034222906494529,-0.4151801494907754,0.00037967993335037096,,87.95723367337447,False,83.03657467323535,False,107.10915114226871,False,91.19437643569002,False,129.93575906967013,False,132.53818450265197,False,124.22001732956657,False,,0,,,0.0,left_S1,83.03657467323535
pr_Agency_EBCI,test,03_30 Artem,04_calib_rest,test/03_30 Artem/04_calib_rest,C:\Users\hodor\Documents\lab-Shishkin\projects\BCI_classifier\data\pr_Agency_EBCI\trans\test\03_30 Artem\EPOCHS_04_calib_rest.hdf,"MATRIX_[10, 14]_robust_concat_04_calib_rest.hdf","C:\Users\hodor\Documents\lab-Shishkin\projects\BCI_classifier\data\pr_Agency_EBCI\features\csp\test\03_30 Artem\MATRIX_[10, 14]_robust_concat_04_calib_rest.hdf","[10, 14]",4,5,4,first5,0.34799279897681334,0.152,0.628,0.020982979537329638,1.3167576515586963,1.304,1.0419659590746593,0.25176252514141656,0.28161364611121037,0.4821428571428571,0.4821428571428571,0.37314802833459954,0.4173916540576868,0.7905396823922863,0.1488594867627914,0.20499799347237488,59.47635167765408,0.6895270335530816,0.12016203172362752,0.4964589205423558,1.0409491756508247,0.7108084206661568,0.7406381777577561,40.52364832234592,-40.71294194151209,-0.98227063952566,52.654887798067605,-0.9243057406521181,0.374797190430783,-0.07201363650539247,0.00032808233211732685,,23.7322030646045,True,29.053640283305484,True,41.36775886991157,False,14.901583601370621,True,80.16159368349263,False,87.65779063999813,False,69.15133181131071,False,left_M1;left_S1;left_PMd,3,1;0.8;0.6,left_M1,1.0,left_PMd,14.901583601370621
pr_Agency_EBCI,test,03_30 Artem,04_calib_rest,test/03_30 Artem/04_calib_rest,C:\Users\hodor\Documents\lab-Shishkin\projects\BCI_classifier\data\pr_Agency_EBCI\trans\test\03_30 Artem\EPOCHS_04_calib_rest.hdf,"MATRIX_[10, 14]_robust_concat_04_calib_rest.hdf","C:\Users\hodor\Documents\lab-Shishkin\projects\BCI_classifier\data\pr_Agency_EBCI\features\csp\test\03_30 Artem\MATRIX_[10, 14]_robust_concat_04_calib_rest.hdf","[10, 14]",51,52,-5,last5,0.7667690517858037,0.267,1.19,0.003620365314847329,1.537866550156257,1.534,1.0072407306296947,0.04573722236743844,0.3978049409675395,0.5714285714285714,0.5714285714285714,0.07187277800597469,0.6251220500918477,0.6969948280978224,0.02864499061130767,0.3614533690211605,19.714975028997817,0.0,0.1860976191021186,0.8294238454364087,1.0718850317635515,0.0,0.0,80.28502497100219,22.592142339458324,-48.36737343237338,63.965099159305204,-0.9838001941684152,0.14476641788379435,0.1057348675096496,9.284297555184813e-05,,63.95506888853803,False,68.21047468459008,False,48.383691829219345,False,65.21144461628082,False,28.930647065968753,True,29.277789255135158,True,41.49954899662077,False,right_M1;right_S1,2,1;0.8,right_M1,1.0,right_M1,28.930647065968753
pr_Agency_EBCI,test,03_30 Artem,04_calib_rest,test/03_30 Artem/04_calib_rest,C:\Users\hodor\Documents\lab-Shishkin\projects\BCI_classifier\data\pr_Agency_EBCI\trans\test\03_30 Artem\EPOCHS_04_calib_rest.hdf,"MATRIX_[10, 14]_robust_concat_04_calib_rest.hdf","C:\Users\hodor\Documents\lab-Shishkin\projects\BCI_classifier\data\pr_Agency_EBCI\features\csp\test\03_30 Artem\MATRIX_[10, 14]_robust_concat_04_calib_rest.hdf","[10, 14]",52,53,-4,last5,0.7750642426902284,0.275,1.237,0.008295190904424765,1.5591247099948673,1.55,1.0165903818088495,0.2583537146899161,0.1585405178704325,0.4642857142857143,0.4642857142857143,0.37830365365309143,0.2321486154531333,0.6104522691062247,0.18427783558972666,0.13037480626859138,23.681685021530722,0.0,0.16787437400421182,0.7551294568844,0.9517712170359514,0.0,0.0,76.31831497846927,39.111096140152796,-69.09541632376911,-30.981191620016737,-0.31213060133564935,0.3073551854125533,0.8989478726321459,0.0004200965817991905,,123.45444922086611,False,122.44729338480242,False,115.88080887046036,False,125.70710726345419,False,98.02552314701211,False,91.77513555270953,False,106.87298091121284,False,,0,,,0.0,right_S1,91.77513555270953
pr_Agency_EBCI,test,03_30 Artem,04_calib_rest,test/03_30 Artem/04_calib_rest,C:\Users\hodor\Documents\lab-Shishkin\projects\BCI_classifier\data\pr_Agency_EBCI\trans\test\03_30 Artem\EPOCHS_04_calib_rest.hdf,"MATRIX_[10, 14]_robust_concat_04_calib_rest.hdf","C:\Users\hodor\Documents\lab-Shishkin\projects\BCI_classifier\data\pr_Agency_EBCI\features\csp\test\03_30 Artem\MATRIX_[10, 14]_robust_concat_04_calib_rest.hdf","[10, 14]",53,54,-3,last5,0.7857297191827596,0.286,1.299,0.010665476492531134,1.5842013051074555,1.572,1.0213309529850623,0.19325681613275889,0.43127129594564195,0.6071428571428572,0.6071428571428572,0.31059131164193393,0.6931145827697818,1.0037058944117156,0.09453329756609744,0.2200174225393321,18.581342909828535,0.0,0.2870598858017506,1.3038139568408185,1.590072187871086,0.0,0.0,81.41865709017146,-18.375583407744656,-78.66657958687455,26.57702721884917,-0.6760185898486925,0.3301269493194793,-0.6587981963484716,8.113963681533785e-05,,64.53500066805452,False,59.77354408968201,False,81.27420914924672,False,77.14989431314665,False,82.52787602950308,False,81.60866734325627,False,89.4995616424857,False,,0,,,0.0,left_S1,59.77354408968201
pr_Agency_EBCI,test,03_30 Artem,04_calib_rest,test/03_30 Artem/04_calib_rest,C:\Users\hodor\Documents\lab-Shishkin\projects\BCI_classifier\data\pr_Agency_EBCI\trans\test\03_30 Artem\EPOCHS_04_calib_rest.hdf,"MATRIX_[10, 14]_robust_concat_04_calib_rest.hdf","C:\Users\hodor\Documents\lab-Shishkin\projects\BCI_classifier\data\pr_Agency_EBCI\features\csp\test\03_30 Artem\MATRIX_[10, 14]_robust_concat_04_calib_rest.hdf","[10, 14]",54,55,-2,last5,0.7950143904457954,0.295,1.355,0.009284671263035782,1.6009559120903822,1.5899999999999999,1.0185693425260716,0.0652114769989401,0.29039981469087617,0.5357142857142857,0.5357142857142857,0.10014619681980086,0.4459711439895598,0.5461173408093607,0.08402759173195001,0.35759619710563106,17.370988011021932,0.0,0.1611046155387614,0.7399889967966837,0.8743097854638242,0.0,0.0,82.62901198897806,36.83539726538824,-62.96032509058236,8.381995608859675,-0.8217074249819021,-0.5637391123867749,0.0836368393411836,0.00017510774609299416,,95.34346526199604,False,95.9371314931502,False,84.04327150868782,False,97.42556345650698,False,61.531123522568144,False,54.9143556690668,False,73.25418705503725,False,,0,,,0.0,right_S1,54.9143556690668
pr_Agency_EBCI,test,03_30 Artem,04_calib_rest,test/03_30 Artem/04_calib_rest,C:\Users\hodor\Documents\lab-Shishkin\projects\BCI_classifier\data\pr_Agency_EBCI\trans\test\03_30 Artem\EPOCHS_04_calib_rest.hdf,"MATRIX_[10, 14]_robust_concat_04_calib_rest.hdf","C:\Users\hodor\Documents\lab-Shishkin\projects\BCI_classifier\data\pr_Agency_EBCI\features\csp\test\03_30 Artem\MATRIX_[10, 14]_robust_concat_04_calib_rest.hdf","[10, 14]",55,56,-1,last5,0.8035024827733391,0.304,1.408,0.008488092327543773,1.6183215202702932,1.608,1.0169761846550875,0.049432297128789215,0.20643778359744275,0.5892857142857143,0.5892857142857143,0.07856204365111144,0.3280886203602215,0.406650664011333,0.046778056757587304,0.1877293311042514,31.463497257040224,0.0,0.12362180185944523,0.5725641349279568,0.6580915208017446,0.0,0.0,68.53650274295978,46.8695881125444,-25.228271842882293,10.592269242955743,0.24104821662307246,-0.49032866619136534,-0.8375401819458175,0.0005021437804117244,,94.50258884372955,False,98.1589183281203,False,69.3828340689233,False,89.24197771978454,False,46.706729814456146,False,41.96525282229493,False,52.103135402138236,False,,0,,,0.0,right_S1,41.96525282229493
pr_Agency_EBCI,test,03_30 Artem,04_calib_rest,test/03_30 Artem/04_calib_rest,C:\Users\hodor\Documents\lab-Shishkin\projects\BCI_classifier\data\pr_Agency_EBCI\trans\test\03_30 Artem\EPOCHS_04_calib_rest.hdf,"MATRIX_[8, 15]_robust_concat_04_calib_rest.hdf","C:\Users\hodor\Documents\lab-Shishkin\projects\BCI_classifier\data\pr_Agency_EBCI\features\csp\test\03_30 Artem\MATRIX_[8, 15]_robust_concat_04_calib_rest.hdf","[8, 15]",0,1,0,first5,0.08675261711970894,0.413,2.354,0.06624919795883599,1.9354436750279969,1.826,1.132498395917672,1.1817422877791057,0.24060753283871153,0.5892857142857143,0.5892857142857143,1.8781261359346504,0.38239411469009515,2.2605202506247455,0.37395726547398817,0.06755900740949482,82.18431763923645,1.0,0.9335948635080198,5.321264669970651,4.375109621344366,4.1277099776407855,4.674624928491559,17.815682360763546,-36.076736590162426,-18.668776731034807,53.5950771151323,-0.6453937333702637,-0.7626375031169853,-0.04302287491420185,0.0007235268664617729,,5.849058396869197,True,12.885105401069781,True,38.48937739790557,False,13.595592115303353,True,72.31363324514524,False,78.91082111056737,False,65.00334316836243,False,left_M1;left_S1;left_PMd,3,1;0.8;0.6,left_M1,1.0,left_M1,5.849058396869197
pr_Agency_EBCI,test,03_30 Artem,04_calib_rest,test/03_30 Artem/04_calib_rest,C:\Users\hodor\Documents\lab-Shishkin\projects\BCI_classifier\data\pr_Agency_EBCI\trans\test\03_30 Artem\EPOCHS_04_calib_rest.hdf,"MATRIX_[8, 15]_robust_concat_04_calib_rest.hdf","C:\Users\hodor\Documents\lab-Shishkin\projects\BCI_classifier\data\pr_Agency_EBCI\features\csp\test\03_30 Artem\MATRIX_[8, 15]_robust_concat_04_calib_rest.hdf","[8, 15]",1,2,1,first5,0.15300181507854493,0.347,1.711,0.061989884921650584,1.780041960271251,1.694,1.1239797698433012,0.11671831353680268,0.9237011238695837,0.5892857142857143,0.5892857142857143,0.18549874829956142,1.4680250004355886,1.65352374873515,0.04353903554705023,0.42613832451163464,77.10089283890221,1.0,0.573772740811097,2.829179134085842,2.9433416550535836,2.801069230357344,3.1483451488522003,22.89910716109779,41.26701820281017,-6.116664522780178,62.63678201599779,0.8745303455516109,-0.4783847819911384,0.07965346865435934,0.00037020116821347875,,79.58676187201021,False,87.27514632219416,False,41.52686057753249,False,69.60972373710487,False,19.78893741632922,True,26.15515451088547,True,14.953514638416044,True,right_M1;right_S1;right_PMd,3,1;0.8;0.6,right_M1,1.0,right_PMd,14.953514638416044
pr_Agency_EBCI,test,03_30 Artem,04_calib_rest,test/03_30 Artem/04_calib_rest,C:\Users\hodor\Documents\lab-Shishkin\projects\BCI_classifier\data\pr_Agency_EBCI\trans\test\03_30 Artem\EPOCHS_04_calib_rest.hdf,"MATRIX_[8, 15]_robust_concat_04_calib_rest.hdf","C:\Users\hodor\Documents\lab-Shishkin\projects\BCI_classifier\data\pr_Agency_EBCI\features\csp\test\03_30 Artem\MATRIX_[8, 15]_robust_concat_04_calib_rest.hdf","[8, 15]",2,3,2,first5,0.21499170000019552,0.285,1.295,0.10102714214981223,1.6851709420507859,1.5699999999999998,1.2020542842996245,0.42955859137401864,0.3100690114833344,0.5178571428571428,0.5178571428571428,0.6520085761927068,0.4706404638586325,1.1226490400513394,0.2706831191431968,0.19231673917213005,48.72070394073101,0.4744140788146203,0.31995497641463166,1.4538305068664843,1.891855540415726,0.836182800963876,1.0051371183562874,51.27929605926899,-37.437216918699534,-7.000559495338432,63.6496263482148,-0.5506899939002292,0.2768712968660415,-0.7874533735973718,0.00023792444914297366,,18.696613415542043,True,26.182189500259323,True,37.87432649956851,False,12.189205378540844,True,75.7662364744545,False,83.51622291129438,False,65.89040159730853,False,left_M1;left_S1;left_PMd,3,1;0.8;0.6,left_M1,1.0,left_PMd,12.189205378540844
pr_Agency_EBCI,test,03_30 Artem,04_calib_rest,test/03_30 Artem/04_calib_rest,C:\Users\hodor\Documents\lab-Shishkin\projects\BCI_classifier\data\pr_Agency_EBCI\trans\test\03_30 Artem\EPOCHS_04_calib_rest.hdf,"MATRIX_[8, 15]_robust_concat_04_calib_rest.hdf","C:\Users\hodor\Documents\lab-Shishkin\projects\BCI_classifier\data\pr_Agency_EBCI\features\csp\test\03_30 Artem\MATRIX_[8, 15]_robust_concat_04_calib_rest.hdf","[8, 15]",3,4,3,first5,0.31601884215000775,0.184,0.772,0.04853653803276525,1.4037228919921152,1.3679999999999999,1.0970730760655305,0.21017543561234453,0.15502267658558974,0.5,0.5,0.3152631534185168,0.2325340148783846,0.5477971682969014,0.20394322991455735,0.15768555526281575,43.85731109911305,0.377146221982261,0.10079467896662986,0.4228994139252079,0.7689554253068178,0.28262829717211574,0.3100638953617759,56.14268890088695,32.99091143468564,-23.0450254161935,56.22389289443892,-0.4406081669713944,0.8046891389597628,0.3979193798224754,0.00022520119154520408,,68.99788377242113,False,75.43109266376798,False,37.17643992073984,False,62.819536733692615,False,3.1649199796838863,True,12.139877240844072,True,15.852826711692918,True,right_M1;right_S1;right_PMd,3,1;0.8;0.6,right_M1,1.0,right_M1,3.1649199796838863
pr_Agency_EBCI,test,03_30 Artem,04_calib_rest,test/03_30 Artem/04_calib_rest,C:\Users\hodor\Documents\lab-Shishkin\projects\BCI_classifier\data\pr_Agency_EBCI\trans\test\03_30 Artem\EPOCHS_04_calib_rest.hdf,"MATRIX_[8, 15]_robust_concat_04_calib_rest.hdf","C:\Users\hodor\Documents\lab-Shishkin\projects\BCI_classifier\data\pr_Agency_EBCI\features\csp\test\03_30 Artem\MATRIX_[8, 15]_robust_concat_04_calib_rest.hdf","[8, 15]",4,5,4,first5,0.364555380182773,0.135,0.556,0.020057681640222425,1.2808311480857202,1.27,1.040115363280445,0.4469751322159613,0.1094349538669104,0.5535714285714286,0.5535714285714286,0.6944077946926542,0.1700150176146644,0.8644228123073187,0.396132561674174,0.0962315313841861,62.46944652115797,0.7493889304231593,0.11669707966148803,0.4806190836428692,1.10717966311907,0.8226918861704184,0.8556944700520194,37.53055347884203,-54.25259159540266,-6.304785441301993,31.243444922464434,-0.3412487789757991,0.35231370476990054,0.8714495534905239,0.0003458570343961137,,35.48471132098969,False,33.79975994697645,True,60.49256010948768,False,36.124220921454906,False,95.24462151361597,False,101.27615297048402,False,85.914199035242,False,left_S1,1,0.8,left_S1,0.8,left_S1,33.79975994697645
pr_Agency_EBCI,test,03_30 Artem,04_calib_rest,test/03_30 Artem/04_calib_rest,C:\Users\hodor\Documents\lab-Shishkin\projects\BCI_classifier\data\pr_Agency_EBCI\trans\test\03_30 Artem\EPOCHS_04_calib_rest.hdf,"MATRIX_[8, 15]_robust_concat_04_calib_rest.hdf","C:\Users\hodor\Documents\lab-Shishkin\projects\BCI_classifier\data\pr_Agency_EBCI\features\csp\test\03_30 Artem\MATRIX_[8, 15]_robust_concat_04_calib_rest.hdf","[8, 15]",51,52,-5,last5,0.7374516938973757,0.237,1.033,0.008157996806194556,1.4817337809722724,1.474,1.0163159936123891,0.11060384722553734,0.17148261609440582,0.5357142857142857,0.5357142857142857,0.16985590823921806,0.2633483032878375,0.43320421152705557,0.11105566249731548,0.18913451771864132,34.67562299256575,0.0,0.10266939813191217,0.4474999505074484,0.6418933142790961,0.0,0.0,65.32437700743425,-25.340132258056883,-71.0493987897662,39.20275544017112,0.8803717412189764,0.014761509337161216,0.47405452756529676,8.670309873258412e-05,,51.08254233646632,False,46.11262085920042,False,72.29718520667224,False,65.30274886219034,False,79.11008264890806,False,79.89690871277763,False,84.27659118557581,False,,0,,,0.0,left_S1,46.11262085920042
pr_Agency_EBCI,test,03_30 Artem,04_calib_rest,test/03_30 Artem/04_calib_rest,C:\Users\hodor\Documents\lab-Shishkin\projects\BCI_classifier\data\pr_Agency_EBCI\trans\test\03_30 Artem\EPOCHS_04_calib_rest.hdf,"MATRIX_[8, 15]_robust_concat_04_calib_rest.hdf","C:\Users\hodor\Documents\lab-Shishkin\projects\BCI_classifier\data\pr_Agency_EBCI\features\csp\test\03_30 Artem\MATRIX_[8, 15]_robust_concat_04_calib_rest.hdf","[8, 15]",52,53,-4,last5,0.7551086800193747,0.255,1.126,0.017656986121998952,1.528010125844439,1.51,1.035313972243998,0.30599182185866536,0.3518993775333454,0.625,0.625,0.4972367105203312,0.5718364884916862,1.0690731990120175,0.1426252789092191,0.16038362607172385,22.134559899545177,0.0,0.27261366574806445,1.2037764220875316,1.6335546733592698,0.0,0.0,77.86544010045482,6.8754874849324,-44.4761630021105,18.77753496404841,-0.13101114612256853,0.8422422921816061,0.5229378556313599,0.0004565797480346269,,60.35803659590189,False,60.84492382457621,False,55.37227836216317,False,62.708229109271215,False,51.507498326767596,False,50.4680379819727,False,56.2340412891375,False,,0,,,0.0,right_S1,50.4680379819727
pr_Agency_EBCI,test,03_30 Artem,04_calib_rest,test/03_30 Artem/04_calib_rest,C:\Users\hodor\Documents\lab-Shishkin\projects\BCI_classifier\data\pr_Agency_EBCI\trans\test\03_30 Artem\EPOCHS_04_calib_rest.hdf,"MATRIX_[8, 15]_robust_concat_04_calib_rest.hdf","C:\Users\hodor\Documents\lab-Shishkin\projects\BCI_classifier\data\pr_Agency_EBCI\features\csp\test\03_30 Artem\MATRIX_[8, 15]_robust_concat_04_calib_rest.hdf","[8, 15]",53,54,-3,last5,0.7600653293909064,0.26,1.153,0.0049566493715317295,1.525154915346393,1.52,1.0099132987430635,0.06302738816689055,0.15579226166873994,0.6071428571428572,0.6071428571428572,0.10129401669678838,0.25038042053904636,0.35167443723583475,0.07447723801325362,0.18658926554832406,34.45182327237152,0.0,0.09143535368131704,0.40548062613291747,0.53635799655191,0.0,0.0,65.54817672762849,10.515440969735337,-50.18667387632534,28.23155633535981,-0.4243115260461641,-0.22627321016209162,0.8767896915608198,0.0002928079983025671,,60.170712151928605,False,61.076282276134386,False,54.3065086822526,False,63.51567609178772,False,45.894347159844855,False,44.31385983818731,False,53.446344316393954,False,,0,,,0.0,right_S1,44.31385983818731
pr_Agency_EBCI,test,03_30 Artem,04_calib_rest,test/03_30 Artem/04_calib_rest,C:\Users\hodor\Documents\lab-Shishkin\projects\BCI_classifier\data\pr_Agency_EBCI\trans\test\03_30 Artem\EPOCHS_04_calib_rest.hdf,"MATRIX_[8, 15]_robust_concat_04_calib_rest.hdf","C:\Users\hodor\Documents\lab-Shishkin\projects\BCI_classifier\data\pr_Agency_EBCI\features\csp\test\03_30 Artem\MATRIX_[8, 15]_robust_concat_04_calib_rest.hdf","[8, 15]",54,55,-2,last5,0.7739701436570579,0.274,1.231,0.013904814266151422,1.563239676435702,1.548,1.0278096285323028,0.103935797470245,0.279939544017329,0.5,0.5,0.1559036962053675,0.4199093160259935,0.575813012231361,0.07368132560966321,0.2226713590026712,40.49223760695,0.309844752139,0.15777276535139295,0.7088258180568056,0.9001337469280197,0.27618276680241094,0.2838633069542096,59.50776239305,33.254715990053434,-63.315506348711565,0.7819752726173247,-0.6646535822996277,0.233638734515246,0.7096820113757897,0.00037379385483124705,,96.90693979851179,False,96.93544913492394,False,87.54910483432533,False,99.30244573237007,False,67.84007575574111,False,61.722678268691894,False,78.33548070666521,False,,0,,,0.0,right_S1,61.722678268691894
pr_Agency_EBCI,test,03_30 Artem,04_calib_rest,test/03_30 Artem/04_calib_rest,C:\Users\hodor\Documents\lab-Shishkin\projects\BCI_classifier\data\pr_Agency_EBCI\trans\test\03_30 Artem\EPOCHS_04_calib_rest.hdf,"MATRIX_[8, 15]_robust_concat_04_calib_rest.hdf","C:\Users\hodor\Documents\lab-Shishkin\projects\BCI_classifier\data\pr_Agency_EBCI\features\csp\test\03_30 Artem\MATRIX_[8, 15]_robust_concat_04_calib_rest.hdf","[8, 15]",55,56,-1,last5,0.7872815858015517,0.287,1.309,0.013311442144493868,1.589281535581879,1.5739999999999998,1.0266228842889877,0.47370936496122423,0.9778756134243207,0.5357142857142857,0.5357142857142857,0.7274822390475943,1.5017375491873495,2.2292197882349436,0.13096904427044204,0.2691091626662758,45.06580962237267,0.40131619244745337,0.6397860792234288,2.918048702799541,3.5428578481955424,1.4081350241326283,1.445623639943382,54.93419037762733,7.866526601416567,-43.91705873702843,41.54627737889605,0.7391483673826864,-0.5555916379540244,0.3807592714971936,0.0004107401542412443,,50.29782781010368,False,52.81699836055307,False,42.07505878938598,False,52.77644300610912,False,37.37768922513609,False,38.31525605787703,False,43.63830836568288,False,,0,,,0.0,right_M1,37.37768922513609
pr_Agency_EBCI,test,04_03 Artem,01_calib,test/04_03 Artem/01_calib,C:\Users\hodor\Documents\lab-Shishkin\projects\BCI_classifier\data\pr_Agency_EBCI\trans\test\04_03 Artem\EPOCHS_01_calib.hdf,"MATRIX_[8, 12]_robust_concat_01_calib.hdf","C:\Users\hodor\Documents\lab-Shishkin\projects\BCI_classifier\data\pr_Agency_EBCI\features\csp\test\04_03 Artem\MATRIX_[8, 12]_robust_concat_01_calib.hdf","[8, 12]",0,1,0,first5,0.2941042110105348,0.206,0.876,0.020438426367503093,1.4288412633268224,1.412,1.040876852735006,0.22998933362281612,0.1759558023982912,0.4464285714285714,0.4464285714285714,0.33266314327585905,0.25450749989752836,0.5871706431733874,0.17777464396518133,0.13254987623210282,27.30235125387635,0.0,0.1209571524937178,0.5143614834198874,0.8389736435802857,0.0,0.0,72.69764874612365,-9.4340014556714,-84.49149450735125,4.469445288835184,0.90944868374217,-0.2947416667841615,0.2933094637084332,0.00012716633620528663,,83.78765574492776,False,79.30334712977086,False,95.47478924380076,False,94.07998247638287,False,91.53615386745943,False,88.73518530176027,False,99.53718534191985,False,,0,,,0.0,left_S1,79.30334712977086
pr_Agency_EBCI,test,04_03 Artem,01_calib,test/04_03 Artem/01_calib,C:\Users\hodor\Documents\lab-Shishkin\projects\BCI_classifier\data\pr_Agency_EBCI\trans\test\04_03 Artem\EPOCHS_01_calib.hdf,"MATRIX_[8, 12]_robust_concat_01_calib.hdf","C:\Users\hodor\Documents\lab-Shishkin\projects\BCI_classifier\data\pr_Agency_EBCI\features\csp\test\04_03 Artem\MATRIX_[8, 12]_robust_concat_01_calib.hdf","[8, 12]",1,2,1,first5,0.3145426373780379,0.185,0.779,0.009650949897931305,1.3771417029244692,1.37,1.0193018997958627,0.49565273075124294,0.32098075164327167,0.5714285714285714,0.5714285714285714,0.778882862609096,0.5043983240108555,1.2832811866199516,0.18070921472013488,0.11852139890207947,50.974067631722434,0.5194813526344487,0.23740701952469104,0.9996760443769424,1.7672600386727337,0.9132976858908719,0.9309260663077309,49.025932368277566,34.618690680166814,-50.09070355233155,30.81110454746723,0.34101780928328,0.9310410069210782,0.12988262848825266,0.00030866209371463584,,79.38642666952174,False,81.99408162342641,False,62.3031292960266,False,79.54375023939525,False,36.29205534840001,False,30.117924679517472,True,49.49661448996899,False,right_S1,1,0.8,right_S1,0.8,right_S1,30.117924679517472
pr_Agency_EBCI,test,04_03 Artem,01_calib,test/04_03 Artem/01_calib,C:\Users\hodor\Documents\lab-Shishkin\projects\BCI_classifier\data\pr_Agency_EBCI\trans\test\04_03 Artem\EPOCHS_01_calib.hdf,"MATRIX_[8, 12]_robust_concat_01_calib.hdf","C:\Users\hodor\Documents\lab-Shishkin\projects\BCI_classifier\data\pr_Agency_EBCI\features\csp\test\04_03 Artem\MATRIX_[8, 12]_robust_concat_01_calib.hdf","[8, 12]",2,3,2,first5,0.3241935872759692,0.176,0.735,0.006483867618474193,1.3565646428034057,1.3519999999999999,1.0129677352369484,0.22527755625024154,0.2633256020057735,0.4821428571428571,0.4821428571428571,0.33389352087089375,0.3902861601157,0.7241796809865937,0.13731879262863322,0.166644336121063,41.892399173622536,0.3378479834724507,0.12745562385364048,0.5322720655251464,0.9823965502630627,0.3307838958953946,0.3350734138780123,58.107600826377464,7.218316446958626,-79.58936146725709,-6.125625137378105,-0.28735957501526205,0.4006516471567609,-0.8700015702730785,0.00031796003327368063,,93.90204089132912,False,90.88528892078322,False,97.87540044743926,False,101.11854324186903,False,88.19385304654064,False,83.94914281352249,False,97.03869509272252,False,,0,,,0.0,right_S1,83.94914281352249
pr_Agency_EBCI,test,04_03 Artem,01_calib,test/04_03 Artem/01_calib,C:\Users\hodor\Documents\lab-Shishkin\projects\BCI_classifier\data\pr_Agency_EBCI\trans\test\04_03 Artem\EPOCHS_01_calib.hdf,"MATRIX_[8, 12]_robust_concat_01_calib.hdf","C:\Users\hodor\Documents\lab-Shishkin\projects\BCI_classifier\data\pr_Agency_EBCI\features\csp\test\04_03 Artem\MATRIX_[8, 12]_robust_concat_01_calib.hdf","[8, 12]",3,4,3,first5,0.3306774548944434,0.169,0.705,0.018153192645793625,1.3502715582285565,1.338,1.0363063852915873,0.10943208962341737,0.3857481058130985,0.625,0.625,0.1778271456380532,0.626840671946285,0.8046678175843383,0.05802924617476797,0.20383488226967875,48.067646732904365,0.46135293465808735,0.13598886117175318,0.5672908113969585,1.0865200679059763,0.49671357943225214,0.5147474540266829,51.932353267095635,34.647182023635075,-39.5274493500272,10.090174452671507,0.3888234268124255,-0.7478067806513814,-0.5381462269436246,0.0006300545957672611,,85.67285505330393,False,87.87488993272817,False,67.9696142851568,False,83.82339506251898,False,48.483439250748006,False,43.60355146909936,False,56.08811971496284,False,,0,,,0.0,right_S1,43.60355146909936
pr_Agency_EBCI,test,04_03 Artem,01_calib,test/04_03 Artem/01_calib,C:\Users\hodor\Documents\lab-Shishkin\projects\BCI_classifier\data\pr_Agency_EBCI\trans\test\04_03 Artem\EPOCHS_01_calib.hdf,"MATRIX_[8, 12]_robust_concat_01_calib.hdf","C:\Users\hodor\Documents\lab-Shishkin\projects\BCI_classifier\data\pr_Agency_EBCI\features\csp\test\04_03 Artem\MATRIX_[8, 12]_robust_concat_01_calib.hdf","[8, 12]",4,5,4,first5,0.348830647540237,0.151,0.624,0.005465085556435267,1.305300911676087,1.302,1.0109301711128706,0.41115431997093843,0.657833084342561,0.4285714285714286,0.4285714285714286,0.5873633142441977,0.9397615490608016,1.5271248633049992,0.14806347967833644,0.23909243213159437,20.985631471069134,0.0,0.23059585435905486,0.9529259147023195,1.993357476315235,0.0,0.0,79.01436852893087,-28.50338199034853,48.42224103091762,-57.71024551610128,-0.5177555532492212,-0.8552910308904588,-0.020160346175829284,0.0002903842533576039,,135.0229617985585,False,135.5306037661347,False,131.00795403757536,False,126.93991732985808,False,149.45128711210614,False,152.17461263821755,False,138.9464695292048,False,,0,,,0.0,left_PMd,126.93991732985808
pr_Agency_EBCI,test,04_03 Artem,01_calib,test/04_03 Artem/01_calib,C:\Users\hodor\Documents\lab-Shishkin\projects\BCI_classifier\data\pr_Agency_EBCI\trans\test\04_03 Artem\EPOCHS_01_calib.hdf,"MATRIX_[8, 12]_robust_concat_01_calib.hdf","C:\Users\hodor\Documents\lab-Shishkin\projects\BCI_classifier\data\pr_Agency_EBCI\features\csp\test\04_03 Artem\MATRIX_[8, 12]_robust_concat_01_calib.hdf","[8, 12]",51,52,-5,last5,0.6845117866667111,0.185,0.775,0.011917019454524391,1.378818594396348,1.37,1.0238340389090488,0.10376794106824623,0.20317686159860773,0.4642857142857143,0.4642857142857143,0.15194591370707486,0.29750897591224706,0.4494548896193219,0.1119274058949869,0.3255830695818348,22.036989346911394,0.0,0.08314915457957454,0.34832753945497447,0.6197167591494792,0.0,0.0,77.9630106530886,-50.32186656673506,-45.062398383776696,0.44481063588997777,-0.9063523372371515,0.11913456214561552,-0.4053793246912395,0.0001910194727769638,,61.11562445818913,False,54.351328029730645,False,85.85313648895847,False,70.41495697835099,False,104.79250134682468,False,106.80889682890127,False,102.92868998358692,False,,0,,,0.0,left_S1,54.351328029730645
pr_Agency_EBCI,test,04_03 Artem,01_calib,test/04_03 Artem/01_calib,C:\Users\hodor\Documents\lab-Shishkin\projects\BCI_classifier\data\pr_Agency_EBCI\trans\test\04_03 Artem\EPOCHS_01_calib.hdf,"MATRIX_[8, 12]_robust_concat_01_calib.hdf","C:\Users\hodor\Documents\lab-Shishkin\projects\BCI_classifier\data\pr_Agency_EBCI\features\csp\test\04_03 Artem\MATRIX_[8, 12]_robust_concat_01_calib.hdf","[8, 12]",52,53,-4,last5,0.6866219314220084,0.187,0.784,0.0021101447552973607,1.3755783882769625,1.374,1.0042202895105947,0.11496471741499073,0.3170977763273606,0.5535714285714286,0.5535714285714286,0.17860590026971773,0.4926340453657209,0.6712399456354387,0.11137312407238159,0.2882753946652066,27.085497573327338,0.0,0.12552186983382702,0.5262521173781839,0.9233431625643127,0.0,0.0,72.91450242667267,-6.536677425523609,-84.03666876846835,11.553657463082356,-0.7169361271882427,0.6914941422040517,0.0885349695307261,0.00012234884861578898,,80.2992300016099,False,76.24641266465068,False,91.0478586200778,False,90.65167719491356,False,85.96073457181976,False,83.13649771139129,False,94.60356467866026,False,,0,,,0.0,left_S1,76.24641266465068
pr_Agency_EBCI,test,04_03 Artem,01_calib,test/04_03 Artem/01_calib,C:\Users\hodor\Documents\lab-Shishkin\projects\BCI_classifier\data\pr_Agency_EBCI\trans\test\04_03 Artem\EPOCHS_01_calib.hdf,"MATRIX_[8, 12]_robust_concat_01_calib.hdf","C:\Users\hodor\Documents\lab-Shishkin\projects\BCI_classifier\data\pr_Agency_EBCI\features\csp\test\04_03 Artem\MATRIX_[8, 12]_robust_concat_01_calib.hdf","[8, 12]",53,54,-3,last5,0.7056369948484702,0.206,0.874,0.019015063426461754,1.4276684122634045,1.412,1.0380301268529235,0.3011563070476704,0.12135148876139017,0.5535714285714286,0.5535714285714286,0.46786783416334504,0.1885282057543026,0.6563960399176476,0.17390448053862329,0.07013131420138259,32.422906127927064,0.0,0.1352175842230354,0.573690138888024,0.9371158921252142,0.0,0.0,67.57709387207294,-1.6119493757801597,-57.59345199983661,-8.484937293002849,0.92746555421196,0.37183289603721775,-0.0393439089933567,0.0004206032172426167,,80.43236401276381,False,77.78830802781559,False,84.17083554833017,False,85.5227854708264,False,81.86260373817879,False,79.50992617881987,False,86.57184972481744,False,,0,,,0.0,left_S1,77.78830802781559
pr_Agency_EBCI,test,04_03 Artem,01_calib,test/04_03 Artem/01_calib,C:\Users\hodor\Documents\lab-Shishkin\projects\BCI_classifier\data\pr_Agency_EBCI\trans\test\04_03 Artem\EPOCHS_01_calib.hdf,"MATRIX_[8, 12]_robust_concat_01_calib.hdf","C:\Users\hodor\Documents\lab-Shishkin\projects\BCI_classifier\data\pr_Agency_EBCI\features\csp\test\04_03 Artem\MATRIX_[8, 12]_robust_concat_01_calib.hdf","[8, 12]",54,55,-2,last5,0.717927717252699,0.218,0.934,0.012290722404228793,1.4467175099364875,1.436,1.0245814448084576,0.2767679794895157,0.13569956058690866,0.5178571428571428,0.5178571428571428,0.4200942545823006,0.20597254731941492,0.6260668019017155,0.2615865772613201,0.12963567025084857,30.39951070932335,0.0,0.13648256281457397,0.5847463929762023,0.9057418047011501,0.0,0.0,69.60048929067665,-21.850546775766983,-66.39015919187298,48.35660209106629,-0.7863957143388924,-0.47590032501154306,-0.393828212706163,0.00010321851214732662,,45.338219577431396,False,41.75546071555473,False,64.94161104291892,False,59.20851287613624,False,72.12511968906415,False,73.58267702317637,False,77.15509857351938,False,,0,,,0.0,left_S1,41.75546071555473
pr_Agency_EBCI,test,04_03 Artem,01_calib,test/04_03 Artem/01_calib,C:\Users\hodor\Documents\lab-Shishkin\projects\BCI_classifier\data\pr_Agency_EBCI\trans\test\04_03 Artem\EPOCHS_01_calib.hdf,"MATRIX_[8, 12]_robust_concat_01_calib.hdf","C:\Users\hodor\Documents\lab-Shishkin\projects\BCI_classifier\data\pr_Agency_EBCI\features\csp\test\04_03 Artem\MATRIX_[8, 12]_robust_concat_01_calib.hdf","[8, 12]",55,56,-1,last5,0.7777167639262053,0.278,1.252,0.05978904667350626,1.622485419900939,1.556,1.1195780933470125,0.8370157594369925,0.1607761375352895,0.5535714285714286,0.5535714285714286,1.3003637691253276,0.24977721367089617,1.5501409827962238,0.41038609311735047,0.05572302005244303,50.93098463065979,0.5186196926131958,0.43093919321735025,1.9407765104608723,2.5150811433777855,1.2509207438476166,1.400503461325141,49.06901536934021,-25.397975209995256,-29.96937918286821,34.593044078437146,0.65169857402727,0.451463474480448,-0.6094831415395053,0.0006286825212464823,,24.62304163389386,True,24.054735068539127,True,42.04133523918616,False,30.784442767673696,True,65.29626796030372,False,69.60955476439142,False,61.58128887929876,False,left_M1;left_S1;left_PMd,3,1;0.8;0.6,left_M1,1.0,left_S1,24.054735068539127
pr_Agency_EBCI,test,04_03 Artem,01_calib,test/04_03 Artem/01_calib,C:\Users\hodor\Documents\lab-Shishkin\projects\BCI_classifier\data\pr_Agency_EBCI\trans\test\04_03 Artem\EPOCHS_01_calib.hdf,"MATRIX_[9, 13]_robust_concat_01_calib.hdf","C:\Users\hodor\Documents\lab-Shishkin\projects\BCI_classifier\data\pr_Agency_EBCI\features\csp\test\04_03 Artem\MATRIX_[9, 13]_robust_concat_01_calib.hdf","[9, 13]",0,1,0,first5,0.2947277232453889,0.205,0.873,0.008241183082410952,1.4167577701275769,1.41,1.016482366164822,0.41938563888978586,0.15427802209506775,0.5178571428571428,0.5178571428571428,0.6365674876005678,0.23417199782287068,0.8707394854234385,0.22528920826938686,0.07122885621791182,21.824601456427647,0.0,0.1785015945118049,0.7601555707746618,1.2336269317305444,0.0,0.0,78.17539854357236,-31.430050114838668,3.798345802256147,-27.598204849013456,0.21277095443218083,0.8411826635681975,-0.4971320221654721,0.0005895963485316877,,88.21730173425344,False,87.12018270601375,False,91.71100426914717,False,84.49630797518633,False,110.94241543165123,False,113.44679217158198,False,103.246267120412,False,,0,,,0.0,left_PMd,84.49630797518633
pr_Agency_EBCI,test,04_03 Artem,01_calib,test/04_03 Artem/01_calib,C:\Users\hodor\Documents\lab-Shishkin\projects\BCI_classifier\data\pr_Agency_EBCI\trans\test\04_03 Artem\EPOCHS_01_calib.hdf,"MATRIX_[9, 13]_robust_concat_01_calib.hdf","C:\Users\hodor\Documents\lab-Shishkin\projects\BCI_classifier\data\pr_Agency_EBCI\features\csp\test\04_03 Artem\MATRIX_[9, 13]_robust_concat_01_calib.hdf","[9, 13]",1,2,1,first5,0.3029689063277998,0.197,0.833,0.013302687744453201,1.404482517942629,1.3940000000000001,1.0266053754889064,0.2594336416810976,0.10681253625094589,0.5714285714285714,0.5714285714285714,0.4076814369274391,0.16784827125148638,0.5755297081789255,0.17219575205561066,0.07271635839927992,29.84335911976458,0.0,0.11337935251124832,0.4794162469130449,0.8083214136939237,0.0,0.0,70.15664088023541,43.269354408589344,-60.60014100934634,37.99684204477276,-0.44525621553709394,-0.8744517171660855,-0.19256452651220438,0.00013060456340523876,,89.14771206609534,False,91.66962345165676,False,72.48129936306596,False,90.38921068568469,False,41.43099723374487,False,33.67593091698474,True,57.654502986489156,False,right_S1,1,0.8,right_S1,0.8,right_S1,33.67593091698474
pr_Agency_EBCI,test,04_03 Artem,01_calib,test/04_03 Artem/01_calib,C:\Users\hodor\Documents\lab-Shishkin\projects\BCI_classifier\data\pr_Agency_EBCI\trans\test\04_03 Artem\EPOCHS_01_calib.hdf,"MATRIX_[9, 13]_robust_concat_01_calib.hdf","C:\Users\hodor\Documents\lab-Shishkin\projects\BCI_classifier\data\pr_Agency_EBCI\features\csp\test\04_03 Artem\MATRIX_[9, 13]_robust_concat_01_calib.hdf","[9, 13]",2,3,2,first5,0.316271594072253,0.184,0.771,0.006844740330529231,1.3730377288832694,1.3679999999999999,1.0136894806610584,0.30132146414354066,0.3078229452024095,0.5,0.5,0.451982196215311,0.46173441780361424,0.9137166140189252,0.16215399799426394,0.1806588876739007,29.379711871251107,0.0,0.16812385697948223,0.7044755094085914,1.254567384555456,0.0,0.0,70.6202881287489,-29.537942398951845,-79.74504683910958,-4.153093816867665,-0.6801692074796786,-0.6796900259073472,0.27457479468905316,0.00013109341794481882,,82.26580778959547,False,76.04631818755585,False,100.86540063606854,False,93.63819577773486,False,104.98155474522052,False,103.66010241605446,False,109.89249863931573,False,,0,,,0.0,left_S1,76.04631818755585
pr_Agency_EBCI,test,04_03 Artem,01_calib,test/04_03 Artem/01_calib,C:\Users\hodor\Documents\lab-Shishkin\projects\BCI_classifier\data\pr_Agency_EBCI\trans\test\04_03 Artem\EPOCHS_01_calib.hdf,"MATRIX_[9, 13]_robust_concat_01_calib.hdf","C:\Users\hodor\Documents\lab-Shishkin\projects\BCI_classifier\data\pr_Agency_EBCI\features\csp\test\04_03 Artem\MATRIX_[9, 13]_robust_concat_01_calib.hdf","[9, 13]",3,4,3,first5,0.32311633440278226,0.177,0.739,0.00722956938105207,1.3591185351217847,1.354,1.014459138762104,0.09314339453803994,0.27393211760674285,0.5535714285714286,0.5535714285714286,0.1447049165144549,0.42557311128190406,0.5702780277963589,0.059377582779850335,0.22767848653746248,29.233004968221167,0.0,0.10093921091995553,0.42143546254150926,0.7750754377507277,0.0,0.0,70.76699503177883,-11.697539476127151,-76.76597582979979,17.773392284784034,-0.8099523223167997,0.579739242293575,0.08876737305167091,0.0001620266667618745,,69.54229885615244,False,65.3969134195611,False,82.23646230969102,False,80.34801297088839,False,80.75008987462944,False,79.00596760242186,False,88.12450062097538,False,,0,,,0.0,left_S1,65.3969134195611
pr_Agency_EBCI,test,04_03 Artem,01_calib,test/04_03 Artem/01_calib,C:\Users\hodor\Documents\lab-Shishkin\projects\BCI_classifier\data\pr_Agency_EBCI\trans\test\04_03 Artem\EPOCHS_01_calib.hdf,"MATRIX_[9, 13]_robust_concat_01_calib.hdf","C:\Users\hodor\Documents\lab-Shishkin\projects\BCI_classifier\data\pr_Agency_EBCI\features\csp\test\04_03 Artem\MATRIX_[9, 13]_robust_concat_01_calib.hdf","[9, 13]",4,5,4,first5,0.3303459037838343,0.17,0.707,0.014133205693062034,1.3496105798712823,1.34,1.0282664113861242,0.15056891851318704,0.41371440179200847,0.625,0.625,0.24467449258392895,0.6722859029120137,0.9169603954959427,0.07573347869451962,0.22797653459003525,31.914385436305697,0.0,0.15588326723431026,0.6482909996156314,1.2375394510842794,0.0,0.0,68.0856145636943,5.817042187439681,-35.91973731182534,13.416307809734548,-0.6759715779580021,0.7322524164684424,-0.08287837093654464,0.0005870282933887168,,60.86144917305458,False,61.726931856601745,False,54.00679836775573,False,61.126711954952086,False,53.539349271848565,False,53.225473496622726,False,55.54247194202323,False,,0,,,0.0,right_S1,53.225473496622726
pr_Agency_EBCI,test,04_03 Artem,01_calib,test/04_03 Artem/01_calib,C:\Users\hodor\Documents\lab-Shishkin\projects\BCI_classifier\data\pr_Agency_EBCI\trans\test\04_03 Artem\EPOCHS_01_calib.hdf,"MATRIX_[9, 13]_robust_concat_01_calib.hdf","C:\Users\hodor\Documents\lab-Shishkin\projects\BCI_classifier\data\pr_Agency_EBCI\features\csp\test\04_03 Artem\MATRIX_[9, 13]_robust_concat_01_calib.hdf","[9, 13]",51,52,-5,last5,0.674444271271674,0.174,0.728,0.01274687925088347,1.356871827958615,1.3479999999999999,1.025493758501767,0.1349461556215215,0.16437081804106887,0.5535714285714286,0.5535714285714286,0.2096484917691495,0.25536180659951774,0.46501029836866725,0.17395785512410783,0.19865062947307435,29.265015869482415,0.0,0.0809117919161481,0.3385274972123897,0.6309593735670744,0.0,0.0,70.73498413051759,17.589189668221916,-56.9986330566174,25.043179762870697,-0.9148894110056011,-0.39517420381602797,-0.08255128265625442,0.00028089373242549265,,70.13583785837227,False,70.75639808199753,False,63.21702434448058,False,73.7398465906737,False,48.84866876253567,False,45.293310822646,False,58.88612512617242,False,,0,,,0.0,right_S1,45.293310822646
pr_Agency_EBCI,test,04_03 Artem,01_calib,test/04_03 Artem/01_calib,C:\Users\hodor\Documents\lab-Shishkin\projects\BCI_classifier\data\pr_Agency_EBCI\trans\test\04_03 Artem\EPOCHS_01_calib.hdf,"MATRIX_[9, 13]_robust_concat_01_calib.hdf","C:\Users\hodor\Documents\lab-Shishkin\projects\BCI_classifier\data\pr_Agency_EBCI\features\csp\test\04_03 Artem\MATRIX_[9, 13]_robust_concat_01_calib.hdf","[9, 13]",52,53,-4,last5,0.6802144241010688,0.18,0.755,0.005770152829394859,1.3641545100371641,1.3599999999999999,1.0115403056587897,0.14882158029752268,0.09744511294989572,0.4642857142857143,0.4642857142857143,0.2179173140070868,0.14268748681949017,0.360604800826577,0.16572576236603304,0.07585658685463176,43.6327946200421,0.37265589240084196,0.06490886414878386,0.27225662462406564,0.4919206653886283,0.18275884524423602,0.18486793818020197,56.3672053799579,-17.143501604760612,-70.24173247662712,44.69883087722703,0.46481888244354913,0.8771016340218308,0.12097987485596212,0.00015623927734627476,,51.201384529240364,False,47.85968674941676,False,67.8072336768251,False,64.18421334439935,False,71.3459600033293,False,71.90728673334908,False,77.71541302967232,False,,0,,,0.0,left_S1,47.85968674941676
pr_Agency_EBCI,test,04_03 Artem,01_calib,test/04_03 Artem/01_calib,C:\Users\hodor\Documents\lab-Shishkin\projects\BCI_classifier\data\pr_Agency_EBCI\trans\test\04_03 Artem\EPOCHS_01_calib.hdf,"MATRIX_[9, 13]_robust_concat_01_calib.hdf","C:\Users\hodor\Documents\lab-Shishkin\projects\BCI_classifier\data\pr_Agency_EBCI\features\csp\test\04_03 Artem\MATRIX_[9, 13]_robust_concat_01_calib.hdf","[9, 13]",53,54,-3,last5,0.6966881802424006,0.197,0.832,0.01647375614133184,1.4069813198393695,1.3940000000000001,1.0329475122826637,0.1333253268166506,0.09647269496947183,0.5535714285714286,0.5535714285714286,0.2071304184472965,0.14987722254185804,0.3570076409891545,0.23440723798831298,0.1819123023619644,27.607619237170745,0.0,0.07033050527486344,0.2970303573029765,0.5023030819116604,0.0,0.0,72.39238076282925,-61.095921488359004,13.320611954315666,38.299784630096035,0.19504103536670164,-0.3055904177431489,0.9319729025602904,0.00013878722896728995,,48.331469832144286,False,49.28514521402693,False,67.03802021555808,False,43.16487156717967,False,105.51655638078401,False,112.66383780438173,False,93.30567691254014,False,,0,,,0.0,left_PMd,43.16487156717967
pr_Agency_EBCI,test,04_03 Artem,01_calib,test/04_03 Artem/01_calib,C:\Users\hodor\Documents\lab-Shishkin\projects\BCI_classifier\data\pr_Agency_EBCI\trans\test\04_03 Artem\EPOCHS_01_calib.hdf,"MATRIX_[9, 13]_robust_concat_01_calib.hdf","C:\Users\hodor\Documents\lab-Shishkin\projects\BCI_classifier\data\pr_Agency_EBCI\features\csp\test\04_03 Artem\MATRIX_[9, 13]_robust_concat_01_calib.hdf","[9, 13]",54,55,-2,last5,0.706035401355423,0.206,0.876,0.00934722111302233,1.4197021101971303,1.412,1.0186944422260447,0.43089988666015944,0.19802765440860715,0.625,0.625,0.7002123158227591,0.3217949384139866,1.0220072542367458,0.20466484828960016,0.10714580904996931,36.540451830399,0.23080903660798002,0.2105334943727696,0.8952783547113893,1.450945855476683,0.33307457577653127,0.33930121919034995,63.459548169601,1.6835751851113845,-71.34606763400632,-19.320680159099823,-0.3216714633700475,-0.21798814713734505,0.921416646995809,0.0005306487829151629,,96.61732152551765,False,93.29732830100613,False,101.24934844678194,False,102.7961272621283,False,95.35445449536805,False,91.76900804196919,False,101.87484164090367,False,,0,,,0.0,right_S1,91.76900804196919
pr_Agency_EBCI,test,04_03 Artem,01_calib,test/04_03 Artem/01_calib,C:\Users\hodor\Documents\lab-Shishkin\projects\BCI_classifier\data\pr_Agency_EBCI\trans\test\04_03 Artem\EPOCHS_01_calib.hdf,"MATRIX_[9, 13]_robust_concat_01_calib.hdf","C:\Users\hodor\Documents\lab-Shishkin\projects\BCI_classifier\data\pr_Agency_EBCI\features\csp\test\04_03 Artem\MATRIX_[9, 13]_robust_concat_01_calib.hdf","[9, 13]",55,56,-1,last5,0.7605633718024694,0.261,1.156,0.05452797044704638,1.5789272011467164,1.522,1.1090559408940928,0.7425940626327632,0.12476268265043562,0.5535714285714286,0.5535714285714286,1.1536729187330428,0.19382773911764106,1.3475006578506838,0.42809342630512176,0.053402775316508264,45.965290241411985,0.4193058048282397,0.3516976716990285,1.5577107604753904,2.1276054422435395,0.8599525984226218,0.9537355381679208,54.034709758588015,-30.601764813147653,-21.671871677786946,40.23280297436235,0.7180279260511059,0.5486401325967712,-0.4282871727181952,0.0005421743039877962,,16.82752586278025,True,18.377823934465738,True,38.70076047976383,False,21.030781187632638,True,68.48225872264875,False,74.01919278926937,False,62.20684380704924,False,left_M1;left_S1;left_PMd,3,1;0.8;0.6,left_M1,1.0,left_M1,16.82752586278025
pr_Agency_EBCI,test,04_03 Artem,01_calib,test/04_03 Artem/01_calib,C:\Users\hodor\Documents\lab-Shishkin\projects\BCI_classifier\data\pr_Agency_EBCI\trans\test\04_03 Artem\EPOCHS_01_calib.hdf,"MATRIX_[10, 14]_robust_concat_01_calib.hdf","C:\Users\hodor\Documents\lab-Shishkin\projects\BCI_classifier\data\pr_Agency_EBCI\features\csp\test\04_03 Artem\MATRIX_[10, 14]_robust_concat_01_calib.hdf","[10, 14]",0,1,0,first5,0.3064461025610322,0.194,0.817,0.0051779396558512825,1.3920180811729406,1.388,1.0103558793117027,0.09853830174970127,0.1159496194385216,0.4464285714285714,0.4464285714285714,0.1425286150308179,0.16771284240214732,0.3102414574329652,0.11235938595749104,0.14348702638132269,22.62980896084327,0.0,0.060186842741995254,0.25346727072273256,0.4318617182761328,0.0,0.0,77.37019103915674,47.51093313757298,-9.842164376696823,65.94010731857058,0.21186109371529105,-0.9672640752300152,-0.13969640560581367,0.00010504086843266572,,85.2837967995642,False,92.80556061049593,False,48.32283413595384,False,76.18464626420791,False,20.778633851599785,True,25.12041626080618,True,21.974435487500347,True,right_M1;right_S1;right_PMd,3,1;0.8;0.6,right_M1,1.0,right_M1,20.778633851599785
pr_Agency_EBCI,test,04_03 Artem,01_calib,test/04_03 Artem/01_calib,C:\Users\hodor\Documents\lab-Shishkin\projects\BCI_classifier\data\pr_Agency_EBCI\trans\test\04_03 Artem\EPOCHS_01_calib.hdf,"MATRIX_[10, 14]_robust_concat_01_calib.hdf","C:\Users\hodor\Documents\lab-Shishkin\projects\BCI_classifier\data\pr_Agency_EBCI\features\csp\test\04_03 Artem\MATRIX_[10, 14]_robust_concat_01_calib.hdf","[10, 14]",1,2,1,first5,0.3116240422168835,0.188,0.793,0.0137625506851064,1.3863494381152002,1.376,1.027525101370213,0.5149877073328479,0.2711404966267449,0.4642857142857143,0.4642857142857143,0.7540891428802416,0.39702715577487646,1.151116298655118,0.20876923365730024,0.09415736279388716,30.26656607932596,0.0,0.21640986414716218,0.9128352248335087,1.5958494338457718,0.0,0.0,69.73343392067405,12.16410292570254,34.57997596422639,-21.834022960263944,-0.06242589684144694,-0.9953112648117983,0.07388161843299813,0.00050975205129817,,108.6716592529345,False,112.05260500221733,False,90.37793464814423,False,97.38760006858892,False,100.28907569364043,False,102.52910316717355,False,90.12194582586828,False,,0,,,0.0,right_PMd,90.12194582586828
pr_Agency_EBCI,test,04_03 Artem,01_calib,test/04_03 Artem/01_calib,C:\Users\hodor\Documents\lab-Shishkin\projects\BCI_classifier\data\pr_Agency_EBCI\trans\test\04_03 Artem\EPOCHS_01_calib.hdf,"MATRIX_[10, 14]_robust_concat_01_calib.hdf","C:\Users\hodor\Documents\lab-Shishkin\projects\BCI_classifier\data\pr_Agency_EBCI\features\csp\test\04_03 Artem\MATRIX_[10, 14]_robust_concat_01_calib.hdf","[10, 14]",2,3,2,first5,0.3253865929019899,0.175,0.729,0.005932966108332716,1.354153076275833,1.35,1.0118659322166654,0.2373924852565579,0.11519581712573279,0.5892857142857143,0.5892857142857143,0.37728448549702953,0.18307906650339678,0.5603635520004263,0.24712964623730369,0.09055659133929639,27.574572751716016,0.0,0.0980636216000746,0.4085050294083108,0.7588180277742299,0.0,0.0,72.42542724828398,36.24847689393157,-61.81872828884985,10.605889552617528,-0.3684701013982895,0.0278689565021177,0.9292217741954917,0.00028133050919596734,,93.33125889104879,False,94.06767768936307,False,81.70608429005165,False,95.31499127172107,False,59.08420443284168,False,52.526030381986715,False,70.88806774773826,False,,0,,,0.0,right_S1,52.526030381986715
pr_Agency_EBCI,test,04_03 Artem,01_calib,test/04_03 Artem/01_calib,C:\Users\hodor\Documents\lab-Shishkin\projects\BCI_classifier\data\pr_Agency_EBCI\trans\test\04_03 Artem\EPOCHS_01_calib.hdf,"MATRIX_[10, 14]_robust_concat_01_calib.hdf","C:\Users\hodor\Documents\lab-Shishkin\projects\BCI_classifier\data\pr_Agency_EBCI\features\csp\test\04_03 Artem\MATRIX_[10, 14]_robust_concat_01_calib.hdf","[10, 14]",3,4,3,first5,0.3313195590103226,0.169,0.702,0.004189882157167979,1.3408323603382457,1.338,1.008379764314336,0.15530596860660828,0.5567361418758464,0.5178571428571428,0.5178571428571428,0.23573227377788755,0.8450459296329811,1.0807782034108686,0.06329174707451717,0.31042633624452165,43.49116540498941,0.3698233080997882,0.1826515163764368,0.7587062987944297,1.4491423894815236,0.5347945465391062,0.5392759987956961,56.50883459501059,23.9772072962712,-42.261849123560054,-30.528296741651552,0.801679651563507,-0.20700464645587993,0.5607662727150148,0.000771914219967288,,106.85460526099409,False,106.36853195199315,False,98.6259980713306,False,106.59573406425066,False,89.24790650104804,False,85.35861856806626,False,93.15150725304488,False,,0,,,0.0,right_S1,85.35861856806626
pr_Agency_EBCI,test,04_03 Artem,01_calib,test/04_03 Artem/01_calib,C:\Users\hodor\Documents\lab-Shishkin\projects\BCI_classifier\data\pr_Agency_EBCI\trans\test\04_03 Artem\EPOCHS_01_calib.hdf,"MATRIX_[10, 14]_robust_concat_01_calib.hdf","C:\Users\hodor\Documents\lab-Shishkin\projects\BCI_classifier\data\pr_Agency_EBCI\features\csp\test\04_03 Artem\MATRIX_[10, 14]_robust_concat_01_calib.hdf","[10, 14]",4,5,4,first5,0.3355094411674906,0.164,0.683,0.00939179583393368,1.3341610180670604,1.328,1.0187835916678674,0.055952056091287686,0.2849499916852753,0.5535714285714286,0.5535714285714286,0.08692551571325051,0.44269016565390984,0.5296156813671603,0.07239239795351272,0.35914373719694964,29.623432650878616,0.0,0.08685697174421429,0.36172751037377054,0.7065925966370905,0.0,0.0,70.37656734912139,-18.913230945439345,-82.59112154598766,8.234560517823562,0.8175555953310586,-0.5389520733702068,-0.202813981650264,0.00015094161841028303,,77.5010607002643,False,72.20968538853715,False,93.27651993573703,False,89.03899142659179,False,93.43403911749355,False,91.60601215392647,False,100.23085283561092,False,,0,,,0.0,left_S1,72.20968538853715
pr_Agency_EBCI,test,04_03 Artem,01_calib,test/04_03 Artem/01_calib,C:\Users\hodor\Documents\lab-Shishkin\projects\BCI_classifier\data\pr_Agency_EBCI\trans\test\04_03 Artem\EPOCHS_01_calib.hdf,"MATRIX_[10, 14]_robust_concat_01_calib.hdf","C:\Users\hodor\Documents\lab-Shishkin\projects\BCI_classifier\data\pr_Agency_EBCI\features\csp\test\04_03 Artem\MATRIX_[10, 14]_robust_concat_01_calib.hdf","[10, 14]",51,52,-5,last5,0.6685976879732632,0.169,0.702,0.011199713509658538,1.3455710063325292,1.338,1.022399427019317,0.24541688541192222,0.08991642060931226,0.5357142857142857,0.5357142857142857,0.37689021688259483,0.13808593165001526,0.5149761485326101,0.17027438521465682,0.06499027688917337,34.55305541953413,0.0,0.08703096910201111,0.3615132562698923,0.6929369744182742,0.0,0.0,65.44694458046587,-36.03671262990866,-66.51141651522993,1.3925309379845638,-0.5306775385251595,-0.7949429754192734,-0.29401873398889133,0.00027715985276390617,,69.20402849045372,False,62.68779990612005,False,90.3586284726439,False,80.4372444199416,False,99.89236296141152,False,99.91960757976585,False,102.50005904594981,False,,0,,,0.0,left_S1,62.68779990612005
pr_Agency_EBCI,test,04_03 Artem,01_calib,test/04_03 Artem/01_calib,C:\Users\hodor\Documents\lab-Shishkin\projects\BCI_classifier\data\pr_Agency_EBCI\trans\test\04_03 Artem\EPOCHS_01_calib.hdf,"MATRIX_[10, 14]_robust_concat_01_calib.hdf","C:\Users\hodor\Documents\lab-Shishkin\projects\BCI_classifier\data\pr_Agency_EBCI\features\csp\test\04_03 Artem\MATRIX_[10, 14]_robust_concat_01_calib.hdf","[10, 14]",52,53,-4,last5,0.6854399716009085,0.185,0.779,0.016842283627645283,1.3824632898844575,1.37,1.0336845672552906,0.15329495221750622,0.13816288993569523,0.4821428571428571,0.4821428571428571,0.22720501846523244,0.20477714044040543,0.43198215890563785,0.1762447474262534,0.134733785153643,32.366898804398275,0.0,0.079916699397543,0.3365141017874919,0.5971994765720786,0.0,0.0,67.63310119560172,-43.08220539190864,-37.8869426318751,54.95633388039063,0.9256878404071247,-0.11863548490051283,0.3592041812741245,0.00013247505858778185,,15.623509459893778,True,8.492051730948805,True,53.68535587370874,False,33.49315599244019,True,80.29901384374676,False,85.4981020166048,False,77.11678482812741,False,left_M1;left_S1;left_PMd,3,1;0.8;0.6,left_M1,1.0,left_S1,8.492051730948805
pr_Agency_EBCI,test,04_03 Artem,01_calib,test/04_03 Artem/01_calib,C:\Users\hodor\Documents\lab-Shishkin\projects\BCI_classifier\data\pr_Agency_EBCI\trans\test\04_03 Artem\EPOCHS_01_calib.hdf,"MATRIX_[10, 14]_robust_concat_01_calib.hdf","C:\Users\hodor\Documents\lab-Shishkin\projects\BCI_classifier\data\pr_Agency_EBCI\features\csp\test\04_03 Artem\MATRIX_[10, 14]_robust_concat_01_calib.hdf","[10, 14]",53,54,-3,last5,0.7030043192892029,0.203,0.862,0.0175643476882944,1.420262250322895,1.4060000000000001,1.0351286953765888,0.15458086233369656,0.05246723512649978,0.5714285714285714,0.5714285714285714,0.24291278366723745,0.08244851234164251,0.32536129600888,0.2265984377988397,0.06795439421176215,21.509076471454183,0.0,0.06604834308980263,0.28046143715965455,0.4620983664375454,0.0,0.0,78.49092352854582,-25.245537391013656,-58.75873846838144,37.96099956714494,0.21826971198684342,-0.7408874312652853,-0.6351725332713211,0.0002023936504485057,,40.61076092045026,False,36.12299252224805,False,61.82542503925149,False,53.93924482028271,False,72.69519438617615,False,74.47228256507707,False,75.74260570891342,False,,0,,,0.0,left_S1,36.12299252224805
pr_Agency_EBCI,test,04_03 Artem,01_calib,test/04_03 Artem/01_calib,C:\Users\hodor\Documents\lab-Shishkin\projects\BCI_classifier\data\pr_Agency_EBCI\trans\test\04_03 Artem\EPOCHS_01_calib.hdf,"MATRIX_[10, 14]_robust_concat_01_calib.hdf","C:\Users\hodor\Documents\lab-Shishkin\projects\BCI_classifier\data\pr_Agency_EBCI\features\csp\test\04_03 Artem\MATRIX_[10, 14]_robust_concat_01_calib.hdf","[10, 14]",54,55,-2,last5,0.7122119594953296,0.212,0.906,0.009207640206126633,1.4318080788947953,1.424,1.0184152804122533,0.25490711907112573,0.07254130772024853,0.6428571428571428,0.6428571428571428,0.41877598133113514,0.11917500554040829,0.5379509868715434,0.25333005973163963,0.05967770050686609,30.721066212769554,0.0,0.1140456092167672,0.4873835941056183,0.7702425690521039,0.0,0.0,69.27893378723044,-13.79043683970442,-79.29424914505151,27.573380700523472,-0.4245462214704969,-0.8358541715838775,-0.3480061920152475,0.00012709259507427356,,66.02114334880577,False,61.825255218807435,False,80.54813634071267,False,78.05673789725316,False,79.65308703371763,False,78.35276365222236,False,87.39212354215552,False,,0,,,0.0,left_S1,61.825255218807435
pr_Agency_EBCI,test,04_03 Artem,01_calib,test/04_03 Artem/01_calib,C:\Users\hodor\Documents\lab-Shishkin\projects\BCI_classifier\data\pr_Agency_EBCI\trans\test\04_03 Artem\EPOCHS_01_calib.hdf,"MATRIX_[10, 14]_robust_concat_01_calib.hdf","C:\Users\hodor\Documents\lab-Shishkin\projects\BCI_classifier\data\pr_Agency_EBCI\features\csp\test\04_03 Artem\MATRIX_[10, 14]_robust_concat_01_calib.hdf","[10, 14]",55,56,-1,last5,0.7672049819837057,0.267,1.193,0.05499302248837612,1.5927325480175858,1.534,1.1099860449767522,0.7703670596704248,0.13800779015033,0.5714285714285714,0.5714285714285714,1.2105768080535246,0.21686938452194712,1.4274461925754718,0.41377970133701947,0.06776449349927413,62.93145472401963,0.7586290944803926,0.381128133417651,1.702943307742538,2.2735400114587327,1.6611719939642842,1.8438777316065609,37.06854527598037,-45.54830534183643,-10.281592625817515,44.46021295207393,0.6066330968554422,0.5926779108080279,-0.5298388243983324,0.00044404969616428476,,20.310871987594446,True,21.406878541748977,True,47.71064858320212,False,21.12617737291799,True,83.49543394773688,False,90.05759127541505,False,74.4830555809687,False,left_M1;left_S1;left_PMd,3,1;0.8;0.6,left_M1,1.0,left_M1,20.310871987594446
pr_Agency_EBCI,test,04_03 Artem,01_calib,test/04_03 Artem/01_calib,C:\Users\hodor\Documents\lab-Shishkin\projects\BCI_classifier\data\pr_Agency_EBCI\trans\test\04_03 Artem\EPOCHS_01_calib.hdf,"MATRIX_[8, 15]_robust_concat_01_calib.hdf","C:\Users\hodor\Documents\lab-Shishkin\projects\BCI_classifier\data\pr_Agency_EBCI\features\csp\test\04_03 Artem\MATRIX_[8, 15]_robust_concat_01_calib.hdf","[8, 15]",0,1,0,first5,0.3456074246079257,0.154,0.638,0.0040862634106654805,1.31051713826097,1.308,1.008172526821331,0.4111158412350503,0.18675537915689616,0.4821428571428571,0.4821428571428571,0.6093324075448067,0.2767981512503997,0.8861305587952064,0.24231520509709933,0.10069314447075713,40.9564201817838,0.31912840363567596,0.1364641060544618,0.5653512965113417,1.1612892840378881,0.36988857527856367,0.37291149958093167,59.0435798182162,33.02209016636751,-48.57187447709521,17.45068989411515,0.5103632833910545,-0.0643431385803668,-0.8575484123266336,0.0004748659148163361,,82.78813475306691,False,84.65744718166356,False,67.43196189873517,False,82.79989007539281,False,45.81150807313642,False,40.238939043747315,False,56.19028116911296,False,,0,,,0.0,right_S1,40.238939043747315
pr_Agency_EBCI,test,04_03 Artem,01_calib,test/04_03 Artem/01_calib,C:\Users\hodor\Documents\lab-Shishkin\projects\BCI_classifier\data\pr_Agency_EBCI\trans\test\04_03 Artem\EPOCHS_01_calib.hdf,"MATRIX_[8, 15]_robust_concat_01_calib.hdf","C:\Users\hodor\Documents\lab-Shishkin\projects\BCI_classifier\data\pr_Agency_EBCI\features\csp\test\04_03 Artem\MATRIX_[8, 15]_robust_concat_01_calib.hdf","[8, 15]",1,2,1,first5,0.3496936880185912,0.15,0.62,0.016421660855769515,1.3098529965134618,1.3,1.032843321711539,0.5456263136915961,0.3979252595489981,0.4642857142857143,0.4642857142857143,0.79895281647698,0.582676272911033,1.381629089388013,0.17713708199386063,0.12701135639118918,26.40533311641855,0.0,0.20724436340820193,0.856610035420568,1.8097310028050544,0.0,0.0,73.59466688358145,15.825737406897945,-56.83834817048381,22.696970720943337,-0.05081532853300094,0.9978716160859448,0.040866125288655235,0.00033561410247162594,,69.80942577830277,False,70.16252820488212,False,63.885017691578945,False,73.58648836873165,False,50.93574129138654,False,47.58210251493754,False,60.35303373376444,False,,0,,,0.0,right_S1,47.58210251493754
pr_Agency_EBCI,test,04_03 Artem,01_calib,test/04_03 Artem/01_calib,C:\Users\hodor\Documents\lab-Shishkin\projects\BCI_classifier\data\pr_Agency_EBCI\trans\test\04_03 Artem\EPOCHS_01_calib.hdf,"MATRIX_[8, 15]_robust_concat_01_calib.hdf","C:\Users\hodor\Documents\lab-Shishkin\projects\BCI_classifier\data\pr_Agency_EBCI\features\csp\test\04_03 Artem\MATRIX_[8, 15]_robust_concat_01_calib.hdf","[8, 15]",2,3,2,first5,0.3661153488743607,0.134,0.549,0.0019234786216422717,1.2690309845412002,1.268,1.0038469572432844,0.08501488908195945,0.0638483545191319,0.4107142857142857,0.4107142857142857,0.11993171852633563,0.09007178583948963,0.21000350436582527,0.16283296520698778,0.11698562866899276,43.612421090338444,0.37224842180676887,0.02814046958502059,0.11529192389683808,0.2665009539024655,0.09912396385791994,0.09950528950866623,56.387578909661556,39.99266387059364,-60.65241261374247,44.13407031060382,0.20126769143146922,0.8416846967467759,0.50105707025062,0.00015863185661965794,,85.20026173639815,False,87.88765657086208,False,69.12715366713952,False,86.81059371793866,False,38.731653754845865,False,31.70918868810842,True,55.289246948701724,False,right_S1,1,0.8,right_S1,0.8,right_S1,31.70918868810842
pr_Agency_EBCI,test,04_03 Artem,01_calib,test/04_03 Artem/01_calib,C:\Users\hodor\Documents\lab-Shishkin\projects\BCI_classifier\data\pr_Agency_EBCI\trans\test\04_03 Artem\EPOCHS_01_calib.hdf,"MATRIX_[8, 15]_robust_concat_01_calib.hdf","C:\Users\hodor\Documents\lab-Shishkin\projects\BCI_classifier\data\pr_Agency_EBCI\features\csp\test\04_03 Artem\MATRIX_[8, 15]_robust_concat_01_calib.hdf","[8, 15]",3,4,3,first5,0.368038827496003,0.132,0.541,0.008123651175387159,1.2682892878206045,1.264,1.0162473023507743,0.36006675390907045,0.5523984316516634,0.5535714285714286,0.5535714285714286,0.5593894212515916,0.8581904206016913,1.417579841853283,0.1361894573223037,0.21835120397745733,31.93567336304876,0.0,0.18712053912463336,0.7669106944426262,1.7979013280529454,0.0,0.0,68.06432663695124,-34.102311737441106,-77.95829107037466,-0.7013532841279744,-0.4087945135588472,-0.8348253838390749,-0.36871889588428586,0.00012481123730203851,,78.29522246107113,False,71.69242498522284,False,98.92831847855484,False,90.25765431407834,False,105.07556685747709,False,104.2544587638913,False,109.38877034171774,False,,0,,,0.0,left_S1,71.69242498522284
pr_Agency_EBCI,test,04_03 Artem,01_calib,test/04_03 Artem/01_calib,C:\Users\hodor\Documents\lab-Shishkin\projects\BCI_classifier\data\pr_Agency_EBCI\trans\test\04_03 Artem\EPOCHS_01_calib.hdf,"MATRIX_[8, 15]_robust_concat_01_calib.hdf","C:\Users\hodor\Documents\lab-Shishkin\projects\BCI_classifier\data\pr_Agency_EBCI\features\csp\test\04_03 Artem\MATRIX_[8, 15]_robust_concat_01_calib.hdf","[8, 15]",4,5,4,first5,0.37616247867139013,0.124,0.506,0.006536947711359098,1.2512423260648342,1.248,1.013073895422718,0.18748715805457294,0.32812326513069706,0.5357142857142857,0.5357142857142857,0.2879267070123799,0.5039035857364276,0.7918302927488075,0.14844222606262927,0.24387704583339492,22.06029654938648,0.0,0.09818695630085213,0.4006661281308966,0.9907715773476165,0.0,0.0,77.93970345061352,11.263761361743226,-26.192590403980336,-80.34841076774514,-0.8445837437089717,-0.3645015148981334,-0.3921950350265844,0.0006674981270759992,,144.3244944894289,False,142.71519356739978,False,140.26722991917234,False,143.05069877763154,False,138.5914069253147,False,135.92392933625604,False,138.57114110901097,False,,0,,,0.0,right_S1,135.92392933625604
pr_Agency_EBCI,test,04_03 Artem,01_calib,test/04_03 Artem/01_calib,C:\Users\hodor\Documents\lab-Shishkin\projects\BCI_classifier\data\pr_Agency_EBCI\trans\test\04_03 Artem\EPOCHS_01_calib.hdf,"MATRIX_[8, 15]_robust_concat_01_calib.hdf","C:\Users\hodor\Documents\lab-Shishkin\projects\BCI_classifier\data\pr_Agency_EBCI\features\csp\test\04_03 Artem\MATRIX_[8, 15]_robust_concat_01_calib.hdf","[8, 15]",51,52,-5,last5,0.6427268238789057,0.143,0.587,0.01617994212453855,1.295254926895236,1.286,1.032359884249077,0.1430309618515102,0.17565839841544878,0.6607142857142857,0.6607142857142857,0.237533561646258,0.2917184116542274,0.5292519733004855,0.15367984733256032,0.17794851872061732,44.41174789808795,0.38823495796175905,0.07568303218196941,0.3106709083273849,0.6855162259864797,0.2642397152406627,0.27279048183985966,55.58825210191205,-13.51585605746345,-63.7191547811098,-1.4548731100058099,0.616480442826704,0.49934449640742606,-0.6087749481703439,0.00049551083912535,,73.37717921425795,False,69.32352641418643,False,83.95868704391864,False,81.3355831070034,False,85.61830237581253,False,84.12143087318631,False,90.16236996548042,False,,0,,,0.0,left_S1,69.32352641418643
pr_Agency_EBCI,test,04_03 Artem,01_calib,test/04_03 Artem/01_calib,C:\Users\hodor\Documents\lab-Shishkin\projects\BCI_classifier\data\pr_Agency_EBCI\trans\test\04_03 Artem\EPOCHS_01_calib.hdf,"MATRIX_[8, 15]_robust_concat_01_calib.hdf","C:\Users\hodor\Documents\lab-Shishkin\projects\BCI_classifier\data\pr_Agency_EBCI\features\csp\test\04_03 Artem\MATRIX_[8, 15]_robust_concat_01_calib.hdf","[8, 15]",52,53,-4,last5,0.6523866062969271,0.152,0.63,0.009659782418021456,1.309873147710157,1.304,1.019319564836043,0.3738183450989648,0.0803846604586336,0.5892857142857143,0.5892857142857143,0.5941041556037119,0.12775419251461412,0.721858348118326,0.22853956930797048,0.04967820964548544,26.6621051081582,0.0,0.10972246891398556,0.4547707593145454,0.945542866650606,0.0,0.0,73.3378948918418,-10.324405837364598,-63.36505796004587,9.053534929333091,-0.9459661375995181,-0.2970875133117919,-0.12995028260556246,0.0002951690588339904,,66.42901855690384,False,62.93623137985953,False,76.11241471381686,False,74.71068768625261,False,76.80839112371758,False,75.46833376308548,False,82.08544516744495,False,,0,,,0.0,left_S1,62.93623137985953
pr_Agency_EBCI,test,04_03 Artem,01_calib,test/04_03 Artem/01_calib,C:\Users\hodor\Documents\lab-Shishkin\projects\BCI_classifier\data\pr_Agency_EBCI\trans\test\04_03 Artem\EPOCHS_01_calib.hdf,"MATRIX_[8, 15]_robust_concat_01_calib.hdf","C:\Users\hodor\Documents\lab-Shishkin\projects\BCI_classifier\data\pr_Agency_EBCI\features\csp\test\04_03 Artem\MATRIX_[8, 15]_robust_concat_01_calib.hdf","[8, 15]",53,54,-3,last5,0.6605132557263143,0.161,0.666,0.008126649429387123,1.3272335622325253,1.322,1.0162532988587742,0.15545553402355397,0.021768668427863066,0.7142857142857143,0.7142857142857143,0.2664952011832354,0.03731771730490811,0.3038129184881435,0.16013490785043952,0.027006494590909254,38.44553149229826,0.2689106298459652,0.048913879876591106,0.20233940371310358,0.40323070205727857,0.10800544775763556,0.10976089257841613,61.55446850770174,-49.9514119538514,-52.103433375879845,8.170501444188758,-0.0019132975566056862,0.671573604994463,0.7409353766471142,0.00035351390613026367,,57.20232333672239,False,49.727373374386765,False,84.2831480875694,False,68.66322344901026,False,102.29911591247274,False,104.23362639265076,False,101.53421291978417,False,,0,,,0.0,left_S1,49.727373374386765
pr_Agency_EBCI,test,04_03 Artem,01_calib,test/04_03 Artem/01_calib,C:\Users\hodor\Documents\lab-Shishkin\projects\BCI_classifier\data\pr_Agency_EBCI\trans\test\04_03 Artem\EPOCHS_01_calib.hdf,"MATRIX_[8, 15]_robust_concat_01_calib.hdf","C:\Users\hodor\Documents\lab-Shishkin\projects\BCI_classifier\data\pr_Agency_EBCI\features\csp\test\04_03 Artem\MATRIX_[8, 15]_robust_concat_01_calib.hdf","[8, 15]",54,55,-2,last5,0.6671472674169706,0.167,0.695,0.006634011690656361,1.3384315198093586,1.334,1.0132680233813127,0.1377507164253281,0.10018793938310941,0.5,0.5,0.20662607463799215,0.1502819090746641,0.35690798371265625,0.23799445741414887,0.154275464375494,34.58542700745445,0.0,0.0596036332800136,0.24805104868029607,0.4776968950726243,0.0,0.0,65.41457299254554,-57.10649879609711,-13.995410692291932,61.33575798995749,0.6982290659310737,-0.122430924419644,0.7053274702113707,0.00014306610947198862,,23.9592656810043,True,23.90626616667567,True,57.759900261813314,False,30.192772891270618,True,93.7943614435907,False,100.82361508980053,False,85.48410027617253,False,left_M1;left_S1;left_PMd,3,1;0.8;0.6,left_M1,1.0,left_S1,23.90626616667567
pr_Agency_EBCI,test,04_03 Artem,01_calib,test/04_03 Artem/01_calib,C:\Users\hodor\Documents\lab-Shishkin\projects\BCI_classifier\data\pr_Agency_EBCI\trans\test\04_03 Artem\EPOCHS_01_calib.hdf,"MATRIX_[8, 15]_robust_concat_01_calib.hdf","C:\Users\hodor\Documents\lab-Shishkin\projects\BCI_classifier\data\pr_Agency_EBCI\features\csp\test\04_03 Artem\MATRIX_[8, 15]_robust_concat_01_calib.hdf","[8, 15]",55,56,-1,last5,0.7222274922486528,0.222,0.956,0.05508022483168218,1.4929112396505337,1.444,1.1101604496633644,0.8620568082988437,0.19006656418202844,0.5535714285714286,0.5535714285714286,1.3392668271785608,0.2952819836399371,1.6345488108184978,0.39069569684405026,0.07077135467356803,45.65442333816975,0.413088466763395,0.3628698360017065,1.5626286631424837,2.440236291428349,0.9750079504882029,1.0824152647393386,54.34557666183025,-24.72956098806748,-31.319059827759933,37.7321684212094,0.6523717718244274,0.5370060924995413,-0.534822893998594,0.0005737997458423442,,22.678295854739147,True,22.440565956651472,True,40.784690438085434,False,29.802483003476006,True,63.83856111439852,False,68.25060619840794,False,60.48056567060227,False,left_M1;left_S1;left_PMd,3,1;0.8;0.6,left_M1,1.0,left_S1,22.440565956651472
pr_Agency_EBCI,test,04_03 Artem,04_calib,test/04_03 Artem/04_calib,C:\Users\hodor\Documents\lab-Shishkin\projects\BCI_classifier\data\pr_Agency_EBCI\trans\test\04_03 Artem\EPOCHS_04_calib.hdf,"MATRIX_[8, 12]_robust_concat_04_calib.hdf","C:\Users\hodor\Documents\lab-Shishkin\projects\BCI_classifier\data\pr_Agency_EBCI\features\csp\test\04_03 Artem\MATRIX_[8, 12]_robust_concat_04_calib.hdf","[8, 12]",0,1,0,first5,0.14990722223006261,0.35,1.735,0.09042566091239171,1.8265959252773483,1.7,1.1808513218247834,0.616641697685855,0.34635402184223313,0.5892857142857143,0.5892857142857143,0.9800198409650196,0.5504554989992634,1.530475339964283,0.20894992151416095,0.11800134666316173,90.296273498448,1.0,0.535666368987499,2.655374714838031,2.795560019716224,2.601808077939281,3.0723485079689987,9.703726501551998,25.829317856127908,-80.93050301166951,6.073943260118166,0.17979847714185107,0.6256167230683654,-0.7591285947944996,0.0005913228489691822,,97.75764860771616,False,96.45690843855694,False,94.7525688889126,False,103.4846117641898,False,76.40115241295311,False,70.4599871252803,False,88.40916961548028,False,,0,,,0.0,right_S1,70.4599871252803
pr_Agency_EBCI,test,04_03 Artem,04_calib,test/04_03 Artem/04_calib,C:\Users\hodor\Documents\lab-Shishkin\projects\BCI_classifier\data\pr_Agency_EBCI\trans\test\04_03 Artem\EPOCHS_04_calib.hdf,"MATRIX_[8, 12]_robust_concat_04_calib.hdf","C:\Users\hodor\Documents\lab-Shishkin\projects\BCI_classifier\data\pr_Agency_EBCI\features\csp\test\04_03 Artem\MATRIX_[8, 12]_robust_concat_04_calib.hdf","[8, 12]",1,2,1,first5,0.24033288314245432,0.26,1.151,0.007495177014773646,1.5277949840953646,1.52,1.0149903540295473,0.17270246345156837,0.670384409090218,0.5714285714285714,0.5714285714285714,0.27138958542389313,1.0534612142846282,1.3248507997085213,0.07771034457943644,0.3636346952199636,73.11474566758656,0.9622949133517313,0.34446120792421553,1.524903270464508,2.0241004064694113,1.937843721974415,1.9668926854207471,26.88525433241344,14.381493398703304,-78.69168550878123,6.245071658749214,0.924172226325584,0.37396055068468176,-0.07784088013391768,0.0005247523776392243,,89.47082337342167,False,87.42577710873994,False,90.38518187232079,False,96.27594859059953,False,77.03306553490353,False,72.29920893125264,False,87.51189071414805,False,,0,,,0.0,right_S1,72.29920893125264
pr_Agency_EBCI,test,04_03 Artem,04_calib,test/04_03 Artem/04_calib,C:\Users\hodor\Documents\lab-Shishkin\projects\BCI_classifier\data\pr_Agency_EBCI\trans\test\04_03 Artem\EPOCHS_04_calib.hdf,"MATRIX_[8, 12]_robust_concat_04_calib.hdf","C:\Users\hodor\Documents\lab-Shishkin\projects\BCI_classifier\data\pr_Agency_EBCI\features\csp\test\04_03 Artem\MATRIX_[8, 12]_robust_concat_04_calib.hdf","[8, 12]",2,3,2,first5,0.24782806015722797,0.252,1.11,0.05737776254541599,1.5618367846457792,1.504,1.1147555250908319,0.6182681360719144,0.3313568413204211,0.4464285714285714,0.4464285714285714,0.8942806968183048,0.47928400262418047,1.3735646994424853,0.3114133494798177,0.15598772576327105,42.57746784493845,0.351549356898769,0.3461383042595063,1.5246568163811587,2.1452838736801976,0.7262451832687763,0.8095858306194722,57.42253215506155,-44.56620592501672,-4.461228980640999,55.02832861292054,-0.5133539699375343,-0.837694670443977,0.18637419526085072,0.0003625820848083634,,21.356207579558774,True,25.845406017640258,True,44.69166989086222,False,16.967799632303038,True,82.90730519914159,False,90.30563441790044,False,72.6589381147554,False,left_M1;left_S1;left_PMd,3,1;0.8;0.6,left_M1,1.0,left_PMd,16.967799632303038
pr_Agency_EBCI,test,04_03 Artem,04_calib,test/04_03 Artem/04_calib,C:\Users\hodor\Documents\lab-Shishkin\projects\BCI_classifier\data\pr_Agency_EBCI\trans\test\04_03 Artem\EPOCHS_04_calib.hdf,"MATRIX_[8, 12]_robust_concat_04_calib.hdf","C:\Users\hodor\Documents\lab-Shishkin\projects\BCI_classifier\data\pr_Agency_EBCI\features\csp\test\04_03 Artem\MATRIX_[8, 12]_robust_concat_04_calib.hdf","[8, 12]",3,4,3,first5,0.30520582270264396,0.195,0.823,0.010924639578199724,1.3985212188709957,1.3900000000000001,1.0218492791563993,0.06690227847109634,0.07957997336538457,0.5535714285714286,0.5535714285714286,0.10393746833902467,0.12363317290693675,0.22757064124596144,0.10381729205798033,0.1339791332647801,52.4958656866786,0.549917313733572,0.04437627504296248,0.18729063774542626,0.3182623705745561,0.1739515996488617,0.1777523167092919,47.5041343133214,2.7967830825033144,-84.96068888152602,3.336819944028979,0.8178204416240067,0.49191056276282724,-0.2986531826454779,0.0002896566227468034,,89.4136818393508,False,85.99729175987235,False,96.07640521005786,False,98.20794272846483,False,87.13248381739254,False,83.22063825861979,False,96.60000160309035,False,,0,,,0.0,right_S1,83.22063825861979
pr_Agency_EBCI,test,04_03 Artem,04_calib,test/04_03 Artem/04_calib,C:\Users\hodor\Documents\lab-Shishkin\projects\BCI_classifier\data\pr_Agency_EBCI\trans\test\04_03 Artem\EPOCHS_04_calib.hdf,"MATRIX_[8, 12]_robust_concat_04_calib.hdf","C:\Users\hodor\Documents\lab-Shishkin\projects\BCI_classifier\data\pr_Agency_EBCI\features\csp\test\04_03 Artem\MATRIX_[8, 12]_robust_concat_04_calib.hdf","[8, 12]",4,5,4,first5,0.3161304622808437,0.184,0.772,0.007294593490186185,1.373368820808777,1.3679999999999999,1.0145891869803725,0.3806690507220156,0.27375894487183683,0.5535714285714286,0.5535714285714286,0.5913965609431314,0.4253040750687465,1.016700636011878,0.17832679229800374,0.13060668429820232,50.66517410940601,0.5133034821881202,0.18707291702618556,0.7848928910011699,1.3963049535951666,0.713926336273034,0.7243419410831335,49.33482589059399,-47.76161772181488,-62.321842009615615,8.756920487520755,-0.0839283611101478,0.9409517002288732,0.32797245012006326,0.0004013020549010475,,61.95811317548724,False,54.2942136455579,False,88.75924117878226,False,74.65448825170007,False,103.52043634088791,False,104.74642434305042,False,104.5112137570246,False,,0,,,0.0,left_S1,54.2942136455579
pr_Agency_EBCI,test,04_03 Artem,04_calib,test/04_03 Artem/04_calib,C:\Users\hodor\Documents\lab-Shishkin\projects\BCI_classifier\data\pr_Agency_EBCI\trans\test\04_03 Artem\EPOCHS_04_calib.hdf,"MATRIX_[8, 12]_robust_concat_04_calib.hdf","C:\Users\hodor\Documents\lab-Shishkin\projects\BCI_classifier\data\pr_Agency_EBCI\features\csp\test\04_03 Artem\MATRIX_[8, 12]_robust_concat_04_calib.hdf","[8, 12]",51,52,-5,last5,0.756607309586656,0.257,1.134,0.01072567679225167,1.5250259957424346,1.514,1.0214513535845033,0.16132023299265177,0.10779826800867713,0.5535714285714286,0.5535714285714286,0.25062250482786974,0.16747230922776626,0.418094814055636,0.16297896107036247,0.12378792701682564,30.419203053396192,0.0,0.10745036721229845,0.4741195191390912,0.6376054601199443,0.0,0.0,69.58079694660381,3.937894442326497,-53.652817737622414,48.17052397694773,0.8384734147757353,0.4517341649476607,0.30479267860852105,0.00020211842226273025,,50.354996843040496,False,51.81130011237558,False,48.815127264626966,False,56.26286131711852,False,44.36855764353405,False,44.976044212711706,False,52.1964116204241,False,,0,,,0.0,right_M1,44.36855764353405
pr_Agency_EBCI,test,04_03 Artem,04_calib,test/04_03 Artem/04_calib,C:\Users\hodor\Documents\lab-Shishkin\projects\BCI_classifier\data\pr_Agency_EBCI\trans\test\04_03 Artem\EPOCHS_04_calib.hdf,"MATRIX_[8, 12]_robust_concat_04_calib.hdf","C:\Users\hodor\Documents\lab-Shishkin\projects\BCI_classifier\data\pr_Agency_EBCI\features\csp\test\04_03 Artem\MATRIX_[8, 12]_robust_concat_04_calib.hdf","[8, 12]",52,53,-4,last5,0.769520440085325,0.27,1.206,0.012913130498669045,1.5539461809385626,1.54,1.025826260997338,0.342195188407205,0.37548134303966385,0.5,0.5,0.5132927826108075,0.5632220145594957,1.076514797170303,0.17375590863255946,0.1952388308516544,37.573007965966696,0.2514601593193339,0.2906589952359819,1.2982768453873854,1.6728460577866437,0.41687889690533986,0.42764532010109957,62.426992034033304,64.49408108388836,-45.061126831811876,32.22985263651537,-0.04080092504309559,0.5966967393753848,0.8014289024825669,0.00012767791399246822,,105.39284274561803,False,109.35577522069701,False,79.68286277087297,False,102.43877226557498,False,42.667360193977856,False,33.521335773300656,True,57.1871050314915,False,right_S1,1,0.8,right_S1,0.8,right_S1,33.521335773300656
pr_Agency_EBCI,test,04_03 Artem,04_calib,test/04_03 Artem/04_calib,C:\Users\hodor\Documents\lab-Shishkin\projects\BCI_classifier\data\pr_Agency_EBCI\trans\test\04_03 Artem\EPOCHS_04_calib.hdf,"MATRIX_[8, 12]_robust_concat_04_calib.hdf","C:\Users\hodor\Documents\lab-Shishkin\projects\BCI_classifier\data\pr_Agency_EBCI\features\csp\test\04_03 Artem\MATRIX_[8, 12]_robust_concat_04_calib.hdf","[8, 12]",53,54,-3,last5,0.7812031530687961,0.281,1.273,0.01168271298347101,1.5751313693934215,1.562,1.023365425966942,0.07423977442809798,0.1631247947828219,0.5535714285714286,0.5535714285714286,0.1153367924150808,0.25342602046616974,0.36876281288125057,0.05784254185067532,0.17162505816154008,25.453861719750304,0.0,0.10362235041963141,0.4694350607978319,0.5808498744350142,0.0,0.0,74.54613828024969,-20.91363470541715,-42.600104106647024,52.6820741588382,-0.8503601924799206,0.5242078375026037,-0.045756815299539434,0.00017709990688454864,,24.177901531504975,True,24.573616949750928,True,42.48797562206424,False,35.47382710064604,False,59.96777734789927,False,64.16660564891342,False,60.005995501893395,False,left_M1;left_S1,2,1;0.8,left_M1,1.0,left_M1,24.177901531504975
pr_Agency_EBCI,test,04_03 Artem,04_calib,test/04_03 Artem/04_calib,C:\Users\hodor\Documents\lab-Shishkin\projects\BCI_classifier\data\pr_Agency_EBCI\trans\test\04_03 Artem\EPOCHS_04_calib.hdf,"MATRIX_[8, 12]_robust_concat_04_calib.hdf","C:\Users\hodor\Documents\lab-Shishkin\projects\BCI_classifier\data\pr_Agency_EBCI\features\csp\test\04_03 Artem\MATRIX_[8, 12]_robust_concat_04_calib.hdf","[8, 12]",54,55,-2,last5,0.786596910767706,0.287,1.305,0.005393757698909929,1.5801920338383484,1.5739999999999998,1.0107875153978199,0.4008108045563337,0.3248613541931553,0.5892857142857143,0.5892857142857143,0.6370028858127447,0.5162975093426934,1.153300395155438,0.17861527425833992,0.14429026818965482,34.78614012504092,0.0,0.33099721340961064,1.5050570156778464,1.8224360970472424,0.0,0.0,65.21385987495907,-59.0911294883687,-31.672712664588126,-52.56937644991778,-0.4544325659215733,0.7290783362199954,-0.5117966614629471,0.0005810889749948138,,111.26266347434752,False,105.97008618459778,False,127.97045271582536,False,115.38789000794937,False,144.52855402906027,False,145.4543533897044,False,141.18275979447318,False,,0,,,0.0,left_S1,105.97008618459778
pr_Agency_EBCI,test,04_03 Artem,04_calib,test/04_03 Artem/04_calib,C:\Users\hodor\Documents\lab-Shishkin\projects\BCI_classifier\data\pr_Agency_EBCI\trans\test\04_03 Artem\EPOCHS_04_calib.hdf,"MATRIX_[8, 12]_robust_concat_04_calib.hdf","C:\Users\hodor\Documents\lab-Shishkin\projects\BCI_classifier\data\pr_Agency_EBCI\features\csp\test\04_03 Artem\MATRIX_[8, 12]_robust_concat_04_calib.hdf","[8, 12]",55,56,-1,last5,0.8098434845361941,0.31,1.449,0.023246573768488155,1.6488257514729252,1.62,1.0464931475369763,0.2041877663473674,0.208172352187243,0.6607142857142857,0.6607142857142857,0.3390975405411637,0.34571479916809994,0.6848123397092636,0.11811849668967382,0.11654674543436096,32.262943123017415,0.0,0.2122918253098717,0.992293080238723,1.1291362206390587,0.0,0.0,67.73705687698259,44.28653153271206,10.259250302976556,-72.03699127003716,-0.29636525499507416,0.2876155911631141,0.9107386602926204,0.0016660159883262115,,154.96159043569068,False,156.36926795961764,False,138.3303263719726,False,148.16279558694922,False,132.79997729536026,False,130.42703195553858,False,130.35383563392503,False,,0,,,0.0,right_PMd,130.35383563392503
pr_Agency_EBCI,test,04_03 Artem,04_calib,test/04_03 Artem/04_calib,C:\Users\hodor\Documents\lab-Shishkin\projects\BCI_classifier\data\pr_Agency_EBCI\trans\test\04_03 Artem\EPOCHS_04_calib.hdf,"MATRIX_[9, 13]_robust_concat_04_calib.hdf","C:\Users\hodor\Documents\lab-Shishkin\projects\BCI_classifier\data\pr_Agency_EBCI\features\csp\test\04_03 Artem\MATRIX_[9, 13]_robust_concat_04_calib.hdf","[9, 13]",0,1,0,first5,0.16241555769211202,0.338,1.64,0.061764460495165985,1.7595055505894643,1.6760000000000002,1.1235289209903319,0.6745092915152917,0.32972879864967397,0.5892857142857143,0.5892857142857143,1.0719879811582316,0.5240332692825176,1.5960212504407492,0.22181056799733678,0.10608400944714119,89.11871166440463,1.0,0.5394551826489733,2.6174748507228283,2.8082082490092355,2.674931615738696,3.0053630319538223,10.881288335595372,26.15957303848942,-69.64488577106697,26.83161728630469,0.06176554887730099,-0.9951692427874502,0.07630986293880243,0.0005844914198642347,,82.45036487192553,False,82.77011449196598,False,75.54113334704216,False,87.08700157642336,False,55.055282670886136,False,49.558890045550214,False,68.22223730764881,False,,0,,,0.0,right_S1,49.558890045550214
pr_Agency_EBCI,test,04_03 Artem,04_calib,test/04_03 Artem/04_calib,C:\Users\hodor\Documents\lab-Shishkin\projects\BCI_classifier\data\pr_Agency_EBCI\trans\test\04_03 Artem\EPOCHS_04_calib.hdf,"MATRIX_[9, 13]_robust_concat_04_calib.hdf","C:\Users\hodor\Documents\lab-Shishkin\projects\BCI_classifier\data\pr_Agency_EBCI\features\csp\test\04_03 Artem\MATRIX_[9, 13]_robust_concat_04_calib.hdf","[9, 13]",1,2,1,first5,0.224180018187278,0.276,1.241,0.04629019263884332,1.603104372673283,1.552,1.0925803852776865,0.48149883644392966,0.362170417526823,0.5,0.5,0.7222482546658945,0.5432556262902345,1.265503880956129,0.3167027953081624,0.2191031073590245,48.96711745005204,0.4793423490010407,0.3492790711438916,1.5704903162665562,2.0287348051957803,0.9414581038054736,1.0286186577785845,51.03288254994796,23.438172868479697,-81.54138446030039,6.501568545369396,-0.607273341376627,-0.4907810919484832,0.6247823690207022,0.00028141463059536343,,96.40540459963923,False,94.91457235472984,False,94.38186878780765,False,102.49056333562655,False,76.93442105429185,False,71.21209871487189,False,88.76508441715329,False,,0,,,0.0,right_S1,71.21209871487189
pr_Agency_EBCI,test,04_03 Artem,04_calib,test/04_03 Artem/04_calib,C:\Users\hodor\Documents\lab-Shishkin\projects\BCI_classifier\data\pr_Agency_EBCI\trans\test\04_03 Artem\EPOCHS_04_calib.hdf,"MATRIX_[9, 13]_robust_concat_04_calib.hdf","C:\Users\hodor\Documents\lab-Shishkin\projects\BCI_classifier\data\pr_Agency_EBCI\features\csp\test\04_03 Artem\MATRIX_[9, 13]_robust_concat_04_calib.hdf","[9, 13]",2,3,2,first5,0.2704702108261213,0.23,0.992,0.02551118596421842,1.483470291087081,1.46,1.0510223719284368,0.29313101810440867,0.4963374038843963,0.5535714285714286,0.5535714285714286,0.4553999745550635,0.7710956096061157,1.226495584161179,0.15385659234408508,0.28799435890582853,75.70259540489936,1.0,0.2820939843570712,1.2166836194878896,1.8194697612526038,1.7906835528753215,1.882048475116261,24.297404595100645,14.324851053241568,-77.25523777093605,7.245047065861568,-0.9687654445090655,-0.2479579115872936,0.003222980983580779,0.0005193291217387059,,88.00997908862344,False,86.07294670855933,False,88.64860695372937,False,94.68223915285287,False,75.38552823661283,False,70.72465749757939,False,85.79244193421101,False,,0,,,0.0,right_S1,70.72465749757939
pr_Agency_EBCI,test,04_03 Artem,04_calib,test/04_03 Artem/04_calib,C:\Users\hodor\Documents\lab-Shishkin\projects\BCI_classifier\data\pr_Agency_EBCI\trans\test\04_03 Artem\EPOCHS_04_calib.hdf,"MATRIX_[9, 13]_robust_concat_04_calib.hdf","C:\Users\hodor\Documents\lab-Shishkin\projects\BCI_classifier\data\pr_Agency_EBCI\features\csp\test\04_03 Artem\MATRIX_[9, 13]_robust_concat_04_calib.hdf","[9, 13]",3,4,3,first5,0.29598139679033975,0.204,0.867,0.017598764974391168,1.4223605922191032,1.408,1.0351975299487823,0.40438124837349715,0.23237814690181613,0.5,0.5,0.6065718725602457,0.3485672203527242,0.95513909291297,0.20792374151253368,0.1143730639828072,41.29636524160467,0.3259273048320934,0.19484837495424587,0.8281055935555449,1.358552205847309,0.4383187216923958,0.45374645802627583,58.70363475839533,-33.246672229413264,-77.74215927216565,-10.0981200971245,0.6353261432146243,0.39977806357001044,-0.6607103689486366,0.00030018985582800874,,85.2335730649666,False,78.8169463924165,False,104.35340239841352,False,96.23127261862909,False,109.78288927905163,False,108.61653637069489,False,113.94772976893923,False,,0,,,0.0,left_S1,78.8169463924165
pr_Agency_EBCI,test,04_03 Artem,04_calib,test/04_03 Artem/04_calib,C:\Users\hodor\Documents\lab-Shishkin\projects\BCI_classifier\data\pr_Agency_EBCI\trans\test\04_03 Artem\EPOCHS_04_calib.hdf,"MATRIX_[9, 13]_robust_concat_04_calib.hdf","C:\Users\hodor\Documents\lab-Shishkin\projects\BCI_classifier\data\pr_Agency_EBCI\features\csp\test\04_03 Artem\MATRIX_[9, 13]_robust_concat_04_calib.hdf","[9, 13]",4,5,4,first5,0.3135801617647309,0.186,0.783,0.02955834364978316,1.3939914076754387,1.3719999999999999,1.0591166872995663,0.23489499848982673,0.23222671452554738,0.4821428571428571,0.4821428571428571,0.3481479441902789,0.34419316617179346,0.6923411103620724,0.13866540390231957,0.1406550917341532,52.04061575263847,0.5408123150527695,0.12877544652734546,0.5421030894135027,0.9651175590252015,0.5137132934179329,0.5440823215465512,47.95938424736153,-0.8732146990527243,-84.84004824935012,6.463740905954519,0.7777873565280149,0.573014312632417,-0.25826619125150935,0.0003087628637014942,,85.96070894073931,False,82.29455786053718,False,94.19395794465312,False,95.36297216822967,False,86.68902120948242,False,83.18109354235588,False,95.87437878313712,False,,0,,,0.0,left_S1,82.29455786053718
pr_Agency_EBCI,test,04_03 Artem,04_calib,test/04_03 Artem/04_calib,C:\Users\hodor\Documents\lab-Shishkin\projects\BCI_classifier\data\pr_Agency_EBCI\trans\test\04_03 Artem\EPOCHS_04_calib.hdf,"MATRIX_[9, 13]_robust_concat_04_calib.hdf","C:\Users\hodor\Documents\lab-Shishkin\projects\BCI_classifier\data\pr_Agency_EBCI\features\csp\test\04_03 Artem\MATRIX_[9, 13]_robust_concat_04_calib.hdf","[9, 13]",51,52,-5,last5,0.7693741650692976,0.269,1.205,0.007934298304600906,1.5465373049757507,1.538,1.0158685966092018,0.19830017444540682,0.22655027651150733,0.4821428571428571,0.4821428571428571,0.29390918712444225,0.3357798741152698,0.6296890612397121,0.17648939139166592,0.20302001465659622,17.018274300165697,0.0,0.16938635747348257,0.7587753187938532,0.9738376237423748,0.0,0.0,82.9817256998343,48.10629418480907,-52.48614939033189,46.42617290159313,0.296112754000005,0.5327264363944819,-0.7927923945680663,7.241938303247527e-05,,89.3139831935635,False,93.03676001799835,False,67.89058181397083,False,88.67267711890636,False,32.39878441064784,True,23.957906661448764,True,49.74875595163363,False,right_M1;right_S1,2,1;0.8,right_M1,1.0,right_S1,23.957906661448764
pr_Agency_EBCI,test,04_03 Artem,04_calib,test/04_03 Artem/04_calib,C:\Users\hodor\Documents\lab-Shishkin\projects\BCI_classifier\data\pr_Agency_EBCI\trans\test\04_03 Artem\EPOCHS_04_calib.hdf,"MATRIX_[9, 13]_robust_concat_04_calib.hdf","C:\Users\hodor\Documents\lab-Shishkin\projects\BCI_classifier\data\pr_Agency_EBCI\features\csp\test\04_03 Artem\MATRIX_[9, 13]_robust_concat_04_calib.hdf","[9, 13]",52,53,-4,last5,0.7824460445987653,0.282,1.28,0.013071879529467756,1.5787450801092395,1.564,1.0261437590589355,0.14709955001005187,0.39020397347948965,0.4285714285714286,0.4285714285714286,0.2101422143000741,0.5574342478278423,0.7675764621279164,0.10596157752997276,0.27279087499290006,18.167318112882764,0.0,0.2164565623200724,0.982497871523733,1.2118075631921041,0.0,0.0,81.83268188711723,-54.80676535409915,38.792854669662965,-20.477284003636758,-0.37966737250456717,-0.9189122986176611,-0.10701809989289006,0.00022803140543824592,,100.72443590917982,False,100.74436355935822,False,105.68285321008462,False,93.57857065300176,False,134.3040811003625,False,139.1293044921479,False,122.04632974865713,False,,0,,,0.0,left_PMd,93.57857065300176
pr_Agency_EBCI,test,04_03 Artem,04_calib,test/04_03 Artem/04_calib,C:\Users\hodor\Documents\lab-Shishkin\projects\BCI_classifier\data\pr_Agency_EBCI\trans\test\04_03 Artem\EPOCHS_04_calib.hdf,"MATRIX_[9, 13]_robust_concat_04_calib.hdf","C:\Users\hodor\Documents\lab-Shishkin\projects\BCI_classifier\data\pr_Agency_EBCI\features\csp\test\04_03 Artem\MATRIX_[9, 13]_robust_concat_04_calib.hdf","[9, 13]",53,54,-3,last5,0.7935315386656102,0.294,1.346,0.011085494066844892,1.6010365410226095,1.588,1.0221709881336898,0.22789974928900278,0.3474580013891881,0.4642857142857143,0.4642857142857143,0.33371034717318265,0.5087777877484541,0.8424881349216367,0.108177784420379,0.20352685699316247,36.8364772983729,0.236729545967458,0.24769151166696116,1.133989029604523,1.3488542893875266,0.31671363185679563,0.3237354860304704,63.1635227016271,-18.57714672290625,-50.26935496655098,35.30803743172179,0.7966177633359699,-0.6033284908734083,-0.037347975018898305,0.00034520475637467323,,37.70665911481445,False,35.1866227532724,False,53.10189577330566,False,47.99631077590184,False,64.00704078223988,False,66.02317070717943,False,66.21394325262958,False,,0,,,0.0,left_S1,35.1866227532724
pr_Agency_EBCI,test,04_03 Artem,04_calib,test/04_03 Artem/04_calib,C:\Users\hodor\Documents\lab-Shishkin\projects\BCI_classifier\data\pr_Agency_EBCI\trans\test\04_03 Artem\EPOCHS_04_calib.hdf,"MATRIX_[9, 13]_robust_concat_04_calib.hdf","C:\Users\hodor\Documents\lab-Shishkin\projects\BCI_classifier\data\pr_Agency_EBCI\features\csp\test\04_03 Artem\MATRIX_[9, 13]_robust_concat_04_calib.hdf","[9, 13]",54,55,-2,last5,0.8044930948928097,0.304,1.415,0.01096155622719952,1.6213292523722747,1.608,1.021923112454399,0.1747937642500243,0.1674797095975964,0.5357142857142857,0.5357142857142857,0.2684332808125373,0.25720098259630875,0.525634263408846,0.14718856200658892,0.12517336637121176,28.12835931640026,0.0,0.15979281607628917,0.7437724827235171,0.8522262073139156,0.0,0.0,71.87164068359974,77.13995972352902,-1.7664797877633378,-32.571019309393705,-0.3803580932955702,0.22192740456837615,0.897817324385146,0.0004741318422540569,,145.3953416336806,False,148.807657644117,False,119.04455308109507,False,137.61574534335327,False,100.1581308161575,False,95.83426182726019,False,101.4811207928421,False,,0,,,0.0,right_S1,95.83426182726019
pr_Agency_EBCI,test,04_03 Artem,04_calib,test/04_03 Artem/04_calib,C:\Users\hodor\Documents\lab-Shishkin\projects\BCI_classifier\data\pr_Agency_EBCI\trans\test\04_03 Artem\EPOCHS_04_calib.hdf,"MATRIX_[9, 13]_robust_concat_04_calib.hdf","C:\Users\hodor\Documents\lab-Shishkin\projects\BCI_classifier\data\pr_Agency_EBCI\features\csp\test\04_03 Artem\MATRIX_[9, 13]_robust_concat_04_calib.hdf","[9, 13]",55,56,-1,last5,0.8105497059525709,0.311,1.454,0.0060566110597611855,1.629534424158343,1.6219999999999999,1.0121132221195224,0.39494054515118915,0.19193882969908552,0.625,0.625,0.6417783858706824,0.31190059826101396,0.9536789841316964,0.191688182779955,0.0831647082241709,23.976233440857868,0.0,0.2965941640649576,1.3866492429274866,1.5540527342389574,0.0,0.0,76.02376655914213,-35.09881384115551,-27.284768758189795,-41.0359927218679,0.2694620767576113,0.8499551336126124,-0.4527322166966266,0.0006247045908381664,,97.09575544690959,False,93.33110303022774,False,107.20585790222273,False,99.18810083637368,False,120.34041265897531,False,120.86064503449049,False,117.34285874196202,False,,0,,,0.0,left_S1,93.33110303022774
pr_Agency_EBCI,test,04_03 Artem,04_calib,test/04_03 Artem/04_calib,C:\Users\hodor\Documents\lab-Shishkin\projects\BCI_classifier\data\pr_Agency_EBCI\trans\test\04_03 Artem\EPOCHS_04_calib.hdf,"MATRIX_[10, 14]_robust_concat_04_calib.hdf","C:\Users\hodor\Documents\lab-Shishkin\projects\BCI_classifier\data\pr_Agency_EBCI\features\csp\test\04_03 Artem\MATRIX_[10, 14]_robust_concat_04_calib.hdf","[10, 14]",0,1,0,first5,0.18518228380829374,0.315,1.482,0.055893395630812054,1.700425678494823,1.63,1.1117867912616242,0.879945766810415,0.38232488125157416,0.5535714285714286,0.5535714285714286,1.3670586020090376,0.5939690119444099,1.9610276139534475,0.2680928487035157,0.11042444110075074,76.98267663400352,1.0,0.6177236983953359,2.906242923879009,3.334581711003875,3.1964750107441193,3.55379869554317,23.017323365996475,29.8507400255473,-68.64236144307482,24.592368590447414,0.01490719653522234,-0.9964869106025731,0.08241124006590181,0.00037852716007460524,,85.5318636993528,False,86.06357649783044,False,77.01429713783125,False,89.50219792638782,False,54.92898273412546,False,48.908229116437724,False,68.31808362939496,False,,0,,,0.0,right_S1,48.908229116437724
pr_Agency_EBCI,test,04_03 Artem,04_calib,test/04_03 Artem/04_calib,C:\Users\hodor\Documents\lab-Shishkin\projects\BCI_classifier\data\pr_Agency_EBCI\trans\test\04_03 Artem\EPOCHS_04_calib.hdf,"MATRIX_[10, 14]_robust_concat_04_calib.hdf","C:\Users\hodor\Documents\lab-Shishkin\projects\BCI_classifier\data\pr_Agency_EBCI\features\csp\test\04_03 Artem\MATRIX_[10, 14]_robust_concat_04_calib.hdf","[10, 14]",1,2,1,first5,0.2410756794391058,0.259,1.147,0.05260042870541759,1.5724940441388127,1.518,1.1052008574108352,0.2652417715352976,0.32942558461418914,0.4821428571428571,0.4821428571428571,0.39312619709695895,0.48825577719603036,0.8813819742929894,0.2218579942649318,0.24915218357963018,70.23542935860529,0.9047085871721057,0.22827793134188426,1.0109451245140588,1.385967905187034,1.2104438502153456,1.3377835811056724,29.764570641394712,30.197295987435584,-78.36124878303204,9.979684954341845,0.43049449923267324,0.5759436707853016,-0.694955663487076,0.0002911076736812358,,97.23732185843298,False,96.52443632722267,False,91.94551466752965,False,102.25213928059668,False,71.46108129611365,False,65.14461668011323,False,84.10352452106724,False,,0,,,0.0,right_S1,65.14461668011323
pr_Agency_EBCI,test,04_03 Artem,04_calib,test/04_03 Artem/04_calib,C:\Users\hodor\Documents\lab-Shishkin\projects\BCI_classifier\data\pr_Agency_EBCI\trans\test\04_03 Artem\EPOCHS_04_calib.hdf,"MATRIX_[10, 14]_robust_concat_04_calib.hdf","C:\Users\hodor\Documents\lab-Shishkin\projects\BCI_classifier\data\pr_Agency_EBCI\features\csp\test\04_03 Artem\MATRIX_[10, 14]_robust_concat_04_calib.hdf","[10, 14]",2,3,2,first5,0.2936761081445234,0.206,0.878,0.019405121299792494,1.427989819951029,1.412,1.038810242599585,0.12984166730113111,0.4616790950899371,0.5,0.5,0.19476250095169667,0.6925186426349057,0.8872811435866024,0.07392373362967118,0.28957868744759013,24.25486636638955,0.0,0.18277991557884007,0.7790328440690368,1.2670284404761754,0.0,0.0,75.74513363361045,32.95096443214903,-71.45639592795378,32.2380030430157,0.46648983543762,-0.863674996923523,0.1909259885990765,0.0001135042154098418,,87.01136425765267,False,87.90231143930396,False,77.67873783795321,False,91.13927116648485,False,53.160498791381364,False,46.80869931723537,False,67.94011136550606,False,,0,,,0.0,right_S1,46.80869931723537
pr_Agency_EBCI,test,04_03 Artem,04_calib,test/04_03 Artem/04_calib,C:\Users\hodor\Documents\lab-Shishkin\projects\BCI_classifier\data\pr_Agency_EBCI\trans\test\04_03 Artem\EPOCHS_04_calib.hdf,"MATRIX_[10, 14]_robust_concat_04_calib.hdf","C:\Users\hodor\Documents\lab-Shishkin\projects\BCI_classifier\data\pr_Agency_EBCI\features\csp\test\04_03 Artem\MATRIX_[10, 14]_robust_concat_04_calib.hdf","[10, 14]",3,4,3,first5,0.3130812294443159,0.187,0.786,0.018091840601485554,1.3875326967699113,1.374,1.0361836812029712,0.4782056020104865,0.21245380726919713,0.5535714285714286,0.5535714285714286,0.7429265602662916,0.33006216486464557,1.0729887251309371,0.23676656492340714,0.10196778273497775,62.22811335818387,0.7445622671636773,0.20064889159948524,0.8433691379529166,1.4888069393846384,1.0976981050909378,1.137416863382654,37.77188664181613,-34.55878588451924,-77.60118158863632,-5.101396209356154,-0.586587474235204,-0.6267703855272819,0.5129074174705864,0.00038578982966124876,,81.29295408925272,False,74.7115359580074,False,101.50283291746624,False,92.84784741471402,False,107.63368223715159,False,106.7131183772823,False,111.76451489006774,False,,0,,,0.0,left_S1,74.7115359580074
pr_Agency_EBCI,test,04_03 Artem,04_calib,test/04_03 Artem/04_calib,C:\Users\hodor\Documents\lab-Shishkin\projects\BCI_classifier\data\pr_Agency_EBCI\trans\test\04_03 Artem\EPOCHS_04_calib.hdf,"MATRIX_[10, 14]_robust_concat_04_calib.hdf","C:\Users\hodor\Documents\lab-Shishkin\projects\BCI_classifier\data\pr_Agency_EBCI\features\csp\test\04_03 Artem\MATRIX_[10, 14]_robust_concat_04_calib.hdf","[10, 14]",4,5,4,first5,0.33117307004580143,0.169,0.703,0.016084062511471986,1.3488728262577552,1.338,1.032168125022944,0.4100774994017773,0.21017780821783832,0.5357142857142857,0.5357142857142857,0.6297618740813008,0.3227730626202517,0.9525349367015525,0.21402947909757503,0.1257502200969037,65.65828430774835,0.813165686154967,0.16097840430256238,0.6696320605011914,1.2848484921778751,1.0363729545711458,1.069711129344188,34.341715692251654,19.957398011123267,-75.21458383190952,5.9759879077157585,0.9338688944318146,0.10537665203625762,-0.341737690661024,0.0004886555756389378,,90.86564683674436,False,89.44991586621109,False,88.85636828374743,False,96.54073797886093,False,73.36688940835778,False,68.17950265734953,False,84.17176196479005,False,,0,,,0.0,right_S1,68.17950265734953
pr_Agency_EBCI,test,04_03 Artem,04_calib,test/04_03 Artem/04_calib,C:\Users\hodor\Documents\lab-Shishkin\projects\BCI_classifier\data\pr_Agency_EBCI\trans\test\04_03 Artem\EPOCHS_04_calib.hdf,"MATRIX_[10, 14]_robust_concat_04_calib.hdf","C:\Users\hodor\Documents\lab-Shishkin\projects\BCI_classifier\data\pr_Agency_EBCI\features\csp\test\04_03 Artem\MATRIX_[10, 14]_robust_concat_04_calib.hdf","[10, 14]",51,52,-5,last5,0.7681411555193601,0.268,1.198,0.0039351888290390935,1.54021852242473,1.536,1.0078703776580782,0.061192430037894895,0.17464040596552272,0.5714285714285714,0.5714285714285714,0.09615953291669198,0.27443492366010713,0.3705944565767991,0.05751215976696405,0.18694734609911035,26.640803572848732,0.0,0.09931931436258216,0.4439721589790053,0.5707964463275134,0.0,0.0,73.35919642715126,-70.78534130548817,-38.768013541254454,26.698331269346717,0.697047706543271,0.46568519725176577,0.5452171969622289,9.462672120086597e-05,,47.81947285463236,False,39.314734846985594,False,84.04821069182759,False,60.29795915537171,False,111.71298551236207,False,115.92060091032481,False,107.53512033060431,False,,0,,,0.0,left_S1,39.314734846985594
pr_Agency_EBCI,test,04_03 Artem,04_calib,test/04_03 Artem/04_calib,C:\Users\hodor\Documents\lab-Shishkin\projects\BCI_classifier\data\pr_Agency_EBCI\trans\test\04_03 Artem\EPOCHS_04_calib.hdf,"MATRIX_[10, 14]_robust_concat_04_calib.hdf","C:\Users\hodor\Documents\lab-Shishkin\projects\BCI_classifier\data\pr_Agency_EBCI\features\csp\test\04_03 Artem\MATRIX_[10, 14]_robust_concat_04_calib.hdf","[10, 14]",52,53,-4,last5,0.7766585419326604,0.277,1.246,0.008517386413300243,1.5634372641459366,1.554,1.0170347728266005,0.23417683589601074,0.2889246554836745,0.5535714285714286,0.5535714285714286,0.3638104414813024,0.4488650897692801,0.8126755312505825,0.13262770204119406,0.20136132284791075,27.684898220208847,0.0,0.22511112215641135,1.0125937119382258,1.2705672092167564,0.0,0.0,72.31510177979115,-83.4826716689007,15.524057385249709,-4.3151028813073555,0.5753884888565366,0.7039630679413801,0.4163701308522876,0.0002274272806521542,,86.3404126501132,False,83.45443464632395,False,106.37581286368118,False,85.26206522813207,False,139.55705491630843,False,144.87833344745815,False,128.9173339542946,False,,0,,,0.0,left_S1,83.45443464632395
pr_Agency_EBCI,test,04_03 Artem,04_calib,test/04_03 Artem/04_calib,C:\Users\hodor\Documents\lab-Shishkin\projects\BCI_classifier\data\pr_Agency_EBCI\trans\test\04_03 Artem\EPOCHS_04_calib.hdf,"MATRIX_[10, 14]_robust_concat_04_calib.hdf","C:\Users\hodor\Documents\lab-Shishkin\projects\BCI_classifier\data\pr_Agency_EBCI\features\csp\test\04_03 Artem\MATRIX_[10, 14]_robust_concat_04_calib.hdf","[10, 14]",53,54,-3,last5,0.7807380032471616,0.281,1.27,0.004079461314501209,1.5665853145174995,1.562,1.0081589226290024,0.25485640396830533,0.10040932006236007,0.5178571428571428,0.5178571428571428,0.3868356131661777,0.15240700366608226,0.5392426168322599,0.26721711827752664,0.10054509067083958,25.481133843324834,0.0,0.15152717532986507,0.6848381233769701,0.8447695644914054,0.0,0.0,74.51886615667516,-3.219980764345989,-81.83526435261211,18.367687684152518,-0.8243370205075754,0.4197923439590591,0.379793186581924,0.0001856440590736362,,76.39135025684426,False,72.95146985588146,False,85.6275409845115,False,86.49789908186777,False,79.36822805209702,False,76.56940461139624,False,88.55802838356178,False,,0,,,0.0,left_S1,72.95146985588146
pr_Agency_EBCI,test,04_03 Artem,04_calib,test/04_03 Artem/04_calib,C:\Users\hodor\Documents\lab-Shishkin\projects\BCI_classifier\data\pr_Agency_EBCI\trans\test\04_03 Artem\EPOCHS_04_calib.hdf,"MATRIX_[10, 14]_robust_concat_04_calib.hdf","C:\Users\hodor\Documents\lab-Shishkin\projects\BCI_classifier\data\pr_Agency_EBCI\features\csp\test\04_03 Artem\MATRIX_[10, 14]_robust_concat_04_calib.hdf","[10, 14]",54,55,-2,last5,0.8002882340620322,0.3,1.388,0.019550230814870617,1.6234602769778448,1.6,1.0391004616297412,0.14454046329737139,0.05424771356872968,0.5178571428571428,0.5178571428571428,0.21939177464779586,0.08234027952396468,0.3017320541717605,0.2840384252787864,0.08404798688539937,24.408227505154596,0.0,0.09051961625152816,0.41880409119040357,0.4898500042387804,0.0,0.0,75.5917724948454,-70.39064647268154,-23.035947016900618,-3.2091217987549663,0.3603863367028136,-0.4845565217171055,0.7970738143856857,0.000233954215518089,,68.47894615969923,False,62.470584845012944,False,94.82416987761876,False,74.35567708821371,False,121.76049917444132,False,125.41213090562036,False,115.8124307671117,False,,0,,,0.0,left_S1,62.470584845012944
pr_Agency_EBCI,test,04_03 Artem,04_calib,test/04_03 Artem/04_calib,C:\Users\hodor\Documents\lab-Shishkin\projects\BCI_classifier\data\pr_Agency_EBCI\trans\test\04_03 Artem\EPOCHS_04_calib.hdf,"MATRIX_[10, 14]_robust_concat_04_calib.hdf","C:\Users\hodor\Documents\lab-Shishkin\projects\BCI_classifier\data\pr_Agency_EBCI\features\csp\test\04_03 Artem\MATRIX_[10, 14]_robust_concat_04_calib.hdf","[10, 14]",55,56,-1,last5,0.8053210227528536,0.305,1.42,0.005032788690821355,1.616140002202802,1.6099999999999999,1.0100655773816427,0.30853917957063537,0.10104284633803548,0.5535714285714286,0.5535714285714286,0.4793376539758085,0.15697727913230514,0.6363149331081137,0.23362614724092637,0.09068325397722632,16.210306231764644,0.0,0.19407605459797467,0.9035672050135214,1.0283740173950227,0.0,0.0,83.78969376823535,-24.490481042235945,-5.776028172862768,-35.17968265865197,-0.8232805716068691,-0.4875468504939978,0.29070116784775774,0.0005815364432186682,,93.69267156788679,False,92.16116933762018,False,96.34462665570175,False,91.27429705966124,False,110.92766100306035,False,112.28571569337366,False,105.23274766186479,False,,0,,,0.0,left_PMd,91.27429705966124
pr_Agency_EBCI,test,04_03 Artem,04_calib,test/04_03 Artem/04_calib,C:\Users\hodor\Documents\lab-Shishkin\projects\BCI_classifier\data\pr_Agency_EBCI\trans\test\04_03 Artem\EPOCHS_04_calib.hdf,"MATRIX_[8, 15]_robust_concat_04_calib.hdf","C:\Users\hodor\Documents\lab-Shishkin\projects\BCI_classifier\data\pr_Agency_EBCI\features\csp\test\04_03 Artem\MATRIX_[8, 15]_robust_concat_04_calib.hdf","[8, 15]",0,1,0,first5,0.20821600679058683,0.292,1.336,0.048009097754800556,1.640074626177607,1.584,1.0960181955096011,0.729639280582502,0.3322329562312265,0.5892857142857143,0.5892857142857143,1.1596052852114767,0.5280130911531993,1.687618376364676,0.23407082902238824,0.10398682331267203,87.84376272187845,1.0,0.49278456589848535,2.2546581508232073,2.7678200777467556,2.673187508161647,2.929862148954135,12.156237278121552,25.704617264694818,-80.93727144671713,5.421853973789417,-0.20890676692444263,-0.6229894909475798,0.7538183182319542,0.0005323898543347805,,98.01765926111634,False,96.68528589518858,False,95.08303444966899,False,103.74092893881438,False,76.85048237267124,False,70.92015798181518,False,88.7877424166327,False,,0,,,0.0,right_S1,70.92015798181518
pr_Agency_EBCI,test,04_03 Artem,04_calib,test/04_03 Artem/04_calib,C:\Users\hodor\Documents\lab-Shishkin\projects\BCI_classifier\data\pr_Agency_EBCI\trans\test\04_03 Artem\EPOCHS_04_calib.hdf,"MATRIX_[8, 15]_robust_concat_04_calib.hdf","C:\Users\hodor\Documents\lab-Shishkin\projects\BCI_classifier\data\pr_Agency_EBCI\features\csp\test\04_03 Artem\MATRIX_[8, 15]_robust_concat_04_calib.hdf","[8, 15]",1,2,1,first5,0.2562251045453874,0.244,1.066,0.04308337530606332,1.5300493742987178,1.488,1.0861667506121266,0.493190491158064,0.3927326002037305,0.4642857142857143,0.4642857142857143,0.722171790624308,0.5750727360126054,1.2972445266369135,0.2963177626061995,0.21656932180475644,53.005771095568086,0.5601154219113618,0.3165276644994069,1.3828626653949498,1.9848481762932457,1.0811907180548461,1.174353409021624,46.994228904431914,24.773996186315298,-81.2877480726055,5.176166702021148,0.37992214060218754,0.5588274969765518,-0.7371370264090483,0.00025143303182811286,,97.76720678624979,False,96.34142947748913,False,95.24890162713865,False,103.63035618064649,False,77.40136479388411,False,71.55165738447323,False,89.24440122080681,False,,0,,,0.0,right_S1,71.55165738447323
pr_Agency_EBCI,test,04_03 Artem,04_calib,test/04_03 Artem/04_calib,C:\Users\hodor\Documents\lab-Shishkin\projects\BCI_classifier\data\pr_Agency_EBCI\trans\test\04_03 Artem\EPOCHS_04_calib.hdf,"MATRIX_[8, 15]_robust_concat_04_calib.hdf","C:\Users\hodor\Documents\lab-Shishkin\projects\BCI_classifier\data\pr_Agency_EBCI\features\csp\test\04_03 Artem\MATRIX_[8, 15]_robust_concat_04_calib.hdf","[8, 15]",2,3,2,first5,0.2993084798514507,0.201,0.851,0.04606632436347058,1.4390373247882304,1.4020000000000001,1.0921326487269412,0.2254719134543121,0.550627562056806,0.5535714285714286,0.5535714285714286,0.3502867226879492,0.855439248195395,1.205725970883344,0.11090034665826758,0.3021851383819444,79.79003771019735,1.0,0.2423509201475522,1.0260728012217257,1.7350846755676592,1.6904278111784485,1.8461714029040046,20.209962289802647,13.817448902225404,-76.4556984876105,6.748133743764659,-0.9586195956433605,-0.27188698481641477,0.08441527312044034,0.000622101552109443,,87.51642616486939,False,85.56547740529781,False,88.21383756695843,False,94.13090893983212,False,75.29549924630673,False,70.71152316293762,False,85.51651150970623,False,,0,,,0.0,right_S1,70.71152316293762
pr_Agency_EBCI,test,04_03 Artem,04_calib,test/04_03 Artem/04_calib,C:\Users\hodor\Documents\lab-Shishkin\projects\BCI_classifier\data\pr_Agency_EBCI\trans\test\04_03 Artem\EPOCHS_04_calib.hdf,"MATRIX_[8, 15]_robust_concat_04_calib.hdf","C:\Users\hodor\Documents\lab-Shishkin\projects\BCI_classifier\data\pr_Agency_EBCI\features\csp\test\04_03 Artem\MATRIX_[8, 15]_robust_concat_04_calib.hdf","[8, 15]",3,4,3,first5,0.3453748042149213,0.155,0.639,0.014485603122608659,1.3189810739360173,1.31,1.0289712062452172,0.18892060210112543,0.4285068372006974,0.5357142857142857,0.5357142857142857,0.29012806751244263,0.6580640714153566,0.9481921389277992,0.11138423100708522,0.26155009593130535,36.589951088134356,0.23179902176268713,0.14696978153380888,0.6058947767748637,1.250647485700678,0.2879249134229593,0.2962664454728721,63.410048911865644,-37.08326318581051,-65.55740364239082,15.260262819525327,0.12592623345248669,-0.8308255246193252,-0.5420991896041653,0.0002476099650889265,,58.205819658866425,False,51.36449690961908,False,82.1519194625835,False,71.09913198970825,False,93.42326980424735,False,94.17165050053245,False,95.96047127073071,False,,0,,,0.0,left_S1,51.36449690961908
pr_Agency_EBCI,test,04_03 Artem,04_calib,test/04_03 Artem/04_calib,C:\Users\hodor\Documents\lab-Shishkin\projects\BCI_classifier\data\pr_Agency_EBCI\trans\test\04_03 Artem\EPOCHS_04_calib.hdf,"MATRIX_[8, 15]_robust_concat_04_calib.hdf","C:\Users\hodor\Documents\lab-Shishkin\projects\BCI_classifier\data\pr_Agency_EBCI\features\csp\test\04_03 Artem\MATRIX_[8, 15]_robust_concat_04_calib.hdf","[8, 15]",4,5,4,first5,0.35986040733752994,0.14,0.576,0.023864299848489756,1.2933640079151543,1.28,1.0477285996969794,0.3417152842686873,0.2607694949169731,0.5,0.5,0.512572926403031,0.39115424237545965,0.9037271687784907,0.18261619899324116,0.13887150207400237,40.71085025569047,0.31421700511380934,0.1265218036289887,0.5205468492164106,1.1688481930731638,0.3634770488493561,0.3808252994129264,59.28914974430953,-33.2390674788811,-77.69070058367328,-11.058832322373116,-0.4897534360011859,-0.3553891142483827,0.7961407849110496,0.0003270058698108854,,85.94882820604352,False,79.54604449413146,False,104.94529278997295,False,96.85622627550396,False,110.3341596557968,False,109.1409021912242,False,114.47228540553519,False,,0,,,0.0,left_S1,79.54604449413146
pr_Agency_EBCI,test,04_03 Artem,04_calib,test/04_03 Artem/04_calib,C:\Users\hodor\Documents\lab-Shishkin\projects\BCI_classifier\data\pr_Agency_EBCI\trans\test\04_03 Artem\EPOCHS_04_calib.hdf,"MATRIX_[8, 15]_robust_concat_04_calib.hdf","C:\Users\hodor\Documents\lab-Shishkin\projects\BCI_classifier\data\pr_Agency_EBCI\features\csp\test\04_03 Artem\MATRIX_[8, 15]_robust_concat_04_calib.hdf","[8, 15]",51,52,-5,last5,0.7071604700346967,0.207,0.882,0.01060980421894775,1.4227849178932888,1.414,1.0212196084378955,0.2213855874731441,0.21761809545825744,0.4642857142857143,0.4642857142857143,0.3241717530856753,0.3186550683495913,0.6428268214352666,0.23132047802958874,0.21236350978658397,27.24146681601816,0.0,0.13306515203710018,0.5669732565059051,0.9146043063553796,0.0,0.0,72.75853318398184,66.91783376722796,3.4966086783886343,-52.54229339953364,-0.2735421069232881,0.025554924877521555,0.9615204946096951,0.0010890887189483982,,152.08409993349616,False,154.64219480702147,False,129.56766835332562,False,144.6478366053138,False,116.1611182371314,False,112.57003305426574,False,115.88010723445173,False,,0,,,0.0,right_S1,112.57003305426574
pr_Agency_EBCI,test,04_03 Artem,04_calib,test/04_03 Artem/04_calib,C:\Users\hodor\Documents\lab-Shishkin\projects\BCI_classifier\data\pr_Agency_EBCI\trans\test\04_03 Artem\EPOCHS_04_calib.hdf,"MATRIX_[8, 15]_robust_concat_04_calib.hdf","C:\Users\hodor\Documents\lab-Shishkin\projects\BCI_classifier\data\pr_Agency_EBCI\features\csp\test\04_03 Artem\MATRIX_[8, 15]_robust_concat_04_calib.hdf","[8, 15]",52,53,-4,last5,0.7105114691422171,0.211,0.898,0.003350999107520347,1.4248282432467472,1.422,1.0067019982150407,0.252044304800406,0.3579303350812528,0.4821428571428571,0.4821428571428571,0.3735656660434589,0.5305038894954284,0.9040695555388873,0.1258790618147773,0.21813592247045116,21.965002572626446,0.0,0.19075867621870524,0.8118544608739209,1.2881438365913405,0.0,0.0,78.03499742737355,18.29303590637121,-81.03389009825564,18.19705436692266,0.24328432725535806,-0.12120015068211965,-0.962352980764615,0.00012341505904070232,,87.34793109288746,False,85.9205868860344,False,86.88494867938061,False,94.37190776311591,False,70.67859573937758,False,65.6438665723632,False,82.80843527888015,False,,0,,,0.0,right_S1,65.6438665723632
pr_Agency_EBCI,test,04_03 Artem,04_calib,test/04_03 Artem/04_calib,C:\Users\hodor\Documents\lab-Shishkin\projects\BCI_classifier\data\pr_Agency_EBCI\trans\test\04_03 Artem\EPOCHS_04_calib.hdf,"MATRIX_[8, 15]_robust_concat_04_calib.hdf","C:\Users\hodor\Documents\lab-Shishkin\projects\BCI_classifier\data\pr_Agency_EBCI\features\csp\test\04_03 Artem\MATRIX_[8, 15]_robust_concat_04_calib.hdf","[8, 15]",53,54,-3,last5,0.7268966688603381,0.227,0.979,0.016385199718121024,1.468877761344054,1.454,1.032770399436242,0.08144474626940384,0.1569578434977711,0.4464285714285714,0.4464285714285714,0.11780400799681627,0.22702830934499033,0.3448323173418066,0.06980175635977516,0.19716372270728988,31.456725843185918,0.0,0.0782769360365901,0.3375908386776286,0.5065165223361152,0.0,0.0,68.54327415681408,-45.47448913611792,21.69087893082714,-68.64607861005332,0.6449046471017634,0.32639884308593153,0.6910584572803632,0.0008754421554101032,,133.09420451216315,False,131.29925865511046,False,137.3824703717925,False,129.3195691885684,False,155.763903746428,False,157.73144739794094,False,147.70475198300878,False,,0,,,0.0,left_PMd,129.3195691885684
pr_Agency_EBCI,test,04_03 Artem,04_calib,test/04_03 Artem/04_calib,C:\Users\hodor\Documents\lab-Shishkin\projects\BCI_classifier\data\pr_Agency_EBCI\trans\test\04_03 Artem\EPOCHS_04_calib.hdf,"MATRIX_[8, 15]_robust_concat_04_calib.hdf","C:\Users\hodor\Documents\lab-Shishkin\projects\BCI_classifier\data\pr_Agency_EBCI\features\csp\test\04_03 Artem\MATRIX_[8, 15]_robust_concat_04_calib.hdf","[8, 15]",54,55,-2,last5,0.7310168191630821,0.231,1.0,0.004120150302744041,1.4658070188797354,1.462,1.008240300605488,0.08252479083789516,0.08279743478277592,0.4821428571428571,0.4821428571428571,0.12231352927759462,0.12271762655304289,0.2450311558306375,0.13009484557584525,0.11449065293236478,22.910196227125695,0.0,0.05660219699687727,0.2450311558306375,0.3591683880607627,0.0,0.0,77.0898037728743,-29.875039602268327,-48.91639364761879,54.48670925431622,-0.521064962390299,0.8411025380228524,-0.14504421912200569,0.00010293676394343005,,25.7027597965248,True,22.60593586193095,True,52.40875925661838,False,40.98727963061157,False,70.44599040317689,False,74.36420502751855,False,70.8940161577266,False,left_M1;left_S1,2,1;0.8,left_M1,1.0,left_S1,22.60593586193095
pr_Agency_EBCI,test,04_03 Artem,04_calib,test/04_03 Artem/04_calib,C:\Users\hodor\Documents\lab-Shishkin\projects\BCI_classifier\data\pr_Agency_EBCI\trans\test\04_03 Artem\EPOCHS_04_calib.hdf,"MATRIX_[8, 15]_robust_concat_04_calib.hdf","C:\Users\hodor\Documents\lab-Shishkin\projects\BCI_classifier\data\pr_Agency_EBCI\features\csp\test\04_03 Artem\MATRIX_[8, 15]_robust_concat_04_calib.hdf","[8, 15]",55,56,-1,last5,0.7583428040599361,0.258,1.144,0.027325984896854005,1.5442004164135534,1.516,1.054651969793708,0.5103546730458149,0.2625189806671623,0.6071428571428572,0.6071428571428572,0.8202128673950597,0.4219055046436537,1.2421183720387134,0.19276493487608523,0.09289107863329964,23.863477486902603,0.0,0.32046653998598806,1.420983417612288,1.9180797073371063,0.0,0.0,76.13652251309739,-13.817582939135788,-0.6355752782776718,-23.486753200704847,0.36797071562229094,0.8897795437151648,0.2699813253364986,0.0007779817293129064,,85.76770897971399,False,85.75994390981322,False,82.82387094351184,False,81.07724489374296,False,96.67384261973072,False,98.3672807044554,False,90.11708455527828,False,,0,,,0.0,left_PMd,81.07724489374296
pr_Agency_EBCI,test,05_08 Artem,01_calib,test/05_08 Artem/01_calib,C:\Users\hodor\Documents\lab-Shishkin\projects\BCI_classifier\data\pr_Agency_EBCI\trans\test\05_08 Artem\EPOCHS_01_calib.hdf,"MATRIX_[8, 12]_robust_concat_01_calib.hdf","C:\Users\hodor\Documents\lab-Shishkin\projects\BCI_classifier\data\pr_Agency_EBCI\features\csp\test\05_08 Artem\MATRIX_[8, 12]_robust_concat_01_calib.hdf","[8, 12]",0,1,0,first5,0.08533839734831017,0.415,2.372,0.06890011440180516,1.9443741899069964,1.83,1.1378002288036102,0.774367545162976,0.19494030559213102,0.5892857142857143,0.5892857142857143,1.2306912771340155,0.3098158428160654,1.5405071199500808,0.4555872847739858,0.12408810523230265,51.604518850333825,0.5320903770066765,0.6393104547792835,3.6540828885215917,2.9953222833988984,1.5000308960513455,1.7067354967397053,48.395481149666175,-48.061383474267174,-2.1031391209251904,47.28079028432913,0.6882873405021204,0.657839250742498,-0.30579087149074113,0.00036095399944712403,,26.475915578818636,True,28.93520618328226,True,49.396189762976235,False,22.655169237827653,True,87.3029972339507,False,94.40105179787957,False,76.78627248611913,False,left_M1;left_S1;left_PMd,3,1;0.8;0.6,left_M1,1.0,left_PMd,22.655169237827653
pr_Agency_EBCI,test,05_08 Artem,01_calib,test/05_08 Artem/01_calib,C:\Users\hodor\Documents\lab-Shishkin\projects\BCI_classifier\data\pr_Agency_EBCI\trans\test\05_08 Artem\EPOCHS_01_calib.hdf,"MATRIX_[8, 12]_robust_concat_01_calib.hdf","C:\Users\hodor\Documents\lab-Shishkin\projects\BCI_classifier\data\pr_Agency_EBCI\features\csp\test\05_08 Artem\MATRIX_[8, 12]_robust_concat_01_calib.hdf","[8, 12]",1,2,1,first5,0.15423851175011533,0.346,1.702,0.028260860674423932,1.7311130311734026,1.692,1.0565217213488478,0.5986355459304977,0.6607731192036919,0.4464285714285714,0.4464285714285714,0.8658835575066127,0.9557611188481971,1.82164467635481,0.19851664643235067,0.21879591798537934,43.788623974918934,0.3757724794983787,0.6302890580187642,3.1004392391558864,3.153472837405467,1.1582145010636855,1.223678778355002,56.211376025081066,46.71637225193913,5.087041307913371,46.05185472125956,0.6320257905730747,-0.6712927850918092,0.3871813486393193,0.00023382981450108584,,88.24409218217698,False,95.58805158357846,False,49.47827904188881,False,76.50341513404678,False,32.55552488867773,True,35.89881707269869,False,24.910616912375204,True,right_M1;right_PMd,2,1;0.6,right_M1,1.0,right_PMd,24.910616912375204
pr_Agency_EBCI,test,05_08 Artem,01_calib,test/05_08 Artem/01_calib,C:\Users\hodor\Documents\lab-Shishkin\projects\BCI_classifier\data\pr_Agency_EBCI\trans\test\05_08 Artem\EPOCHS_01_calib.hdf,"MATRIX_[8, 12]_robust_concat_01_calib.hdf","C:\Users\hodor\Documents\lab-Shishkin\projects\BCI_classifier\data\pr_Agency_EBCI\features\csp\test\05_08 Artem\MATRIX_[8, 12]_robust_concat_01_calib.hdf","[8, 12]",2,3,2,first5,0.18249937242453926,0.318,1.5,0.017641049319527174,1.6584394147344386,1.6360000000000001,1.0352820986390543,0.2525937650211111,0.1324258042809274,0.4642857142857143,0.4642857142857143,0.3698694416380556,0.193909213411358,0.5637786550494136,0.19273966406195206,0.09886302627158305,38.82327061974098,0.27646541239481964,0.17928161230571352,0.8456679825741205,0.9349927427199184,0.2549956281294474,0.2639924090336382,61.17672938025902,19.638325581113477,-66.43488949587676,49.30646939667487,0.9391755396146155,0.04082317023448496,-0.3410026019865563,0.0001348355221070121,,70.29328895374657,False,71.6522118299997,False,64.13748649861174,False,75.68916518567997,False,45.969855212460345,False,42.834574382198355,False,59.40839386332911,False,,0,,,0.0,right_S1,42.834574382198355
pr_Agency_EBCI,test,05_08 Artem,01_calib,test/05_08 Artem/01_calib,C:\Users\hodor\Documents\lab-Shishkin\projects\BCI_classifier\data\pr_Agency_EBCI\trans\test\05_08 Artem\EPOCHS_01_calib.hdf,"MATRIX_[8, 12]_robust_concat_01_calib.hdf","C:\Users\hodor\Documents\lab-Shishkin\projects\BCI_classifier\data\pr_Agency_EBCI\features\csp\test\05_08 Artem\MATRIX_[8, 12]_robust_concat_01_calib.hdf","[8, 12]",3,4,3,first5,0.20014042174406643,0.3,1.385,0.002961343326864152,1.6035536119922371,1.6,1.0059226866537283,0.2301995559617583,0.25206454337557527,0.4285714285714286,0.4285714285714286,0.3288565085167976,0.3600922048222504,0.688948713339048,0.1937940942127795,0.19550798063815403,35.13169604450247,0.2026339208900494,0.20668461400171437,0.9541939679745814,1.1047661977522347,0.22336700652167354,0.22468993931008271,64.86830395549754,57.7641252696146,40.384606300462885,0.6911565621907483,-0.9885918251466566,-0.07011305676634687,0.13330552323171527,0.0001971667917991228,,126.47591422270754,False,132.43666754267164,False,93.66178199240073,False,112.9407963162162,False,87.6248985143217,False,88.51608816770475,False,79.28455992401167,False,,0,,,0.0,right_PMd,79.28455992401167
pr_Agency_EBCI,test,05_08 Artem,01_calib,test/05_08 Artem/01_calib,C:\Users\hodor\Documents\lab-Shishkin\projects\BCI_classifier\data\pr_Agency_EBCI\trans\test\05_08 Artem\EPOCHS_01_calib.hdf,"MATRIX_[8, 12]_robust_concat_01_calib.hdf","C:\Users\hodor\Documents\lab-Shishkin\projects\BCI_classifier\data\pr_Agency_EBCI\features\csp\test\05_08 Artem\MATRIX_[8, 12]_robust_concat_01_calib.hdf","[8, 12]",4,5,4,first5,0.20310176507093058,0.297,1.367,0.0047663638569714895,1.5996624402620823,1.5939999999999999,1.009532727713943,0.1557476759437892,0.14420467006058574,0.4821428571428571,0.4821428571428571,0.23084030541668757,0.21373192169693958,0.44457222711362715,0.1889480089568149,0.19927677809153316,41.662822295321845,0.3332564459064369,0.13203795145274727,0.6077302344643283,0.7111654936973335,0.23616155720841506,0.23841282102978364,58.337177704678155,10.94746525844733,-66.50994181414168,47.58759079353042,-0.5254914786322754,-0.850503974882733,0.022398539986710063,0.0001561279011559596,,63.88997007271114,False,64.46610957372746,False,62.36760633068016,False,70.78903142301992,False,50.054902643752186,False,48.132163052917996,False,61.52211684315812,False,,0,,,0.0,right_S1,48.132163052917996
pr_Agency_EBCI,test,05_08 Artem,01_calib,test/05_08 Artem/01_calib,C:\Users\hodor\Documents\lab-Shishkin\projects\BCI_classifier\data\pr_Agency_EBCI\trans\test\05_08 Artem\EPOCHS_01_calib.hdf,"MATRIX_[8, 12]_robust_concat_01_calib.hdf","C:\Users\hodor\Documents\lab-Shishkin\projects\BCI_classifier\data\pr_Agency_EBCI\features\csp\test\05_08 Artem\MATRIX_[8, 12]_robust_concat_01_calib.hdf","[8, 12]",51,52,-5,last5,0.6894168087011681,0.189,0.797,0.01338312335119285,1.3881176412535017,1.3780000000000001,1.0267662467023857,0.2719427848100011,0.10366455939818484,0.5892857142857143,0.5892857142857143,0.43219478300160896,0.16475260332925806,0.596947386330867,0.24754687432446318,0.10349154036511234,31.56500740175443,0.0,0.11282305601653386,0.475767066905701,0.8286331978660458,0.0,0.0,68.43499259824557,37.13863011214092,-63.08900274398482,22.561489199575597,0.6460540993817846,0.22736644379908041,-0.7286416134878317,0.0001662949089787954,,89.41668387247383,False,90.68864756277048,False,76.77447576285314,False,91.62954414796125,False,51.45270273369152,False,44.5549204681674,False,65.0879926576584,False,,0,,,0.0,right_S1,44.5549204681674
pr_Agency_EBCI,test,05_08 Artem,01_calib,test/05_08 Artem/01_calib,C:\Users\hodor\Documents\lab-Shishkin\projects\BCI_classifier\data\pr_Agency_EBCI\trans\test\05_08 Artem\EPOCHS_01_calib.hdf,"MATRIX_[8, 12]_robust_concat_01_calib.hdf","C:\Users\hodor\Documents\lab-Shishkin\projects\BCI_classifier\data\pr_Agency_EBCI\features\csp\test\05_08 Artem\MATRIX_[8, 12]_robust_concat_01_calib.hdf","[8, 12]",52,53,-4,last5,0.696282176089148,0.196,0.83,0.006865367387979937,1.3973824480321761,1.392,1.0137307347759599,0.11428434713869023,0.2400802472894116,0.4821428571428571,0.4821428571428571,0.16938572879484445,0.3558332236610922,0.5252189524559366,0.06741876262865805,0.21315546944312438,59.79361384729604,0.6958722769459207,0.10294291468136359,0.4359317305384274,0.7339317455357719,0.5087555492102042,0.5157411367222072,40.20638615270396,41.95754475062251,-61.1222436725716,33.333977517517305,0.42943169616181415,-0.7489337242288415,-0.5046649334403024,0.00021225276233709993,,89.27031048454745,False,91.46520522627308,False,73.53441353614777,False,90.71813168005521,False,43.90104656973297,False,36.290718496327294,False,59.418300240330964,False,,0,,,0.0,right_S1,36.290718496327294
pr_Agency_EBCI,test,05_08 Artem,01_calib,test/05_08 Artem/01_calib,C:\Users\hodor\Documents\lab-Shishkin\projects\BCI_classifier\data\pr_Agency_EBCI\trans\test\05_08 Artem\EPOCHS_01_calib.hdf,"MATRIX_[8, 12]_robust_concat_01_calib.hdf","C:\Users\hodor\Documents\lab-Shishkin\projects\BCI_classifier\data\pr_Agency_EBCI\features\csp\test\05_08 Artem\MATRIX_[8, 12]_robust_concat_01_calib.hdf","[8, 12]",53,54,-3,last5,0.7206302547164642,0.221,0.948,0.02434807862731625,1.4635237015065476,1.442,1.0486961572546325,0.23147612281045962,0.15688936714163393,0.5178571428571428,0.5178571428571428,0.3513476864087333,0.23813564655426578,0.5894833329629992,0.15334389493329745,0.14658783032642633,45.063607791400024,0.4012721558280005,0.13027581658482282,0.5588301996489232,0.8627228294344252,0.34109536338922775,0.35770539684365565,54.936392208599976,-54.28609914167832,-32.54120710789614,4.141018882227007,-0.291012974126666,-0.5070366306480504,-0.8113108553883801,0.00039940984918082514,,55.64788911767274,False,49.47613605886905,False,80.94569835271663,False,63.10771566910285,False,104.46954503420831,False,107.5544173668273,False,100.31264566763404,False,,0,,,0.0,left_S1,49.47613605886905
pr_Agency_EBCI,test,05_08 Artem,01_calib,test/05_08 Artem/01_calib,C:\Users\hodor\Documents\lab-Shishkin\projects\BCI_classifier\data\pr_Agency_EBCI\trans\test\05_08 Artem\EPOCHS_01_calib.hdf,"MATRIX_[8, 12]_robust_concat_01_calib.hdf","C:\Users\hodor\Documents\lab-Shishkin\projects\BCI_classifier\data\pr_Agency_EBCI\features\csp\test\05_08 Artem\MATRIX_[8, 12]_robust_concat_01_calib.hdf","[8, 12]",54,55,-2,last5,0.7768299945719035,0.277,1.247,0.056199739855439246,1.6162693117598268,1.554,1.1123994797108785,0.23376384059669772,0.580260165603991,0.5535714285714286,0.5535714285714286,0.3631688237841554,0.901475614420486,1.2646444382046413,0.08258685397257327,0.240767045315107,42.333175973199225,0.34666351946398455,0.3503065093826857,1.5770116144411879,2.0440059957579084,0.6812830666860648,0.7578589289174102,57.666824026800775,17.889649296314932,-39.46908247452855,41.29054546226959,0.1698823147514187,-0.7874855814852552,0.5924579800184394,0.00037655282357166556,,57.963392470430335,False,61.572120576123844,False,41.465948736046236,False,57.55459249377946,False,27.99366656963304,True,28.029715490169096,True,36.17859029782314,False,right_M1;right_S1,2,1;0.8,right_M1,1.0,right_M1,27.99366656963304
pr_Agency_EBCI,test,05_08 Artem,01_calib,test/05_08 Artem/01_calib,C:\Users\hodor\Documents\lab-Shishkin\projects\BCI_classifier\data\pr_Agency_EBCI\trans\test\05_08 Artem\EPOCHS_01_calib.hdf,"MATRIX_[8, 12]_robust_concat_01_calib.hdf","C:\Users\hodor\Documents\lab-Shishkin\projects\BCI_classifier\data\pr_Agency_EBCI\features\csp\test\05_08 Artem\MATRIX_[8, 12]_robust_concat_01_calib.hdf","[8, 12]",55,56,-1,last5,0.8091861614305176,0.309,1.445,0.03235616685861409,1.657992222237247,1.6179999999999999,1.0647123337172282,0.9132165554691296,0.8475975797120006,0.5357142857142857,0.5357142857142857,1.4024397101847346,1.3016677117005722,2.7041074218853067,0.19975115042127076,0.18261246402231118,40.02790028096655,0.300558005619331,0.8355691933625597,3.9074352246242685,4.483389073579852,1.3150151543302868,1.4001128538405208,59.97209971903345,-15.864216014021178,-42.186988487682406,36.324545869092084,-0.2972206537112349,0.9223390654782931,-0.24688161393691305,0.0004906639556010282,,33.516262354841345,True,32.82257995908988,True,45.066581824321645,False,41.26924920650642,False,58.376253290679806,False,61.17605778020031,False,58.991042740733974,False,left_M1;left_S1,2,1;0.8,left_M1,1.0,left_S1,32.82257995908988
pr_Agency_EBCI,test,05_08 Artem,01_calib,test/05_08 Artem/01_calib,C:\Users\hodor\Documents\lab-Shishkin\projects\BCI_classifier\data\pr_Agency_EBCI\trans\test\05_08 Artem\EPOCHS_01_calib.hdf,"MATRIX_[9, 13]_robust_concat_01_calib.hdf","C:\Users\hodor\Documents\lab-Shishkin\projects\BCI_classifier\data\pr_Agency_EBCI\features\csp\test\05_08 Artem\MATRIX_[9, 13]_robust_concat_01_calib.hdf","[9, 13]",0,1,0,first5,0.10566191499380975,0.394,2.136,0.07740596516110623,1.9099918010939034,1.788,1.1548119303222124,0.9400927586043667,0.1134965950596859,0.625,0.625,1.5276507327320958,0.1844319669719896,1.7120826997040854,0.45140176795890424,0.045771544579435434,53.831946895701854,0.5766389379140371,0.6745605836834097,3.6570086465679266,3.2700639192295187,1.7652093466461096,2.038484813023205,46.168053104298146,-46.388294715800754,-1.2894867599131956,46.11971676403702,0.6649455926926062,0.6845004808929939,-0.2988418485017433,0.00044120787306330106,,26.857104750016205,True,29.633231885116274,True,48.116566288459566,False,21.926704433712267,True,86.03033485131074,False,93.12014789620771,False,75.34102053657796,False,left_M1;left_S1;left_PMd,3,1;0.8;0.6,left_M1,1.0,left_PMd,21.926704433712267
pr_Agency_EBCI,test,05_08 Artem,01_calib,test/05_08 Artem/01_calib,C:\Users\hodor\Documents\lab-Shishkin\projects\BCI_classifier\data\pr_Agency_EBCI\trans\test\05_08 Artem\EPOCHS_01_calib.hdf,"MATRIX_[9, 13]_robust_concat_01_calib.hdf","C:\Users\hodor\Documents\lab-Shishkin\projects\BCI_classifier\data\pr_Agency_EBCI\features\csp\test\05_08 Artem\MATRIX_[9, 13]_robust_concat_01_calib.hdf","[9, 13]",1,2,1,first5,0.18306788015491599,0.317,1.496,0.02259655839390426,1.6626524360434707,1.634,1.0451931167878086,0.4562301954941959,0.6927121507360309,0.4285714285714286,0.4285714285714286,0.6517574221345656,0.9895887867657585,1.6413462089003241,0.18052159114592856,0.2731683194424372,56.35264627157993,0.6270529254315986,0.5203067482214028,2.455453928514885,2.7289882726188393,1.6817306791250777,1.757733330112418,43.64735372842007,40.120400098429634,-0.6029041797469596,54.814015336817505,-0.9068614921304552,0.22163437723815554,-0.3584416785436358,0.0002490210641242728,,79.64386959200571,False,87.26894085129682,False,40.60696548161534,False,68.5311060451051,False,23.786726328239144,True,29.591228781025066,True,14.248778359611123,True,right_M1;right_S1;right_PMd,3,1;0.8;0.6,right_M1,1.0,right_PMd,14.248778359611123
pr_Agency_EBCI,test,05_08 Artem,01_calib,test/05_08 Artem/01_calib,C:\Users\hodor\Documents\lab-Shishkin\projects\BCI_classifier\data\pr_Agency_EBCI\trans\test\05_08 Artem\EPOCHS_01_calib.hdf,"MATRIX_[9, 13]_robust_concat_01_calib.hdf","C:\Users\hodor\Documents\lab-Shishkin\projects\BCI_classifier\data\pr_Agency_EBCI\features\csp\test\05_08 Artem\MATRIX_[9, 13]_robust_concat_01_calib.hdf","[9, 13]",2,3,2,first5,0.20566443854882024,0.294,1.351,0.020899307165244796,1.6125775852263278,1.588,1.0417986143304896,0.4646228976465668,0.5016384721144043,0.4285714285714286,0.4285714285714286,0.6637469966379526,0.7166263887348633,1.380373385372816,0.17930965418215977,0.20139034272020312,25.65454048310781,0.0,0.40582977529960784,1.8648844436386742,2.225959180495187,0.0,0.0,74.34545951689219,44.06927977553482,-62.87878931742982,-21.81636919022916,-0.006878320289444877,-0.12970635084283824,0.9915285932644758,0.0003370109679297448,,118.22874919625941,False,118.05842650352172,False,107.46139253174552,False,119.41963790876778,False,87.3616669302675,False,80.8341083095347,False,96.56754415123804,False,,0,,,0.0,right_S1,80.8341083095347
pr_Agency_EBCI,test,05_08 Artem,01_calib,test/05_08 Artem/01_calib,C:\Users\hodor\Documents\lab-Shishkin\projects\BCI_classifier\data\pr_Agency_EBCI\trans\test\05_08 Artem\EPOCHS_01_calib.hdf,"MATRIX_[9, 13]_robust_concat_01_calib.hdf","C:\Users\hodor\Documents\lab-Shishkin\projects\BCI_classifier\data\pr_Agency_EBCI\features\csp\test\05_08 Artem\MATRIX_[9, 13]_robust_concat_01_calib.hdf","[9, 13]",3,4,3,first5,0.22656374571406504,0.273,1.228,0.014813004915418232,1.5621758013676368,1.546,1.0296260098308365,0.25650220792861333,0.07993806286529193,0.4642857142857143,0.4642857142857143,0.3755925187526124,0.11705216348132033,0.49264468223393276,0.26128442212214303,0.05761182005136191,38.187670893362274,0.2637534178672455,0.13449199824986366,0.6049676697832694,0.7695976012582987,0.2008821671617171,0.2068335042208899,61.812329106637726,14.629924277789723,-71.7663335477595,43.22625298515257,-0.895117221924777,0.2661789644031952,0.3576505528066633,0.00016310992580816878,,70.76849910638107,False,70.91088476680744,False,68.97469763288369,False,77.76004340825388,False,53.86530766428555,False,50.700357984365056,False,66.39331918002803,False,,0,,,0.0,right_S1,50.700357984365056
pr_Agency_EBCI,test,05_08 Artem,01_calib,test/05_08 Artem/01_calib,C:\Users\hodor\Documents\lab-Shishkin\projects\BCI_classifier\data\pr_Agency_EBCI\trans\test\05_08 Artem\EPOCHS_01_calib.hdf,"MATRIX_[9, 13]_robust_concat_01_calib.hdf","C:\Users\hodor\Documents\lab-Shishkin\projects\BCI_classifier\data\pr_Agency_EBCI\features\csp\test\05_08 Artem\MATRIX_[9, 13]_robust_concat_01_calib.hdf","[9, 13]",4,5,4,first5,0.24137675062948327,0.259,1.145,0.023070931653871862,1.5419014851934114,1.518,1.0461418633077437,0.20277749564031394,0.23620722006664285,0.5178571428571428,0.5178571428571428,0.3077872701683336,0.35852881617258286,0.6663160863409165,0.1554168199395799,0.16507229065534101,30.226726211316464,0.0,0.17257586636229738,0.7629319188603495,1.0273937631373207,0.0,0.0,69.77327378868354,48.52777926721831,-27.59483406737519,22.1336777618096,0.2820770157151822,-0.5801790921148989,-0.7640842743297027,0.00036373643115433,,91.13065390833368,False,95.35754215715235,False,64.09114829599359,False,85.94990578029162,False,36.28768203235163,False,30.665843040105884,True,44.18455641638325,False,right_S1,1,0.8,right_S1,0.8,right_S1,30.665843040105884
pr_Agency_EBCI,test,05_08 Artem,01_calib,test/05_08 Artem/01_calib,C:\Users\hodor\Documents\lab-Shishkin\projects\BCI_classifier\data\pr_Agency_EBCI\trans\test\05_08 Artem\EPOCHS_01_calib.hdf,"MATRIX_[9, 13]_robust_concat_01_calib.hdf","C:\Users\hodor\Documents\lab-Shishkin\projects\BCI_classifier\data\pr_Agency_EBCI\features\csp\test\05_08 Artem\MATRIX_[9, 13]_robust_concat_01_calib.hdf","[9, 13]",51,52,-5,last5,0.7414387715383394,0.241,1.053,0.021333843480427772,1.5025658251151324,1.482,1.0426676869608555,0.38282367910038717,0.251584399349703,0.5178571428571428,0.5178571428571428,0.5810716557773734,0.3818691775843706,0.962940833361744,0.23442251757569596,0.15007937837201504,37.337397315775924,0.2467479463155185,0.23206874084018028,1.0139766975299163,1.446881987817242,0.3521286434680498,0.3671531581974953,62.662602684224076,31.315607447026405,-43.626605233794876,40.282966850746284,-0.14705706217355055,0.979976803429598,-0.13423742103002226,0.00025687796602452657,,71.85833124962005,False,75.48610157734251,False,52.06075253785572,False,70.95506619198615,False,25.57679216806359,True,20.907641671035833,True,39.08034524210576,False,right_M1;right_S1,2,1;0.8,right_M1,1.0,right_S1,20.907641671035833
pr_Agency_EBCI,test,05_08 Artem,01_calib,test/05_08 Artem/01_calib,C:\Users\hodor\Documents\lab-Shishkin\projects\BCI_classifier\data\pr_Agency_EBCI\trans\test\05_08 Artem\EPOCHS_01_calib.hdf,"MATRIX_[9, 13]_robust_concat_01_calib.hdf","C:\Users\hodor\Documents\lab-Shishkin\projects\BCI_classifier\data\pr_Agency_EBCI\features\csp\test\05_08 Artem\MATRIX_[9, 13]_robust_concat_01_calib.hdf","[9, 13]",52,53,-4,last5,0.7529710836218101,0.253,1.115,0.01153231208347072,1.5176706998284724,1.506,1.0230646241669414,0.11801245289197752,0.1295164283881337,0.4642857142857143,0.4642857142857143,0.17280394887753853,0.18964905585405295,0.3624530047315915,0.1557477124393411,0.17749690637934787,53.26399879752803,0.5652799759505607,0.09170061019709265,0.40413510027572447,0.550084305345927,0.308560463251611,0.31567729436928677,46.73600120247197,41.36864320034139,-63.92470851225904,29.94453086725831,-0.6490093351341143,0.7130666350198737,0.2651845714407403,0.0001886517488552613,,90.87781232059801,False,92.66962951999372,False,76.50977613825275,False,92.83571055022233,False,47.97595388659486,False,40.46885441565572,False,63.12829092353465,False,,0,,,0.0,right_S1,40.46885441565572
pr_Agency_EBCI,test,05_08 Artem,01_calib,test/05_08 Artem/01_calib,C:\Users\hodor\Documents\lab-Shishkin\projects\BCI_classifier\data\pr_Agency_EBCI\trans\test\05_08 Artem\EPOCHS_01_calib.hdf,"MATRIX_[9, 13]_robust_concat_01_calib.hdf","C:\Users\hodor\Documents\lab-Shishkin\projects\BCI_classifier\data\pr_Agency_EBCI\features\csp\test\05_08 Artem\MATRIX_[9, 13]_robust_concat_01_calib.hdf","[9, 13]",53,54,-3,last5,0.7726780929441004,0.273,1.223,0.019707009322290303,1.567520054179941,1.546,1.0394140186445806,0.420190602869162,0.40553389307354537,0.5892857142857143,0.5892857142857143,0.6678029224170611,0.6445092229204561,1.312312145337517,0.14040934738470678,0.15493195849713035,34.551078535908495,0.0,0.3582612156771422,1.6049577537477835,2.0570756051604593,0.0,0.0,65.44892146409151,-70.66752764987191,-28.841410016602477,9.650842209847031,-0.48486801393481604,-0.48688302241449,-0.726531438788053,0.00029724280790892024,,58.08202090285763,False,51.152914265377625,False,88.61868050647713,False,66.3560601233167,False,116.40294297714962,False,120.36928712516143,False,110.98598925934243,False,,0,,,0.0,left_S1,51.152914265377625
pr_Agency_EBCI,test,05_08 Artem,01_calib,test/05_08 Artem/01_calib,C:\Users\hodor\Documents\lab-Shishkin\projects\BCI_classifier\data\pr_Agency_EBCI\trans\test\05_08 Artem\EPOCHS_01_calib.hdf,"MATRIX_[9, 13]_robust_concat_01_calib.hdf","C:\Users\hodor\Documents\lab-Shishkin\projects\BCI_classifier\data\pr_Agency_EBCI\features\csp\test\05_08 Artem\MATRIX_[9, 13]_robust_concat_01_calib.hdf","[9, 13]",54,55,-2,last5,0.7887460562337679,0.289,1.317,0.01606796328966753,1.5965745655628556,1.5779999999999998,1.032135926579335,0.22491436259932818,0.24069188152124565,0.5,0.5,0.33737154389899227,0.3610378222818685,0.6984093661808608,0.12154716881775039,0.1966956292446828,35.288827774383016,0.20577655548766033,0.20184030682626874,0.9198051352601937,1.1150626303952371,0.22678427988758174,0.23407220285539643,64.71117222561699,-38.53355413252796,-28.192159300407656,-10.717062263629506,0.40284797863142413,0.39136117881254745,0.827375328270688,0.0006195026366006054,,66.89663289905897,False,62.838797203059165,False,81.84962660050849,False,70.4971308420772,False,100.11988458001481,False,102.08991883722847,False,96.36183642816322,False,,0,,,0.0,left_S1,62.838797203059165
pr_Agency_EBCI,test,05_08 Artem,01_calib,test/05_08 Artem/01_calib,C:\Users\hodor\Documents\lab-Shishkin\projects\BCI_classifier\data\pr_Agency_EBCI\trans\test\05_08 Artem\EPOCHS_01_calib.hdf,"MATRIX_[9, 13]_robust_concat_01_calib.hdf","C:\Users\hodor\Documents\lab-Shishkin\projects\BCI_classifier\data\pr_Agency_EBCI\features\csp\test\05_08 Artem\MATRIX_[9, 13]_robust_concat_01_calib.hdf","[9, 13]",55,56,-1,last5,0.8409265117261653,0.341,1.665,0.05218045549239736,1.75317414129163,1.682,1.1043609109847947,0.7241705730845934,0.5228576531904885,0.5714285714285714,0.5714285714285714,1.1379823291329325,0.8216334550136247,1.9596157841465573,0.2201428422276478,0.1549999057742603,49.73598507643852,0.4947197015287704,0.6682289823939761,3.262760280604018,3.4355477196326647,1.6306326212896958,1.8008069271290121,50.26401492356148,-27.59466317955937,-52.09425763986428,37.2248160367302,0.08560049491808082,-0.9787154660923006,0.1865170011058244,0.0003149532875956164,,34.8201742134463,True,30.232036165556377,True,57.5999504519858,False,47.92677109511299,False,72.01441543268473,False,74.49751287715237,False,73.40012032492866,False,left_M1;left_S1,2,1;0.8,left_M1,1.0,left_S1,30.232036165556377
pr_Agency_EBCI,test,05_08 Artem,01_calib,test/05_08 Artem/01_calib,C:\Users\hodor\Documents\lab-Shishkin\projects\BCI_classifier\data\pr_Agency_EBCI\trans\test\05_08 Artem\EPOCHS_01_calib.hdf,"MATRIX_[10, 14]_robust_concat_01_calib.hdf","C:\Users\hodor\Documents\lab-Shishkin\projects\BCI_classifier\data\pr_Agency_EBCI\features\csp\test\05_08 Artem\MATRIX_[10, 14]_robust_concat_01_calib.hdf","[10, 14]",0,1,0,first5,0.12450485559876778,0.375,1.95,0.043991787247331215,1.8159876808709967,1.75,1.0879835744946624,0.9732519352926752,0.1625776404528698,0.5714285714285714,0.5714285714285714,1.529395898317061,0.2554791492830811,1.784875047600142,0.42319156419702275,0.06024286937341208,72.26138482825661,0.9452276965651323,0.6693281428500533,3.4805063428202767,3.241311098335892,2.95244832732441,3.2122152846731993,27.73861517174339,-46.43233307198378,0.8159679313722392,47.769259308351536,-0.7009943934141325,-0.6634348134368429,0.26165073804974065,0.00047233826076473244,,28.14979449354577,True,31.419239691761057,True,48.032145782266326,False,22.02764820348937,True,86.47928591515152,False,93.74326951254479,False,75.4031736032302,False,left_M1;left_S1;left_PMd,3,1;0.8;0.6,left_M1,1.0,left_PMd,22.02764820348937
pr_Agency_EBCI,test,05_08 Artem,01_calib,test/05_08 Artem/01_calib,C:\Users\hodor\Documents\lab-Shishkin\projects\BCI_classifier\data\pr_Agency_EBCI\trans\test\05_08 Artem\EPOCHS_01_calib.hdf,"MATRIX_[10, 14]_robust_concat_01_calib.hdf","C:\Users\hodor\Documents\lab-Shishkin\projects\BCI_classifier\data\pr_Agency_EBCI\features\csp\test\05_08 Artem\MATRIX_[10, 14]_robust_concat_01_calib.hdf","[10, 14]",1,2,1,first5,0.168496642846099,0.332,1.596,0.054048470951459066,1.7357763694235375,1.6640000000000001,1.108096941902918,0.2600396812943248,0.9288826641673421,0.5,0.5,0.3900595219414872,1.393323996251013,1.7833835181925002,0.0905927127616827,0.35395672274595147,72.22554093984466,0.9445108187968934,0.59208332803991,2.8462800950352305,3.0955549684979533,2.802883244922813,3.105866352209897,27.774459060155337,45.09108836791779,6.847536560679808,43.438808011301575,0.46217688622573555,-0.5903864105448304,0.6616920825298382,0.00045674603033325447,,87.66480861059853,False,94.95205438518144,False,49.09474267182903,False,75.63425206151267,False,34.525381152895456,True,37.955102241415,False,25.890890052248878,True,right_M1;right_PMd,2,1;0.6,right_M1,1.0,right_PMd,25.890890052248878
pr_Agency_EBCI,test,05_08 Artem,01_calib,test/05_08 Artem/01_calib,C:\Users\hodor\Documents\lab-Shishkin\projects\BCI_classifier\data\pr_Agency_EBCI\trans\test\05_08 Artem\EPOCHS_01_calib.hdf,"MATRIX_[10, 14]_robust_concat_01_calib.hdf","C:\Users\hodor\Documents\lab-Shishkin\projects\BCI_classifier\data\pr_Agency_EBCI\features\csp\test\05_08 Artem\MATRIX_[10, 14]_robust_concat_01_calib.hdf","[10, 14]",2,3,2,first5,0.22254511379755806,0.277,1.251,0.03528652478009772,1.5930974694563482,1.554,1.0705730495601955,0.6619195473707981,0.471384915797533,0.3571428571428571,0.3571428571428571,0.8983193857175117,0.6397366714395091,1.5380560571570208,0.21169497638801188,0.15053971649412123,42.67055128738169,0.35341102574763383,0.42604152783249477,1.9241081275034329,2.450273212538858,0.8447015155419663,0.9043146774618815,57.32944871261831,0.41791796465553016,65.14001414427483,49.001641395260926,-0.006912313822822452,-0.9774597760939816,0.2110085449357873,0.00018186669601259647,,96.54627850767953,False,104.21080659006375,False,71.70806597205286,False,78.77827589907727,False,96.23410885321289,False,103.87339405299869,False,78.48063418187776,False,,0,,,0.0,SMA,71.70806597205286
pr_Agency_EBCI,test,05_08 Artem,01_calib,test/05_08 Artem/01_calib,C:\Users\hodor\Documents\lab-Shishkin\projects\BCI_classifier\data\pr_Agency_EBCI\trans\test\05_08 Artem\EPOCHS_01_calib.hdf,"MATRIX_[10, 14]_robust_concat_01_calib.hdf","C:\Users\hodor\Documents\lab-Shishkin\projects\BCI_classifier\data\pr_Agency_EBCI\features\csp\test\05_08 Artem\MATRIX_[10, 14]_robust_concat_01_calib.hdf","[10, 14]",3,4,3,first5,0.2578316385776558,0.242,1.057,0.006094709031156165,1.4898996783421592,1.484,1.0121894180623123,0.07705373572148969,0.0969805773081498,0.4642857142857143,0.4642857142857143,0.11282868444932419,0.14200727391550508,0.25483595836482925,0.16108132341958056,0.17122137521257894,28.677946892147222,0.0,0.06167030192428868,0.2693616079916245,0.379680012397775,0.0,0.0,71.32205310785278,-13.481216317561755,-74.96533486560048,37.97582299560131,-0.5379120373642219,0.1946548854983057,-0.820219553296746,0.00011274221165871906,,58.561351872930096,False,55.06250905064169,False,73.06797021423814,False,70.85211436481862,False,73.28524464661373,False,72.77859743291548,False,80.80791011734095,False,,0,,,0.0,left_S1,55.06250905064169
pr_Agency_EBCI,test,05_08 Artem,01_calib,test/05_08 Artem/01_calib,C:\Users\hodor\Documents\lab-Shishkin\projects\BCI_classifier\data\pr_Agency_EBCI\trans\test\05_08 Artem\EPOCHS_01_calib.hdf,"MATRIX_[10, 14]_robust_concat_01_calib.hdf","C:\Users\hodor\Documents\lab-Shishkin\projects\BCI_classifier\data\pr_Agency_EBCI\features\csp\test\05_08 Artem\MATRIX_[10, 14]_robust_concat_01_calib.hdf","[10, 14]",4,5,4,first5,0.26392634760881195,0.236,1.026,0.01692929040983393,1.4879812501468832,1.472,1.0338585808196679,0.0645385183282047,0.10270438810976905,0.4821428571428571,0.4821428571428571,0.09565530395073198,0.152222575234122,0.247877879184854,0.13498036144811443,0.2067492010193287,24.258669730308593,0.0,0.058499179487625536,0.2543227040436602,0.3688376365532371,0.0,0.0,75.7413302696914,46.21121464155251,-62.73934978098314,21.165808750802682,-0.6024363718072502,-0.724995370655356,-0.3338444704529636,0.00012524123416301147,,97.32852569662417,False,99.0142957487033,False,81.92428099897388,False,98.57546181989234,False,53.08885952716322,False,45.170197064335056,False,67.39039718796121,False,,0,,,0.0,right_S1,45.170197064335056
pr_Agency_EBCI,test,05_08 Artem,01_calib,test/05_08 Artem/01_calib,C:\Users\hodor\Documents\lab-Shishkin\projects\BCI_classifier\data\pr_Agency_EBCI\trans\test\05_08 Artem\EPOCHS_01_calib.hdf,"MATRIX_[10, 14]_robust_concat_01_calib.hdf","C:\Users\hodor\Documents\lab-Shishkin\projects\BCI_classifier\data\pr_Agency_EBCI\features\csp\test\05_08 Artem\MATRIX_[10, 14]_robust_concat_01_calib.hdf","[10, 14]",51,52,-5,last5,0.7515813521906959,0.252,1.107,0.013302220778047213,1.5174086385442715,1.504,1.0266044415560944,0.10564629562078125,0.03927412954376904,0.5535714285714286,0.5535714285714286,0.1641290664108566,0.06101516554121262,0.2251442319520692,0.15054128660789834,0.10647556744247791,22.765935628038157,0.0,0.05673634645192144,0.2492346647709406,0.341635802482485,0.0,0.0,77.23406437196184,36.08063584888191,-73.41533184839926,20.795158690754683,0.3314240693147151,-0.3471339721523088,0.8773004568884226,0.00012137430185413723,,94.21716371063017,False,94.63201812921206,False,85.0343428758966,False,98.10644414737675,False,60.67340748166937,False,53.792862282977254,False,74.72511738476949,False,,0,,,0.0,right_S1,53.792862282977254
pr_Agency_EBCI,test,05_08 Artem,01_calib,test/05_08 Artem/01_calib,C:\Users\hodor\Documents\lab-Shishkin\projects\BCI_classifier\data\pr_Agency_EBCI\trans\test\05_08 Artem\EPOCHS_01_calib.hdf,"MATRIX_[10, 14]_robust_concat_01_calib.hdf","C:\Users\hodor\Documents\lab-Shishkin\projects\BCI_classifier\data\pr_Agency_EBCI\features\csp\test\05_08 Artem\MATRIX_[10, 14]_robust_concat_01_calib.hdf","[10, 14]",52,53,-4,last5,0.7677607432042183,0.268,1.196,0.016179391013522393,1.553344307166496,1.536,1.0323587820270448,0.32240578021558064,0.24847336245740462,0.6071428571428572,0.6071428571428572,0.5181521467750403,0.399332189663686,0.9174843364387263,0.14938226860912834,0.12246109911008721,32.64265376392698,0.0,0.24588580216557865,1.0973112663807165,1.4251690709215257,0.0,0.0,67.35734623607303,32.804549731184714,-33.291271708687496,22.47755172819373,-0.08941297343609844,-0.9906918844629801,-0.10263971083603461,0.0004971414489348193,,77.09830304106346,False,80.48681930544387,False,55.522935132846946,False,73.89584718230584,False,34.93269486485484,True,31.096040376037248,True,42.26685061484959,False,right_M1;right_S1,2,1;0.8,right_M1,1.0,right_S1,31.096040376037248
pr_Agency_EBCI,test,05_08 Artem,01_calib,test/05_08 Artem/01_calib,C:\Users\hodor\Documents\lab-Shishkin\projects\BCI_classifier\data\pr_Agency_EBCI\trans\test\05_08 Artem\EPOCHS_01_calib.hdf,"MATRIX_[10, 14]_robust_concat_01_calib.hdf","C:\Users\hodor\Documents\lab-Shishkin\projects\BCI_classifier\data\pr_Agency_EBCI\features\csp\test\05_08 Artem\MATRIX_[10, 14]_robust_concat_01_calib.hdf","[10, 14]",53,54,-3,last5,0.7764543376856832,0.276,1.245,0.008693594481464895,1.5615977283075373,1.552,1.0173871889629298,0.34963872072621704,0.48263791073535234,0.5,0.5,0.5244580810893256,0.7239568661030285,1.248414947192354,0.1726781514061955,0.2382308590372411,30.497668601713773,0.0,0.34456252542508975,1.5542766092544809,1.9495219455207542,0.0,0.0,69.50233139828623,9.892334046841274,-42.52654385105664,17.533822052181588,-0.3773929451713217,0.19277126822041593,-0.9057669695256105,0.0005410170516611509,,62.681624079511714,False,63.5424744246877,False,55.4035940738682,False,64.09023370006989,False,50.04487880393037,False,48.74150116833454,False,54.76875607938665,False,,0,,,0.0,right_S1,48.74150116833454
pr_Agency_EBCI,test,05_08 Artem,01_calib,test/05_08 Artem/01_calib,C:\Users\hodor\Documents\lab-Shishkin\projects\BCI_classifier\data\pr_Agency_EBCI\trans\test\05_08 Artem\EPOCHS_01_calib.hdf,"MATRIX_[10, 14]_robust_concat_01_calib.hdf","C:\Users\hodor\Documents\lab-Shishkin\projects\BCI_classifier\data\pr_Agency_EBCI\features\csp\test\05_08 Artem\MATRIX_[10, 14]_robust_concat_01_calib.hdf","[10, 14]",54,55,-2,last5,0.791688168641169,0.292,1.335,0.015233830955485805,1.6017931145560074,1.584,1.0304676619109716,0.17017721140337638,0.06590732077994454,0.625,0.625,0.2765379685304866,0.10709939626740989,0.3836373647978965,0.22681477989176227,0.05987627739496348,42.522634596917825,0.35045269193835654,0.11202211052098578,0.5121558820051918,0.6145076894196818,0.21296364759895126,0.2194521520133234,57.477365403082175,-20.790237204061647,-64.58041993524829,32.68973972155402,0.8053264947827863,0.4965816125419737,-0.32381466749683213,0.0002319770791202838,,49.208491144097316,False,44.92822757220027,False,67.11563780635527,False,61.617309531264304,False,73.58851648228533,False,74.23816729325807,False,78.26365312663688,False,,0,,,0.0,left_S1,44.92822757220027
pr_Agency_EBCI,test,05_08 Artem,01_calib,test/05_08 Artem/01_calib,C:\Users\hodor\Documents\lab-Shishkin\projects\BCI_classifier\data\pr_Agency_EBCI\trans\test\05_08 Artem\EPOCHS_01_calib.hdf,"MATRIX_[10, 14]_robust_concat_01_calib.hdf","C:\Users\hodor\Documents\lab-Shishkin\projects\BCI_classifier\data\pr_Agency_EBCI\features\csp\test\05_08 Artem\MATRIX_[10, 14]_robust_concat_01_calib.hdf","[10, 14]",55,56,-1,last5,0.8298779052242715,0.33,1.585,0.03818973658310254,1.7104104522896955,1.6600000000000001,1.076379473166205,0.5763219706267059,0.40458761094705037,0.6071428571428572,0.6071428571428572,0.9262317385072059,0.6502300890220453,1.576461827529251,0.17376801615205598,0.12664460155190602,31.606852336599577,0.0,0.5202324030846529,2.498691996633863,2.696396787441746,0.0,0.0,68.39314766340043,-25.00151828018596,-38.159936899054,41.59324381464736,-0.25161776422614796,0.8925724870053363,0.37416955537154994,0.0003601564250439691,,23.00054427422254,True,21.536794684371458,True,43.91490756213902,False,33.558416383422724,True,64.25919132122074,False,68.2941329569972,False,62.6604927968493,False,left_M1;left_S1;left_PMd,3,1;0.8;0.6,left_M1,1.0,left_S1,21.536794684371458
pr_Agency_EBCI,test,05_08 Artem,01_calib,test/05_08 Artem/01_calib,C:\Users\hodor\Documents\lab-Shishkin\projects\BCI_classifier\data\pr_Agency_EBCI\trans\test\05_08 Artem\EPOCHS_01_calib.hdf,"MATRIX_[8, 15]_robust_concat_01_calib.hdf","C:\Users\hodor\Documents\lab-Shishkin\projects\BCI_classifier\data\pr_Agency_EBCI\features\csp\test\05_08 Artem\MATRIX_[8, 15]_robust_concat_01_calib.hdf","[8, 15]",0,1,0,first5,0.1384989797164697,0.362,1.828,0.04364364424652703,1.787195996868971,1.724,1.087287288493054,0.8022131202909362,0.07937749815326545,0.6428571428571428,0.6428571428571428,1.317921554763681,0.1304058898232218,1.4483274445869028,0.46739738762929156,0.03737005600543429,60.908581394356446,0.7181716278871291,0.5242945349404587,2.6475425687048584,2.588445011121179,1.793214597893611,1.9497394378299062,39.091418605643554,-46.736108570489165,-0.7409914922708579,48.91652725620706,-0.6823618298228364,-0.6454576109509961,0.34317168540872206,0.000361045826760264,,26.578583297685466,True,29.79980045920679,True,47.900213902279674,False,21.30517671817108,True,86.23468399815961,False,93.48633240881108,False,75.42118213663377,False,left_M1;left_S1;left_PMd,3,1;0.8;0.6,left_M1,1.0,left_PMd,21.30517671817108
pr_Agency_EBCI,test,05_08 Artem,01_calib,test/05_08 Artem/01_calib,C:\Users\hodor\Documents\lab-Shishkin\projects\BCI_classifier\data\pr_Agency_EBCI\trans\test\05_08 Artem\EPOCHS_01_calib.hdf,"MATRIX_[8, 15]_robust_concat_01_calib.hdf","C:\Users\hodor\Documents\lab-Shishkin\projects\BCI_classifier\data\pr_Agency_EBCI\features\csp\test\05_08 Artem\MATRIX_[8, 15]_robust_concat_01_calib.hdf","[8, 15]",1,2,1,first5,0.18214262396299674,0.318,1.502,0.047117354170197884,1.6959332745044917,1.6360000000000001,1.0942347083403958,0.4502908588486596,0.8368468942019973,0.4285714285714286,0.4285714285714286,0.6432726554980852,1.1954955631457105,1.8387682186437957,0.14559752463373493,0.2793864595289126,60.336078070433175,0.7067215614086635,0.584728293528727,2.7618298644029813,3.1184282060993636,2.125977331753461,2.326318185549541,39.663921929566825,45.33662856879248,12.203993709872778,47.19651698755624,0.45070727619272233,-0.6697368695848407,0.5901825791275402,0.0003279064009106707,,89.46439303227068,False,97.11816114340837,False,50.03509290661804,False,76.57652228206759,False,38.41097638340485,False,42.60731890555775,False,28.04035244270721,True,right_PMd,1,0.6,right_PMd,0.6,right_PMd,28.04035244270721
pr_Agency_EBCI,test,05_08 Artem,01_calib,test/05_08 Artem/01_calib,C:\Users\hodor\Documents\lab-Shishkin\projects\BCI_classifier\data\pr_Agency_EBCI\trans\test\05_08 Artem\EPOCHS_01_calib.hdf,"MATRIX_[8, 15]_robust_concat_01_calib.hdf","C:\Users\hodor\Documents\lab-Shishkin\projects\BCI_classifier\data\pr_Agency_EBCI\features\csp\test\05_08 Artem\MATRIX_[8, 15]_robust_concat_01_calib.hdf","[8, 15]",2,3,2,first5,0.22925997813319463,0.271,1.212,0.015083961926382866,1.5583510147281991,1.542,1.0301679238527657,0.6289972170300451,0.41759596791451314,0.3392857142857143,0.3392857142857143,0.8424069870938105,0.559280314171223,1.4016873012650335,0.21798342150029326,0.14317202952449842,53.152385156179975,0.5630477031235995,0.3798572586428241,1.6988450091332206,2.184320828257996,1.2169723294621324,1.2536858580282688,46.847614843820025,-6.395123496808512,58.77716531017043,52.447237051671074,-0.13237887455965672,-0.911252394295844,0.3899934710484398,0.00019579346771334168,,87.98369129630514,False,95.65193323868178,False,65.32849245559639,False,70.27504976979385,False,93.07001513733597,False,101.1121806695962,False,75.19864660876256,False,,0,,,0.0,SMA,65.32849245559639
pr_Agency_EBCI,test,05_08 Artem,01_calib,test/05_08 Artem/01_calib,C:\Users\hodor\Documents\lab-Shishkin\projects\BCI_classifier\data\pr_Agency_EBCI\trans\test\05_08 Artem\EPOCHS_01_calib.hdf,"MATRIX_[8, 15]_robust_concat_01_calib.hdf","C:\Users\hodor\Documents\lab-Shishkin\projects\BCI_classifier\data\pr_Agency_EBCI\features\csp\test\05_08 Artem\MATRIX_[8, 15]_robust_concat_01_calib.hdf","[8, 15]",3,4,3,first5,0.2443439400595775,0.256,1.129,0.0022825588838377153,1.51433734029705,1.512,1.0045651177676755,0.11923633983787378,0.07973230461238959,0.5178571428571428,0.5178571428571428,0.18098373011105842,0.12102224807237705,0.30200597818343544,0.1960075094543094,0.13854765629966315,35.46382299961163,0.2092764599922326,0.07731353041495947,0.3409647493690986,0.4573389297561125,0.09556254592020985,0.09599880019651451,64.53617700038836,18.25972976105094,-71.0103275368204,43.08065260235097,-0.8685787864819093,-0.2886689036524565,0.4027917026673993,0.0001235720473517899,,72.94517602996481,False,73.43457464677063,False,69.15451788685259,False,79.22861548104946,False,51.8806092914416,False,48.2182761377423,False,65.05446777744234,False,,0,,,0.0,right_S1,48.2182761377423
pr_Agency_EBCI,test,05_08 Artem,01_calib,test/05_08 Artem/01_calib,C:\Users\hodor\Documents\lab-Shishkin\projects\BCI_classifier\data\pr_Agency_EBCI\trans\test\05_08 Artem\EPOCHS_01_calib.hdf,"MATRIX_[8, 15]_robust_concat_01_calib.hdf","C:\Users\hodor\Documents\lab-Shishkin\projects\BCI_classifier\data\pr_Agency_EBCI\features\csp\test\05_08 Artem\MATRIX_[8, 15]_robust_concat_01_calib.hdf","[8, 15]",4,5,4,first5,0.2466264989434152,0.253,1.117,0.01806733901887242,1.5242841470870987,1.506,1.0361346780377447,0.04944271469354176,0.14210140705955274,0.5,0.5,0.07416407204031264,0.2131521105893291,0.28731618262964176,0.059682391908427605,0.2365744327871143,35.14039954121788,0.20280799082435763,0.07269099420529937,0.32093217599730983,0.4379515023839446,0.08775464670204543,0.09092563260693988,64.85960045878213,46.65873098521016,-61.041988017683394,-16.492382742570108,0.077665071031328,-0.10172097514582791,0.9917766784700478,0.0003786112839079792,,116.01603440939884,False,116.25481535726844,False,103.71004150396705,False,116.80121643581167,False,82.10275865165893,False,75.34265251660092,False,91.74282691601445,False,,0,,,0.0,right_S1,75.34265251660092
pr_Agency_EBCI,test,05_08 Artem,01_calib,test/05_08 Artem/01_calib,C:\Users\hodor\Documents\lab-Shishkin\projects\BCI_classifier\data\pr_Agency_EBCI\trans\test\05_08 Artem\EPOCHS_01_calib.hdf,"MATRIX_[8, 15]_robust_concat_01_calib.hdf","C:\Users\hodor\Documents\lab-Shishkin\projects\BCI_classifier\data\pr_Agency_EBCI\features\csp\test\05_08 Artem\MATRIX_[8, 15]_robust_concat_01_calib.hdf","[8, 15]",51,52,-5,last5,0.642224709159671,0.142,0.585,0.004356068431564442,1.2864742468691286,1.284,1.0087121368631289,0.29338050266469834,0.18133040874161932,0.5,0.5,0.44007075399704754,0.271995613112429,0.7120663671094765,0.24062671147568845,0.14331599777837215,26.733838408747467,0.0,0.10111342412954565,0.4165588247590437,0.9160550433480001,0.0,0.0,73.26616159125254,26.37609279338037,-65.77858594610278,28.10562685167763,-0.5446590858703597,0.49334509172372415,-0.6782013717554503,0.00016662004663329851,,80.0894702764486,False,80.78575583692273,False,71.85298292132168,False,84.10244059920821,False,51.148469057395744,False,45.77286048364241,False,64.18020038831871,False,,0,,,0.0,right_S1,45.77286048364241
pr_Agency_EBCI,test,05_08 Artem,01_calib,test/05_08 Artem/01_calib,C:\Users\hodor\Documents\lab-Shishkin\projects\BCI_classifier\data\pr_Agency_EBCI\trans\test\05_08 Artem\EPOCHS_01_calib.hdf,"MATRIX_[8, 15]_robust_concat_01_calib.hdf","C:\Users\hodor\Documents\lab-Shishkin\projects\BCI_classifier\data\pr_Agency_EBCI\features\csp\test\05_08 Artem\MATRIX_[8, 15]_robust_concat_01_calib.hdf","[8, 15]",52,53,-4,last5,0.6604838371773218,0.16,0.665,0.01825912801765084,1.3316858419312965,1.32,1.0365182560353017,0.11743865717604067,0.2677549980430519,0.4464285714285714,0.4464285714285714,0.16986662912963024,0.3872884793122715,0.5571551084419017,0.09769332732135359,0.25732696757747664,51.7879336880202,0.5357586737604041,0.08914481735070429,0.3705081471138647,0.7419555696717767,0.394020900210521,0.4084098563276688,48.2120663119798,45.68507375542555,-46.52388392119263,30.83382310569908,-0.2663573012849615,0.8637166696360699,0.4278402770251634,0.0002964221741583214,,88.39181568901002,False,91.70451430358435,False,66.83795552789908,False,86.8729888181089,False,35.1349179594693,False,27.103976696138385,True,49.29693626974815,False,right_S1,1,0.8,right_S1,0.8,right_S1,27.103976696138385
pr_Agency_EBCI,test,05_08 Artem,01_calib,test/05_08 Artem/01_calib,C:\Users\hodor\Documents\lab-Shishkin\projects\BCI_classifier\data\pr_Agency_EBCI\trans\test\05_08 Artem\EPOCHS_01_calib.hdf,"MATRIX_[8, 15]_robust_concat_01_calib.hdf","C:\Users\hodor\Documents\lab-Shishkin\projects\BCI_classifier\data\pr_Agency_EBCI\features\csp\test\05_08 Artem\MATRIX_[8, 15]_robust_concat_01_calib.hdf","[8, 15]",53,54,-3,last5,0.6970530261822201,0.197,0.833,0.03656918900489825,1.4228165209358599,1.3940000000000001,1.0731383780097965,0.10628820896095845,0.5776168431155106,0.5892857142857143,0.5892857142857143,0.1689223320986661,0.9179981970942938,1.0869205291929598,0.04788806421975646,0.30913893159151096,52.08887862889506,0.5417775725779013,0.2141233442510131,0.9054048008177354,1.5464884858800907,0.820883617252402,0.8809217135530573,47.91112137110494,-8.696370606018302,-52.83268713448727,41.43027360799981,-0.944620747862707,-0.11754743467338621,-0.3063890391463216,0.00038998793736957595,,42.29762348663192,False,41.73945913155569,False,50.4329582580651,False,50.939933947903405,False,55.148584024284,False,56.59657861042382,False,59.74002325485664,False,,0,,,0.0,left_S1,41.73945913155569
pr_Agency_EBCI,test,05_08 Artem,01_calib,test/05_08 Artem/01_calib,C:\Users\hodor\Documents\lab-Shishkin\projects\BCI_classifier\data\pr_Agency_EBCI\trans\test\05_08 Artem\EPOCHS_01_calib.hdf,"MATRIX_[8, 15]_robust_concat_01_calib.hdf","C:\Users\hodor\Documents\lab-Shishkin\projects\BCI_classifier\data\pr_Agency_EBCI\features\csp\test\05_08 Artem\MATRIX_[8, 15]_robust_concat_01_calib.hdf","[8, 15]",54,55,-2,last5,0.7058005888262253,0.206,0.875,0.008747562644005225,1.4192079916186602,1.412,1.0174951252880104,0.29530534661477176,0.22467598104031256,0.4821428571428571,0.4821428571428571,0.4376847101611796,0.33300190047046324,0.7706866106316428,0.13865280838616323,0.1550735570275205,57.05811543710384,0.6411623087420768,0.15876144179011842,0.6743507843026875,1.093764596841926,0.6977189117039364,0.7099255914800111,42.94188456289616,-57.89116914750714,-29.256410784566977,2.042116007136042,0.48527069138743795,0.48057361051312525,0.7304528464991679,0.0004929055201311573,,58.46628418129755,False,52.42968963135719,False,83.80652056257094,False,65.24392874003298,False,108.4187933119036,False,111.68969859222311,False,103.63677523907863,False,,0,,,0.0,left_S1,52.42968963135719
pr_Agency_EBCI,test,05_08 Artem,01_calib,test/05_08 Artem/01_calib,C:\Users\hodor\Documents\lab-Shishkin\projects\BCI_classifier\data\pr_Agency_EBCI\trans\test\05_08 Artem\EPOCHS_01_calib.hdf,"MATRIX_[8, 15]_robust_concat_01_calib.hdf","C:\Users\hodor\Documents\lab-Shishkin\projects\BCI_classifier\data\pr_Agency_EBCI\features\csp\test\05_08 Artem\MATRIX_[8, 15]_robust_concat_01_calib.hdf","[8, 15]",55,56,-1,last5,0.779367219905541,0.279,1.262,0.07356663107931571,1.6401003602845163,1.558,1.1471332621586314,0.9270490982396358,0.8792828517765934,0.5535714285714286,0.5535714285714286,1.4402369919080056,1.3660287161529219,2.8062657080609275,0.1889355312464067,0.18068710301527946,37.55067766117601,0.2510135532235202,0.7829481325489989,3.5415073235728904,4.6025573988448105,1.097471912151379,1.2589465347136823,62.44932233882399,-13.008740163800564,-39.434511329739195,41.567696045535804,-0.39590855235256905,0.9143292277112426,-0.08519672251357864,0.0004911697985310649,,31.226808454876203,True,32.22322325155162,True,39.46028993506809,False,37.69824626491253,False,53.370142869068744,False,56.77855637683854,False,53.64826809688878,False,left_M1;left_S1,2,1;0.8,left_M1,1.0,left_M1,31.226808454876203
pr_Agency_EBCI,test,05_08 Artem,02_calib,test/05_08 Artem/02_calib,C:\Users\hodor\Documents\lab-Shishkin\projects\BCI_classifier\data\pr_Agency_EBCI\trans\test\05_08 Artem\EPOCHS_02_calib.hdf,"MATRIX_[8, 12]_robust_concat_02_calib.hdf","C:\Users\hodor\Documents\lab-Shishkin\projects\BCI_classifier\data\pr_Agency_EBCI\features\csp\test\05_08 Artem\MATRIX_[8, 12]_robust_concat_02_calib.hdf","[8, 12]",0,1,0,first5,0.08298451593684215,0.417,2.402,0.08085767387728508,1.9688706000273113,1.834,1.16171534775457,0.9936700098669444,0.14910771480416002,0.5892857142857143,0.5892857142857143,1.5792255513956797,0.23697476102804005,1.8162003124237196,0.40465734339092607,0.04800248023725779,68.38537302454235,0.867707460490847,0.757355530280691,4.3625131504417745,3.575863398891479,2.8902566485729833,3.3576555075969217,31.614626975457654,-47.01816217372795,-1.717513093037024,53.22072060408359,-0.7134577451759601,-0.6879957070969969,0.13281548428002654,0.00035929845683594773,,25.012667079024407,True,28.750150887214495,True,47.454070213707936,False,20.220893357192292,True,86.00144689145023,False,93.41104014635474,False,75.3320562019946,False,left_M1;left_S1;left_PMd,3,1;0.8;0.6,left_M1,1.0,left_PMd,20.220893357192292
pr_Agency_EBCI,test,05_08 Artem,02_calib,test/05_08 Artem/02_calib,C:\Users\hodor\Documents\lab-Shishkin\projects\BCI_classifier\data\pr_Agency_EBCI\trans\test\05_08 Artem\EPOCHS_02_calib.hdf,"MATRIX_[8, 12]_robust_concat_02_calib.hdf","C:\Users\hodor\Documents\lab-Shishkin\projects\BCI_classifier\data\pr_Agency_EBCI\features\csp\test\05_08 Artem\MATRIX_[8, 12]_robust_concat_02_calib.hdf","[8, 12]",1,2,1,first5,0.16384218981412724,0.336,1.63,0.020016235875350452,1.698901821016471,1.6720000000000002,1.0400324717507008,0.0859457506498673,0.7944490959184084,0.625,0.625,0.13966184480603436,1.2909797808674137,1.430641625673448,0.03776540576458553,0.412776317263725,47.19955982195435,0.4439911964390871,0.48069558622627856,2.33194584984772,2.4305196630785852,1.0620415039615023,1.104557650466913,52.80044017804565,16.218137551105183,-68.11465229762976,34.01139307394928,-0.8571039810390115,0.5102648966099835,-0.07072836046933784,0.0002703955401249527,,71.80762683166238,False,71.8725833599195,False,68.53255633590928,False,77.79790449556947,False,53.11236639273505,False,49.40669114849634,False,65.08519446216603,False,,0,,,0.0,right_S1,49.40669114849634
pr_Agency_EBCI,test,05_08 Artem,02_calib,test/05_08 Artem/02_calib,C:\Users\hodor\Documents\lab-Shishkin\projects\BCI_classifier\data\pr_Agency_EBCI\trans\test\05_08 Artem\EPOCHS_02_calib.hdf,"MATRIX_[8, 12]_robust_concat_02_calib.hdf","C:\Users\hodor\Documents\lab-Shishkin\projects\BCI_classifier\data\pr_Agency_EBCI\features\csp\test\05_08 Artem\MATRIX_[8, 12]_robust_concat_02_calib.hdf","[8, 12]",2,3,2,first5,0.1838584256894777,0.316,1.49,0.019541791811500092,1.6567008248497361,1.6320000000000001,1.0390835836230001,0.19819824640972925,0.29303480608059485,0.4821428571428571,0.4821428571428571,0.29375811521442013,0.43431944472659595,0.7280775599410161,0.15563735394789485,0.19472271518105697,39.7333506362665,0.29466701272533,0.23007250894136108,1.084835564312114,1.2062066941088645,0.3501299974601119,0.363814332494765,60.2666493637335,70.30401811501548,25.54106273769719,14.672616114864278,0.6477841271460232,-0.19356818798869727,-0.7368222860476177,0.00016952480945982965,,124.3495630204118,False,130.7300107952219,False,88.40110743689637,False,111.7883514768905,False,73.06870201943603,False,72.65852103639483,False,67.98959844740277,False,,0,,,0.0,right_PMd,67.98959844740277
pr_Agency_EBCI,test,05_08 Artem,02_calib,test/05_08 Artem/02_calib,C:\Users\hodor\Documents\lab-Shishkin\projects\BCI_classifier\data\pr_Agency_EBCI\trans\test\05_08 Artem\EPOCHS_02_calib.hdf,"MATRIX_[8, 12]_robust_concat_02_calib.hdf","C:\Users\hodor\Documents\lab-Shishkin\projects\BCI_classifier\data\pr_Agency_EBCI\features\csp\test\05_08 Artem\MATRIX_[8, 12]_robust_concat_02_calib.hdf","[8, 12]",3,4,3,first5,0.20340021750097778,0.297,1.365,0.011133547102610386,1.607226653957901,1.5939999999999999,1.0222670942052208,0.2151634178064859,0.3351956923655844,0.4285714285714286,0.4285714285714286,0.3073763111521227,0.478850989093692,0.7862273002458147,0.1875966575502254,0.3038869821882189,29.18404038343944,0.0,0.23350950817300695,1.073200264835537,1.2636454730244346,0.0,0.0,70.81595961656056,22.95630079285651,-73.17992938931974,-2.84214190487526,-0.2648318883547984,0.30593270794056115,-0.9144775826244111,0.0001842501440414533,,96.73111454888611,False,95.34929388030709,False,93.49813308520694,False,101.52519613200583,False,77.78946720281859,False,72.35212028871905,False,87.95601037360849,False,,0,,,0.0,right_S1,72.35212028871905
pr_Agency_EBCI,test,05_08 Artem,02_calib,test/05_08 Artem/02_calib,C:\Users\hodor\Documents\lab-Shishkin\projects\BCI_classifier\data\pr_Agency_EBCI\trans\test\05_08 Artem\EPOCHS_02_calib.hdf,"MATRIX_[8, 12]_robust_concat_02_calib.hdf","C:\Users\hodor\Documents\lab-Shishkin\projects\BCI_classifier\data\pr_Agency_EBCI\features\csp\test\05_08 Artem\MATRIX_[8, 12]_robust_concat_02_calib.hdf","[8, 12]",4,5,4,first5,0.21453376460358817,0.285,1.298,0.017629879278717397,1.5900980623777379,1.5699999999999998,1.0352597585574348,0.2194056683813661,0.26343141474958354,0.4464285714285714,0.4464285714285714,0.3173546274801903,0.3810347249056476,0.6983893523858379,0.22684709608083556,0.2645850980302742,41.81665956374354,0.3363331912748708,0.19904096542996377,0.9065093793968176,1.110507556013964,0.368779685835301,0.38178276851874043,58.18334043625646,-14.032348611381343,-73.44285809572956,40.53271833469983,-0.6843921913810187,0.5690373886771074,-0.45585499741060803,0.0001276872970975817,,56.27086925150579,False,52.9241909953504,False,71.06723467567161,False,68.68114561628619,False,72.02130883536465,False,71.82203393962325,False,79.30146787821911,False,,0,,,0.0,left_S1,52.9241909953504
pr_Agency_EBCI,test,05_08 Artem,02_calib,test/05_08 Artem/02_calib,C:\Users\hodor\Documents\lab-Shishkin\projects\BCI_classifier\data\pr_Agency_EBCI\trans\test\05_08 Artem\EPOCHS_02_calib.hdf,"MATRIX_[8, 12]_robust_concat_02_calib.hdf","C:\Users\hodor\Documents\lab-Shishkin\projects\BCI_classifier\data\pr_Agency_EBCI\features\csp\test\05_08 Artem\MATRIX_[8, 12]_robust_concat_02_calib.hdf","[8, 12]",51,52,-5,last5,0.7425066111230209,0.243,1.059,0.010018816337098113,1.4957382894796594,1.486,1.0200376326741962,0.13210881488173729,0.09772652713984693,0.5892857142857143,0.5892857142857143,0.20995865222276106,0.1553153734901139,0.36527402571287493,0.19669780374433765,0.11786922308834023,28.010530427673945,0.0,0.0887615882482286,0.3868251932299345,0.5463543464111247,0.0,0.0,71.98946957232606,19.35638457685353,-70.26471733858055,43.75971227397184,0.3469470286636307,-0.1693473788324032,0.922469091397686,5.71841310108196e-05,,73.17498225114386,False,73.84954795058849,False,68.6105626927427,False,79.17920704995814,False,50.66812260572036,False,46.924227469345475,False,64.04242153801295,False,,0,,,0.0,right_S1,46.924227469345475
pr_Agency_EBCI,test,05_08 Artem,02_calib,test/05_08 Artem/02_calib,C:\Users\hodor\Documents\lab-Shishkin\projects\BCI_classifier\data\pr_Agency_EBCI\trans\test\05_08 Artem\EPOCHS_02_calib.hdf,"MATRIX_[8, 12]_robust_concat_02_calib.hdf","C:\Users\hodor\Documents\lab-Shishkin\projects\BCI_classifier\data\pr_Agency_EBCI\features\csp\test\05_08 Artem\MATRIX_[8, 12]_robust_concat_02_calib.hdf","[8, 12]",52,53,-4,last5,0.7564197864915169,0.256,1.133,0.013913175368496011,1.52624709157734,1.512,1.027826350736992,0.19622961733615518,0.5885948322787953,0.5,0.5,0.2943444260042328,0.8828922484181929,1.1772366744224256,0.08207062657125676,0.32658869043496885,64.33421364436197,0.7866842728872394,0.30137258865214095,1.3338091521206084,1.7967540504354071,1.400283728778107,1.4392485149463896,35.66578635563803,7.887785034968202,-37.74537946862829,36.97095386077478,0.5024501194908958,-0.6361083869495125,0.585585175252989,0.0005389656804468648,,49.771254042679395,False,52.674986726749225,False,38.88710649933649,False,50.34704868626903,False,36.62426359594836,False,38.07238291450311,False,40.637339818215274,False,,0,,,0.0,right_M1,36.62426359594836
pr_Agency_EBCI,test,05_08 Artem,02_calib,test/05_08 Artem/02_calib,C:\Users\hodor\Documents\lab-Shishkin\projects\BCI_classifier\data\pr_Agency_EBCI\trans\test\05_08 Artem\EPOCHS_02_calib.hdf,"MATRIX_[8, 12]_robust_concat_02_calib.hdf","C:\Users\hodor\Documents\lab-Shishkin\projects\BCI_classifier\data\pr_Agency_EBCI\features\csp\test\05_08 Artem\MATRIX_[8, 12]_robust_concat_02_calib.hdf","[8, 12]",53,54,-3,last5,0.7929328443996939,0.293,1.343,0.03651305790817705,1.6287933038683835,1.5859999999999999,1.073026115816354,0.33716054466985856,0.4917210417598458,0.5178571428571428,0.5178571428571428,0.5117615410167495,0.7463622955283373,1.2581238365450869,0.16582671625972903,0.23421172647746372,44.92122703694763,0.39842454073895256,0.3686302841077104,1.6896603124800516,2.049223680401838,0.7950101150643735,0.8530666158022374,55.07877296305237,21.91951907513448,-39.9167525779947,46.42454593341395,0.1990954824272396,-0.9013316410873644,0.3846586300238475,0.0002757640682908438,,60.825184118959044,False,64.92405246546349,False,42.00955318460002,False,60.01938687123475,False,23.308630939759244,True,23.079284735789873,True,33.87241745113395,True,right_M1;right_S1;right_PMd,3,1;0.8;0.6,right_M1,1.0,right_S1,23.079284735789873
pr_Agency_EBCI,test,05_08 Artem,02_calib,test/05_08 Artem/02_calib,C:\Users\hodor\Documents\lab-Shishkin\projects\BCI_classifier\data\pr_Agency_EBCI\trans\test\05_08 Artem\EPOCHS_02_calib.hdf,"MATRIX_[8, 12]_robust_concat_02_calib.hdf","C:\Users\hodor\Documents\lab-Shishkin\projects\BCI_classifier\data\pr_Agency_EBCI\features\csp\test\05_08 Artem\MATRIX_[8, 12]_robust_concat_02_calib.hdf","[8, 12]",54,55,-2,last5,0.8052515038022915,0.305,1.419,0.012318659402597576,1.625028764471169,1.6099999999999999,1.0246373188051952,0.6795873693430011,0.1425598909327401,0.5714285714285714,0.5714285714285714,1.067923008967573,0.22402268575144874,1.2919456947190218,0.4025673765858191,0.07046330248629924,55.301544872785314,0.6060308974557063,0.39404343688930166,1.833270940806292,2.099448916053098,1.2605640042237136,1.2916209214701264,44.698455127214686,-34.178508122029626,-49.27295833571818,27.53649724628402,0.4292250211544025,0.4569462555957772,-0.7790802273912497,0.0003344731864470671,,38.10788953368129,False,32.11052203232695,True,62.99797092445206,False,50.51536440932315,False,79.83681114801318,False,82.29869373015303,False,79.87361861762638,False,left_S1,1,0.8,left_S1,0.8,left_S1,32.11052203232695
pr_Agency_EBCI,test,05_08 Artem,02_calib,test/05_08 Artem/02_calib,C:\Users\hodor\Documents\lab-Shishkin\projects\BCI_classifier\data\pr_Agency_EBCI\trans\test\05_08 Artem\EPOCHS_02_calib.hdf,"MATRIX_[8, 12]_robust_concat_02_calib.hdf","C:\Users\hodor\Documents\lab-Shishkin\projects\BCI_classifier\data\pr_Agency_EBCI\features\csp\test\05_08 Artem\MATRIX_[8, 12]_robust_concat_02_calib.hdf","[8, 12]",55,56,-1,last5,0.8453812420198041,0.345,1.699,0.040129738217512645,1.7453790387401673,1.69,1.0802594764350253,0.7582352963529753,0.5317870402157892,0.5892857142857143,0.5892857142857143,1.2050525245609787,0.8451615460572364,2.050214070618215,0.19115410872054314,0.13941465236099632,43.69410251060671,0.3738820502121343,0.707323854363284,3.483313705980347,3.5784006637871855,1.295449625763091,1.3994217344747861,56.30589748939329,-30.695023351197534,-42.09675397941677,47.67869981352668,-0.5015799383061157,0.8470646855682167,0.17578106824129608,0.0002625608739534454,,20.612600967109344,True,17.111621465253336,True,48.49421969596373,False,35.20079288297032,False,69.60576614908942,False,73.82121315835514,False,68.38814542684936,False,left_M1;left_S1,2,1;0.8,left_M1,1.0,left_S1,17.111621465253336
pr_Agency_EBCI,test,05_08 Artem,02_calib,test/05_08 Artem/02_calib,C:\Users\hodor\Documents\lab-Shishkin\projects\BCI_classifier\data\pr_Agency_EBCI\trans\test\05_08 Artem\EPOCHS_02_calib.hdf,"MATRIX_[9, 13]_robust_concat_02_calib.hdf","C:\Users\hodor\Documents\lab-Shishkin\projects\BCI_classifier\data\pr_Agency_EBCI\features\csp\test\05_08 Artem\MATRIX_[9, 13]_robust_concat_02_calib.hdf","[9, 13]",0,1,0,first5,0.0830545569184473,0.417,2.402,0.08209459961298964,1.9709337921544665,1.834,1.1641891992259792,1.0909462303076252,0.12525633827251342,0.625,0.625,1.772787624249891,0.2035415496928343,1.9763291739427253,0.4501428391654483,0.04246434657124398,60.60779109101786,0.7121558218203572,0.8241292655341165,4.7471426758104265,3.89521395334444,2.5812712358220415,3.0050880930167163,39.39220890898214,-48.17091313357685,-1.832747984333837,49.75355118689373,0.674438874031202,0.7043567279607834,-0.22139061626885476,0.0003945249437890899,,26.04872955070719,True,28.922669089938907,True,49.049024246276936,False,21.998155760013116,True,87.26481422910928,False,94.49462521078655,False,76.67503588393295,False,left_M1;left_S1;left_PMd,3,1;0.8;0.6,left_M1,1.0,left_PMd,21.998155760013116
pr_Agency_EBCI,test,05_08 Artem,02_calib,test/05_08 Artem/02_calib,C:\Users\hodor\Documents\lab-Shishkin\projects\BCI_classifier\data\pr_Agency_EBCI\trans\test\05_08 Artem\EPOCHS_02_calib.hdf,"MATRIX_[9, 13]_robust_concat_02_calib.hdf","C:\Users\hodor\Documents\lab-Shishkin\projects\BCI_classifier\data\pr_Agency_EBCI\features\csp\test\05_08 Artem\MATRIX_[9, 13]_robust_concat_02_calib.hdf","[9, 13]",1,2,1,first5,0.16514915653143694,0.335,1.62,0.03486134111531125,1.7167141970945172,1.67,1.0697226822306225,0.4246098006310341,0.962503184723561,0.4821428571428571,0.4821428571428571,0.6293323830781399,1.426567220215278,2.055899603293418,0.15416800967235833,0.3554763925869552,30.275240638508784,0.0,0.688726367103295,3.3305573573353375,3.5293920367747966,0.0,0.0,69.72475936149121,14.769942374289233,-74.44921453826505,38.26017923591996,-0.9413113889734693,0.3372678052432462,0.013538705079943557,0.00015710168355517013,,73.73880618072297,False,73.39851296094409,False,72.75374005811156,False,80.99053848564091,False,57.53729082134976,False,53.90724799131641,False,70.0373741531883,False,,0,,,0.0,right_S1,53.90724799131641
pr_Agency_EBCI,test,05_08 Artem,02_calib,test/05_08 Artem/02_calib,C:\Users\hodor\Documents\lab-Shishkin\projects\BCI_classifier\data\pr_Agency_EBCI\trans\test\05_08 Artem\EPOCHS_02_calib.hdf,"MATRIX_[9, 13]_robust_concat_02_calib.hdf","C:\Users\hodor\Documents\lab-Shishkin\projects\BCI_classifier\data\pr_Agency_EBCI\features\csp\test\05_08 Artem\MATRIX_[9, 13]_robust_concat_02_calib.hdf","[9, 13]",2,3,2,first5,0.2000104976467482,0.3,1.386,0.031309392599341956,1.6375712711192103,1.6,1.062618785198684,0.15832763506256167,0.32955827562069284,0.5178571428571428,0.5178571428571428,0.24031873179138824,0.5002223826385516,0.7405411144299399,0.103966289242838,0.22059903689865526,55.794073868920776,0.6158814773784156,0.22216233432898194,1.0263899845998965,1.2126888540730731,0.7297368889833116,0.7754321264861135,44.205926131079224,21.238921287557485,-64.18115479948429,28.652489017843813,-0.6413242082229028,0.706796491992481,-0.2985665400784047,0.00034783412361878593,,75.09131553050909,False,75.58186805115433,False,68.53769001147029,False,79.55300045306306,False,50.79666330276228,False,46.30853055099509,False,62.84839454495726,False,,0,,,0.0,right_S1,46.30853055099509
pr_Agency_EBCI,test,05_08 Artem,02_calib,test/05_08 Artem/02_calib,C:\Users\hodor\Documents\lab-Shishkin\projects\BCI_classifier\data\pr_Agency_EBCI\trans\test\05_08 Artem\EPOCHS_02_calib.hdf,"MATRIX_[9, 13]_robust_concat_02_calib.hdf","C:\Users\hodor\Documents\lab-Shishkin\projects\BCI_classifier\data\pr_Agency_EBCI\features\csp\test\05_08 Artem\MATRIX_[9, 13]_robust_concat_02_calib.hdf","[9, 13]",3,4,3,first5,0.23131989024609015,0.269,1.201,0.007823752171010612,1.5464183573360075,1.538,1.0156475043420212,0.2177871915297481,0.1884417938634111,0.5178571428571428,0.5178571428571428,0.33056984428622477,0.28602772282839184,0.6165975671146167,0.26561014105148967,0.20174883513875635,32.78836559945572,0.0,0.1658647455538319,0.7405336781046546,0.9535177968747641,0.0,0.0,67.21163440054428,-5.588079989797678,-55.849396299358915,30.38747552063727,-0.8173961024497032,0.5719655728352976,-0.06869494298144829,0.0002730812067621737,,50.94379582978203,False,49.60968073110062,False,57.259413702083265,False,58.71848341844981,False,58.30912323193843,False,58.30881460403518,False,63.82574131038436,False,,0,,,0.0,left_S1,49.60968073110062
pr_Agency_EBCI,test,05_08 Artem,02_calib,test/05_08 Artem/02_calib,C:\Users\hodor\Documents\lab-Shishkin\projects\BCI_classifier\data\pr_Agency_EBCI\trans\test\05_08 Artem\EPOCHS_02_calib.hdf,"MATRIX_[9, 13]_robust_concat_02_calib.hdf","C:\Users\hodor\Documents\lab-Shishkin\projects\BCI_classifier\data\pr_Agency_EBCI\features\csp\test\05_08 Artem\MATRIX_[9, 13]_robust_concat_02_calib.hdf","[9, 13]",4,5,4,first5,0.23914364241710076,0.261,1.157,0.02674296446573185,1.549919654902224,1.522,1.0534859289314638,0.19809553965385396,0.3431604750457288,0.5357142857142857,0.5357142857142857,0.30421815018270426,0.5269964438202263,0.8312145940029305,0.15174342679861447,0.2618339520556978,40.38334191643062,0.3076668383286125,0.21694700903476488,0.9617152852613906,1.2883158366867142,0.389231966818633,0.41005040013374827,59.61665808356938,2.8958560223679997,-57.17031066303428,18.13880390740982,-0.5433279677480113,0.48828009666199157,-0.6829181991033568,0.0003472831951613426,,63.61310631274465,False,62.45353689205949,False,64.92843467530733,False,69.3234703373667,False,60.24636111447363,False,58.42893511411971,False,66.9433168069117,False,,0,,,0.0,right_S1,58.42893511411971
pr_Agency_EBCI,test,05_08 Artem,02_calib,test/05_08 Artem/02_calib,C:\Users\hodor\Documents\lab-Shishkin\projects\BCI_classifier\data\pr_Agency_EBCI\trans\test\05_08 Artem\EPOCHS_02_calib.hdf,"MATRIX_[9, 13]_robust_concat_02_calib.hdf","C:\Users\hodor\Documents\lab-Shishkin\projects\BCI_classifier\data\pr_Agency_EBCI\features\csp\test\05_08 Artem\MATRIX_[9, 13]_robust_concat_02_calib.hdf","[9, 13]",51,52,-5,last5,0.7712075186207205,0.271,1.215,0.016455798862929583,1.5598380859674157,1.542,1.0329115977258592,0.1258332023352549,0.23458735174852913,0.6071428571428572,0.6071428571428572,0.20223193232451683,0.37701538673870755,0.5792473190632244,0.09867122141432413,0.1620384153990094,28.606682322147492,0.0,0.15697602346613382,0.7037854926618177,0.9035320294693369,0.0,0.0,71.39331767785251,35.06545541691057,-23.021059356139318,2.2750694667639118,0.02358471169014999,0.907286391112189,0.4198513616473246,0.00045865760930755527,,89.09335238500205,False,91.98020845628432,False,68.00419478337015,False,84.19769623881665,False,53.74197483497446,False,50.68887686288325,False,56.230961624625046,False,,0,,,0.0,right_S1,50.68887686288325
pr_Agency_EBCI,test,05_08 Artem,02_calib,test/05_08 Artem/02_calib,C:\Users\hodor\Documents\lab-Shishkin\projects\BCI_classifier\data\pr_Agency_EBCI\trans\test\05_08 Artem\EPOCHS_02_calib.hdf,"MATRIX_[9, 13]_robust_concat_02_calib.hdf","C:\Users\hodor\Documents\lab-Shishkin\projects\BCI_classifier\data\pr_Agency_EBCI\features\csp\test\05_08 Artem\MATRIX_[9, 13]_robust_concat_02_calib.hdf","[9, 13]",52,53,-4,last5,0.7966162948680359,0.297,1.365,0.025408776247315412,1.6241856261818106,1.5939999999999999,1.0508175524946308,0.36216409235496017,0.5071546258983534,0.5357142857142857,0.5357142857142857,0.5561805704022602,0.7788446040581855,1.3350251744604456,0.19350872116677695,0.25220596685581514,54.60354079647072,0.5920708159294144,0.3965024768147523,1.822309363138508,2.16832869894952,1.2599445342605928,1.3239718317707037,45.39645920352928,20.3570485112447,-43.998891229925704,40.153644947854836,-0.2521294490714956,0.7046845334680528,-0.6632122203351026,0.0003572687057764205,,61.864202377173136,False,64.99774290483094,False,46.6563773501557,False,62.33322772760562,False,29.929325921988244,True,28.367630017916394,True,40.067965329950745,False,right_M1;right_S1,2,1;0.8,right_M1,1.0,right_S1,28.367630017916394
pr_Agency_EBCI,test,05_08 Artem,02_calib,test/05_08 Artem/02_calib,C:\Users\hodor\Documents\lab-Shishkin\projects\BCI_classifier\data\pr_Agency_EBCI\trans\test\05_08 Artem\EPOCHS_02_calib.hdf,"MATRIX_[9, 13]_robust_concat_02_calib.hdf","C:\Users\hodor\Documents\lab-Shishkin\projects\BCI_classifier\data\pr_Agency_EBCI\features\csp\test\05_08 Artem\MATRIX_[9, 13]_robust_concat_02_calib.hdf","[9, 13]",53,54,-3,last5,0.8022346906599188,0.302,1.4,0.005618395791882946,1.6107870221165945,1.604,1.011236791583766,0.37095175866034663,0.14932447830287454,0.4642857142857143,0.4642857142857143,0.5431793608955077,0.2186537003720663,0.761833061267574,0.3519616669480061,0.12675091335282918,61.23809399702146,0.7247618799404292,0.23007358450280735,1.0665662857746034,1.2271508081091647,0.8856446889428349,0.8955964937297547,38.76190600297854,-27.9964834238606,-51.54881521137046,34.07905971673927,-0.9527461822851255,-0.20032158006665263,0.22835493579232757,0.0003176392593352861,,36.104308884633944,False,31.330656139765075,True,58.57225482510811,False,48.75476327070701,False,73.04118518392882,False,75.3990665018923,False,74.24710826055832,False,left_S1,1,0.8,left_S1,0.8,left_S1,31.330656139765075
pr_Agency_EBCI,test,05_08 Artem,02_calib,test/05_08 Artem/02_calib,C:\Users\hodor\Documents\lab-Shishkin\projects\BCI_classifier\data\pr_Agency_EBCI\trans\test\05_08 Artem\EPOCHS_02_calib.hdf,"MATRIX_[9, 13]_robust_concat_02_calib.hdf","C:\Users\hodor\Documents\lab-Shishkin\projects\BCI_classifier\data\pr_Agency_EBCI\features\csp\test\05_08 Artem\MATRIX_[9, 13]_robust_concat_02_calib.hdf","[9, 13]",54,55,-2,last5,0.8158973132803896,0.316,1.489,0.013662622620470799,1.6492695549922751,1.6320000000000001,1.0273252452409416,0.21309605560739453,0.19499271074750002,0.5,0.5,0.3196440834110918,0.29248906612125003,0.6121331495323419,0.18338821514255438,0.16201572103508352,23.60400587854261,0.0,0.19343407525222003,0.9114662596536571,1.0095725671252254,0.0,0.0,76.39599412145739,-52.95172187361132,-48.65191774361078,25.931331556924594,0.06404228860456053,0.02748727345326241,0.9975685615878218,0.00013755863235146907,,42.41701008861449,False,33.87343681863939,True,75.17626242571473,False,56.38520783530863,False,97.07857999918238,False,100.21626113896414,False,95.4457150032175,False,left_S1,1,0.8,left_S1,0.8,left_S1,33.87343681863939
pr_Agency_EBCI,test,05_08 Artem,02_calib,test/05_08 Artem/02_calib,C:\Users\hodor\Documents\lab-Shishkin\projects\BCI_classifier\data\pr_Agency_EBCI\trans\test\05_08 Artem\EPOCHS_02_calib.hdf,"MATRIX_[9, 13]_robust_concat_02_calib.hdf","C:\Users\hodor\Documents\lab-Shishkin\projects\BCI_classifier\data\pr_Agency_EBCI\features\csp\test\05_08 Artem\MATRIX_[9, 13]_robust_concat_02_calib.hdf","[9, 13]",55,56,-1,last5,0.8628454223828115,0.363,1.839,0.046948109102421864,1.7941686544167164,1.726,1.0938962182048437,0.9108042097466879,0.47570668465969396,0.5714285714285714,0.5714285714285714,1.4312637581733667,0.7475390758938047,2.1788028340671715,0.2251900336413577,0.12029833815250812,48.0529520160495,0.46105904032099004,0.7909054287663833,4.006818411849528,3.909139749037625,1.733864939667043,1.8966683003797478,51.9470479839505,-32.32028366987933,-45.745852206241864,48.13226485236922,0.179429247900551,-0.9775439023794131,-0.11051273193017669,0.00021963031258714536,,23.41631176763616,True,18.883541646222913,True,52.16996934104598,False,38.79839514872934,False,72.12797311211344,False,76.06836268544475,False,71.59041302537254,False,left_M1;left_S1,2,1;0.8,left_M1,1.0,left_S1,18.883541646222913
pr_Agency_EBCI,test,05_08 Artem,02_calib,test/05_08 Artem/02_calib,C:\Users\hodor\Documents\lab-Shishkin\projects\BCI_classifier\data\pr_Agency_EBCI\trans\test\05_08 Artem\EPOCHS_02_calib.hdf,"MATRIX_[10, 14]_robust_concat_02_calib.hdf","C:\Users\hodor\Documents\lab-Shishkin\projects\BCI_classifier\data\pr_Agency_EBCI\features\csp\test\05_08 Artem\MATRIX_[10, 14]_robust_concat_02_calib.hdf","[10, 14]",0,1,0,first5,0.12014116103625475,0.38,1.991,0.08291560139308185,1.8860317141174843,1.76,1.1658312027861637,1.2563635238751623,0.3647762576984419,0.5,0.5,1.8845452858127434,0.5471643865476629,2.431709672360406,0.36949669381188355,0.09853300021352099,63.41258714605377,0.7682517429210753,0.9240496754969544,4.841533957669569,4.586281561597962,3.2879707415612978,3.833218884360123,36.58741285394623,-47.696861480021106,-2.298774321250192,50.262945777845424,-0.7121993136287091,-0.6486606008174408,0.2683497020940256,0.00040397995326000127,,25.31153009185287,True,28.334245926057058,True,48.46185793596773,False,21.292818450151618,True,86.65461100664992,False,93.89303606147705,False,76.12773872455087,False,left_M1;left_S1;left_PMd,3,1;0.8;0.6,left_M1,1.0,left_PMd,21.292818450151618
pr_Agency_EBCI,test,05_08 Artem,02_calib,test/05_08 Artem/02_calib,C:\Users\hodor\Documents\lab-Shishkin\projects\BCI_classifier\data\pr_Agency_EBCI\trans\test\05_08 Artem\EPOCHS_02_calib.hdf,"MATRIX_[10, 14]_robust_concat_02_calib.hdf","C:\Users\hodor\Documents\lab-Shishkin\projects\BCI_classifier\data\pr_Agency_EBCI\features\csp\test\05_08 Artem\MATRIX_[10, 14]_robust_concat_02_calib.hdf","[10, 14]",1,2,1,first5,0.2030567624293366,0.297,1.367,0.029104984964947844,1.628576722138358,1.5939999999999999,1.0582099699298957,0.2507733264099047,0.1318297589774764,0.5178571428571428,0.5178571428571428,0.3806380847293196,0.20009874130509808,0.5807368260344177,0.333335300514556,0.17169080916036888,31.784076564564906,0.0,0.17247883733222205,0.7938672411890489,0.9457744765681658,0.0,0.0,68.21592343543509,48.24874411277295,14.383653324211922,53.16014025311158,-0.5713050994880343,0.3682911418851615,-0.7334658261349953,0.00017062655449909893,,92.62408180637894,False,100.57877719351876,False,52.60093985539658,False,79.51706557900404,False,40.39061002554272,False,44.836384898847854,False,30.316734284303408,True,right_PMd,1,0.6,right_PMd,0.6,right_PMd,30.316734284303408
pr_Agency_EBCI,test,05_08 Artem,02_calib,test/05_08 Artem/02_calib,C:\Users\hodor\Documents\lab-Shishkin\projects\BCI_classifier\data\pr_Agency_EBCI\trans\test\05_08 Artem\EPOCHS_02_calib.hdf,"MATRIX_[10, 14]_robust_concat_02_calib.hdf","C:\Users\hodor\Documents\lab-Shishkin\projects\BCI_classifier\data\pr_Agency_EBCI\features\csp\test\05_08 Artem\MATRIX_[10, 14]_robust_concat_02_calib.hdf","[10, 14]",2,3,2,first5,0.23216174739428444,0.268,1.196,0.03244463405889528,1.570780647711136,1.536,1.0648892681177906,0.2441204579247146,0.2704396861136753,0.4642857142857143,0.4642857142857143,0.3574620991040464,0.39600096895216746,0.7534630680562139,0.19113029592327,0.21799715129680022,36.29704203176205,0.22594084063524095,0.20192810223906532,0.9011418293952318,1.1835252060677592,0.26148568931977534,0.2784533043230115,63.70295796823795,50.5817954539534,-68.29284462726606,4.958228531837174,0.2194380531876489,-0.49674242323755846,0.8396986993971663,0.00020606884067551657,,109.83408316098203,False,110.68269540442382,False,96.18911603493976,False,111.42525801909896,False,69.13571637326274,False,61.26105961966617,False,82.16098242949629,False,,0,,,0.0,right_S1,61.26105961966617
pr_Agency_EBCI,test,05_08 Artem,02_calib,test/05_08 Artem/02_calib,C:\Users\hodor\Documents\lab-Shishkin\projects\BCI_classifier\data\pr_Agency_EBCI\trans\test\05_08 Artem\EPOCHS_02_calib.hdf,"MATRIX_[10, 14]_robust_concat_02_calib.hdf","C:\Users\hodor\Documents\lab-Shishkin\projects\BCI_classifier\data\pr_Agency_EBCI\features\csp\test\05_08 Artem\MATRIX_[10, 14]_robust_concat_02_calib.hdf","[10, 14]",3,4,3,first5,0.2646063814531797,0.235,1.022,0.007799847325821285,1.477331856486272,1.47,1.0155996946516426,0.053168184146402814,0.5353962683154551,0.6071428571428572,0.6071428571428572,0.08544886737814739,0.8604582883641242,0.9459071557422716,0.050371612369517905,0.45352181584762724,47.869019167530894,0.45738038335061787,0.2222881815994338,0.9667171131686015,1.3974187744563793,0.6359798849360143,0.6459009769456029,52.130980832469106,68.41473731324852,-42.61801508152284,-2.556775252087194,0.3403137504516541,-0.0660479628006711,0.9379894550917993,0.00018927577927817883,,121.15264661448364,False,123.80254539571457,False,98.43057624073545,False,117.9962053088603,False,69.47115666653441,False,61.91441171352769,False,79.12429391916794,False,,0,,,0.0,right_S1,61.91441171352769
pr_Agency_EBCI,test,05_08 Artem,02_calib,test/05_08 Artem/02_calib,C:\Users\hodor\Documents\lab-Shishkin\projects\BCI_classifier\data\pr_Agency_EBCI\trans\test\05_08 Artem\EPOCHS_02_calib.hdf,"MATRIX_[10, 14]_robust_concat_02_calib.hdf","C:\Users\hodor\Documents\lab-Shishkin\projects\BCI_classifier\data\pr_Agency_EBCI\features\csp\test\05_08 Artem\MATRIX_[10, 14]_robust_concat_02_calib.hdf","[10, 14]",4,5,4,first5,0.272406228779001,0.228,0.982,0.018414789772253526,1.4727942882722953,1.456,1.036829579544507,0.28053644095610986,0.296250960918787,0.4464285714285714,0.4464285714285714,0.4057759235258018,0.4285058541861026,0.8342817777119044,0.17097989759044344,0.18579746971426997,35.707794328909266,0.21415588657818532,0.19021624531831421,0.8192647057130901,1.2287254370237495,0.26013821107735174,0.2697189920147909,64.29220567109073,22.780958435611712,-75.83902146823013,31.378754648751325,-0.415404119683111,0.780728382441162,-0.46680039653057953,0.00013647999943712768,,82.15041657860975,False,81.99404993557587,False,78.13547012040279,False,88.24423095054259,False,58.89170509767087,False,53.81285355428518,False,72.35728678760823,False,,0,,,0.0,right_S1,53.81285355428518
pr_Agency_EBCI,test,05_08 Artem,02_calib,test/05_08 Artem/02_calib,C:\Users\hodor\Documents\lab-Shishkin\projects\BCI_classifier\data\pr_Agency_EBCI\trans\test\05_08 Artem\EPOCHS_02_calib.hdf,"MATRIX_[10, 14]_robust_concat_02_calib.hdf","C:\Users\hodor\Documents\lab-Shishkin\projects\BCI_classifier\data\pr_Agency_EBCI\features\csp\test\05_08 Artem\MATRIX_[10, 14]_robust_concat_02_calib.hdf","[10, 14]",51,52,-5,last5,0.7601500496190453,0.26,1.154,0.008213485646239804,1.5285420250720894,1.52,1.0164269712924796,0.09716453306954825,0.06235304986786917,0.5,0.5,0.14574679960432238,0.09352957480180377,0.23927637440612615,0.19616351881522764,0.11829429667766753,20.43516982999303,0.0,0.0622118573455928,0.27612493606466953,0.3657439938866475,0.0,0.0,79.56483017000697,-60.42993740970822,-21.52894255120093,-14.42789788544059,-0.9297163724960227,0.2969746021120778,-0.21779245260846383,0.0002603874529772759,,74.58563378640402,False,69.45564789637442,False,95.59668291422858,False,78.70719107879111,False,119.43587297925845,False,122.37776149912254,False,113.85506100916487,False,,0,,,0.0,left_S1,69.45564789637442
pr_Agency_EBCI,test,05_08 Artem,02_calib,test/05_08 Artem/02_calib,C:\Users\hodor\Documents\lab-Shishkin\projects\BCI_classifier\data\pr_Agency_EBCI\trans\test\05_08 Artem\EPOCHS_02_calib.hdf,"MATRIX_[10, 14]_robust_concat_02_calib.hdf","C:\Users\hodor\Documents\lab-Shishkin\projects\BCI_classifier\data\pr_Agency_EBCI\features\csp\test\05_08 Artem\MATRIX_[10, 14]_robust_concat_02_calib.hdf","[10, 14]",52,53,-4,last5,0.768171381297414,0.268,1.198,0.008021331678368715,1.5445988675592113,1.536,1.0160426633567374,0.09621712354891516,0.20557314218038536,0.5178571428571428,0.5178571428571428,0.14604384824388908,0.3120306622380849,0.458074510481974,0.10399981707425396,0.21322082118026547,21.9432137786924,0.0,0.12276396880916904,0.5487732635574049,0.7075413701481971,0.0,0.0,78.0567862213076,-50.625107200661176,-66.32557545434841,-16.99829863042109,-0.44270039552064633,0.21529440564291738,0.870439359579245,0.00017745718288826397,,85.6393583646486,False,78.45192872202203,False,108.7511900184754,False,96.13802489576346,False,120.93020771504496,False,121.07734358630562,False,122.11687777425564,False,,0,,,0.0,left_S1,78.45192872202203
pr_Agency_EBCI,test,05_08 Artem,02_calib,test/05_08 Artem/02_calib,C:\Users\hodor\Documents\lab-Shishkin\projects\BCI_classifier\data\pr_Agency_EBCI\trans\test\05_08 Artem\EPOCHS_02_calib.hdf,"MATRIX_[10, 14]_robust_concat_02_calib.hdf","C:\Users\hodor\Documents\lab-Shishkin\projects\BCI_classifier\data\pr_Agency_EBCI\features\csp\test\05_08 Artem\MATRIX_[10, 14]_robust_concat_02_calib.hdf","[10, 14]",53,54,-3,last5,0.798596524240541,0.299,1.378,0.030425142943126926,1.6343884709599799,1.5979999999999999,1.0608502858862539,0.32671245676069804,0.07884716960519676,0.625,0.625,0.5309077422361344,0.12812665060844475,0.6590343928445791,0.32369057390529515,0.07413136388562303,36.73881642402352,0.2347763284804704,0.19705128346052914,0.9081493933398299,1.0771182136312902,0.24725162880086118,0.2622969610992355,63.26118357597648,-43.2401508480089,-53.70750282659109,13.439432995193075,-0.35666402381545736,-0.5590112159751922,0.748530049182866,0.0002509281169595872,,52.40569980702959,False,45.28245788526553,False,78.30300507067177,False,64.28716727530899,False,94.72559893913463,False,96.51345157332393,False,94.74036505766988,False,,0,,,0.0,left_S1,45.28245788526553
pr_Agency_EBCI,test,05_08 Artem,02_calib,test/05_08 Artem/02_calib,C:\Users\hodor\Documents\lab-Shishkin\projects\BCI_classifier\data\pr_Agency_EBCI\trans\test\05_08 Artem\EPOCHS_02_calib.hdf,"MATRIX_[10, 14]_robust_concat_02_calib.hdf","C:\Users\hodor\Documents\lab-Shishkin\projects\BCI_classifier\data\pr_Agency_EBCI\features\csp\test\05_08 Artem\MATRIX_[10, 14]_robust_concat_02_calib.hdf","[10, 14]",54,55,-2,last5,0.8054307407138872,0.305,1.421,0.006834216473346255,1.6183377440974824,1.6099999999999999,1.0136684329466925,0.6079947403800381,0.3226708802385838,0.5357142857142857,0.5357142857142857,0.9337062084407727,0.4955302803663965,1.4292364888071691,0.2975840685271223,0.15491193722513508,28.18323068075354,0.0,0.43591712908618657,2.0309450505949873,2.312987355078001,0.0,0.0,71.81676931924646,19.82476184938665,-41.476977505138294,55.46516463305883,-0.3696542456209698,0.9232123152797201,-0.10504646405400915,0.0001858590557358861,,58.499015608175625,False,62.97642063757694,False,40.71931366836235,False,58.37980744829341,False,23.819511347084738,True,25.2085216866057,True,34.464889243525946,True,right_M1;right_S1;right_PMd,3,1;0.8;0.6,right_M1,1.0,right_M1,23.819511347084738
pr_Agency_EBCI,test,05_08 Artem,02_calib,test/05_08 Artem/02_calib,C:\Users\hodor\Documents\lab-Shishkin\projects\BCI_classifier\data\pr_Agency_EBCI\trans\test\05_08 Artem\EPOCHS_02_calib.hdf,"MATRIX_[10, 14]_robust_concat_02_calib.hdf","C:\Users\hodor\Documents\lab-Shishkin\projects\BCI_classifier\data\pr_Agency_EBCI\features\csp\test\05_08 Artem\MATRIX_[10, 14]_robust_concat_02_calib.hdf","[10, 14]",55,56,-1,last5,0.8362181536985802,0.336,1.63,0.030787412984693008,1.7133782830514275,1.6720000000000002,1.061574825969386,0.7951331880518064,0.3407513161937432,0.6071428571428572,0.6071428571428572,1.277892623654689,0.5476360438828016,1.8255286675374907,0.21394552466480088,0.09263574395904799,35.397903813937866,0.20795807627875734,0.6133776322925969,2.9756117280861094,3.127821174046546,0.6347470947807946,0.6738315366764954,64.60209618606214,-35.31821448572034,-46.993384483264926,49.523795745767856,0.25009658847676186,-0.9551366779360049,-0.1586367640039906,0.00015928516268911425,,23.897735939315766,True,18.426962890383862,True,54.769333430411535,False,40.19927260860907,False,75.2125299997879,False,79.20235473118588,False,74.64329534969598,False,left_M1;left_S1,2,1;0.8,left_M1,1.0,left_S1,18.426962890383862
pr_Agency_EBCI,test,05_08 Artem,02_calib,test/05_08 Artem/02_calib,C:\Users\hodor\Documents\lab-Shishkin\projects\BCI_classifier\data\pr_Agency_EBCI\trans\test\05_08 Artem\EPOCHS_02_calib.hdf,"MATRIX_[8, 15]_robust_concat_02_calib.hdf","C:\Users\hodor\Documents\lab-Shishkin\projects\BCI_classifier\data\pr_Agency_EBCI\features\csp\test\05_08 Artem\MATRIX_[8, 15]_robust_concat_02_calib.hdf","[8, 15]",0,1,0,first5,0.12613694937341335,0.374,1.936,0.08736870041785166,1.878703575825106,1.748,1.1747374008357032,1.0483092867915618,0.16796135173888554,0.5892857142857143,0.5892857142857143,1.6660629736508752,0.26693857687072886,1.933001550521604,0.40200712741226485,0.05244471807048188,64.4307401584938,0.7886148031698761,0.7229425798950799,3.7422910018098254,3.631536925040412,2.6646400779858217,3.1302523593757097,35.569259841506195,-46.79472907087782,-1.211740257956609,49.683270308880196,-0.6505353583717859,-0.7194213609318285,0.24338581089103745,0.0003806374107736869,,25.994846254116695,True,29.276621429054842,True,47.768630846291636,False,20.95765695787154,True,86.10559225730678,False,93.37363142883363,False,75.36732077699284,False,left_M1;left_S1;left_PMd,3,1;0.8;0.6,left_M1,1.0,left_PMd,20.95765695787154
pr_Agency_EBCI,test,05_08 Artem,02_calib,test/05_08 Artem/02_calib,C:\Users\hodor\Documents\lab-Shishkin\projects\BCI_classifier\data\pr_Agency_EBCI\trans\test\05_08 Artem\EPOCHS_02_calib.hdf,"MATRIX_[8, 15]_robust_concat_02_calib.hdf","C:\Users\hodor\Documents\lab-Shishkin\projects\BCI_classifier\data\pr_Agency_EBCI\features\csp\test\05_08 Artem\MATRIX_[8, 15]_robust_concat_02_calib.hdf","[8, 15]",1,2,1,first5,0.21350564979126502,0.286,1.304,0.012306758437239246,1.5860789316522017,1.572,1.0246135168744785,0.193626183360114,0.8789114622999215,0.5535714285714286,0.5535714285714286,0.3008121062916057,1.3654517360730922,1.6662638423646978,0.09013006531760917,0.4110884795672072,39.73607098488473,0.2947214196976947,0.4765514589163035,2.172808050443566,2.6428259749484924,0.7719834902743008,0.7909847189389861,60.26392901511527,12.733687408427642,-74.98969302047973,37.93627545770292,-0.9635965435999947,0.2122063458658865,0.16263507597191734,0.00016954036275525764,,72.80947209728336,False,72.2332150980564,False,72.96764749246582,False,80.45589105345607,False,58.886061510950995,False,55.48313147963297,False,71.04208200399042,False,,0,,,0.0,right_S1,55.48313147963297
pr_Agency_EBCI,test,05_08 Artem,02_calib,test/05_08 Artem/02_calib,C:\Users\hodor\Documents\lab-Shishkin\projects\BCI_classifier\data\pr_Agency_EBCI\trans\test\05_08 Artem\EPOCHS_02_calib.hdf,"MATRIX_[8, 15]_robust_concat_02_calib.hdf","C:\Users\hodor\Documents\lab-Shishkin\projects\BCI_classifier\data\pr_Agency_EBCI\features\csp\test\05_08 Artem\MATRIX_[8, 15]_robust_concat_02_calib.hdf","[8, 15]",2,3,2,first5,0.22581240822850426,0.274,1.232,0.04188726494454284,1.593908442379219,1.548,1.0837745298890857,0.3827099530991147,0.24365003999933116,0.4642857142857143,0.4642857142857143,0.5603967170379894,0.3567732728561635,0.917169989894153,0.2583939429416156,0.16447992613000212,48.102388828618835,0.4620477765723767,0.2513045772309979,1.1299534275495964,1.4618849899891533,0.6560057968735901,0.7109623741111902,51.897611171381165,17.308651175111834,-61.85479218824525,26.465458280524842,0.6814323836739116,-0.6737987597447354,0.28573613325399955,0.0003695345514243913,,71.74319993075584,False,72.00178268897932,False,66.43624415446045,False,76.32497407484959,False,51.52320804344679,False,47.71166852010328,False,62.34527035721264,False,,0,,,0.0,right_S1,47.71166852010328
pr_Agency_EBCI,test,05_08 Artem,02_calib,test/05_08 Artem/02_calib,C:\Users\hodor\Documents\lab-Shishkin\projects\BCI_classifier\data\pr_Agency_EBCI\trans\test\05_08 Artem\EPOCHS_02_calib.hdf,"MATRIX_[8, 15]_robust_concat_02_calib.hdf","C:\Users\hodor\Documents\lab-Shishkin\projects\BCI_classifier\data\pr_Agency_EBCI\features\csp\test\05_08 Artem\MATRIX_[8, 15]_robust_concat_02_calib.hdf","[8, 15]",3,4,3,first5,0.2676996731730471,0.232,1.006,0.015520383630776236,1.4784029160093604,1.464,1.0310407672615525,0.05521220192390318,0.14133064653704835,0.5,0.5,0.08281830288585476,0.21199596980557253,0.2948142726914273,0.07533044415621382,0.2029166765767655,33.67489333867625,0.0,0.06839691126441114,0.29658315832757587,0.43585428042818486,0.0,0.0,66.32510666132376,39.221862285532744,36.90251609076671,-66.00619931081827,0.2724549390356187,-0.5689597514121937,-0.7759208126272115,0.0005640485654763676,,155.73361134373295,False,158.10882533302785,False,136.95443707882626,False,146.35753274323739,False,136.40018157262165,False,135.68024094989076,False,130.4901483434981,False,,0,,,0.0,right_PMd,130.4901483434981
pr_Agency_EBCI,test,05_08 Artem,02_calib,test/05_08 Artem/02_calib,C:\Users\hodor\Documents\lab-Shishkin\projects\BCI_classifier\data\pr_Agency_EBCI\trans\test\05_08 Artem\EPOCHS_02_calib.hdf,"MATRIX_[8, 15]_robust_concat_02_calib.hdf","C:\Users\hodor\Documents\lab-Shishkin\projects\BCI_classifier\data\pr_Agency_EBCI\features\csp\test\05_08 Artem\MATRIX_[8, 15]_robust_concat_02_calib.hdf","[8, 15]",4,5,4,first5,0.28322005680382334,0.217,0.929,0.0274334699687957,1.4578122519329146,1.434,1.0548669399375914,0.2663097648994594,0.6395520287113289,0.5178571428571428,0.5178571428571428,0.40422017886525086,0.970748615008267,1.374968793873518,0.12540426467580862,0.29686405676258065,28.792102574309332,0.0,0.2983682282705534,1.2773460095084983,2.0044463537342367,0.0,0.0,71.20789742569067,-9.503910773346417,-62.06536400974381,33.2484163381755,0.7153356643950883,-0.6276799971651127,0.307103742086028,0.00019165648362630847,,51.65897057261291,False,49.35387800295341,False,62.018467050557646,False,61.50449952082718,False,63.53906193818076,False,63.50167150439905,False,69.62213346287393,False,,0,,,0.0,left_S1,49.35387800295341
pr_Agency_EBCI,test,05_08 Artem,02_calib,test/05_08 Artem/02_calib,C:\Users\hodor\Documents\lab-Shishkin\projects\BCI_classifier\data\pr_Agency_EBCI\trans\test\05_08 Artem\EPOCHS_02_calib.hdf,"MATRIX_[8, 15]_robust_concat_02_calib.hdf","C:\Users\hodor\Documents\lab-Shishkin\projects\BCI_classifier\data\pr_Agency_EBCI\features\csp\test\05_08 Artem\MATRIX_[8, 15]_robust_concat_02_calib.hdf","[8, 15]",51,52,-5,last5,0.7031838146312765,0.203,0.863,0.009672001347114878,1.4138536650938573,1.4060000000000001,1.0193440026942298,0.08925492822634723,0.09398080878122525,0.4464285714285714,0.4464285714285714,0.12910087832739509,0.13593652698712938,0.26503740531452447,0.17851130562766365,0.2072458114076843,23.136806476447692,0.0,0.05380259327884847,0.22872728078643462,0.3747241068909066,0.0,0.0,76.86319352355231,26.459750741123763,-65.76663114961731,46.903220290065335,0.7873710497736424,-0.47300816643155463,0.3953607270170004,5.7179541073660366e-05,,75.68634844754088,False,77.40779378551731,False,66.297112517723,False,79.9099463537071,False,43.79747977453441,False,39.3284682416234,False,58.49878155352028,False,,0,,,0.0,right_S1,39.3284682416234
pr_Agency_EBCI,test,05_08 Artem,02_calib,test/05_08 Artem/02_calib,C:\Users\hodor\Documents\lab-Shishkin\projects\BCI_classifier\data\pr_Agency_EBCI\trans\test\05_08 Artem\EPOCHS_02_calib.hdf,"MATRIX_[8, 15]_robust_concat_02_calib.hdf","C:\Users\hodor\Documents\lab-Shishkin\projects\BCI_classifier\data\pr_Agency_EBCI\features\csp\test\05_08 Artem\MATRIX_[8, 15]_robust_concat_02_calib.hdf","[8, 15]",52,53,-4,last5,0.7310905460702237,0.231,1.0,0.027906731438947174,1.4877858198495872,1.462,1.0558134628778943,0.10105062699291194,0.3649081085369897,0.5714285714285714,0.5714285714285714,0.15879384241743305,0.5734270277009837,0.7322208701184167,0.08177864797540045,0.3501206158771636,53.187399470671835,0.5637479894134367,0.1691430209973543,0.7322208701184167,1.0893878275601068,0.603496119356961,0.637179327611644,46.812600529328165,20.82608901737411,-41.11727427926986,46.05526038312694,-0.27847047946804077,0.605579323615461,-0.7454715788507836,0.00026987462548791263,,60.17560400868183,False,64.07847671201267,False,42.53969606238338,False,59.83008165186083,False,24.942864697299957,True,24.642812802379126,True,35.31453950602264,False,right_M1;right_S1,2,1;0.8,right_M1,1.0,right_S1,24.642812802379126
pr_Agency_EBCI,test,05_08 Artem,02_calib,test/05_08 Artem/02_calib,C:\Users\hodor\Documents\lab-Shishkin\projects\BCI_classifier\data\pr_Agency_EBCI\trans\test\05_08 Artem\EPOCHS_02_calib.hdf,"MATRIX_[8, 15]_robust_concat_02_calib.hdf","C:\Users\hodor\Documents\lab-Shishkin\projects\BCI_classifier\data\pr_Agency_EBCI\features\csp\test\05_08 Artem\MATRIX_[8, 15]_robust_concat_02_calib.hdf","[8, 15]",53,54,-3,last5,0.7585992307394164,0.259,1.145,0.02750868466919265,1.5464989973172836,1.518,1.0550173693383853,0.49052049962011124,0.4880340370450448,0.5,0.5,0.7357807494301669,0.7320510555675672,1.4678318049977341,0.22714262756179687,0.22579246777261286,33.41088599271297,0.0,0.38016843749441315,1.6806674167224056,2.2700004146594144,0.0,0.0,66.58911400728704,-38.53778922441379,-44.91603219260764,11.214514885120076,0.2472327050254978,-0.18339240296526904,0.9514427024789247,0.00042826407738741124,,49.49404462968127,False,43.56524665236712,False,72.03124584064938,False,58.98794886719614,False,89.43769955740402,False,91.50016013965823,False,88.29388713095199,False,,0,,,0.0,left_S1,43.56524665236712
pr_Agency_EBCI,test,05_08 Artem,02_calib,test/05_08 Artem/02_calib,C:\Users\hodor\Documents\lab-Shishkin\projects\BCI_classifier\data\pr_Agency_EBCI\trans\test\05_08 Artem\EPOCHS_02_calib.hdf,"MATRIX_[8, 15]_robust_concat_02_calib.hdf","C:\Users\hodor\Documents\lab-Shishkin\projects\BCI_classifier\data\pr_Agency_EBCI\features\csp\test\05_08 Artem\MATRIX_[8, 15]_robust_concat_02_calib.hdf","[8, 15]",54,55,-2,last5,0.7696471833210266,0.27,1.206,0.011047952581610176,1.551931788788139,1.54,1.0220959051632204,0.4470909462473862,0.2466501392073197,0.5535714285714286,0.5535714285714286,0.6945877200629036,0.3831886091256574,1.077776329188561,0.32488485620879926,0.15159522528948854,44.07555052791375,0.38151101055827497,0.2909996088809115,1.2997982530014045,1.6726353464711174,0.6332226462169545,0.6472142737549678,55.92444947208625,-28.97463707606359,-46.45957220450448,46.74928143185176,0.9224656473086785,0.35114326634670956,-0.16048531407809472,0.0002654565053356367,,25.285646162387334,True,21.636719759183702,True,51.02043948223874,False,39.56847742345685,False,69.36650229615596,False,73.0471537482203,False,69.36010206256718,False,left_M1;left_S1,2,1;0.8,left_M1,1.0,left_S1,21.636719759183702
pr_Agency_EBCI,test,05_08 Artem,02_calib,test/05_08 Artem/02_calib,C:\Users\hodor\Documents\lab-Shishkin\projects\BCI_classifier\data\pr_Agency_EBCI\trans\test\05_08 Artem\EPOCHS_02_calib.hdf,"MATRIX_[8, 15]_robust_concat_02_calib.hdf","C:\Users\hodor\Documents\lab-Shishkin\projects\BCI_classifier\data\pr_Agency_EBCI\features\csp\test\05_08 Artem\MATRIX_[8, 15]_robust_concat_02_calib.hdf","[8, 15]",55,56,-1,last5,0.8223255199735455,0.322,1.532,0.052678336652518976,1.7118496976084443,1.6440000000000001,1.105356673305038,0.8495370865447653,0.6138608159326784,0.5714285714285714,0.5714285714285714,1.3349868502846312,0.964638425037066,2.2996252753216972,0.19546609097508091,0.14579747848259794,47.186421857064694,0.4437284371412939,0.7404793386535865,3.5230259217928404,3.936612832172183,1.6775526087814643,1.8542939709368673,52.813578142935306,-32.26853413098255,-42.94362488951318,47.358082065849786,0.4257580001200664,-0.8972597366053077,-0.1168549973288926,0.0002612308805697554,,21.153427785274246,True,16.845956646853335,True,50.193028721692336,False,36.24858686386209,False,71.3732192207154,False,75.53078835384103,False,70.19997060039982,False,left_M1;left_S1,2,1;0.8,left_M1,1.0,left_S1,16.845956646853335
pr_Agency_EBCI,test,05_15 Arina,01_calib_MI,test/05_15 Arina/01_calib_MI,C:\Users\hodor\Documents\lab-Shishkin\projects\BCI_classifier\data\pr_Agency_EBCI\trans\test\05_15 Arina\EPOCHS_01_calib_MI.hdf,"MATRIX_[8, 12]_robust_concat_01_calib_MI.hdf","C:\Users\hodor\Documents\lab-Shishkin\projects\BCI_classifier\data\pr_Agency_EBCI\features\csp\test\05_15 Arina\MATRIX_[8, 12]_robust_concat_01_calib_MI.hdf","[8, 12]",0,1,0,first5,0.07247237199588641,0.428,2.549,0.15443440126400154,2.1203916949639705,1.8559999999999999,1.308868802528003,1.5352287273943468,0.338594998555494,0.5714285714285714,0.5714285714285714,2.412502285905402,0.5320778548729191,2.944580140778321,0.43557884617277554,0.08948326397416005,62.43949791488117,0.7487899582976236,1.2602803002531215,7.505734778843941,6.2436632756621915,4.0922425077571125,5.3562085507822434,37.56050208511883,-52.48588779198692,-7.132868804954148,52.25577901042906,0.6195040408277981,0.6253559749225203,-0.4744940969356036,0.0005128081037483483,,23.881034354893753,True,25.15799981675323,True,52.811437055048096,False,24.785677482972687,True,90.156927875265,False,97.21396043693292,False,80.5775976372619,False,left_M1;left_S1;left_PMd,3,1;0.8;0.6,left_M1,1.0,left_M1,23.881034354893753
pr_Agency_EBCI,test,05_15 Arina,01_calib_MI,test/05_15 Arina/01_calib_MI,C:\Users\hodor\Documents\lab-Shishkin\projects\BCI_classifier\data\pr_Agency_EBCI\trans\test\05_15 Arina\EPOCHS_01_calib_MI.hdf,"MATRIX_[8, 12]_robust_concat_01_calib_MI.hdf","C:\Users\hodor\Documents\lab-Shishkin\projects\BCI_classifier\data\pr_Agency_EBCI\features\csp\test\05_15 Arina\MATRIX_[8, 12]_robust_concat_01_calib_MI.hdf","[8, 12]",1,2,1,first5,0.22690677325988795,0.273,1.226,0.01699170931634153,1.564554946573445,1.546,1.033983418632683,0.6981825945696911,0.3691654815115959,0.6071428571428572,0.6071428571428572,1.1220791698441466,0.5933016667150649,1.7153808365592114,0.298551349914134,0.15888031417439868,68.46425943801816,0.8692851887603632,0.46829896838066476,2.1030569056215933,2.6838075730960083,2.3053258685544225,2.383668722630261,31.53574056198184,-9.765290176327087,-38.78986535293761,48.71747037726231,-0.16100094315830202,-0.20166037675128404,0.9661323867621183,0.0005131411702432653,,30.984437293525218,True,33.572507369324065,True,35.44998615357488,False,36.51788176375559,False,48.64398359291206,False,52.608763535044886,False,49.26731358883156,False,left_M1;left_S1,2,1;0.8,left_M1,1.0,left_M1,30.984437293525218
pr_Agency_EBCI,test,05_15 Arina,01_calib_MI,test/05_15 Arina/01_calib_MI,C:\Users\hodor\Documents\lab-Shishkin\projects\BCI_classifier\data\pr_Agency_EBCI\trans\test\05_15 Arina\EPOCHS_01_calib_MI.hdf,"MATRIX_[8, 12]_robust_concat_01_calib_MI.hdf","C:\Users\hodor\Documents\lab-Shishkin\projects\BCI_classifier\data\pr_Agency_EBCI\features\csp\test\05_15 Arina\MATRIX_[8, 12]_robust_concat_01_calib_MI.hdf","[8, 12]",2,3,2,first5,0.24389848257622948,0.256,1.131,0.07849487944372957,1.592378756550379,1.512,1.1569897588874591,0.19405860722702328,0.3601390615847425,0.4642857142857143,0.4642857142857143,0.2841572462967127,0.5273464830348016,0.8115037293315143,0.14389496318020065,0.2867477594973259,73.91183398485732,0.9782366796971464,0.20774495470886767,0.9178107178739426,1.2922212994489122,1.2002901831795858,1.388723449631933,26.088166015142676,-55.50008785321365,5.386165794867559,56.589421681535455,0.8820035707060198,-0.47107101459854267,-0.012720081247026088,0.0002510366434723742,,35.272476299873794,False,38.15096188927992,False,56.67357633337751,False,30.590712390214374,True,96.10494386444394,False,103.82442223493075,False,84.56832459083451,False,left_PMd,1,0.6,left_PMd,0.6,left_PMd,30.590712390214374
pr_Agency_EBCI,test,05_15 Arina,01_calib_MI,test/05_15 Arina/01_calib_MI,C:\Users\hodor\Documents\lab-Shishkin\projects\BCI_classifier\data\pr_Agency_EBCI\trans\test\05_15 Arina\EPOCHS_01_calib_MI.hdf,"MATRIX_[8, 12]_robust_concat_01_calib_MI.hdf","C:\Users\hodor\Documents\lab-Shishkin\projects\BCI_classifier\data\pr_Agency_EBCI\features\csp\test\05_15 Arina\MATRIX_[8, 12]_robust_concat_01_calib_MI.hdf","[8, 12]",3,4,3,first5,0.32239336201995905,0.178,0.743,0.004186306936350026,1.3589806505386812,1.3559999999999999,1.0083726138727,0.07135819952652149,0.07797245980656906,0.4821428571428571,0.4821428571428571,0.10576304572680864,0.11556632435616486,0.2213293700829735,0.12373419865613738,0.14866920680604687,57.33485428474465,0.646697085694893,0.03939662787476928,0.1644477219716493,0.3007823313386758,0.19408842747698435,0.1957134549374087,42.66514571525535,-1.920525548331364,-9.154733846512572,84.41308314444434,-0.24916382704176482,0.8872099349944148,-0.3882987490851702,0.00014310490644522817,,46.787774042402596,False,55.601235168477594,False,26.670052966191413,True,38.58465616931977,False,49.65532679182202,False,58.43069094559826,False,41.27801537280758,False,SMA,1,0.7,SMA,0.7,SMA,26.670052966191413
pr_Agency_EBCI,test,05_15 Arina,01_calib_MI,test/05_15 Arina/01_calib_MI,C:\Users\hodor\Documents\lab-Shishkin\projects\BCI_classifier\data\pr_Agency_EBCI\trans\test\05_15 Arina\EPOCHS_01_calib_MI.hdf,"MATRIX_[8, 12]_robust_concat_01_calib_MI.hdf","C:\Users\hodor\Documents\lab-Shishkin\projects\BCI_classifier\data\pr_Agency_EBCI\features\csp\test\05_15 Arina\MATRIX_[8, 12]_robust_concat_01_calib_MI.hdf","[8, 12]",4,5,4,first5,0.3265796689563091,0.173,0.724,0.034182923169397306,1.369654582833223,1.346,1.0683658463387946,0.055586547762672696,0.12141735981971044,0.4821428571428571,0.4821428571428571,0.0823872047196756,0.179957872589928,0.2623450773096036,0.09324164977243164,0.21474488786648083,37.436176217464194,0.24872352434928388,0.04538569837456142,0.189937835972153,0.35932213742083474,0.08782837393367893,0.09383283505021502,62.563823782535806,-15.731550360381586,-45.770409904285955,65.08090725525301,-0.9121986981164772,-0.19029568464152077,-0.36287888828288,0.00010334218039016579,,31.100219850877046,True,33.3143724185058,True,43.35096801979908,False,40.737962608310966,False,56.85566749821723,False,61.25967572704746,False,58.493719644410376,False,left_M1;left_S1,2,1;0.8,left_M1,1.0,left_M1,31.100219850877046
pr_Agency_EBCI,test,05_15 Arina,01_calib_MI,test/05_15 Arina/01_calib_MI,C:\Users\hodor\Documents\lab-Shishkin\projects\BCI_classifier\data\pr_Agency_EBCI\trans\test\05_15 Arina\EPOCHS_01_calib_MI.hdf,"MATRIX_[8, 12]_robust_concat_01_calib_MI.hdf","C:\Users\hodor\Documents\lab-Shishkin\projects\BCI_classifier\data\pr_Agency_EBCI\features\csp\test\05_15 Arina\MATRIX_[8, 12]_robust_concat_01_calib_MI.hdf","[8, 12]",51,52,-5,last5,0.8230556938714513,0.323,1.537,0.008574878819339382,1.6570787434345866,1.646,1.0171497576386788,0.17243812614596982,0.17999221928888925,0.4642857142857143,0.4642857142857143,0.25249868471374154,0.26356003538730216,0.5160587201010437,0.16266041096058637,0.1630783674631282,34.74792520317666,0.0,0.16668696659263713,0.7931822527953041,0.8551499354434985,0.0,0.0,65.25207479682334,16.10042667692494,-67.41359916372593,40.16096843749166,0.6085482073494226,-0.7721779153649435,0.1827849729995722,0.0001445235707656193,,69.64244376172071,False,70.11133753368819,False,65.94759243907244,False,75.6683442366282,False,50.315092483540575,False,47.018379055847554,False,62.62947015341316,False,,0,,,0.0,right_S1,47.018379055847554
pr_Agency_EBCI,test,05_15 Arina,01_calib_MI,test/05_15 Arina/01_calib_MI,C:\Users\hodor\Documents\lab-Shishkin\projects\BCI_classifier\data\pr_Agency_EBCI\trans\test\05_15 Arina\EPOCHS_01_calib_MI.hdf,"MATRIX_[8, 12]_robust_concat_01_calib_MI.hdf","C:\Users\hodor\Documents\lab-Shishkin\projects\BCI_classifier\data\pr_Agency_EBCI\features\csp\test\05_15 Arina\MATRIX_[8, 12]_robust_concat_01_calib_MI.hdf","[8, 12]",52,53,-4,last5,0.8315290592000127,0.332,1.597,0.008473365328561466,1.6752526291563297,1.6640000000000001,1.016946730657123,0.198181530547052,0.10900752540523419,0.5892857142857143,0.5892857142857143,0.31496707533370766,0.17324410287617578,0.48821117820988347,0.1948494861676487,0.11361359563024574,35.318860670533724,0.20637721341067447,0.1620861111656813,0.7796732516011838,0.8178770598796167,0.1676574224247902,0.1704986676052906,64.68113932946628,29.430665361009343,-76.3714054008513,23.148258267348673,0.47060739350223374,-0.39114043178773944,-0.7909095041797984,9.762627716443605e-05,,90.01762609685689,False,89.91701837680237,False,83.86264164383392,False,95.14287853100001,False,62.17038841866909,False,56.042112853858804,False,75.8678641766827,False,,0,,,0.0,right_S1,56.042112853858804
pr_Agency_EBCI,test,05_15 Arina,01_calib_MI,test/05_15 Arina/01_calib_MI,C:\Users\hodor\Documents\lab-Shishkin\projects\BCI_classifier\data\pr_Agency_EBCI\trans\test\05_15 Arina\EPOCHS_01_calib_MI.hdf,"MATRIX_[8, 12]_robust_concat_01_calib_MI.hdf","C:\Users\hodor\Documents\lab-Shishkin\projects\BCI_classifier\data\pr_Agency_EBCI\features\csp\test\05_15 Arina\MATRIX_[8, 12]_robust_concat_01_calib_MI.hdf","[8, 12]",53,54,-3,last5,0.8426650341930114,0.343,1.678,0.011135974992998676,1.7012785576903942,1.686,1.0222719499859974,0.22177933834729216,0.4152281265726548,0.5,0.5,0.33266900752093825,0.6228421898589822,0.9555111973799204,0.14513750105482098,0.2464925310842617,31.26597959231071,0.0,0.32774034070131275,1.6033477892035064,1.6255907117355326,0.0,0.0,68.73402040768929,21.55601367279419,-56.449010142120464,38.81467330284775,-0.6286901431970414,0.6677550648788418,-0.3985622626084126,0.00016678821232197146,,68.27128549246868,False,70.09115387540021,False,58.11919743301628,False,71.40336496676687,False,39.45760324591192,False,35.93549157247755,False,51.808947076970796,False,,0,,,0.0,right_S1,35.93549157247755
pr_Agency_EBCI,test,05_15 Arina,01_calib_MI,test/05_15 Arina/01_calib_MI,C:\Users\hodor\Documents\lab-Shishkin\projects\BCI_classifier\data\pr_Agency_EBCI\trans\test\05_15 Arina\EPOCHS_01_calib_MI.hdf,"MATRIX_[8, 12]_robust_concat_01_calib_MI.hdf","C:\Users\hodor\Documents\lab-Shishkin\projects\BCI_classifier\data\pr_Agency_EBCI\features\csp\test\05_15 Arina\MATRIX_[8, 12]_robust_concat_01_calib_MI.hdf","[8, 12]",54,55,-2,last5,0.8613566156095741,0.361,1.827,0.018691581416562686,1.7489906435655165,1.722,1.0373831628331254,0.4321624587756928,0.46039866492635523,0.5535714285714286,0.5535714285714286,0.6713952484550942,0.7152622115820162,1.3866574600371104,0.19849631038142518,0.2168605305367692,56.05122058089634,0.6210244116179269,0.5005833430733968,2.5334231794878006,2.42525092343523,1.4828970854309378,1.5383324686403697,43.94877941910366,-23.654980600307592,-81.41545917856206,-7.3714687838403234,-0.34417053101742856,-0.27053251332694406,0.8990877625750381,0.00039646350056630027,,86.3995226403778,False,80.65395517188229,False,102.56938393726902,False,97.08064635036204,False,104.26502155051544,False,102.3674617528425,False,109.88179887059783,False,,0,,,0.0,left_S1,80.65395517188229
pr_Agency_EBCI,test,05_15 Arina,01_calib_MI,test/05_15 Arina/01_calib_MI,C:\Users\hodor\Documents\lab-Shishkin\projects\BCI_classifier\data\pr_Agency_EBCI\trans\test\05_15 Arina\EPOCHS_01_calib_MI.hdf,"MATRIX_[8, 12]_robust_concat_01_calib_MI.hdf","C:\Users\hodor\Documents\lab-Shishkin\projects\BCI_classifier\data\pr_Agency_EBCI\features\csp\test\05_15 Arina\MATRIX_[8, 12]_robust_concat_01_calib_MI.hdf","[8, 12]",55,56,-1,last5,0.871095749476839,0.371,1.911,0.009739133867264882,1.7564528746590211,1.742,1.0194782677345298,0.1506178606244766,0.13659697488978179,0.4821428571428571,0.4821428571428571,0.2232371862827064,0.2024562306402123,0.4256934169229187,0.1438812681925529,0.14518403216621925,37.45065227424092,0.24901304548481848,0.15793225767840283,0.8135001197396976,0.7477104258776817,0.18465759912039895,0.18825440927528153,62.54934772575908,24.537610357633376,-75.51772270515244,30.44565867823703,0.31458009266036957,-0.6203040849143845,0.7185138882028108,0.00015518760896311026,,83.49791842271746,False,83.44882445057239,False,78.70228597601037,False,89.28531649588035,False,58.63860920441049,False,53.30466923356754,False,72.2748599563817,False,,0,,,0.0,right_S1,53.30466923356754
pr_Agency_EBCI,test,05_15 Arina,01_calib_MI,test/05_15 Arina/01_calib_MI,C:\Users\hodor\Documents\lab-Shishkin\projects\BCI_classifier\data\pr_Agency_EBCI\trans\test\05_15 Arina\EPOCHS_01_calib_MI.hdf,"MATRIX_[9, 13]_robust_concat_01_calib_MI.hdf","C:\Users\hodor\Documents\lab-Shishkin\projects\BCI_classifier\data\pr_Agency_EBCI\features\csp\test\05_15 Arina\MATRIX_[9, 13]_robust_concat_01_calib_MI.hdf","[9, 13]",0,1,0,first5,0.05876386170462866,0.441,2.774,0.16282385936609745,2.169221287921796,1.8820000000000001,1.325647718732195,1.67525927619561,0.4101935549036634,0.5714285714285714,0.5714285714285714,2.63255029116453,0.644589871991471,3.277140163156001,0.42200343029616927,0.09682502905012727,62.16568128292329,0.7433136256584658,1.4452188119517964,9.090786812594747,7.108842205421505,4.5844446064298845,6.077358534167891,37.83431871707671,-51.979667775673164,-6.483214770151702,53.54486736366437,0.6256488802199537,0.6528863480279948,-0.42696943126901493,0.0005228088720728014,,23.837265431913938,True,25.593350144733606,True,52.172479003693034,False,24.152697164646938,True,89.74011022373693,False,96.8896473207743,False,80.03171603309865,False,left_M1;left_S1;left_PMd,3,1;0.8;0.6,left_M1,1.0,left_M1,23.837265431913938
pr_Agency_EBCI,test,05_15 Arina,01_calib_MI,test/05_15 Arina/01_calib_MI,C:\Users\hodor\Documents\lab-Shishkin\projects\BCI_classifier\data\pr_Agency_EBCI\trans\test\05_15 Arina\EPOCHS_01_calib_MI.hdf,"MATRIX_[9, 13]_robust_concat_01_calib_MI.hdf","C:\Users\hodor\Documents\lab-Shishkin\projects\BCI_classifier\data\pr_Agency_EBCI\features\csp\test\05_15 Arina\MATRIX_[9, 13]_robust_concat_01_calib_MI.hdf","[9, 13]",1,2,1,first5,0.2215877210707261,0.278,1.256,0.030117433886698408,1.5894905864820088,1.556,1.0602348677733968,0.3695180016118394,0.1650203834724846,0.5,0.5,0.5542770024177591,0.2475305752087269,0.801807577626486,0.2777166332683657,0.11179142485832902,58.218269124875036,0.6643653824975007,0.22290250658016314,1.0070703174988664,1.274465596807242,0.8288706160867784,0.8787975280480192,41.781730875124964,-28.716095584656646,-36.89604661525221,71.09973590988682,0.7935306972772836,-0.302541430789412,0.5279940483893011,0.0002526059711929533,,21.151011947019033,True,24.265561754534556,True,44.16766829919543,False,32.61129140996288,True,67.69404014072065,False,73.57391892162227,False,65.41940868662039,False,left_M1;left_S1;left_PMd,3,1;0.8;0.6,left_M1,1.0,left_M1,21.151011947019033
pr_Agency_EBCI,test,05_15 Arina,01_calib_MI,test/05_15 Arina/01_calib_MI,C:\Users\hodor\Documents\lab-Shishkin\projects\BCI_classifier\data\pr_Agency_EBCI\trans\test\05_15 Arina\EPOCHS_01_calib_MI.hdf,"MATRIX_[9, 13]_robust_concat_01_calib_MI.hdf","C:\Users\hodor\Documents\lab-Shishkin\projects\BCI_classifier\data\pr_Agency_EBCI\features\csp\test\05_15 Arina\MATRIX_[9, 13]_robust_concat_01_calib_MI.hdf","[9, 13]",2,3,2,first5,0.2517051549574245,0.248,1.09,0.09241994923731611,1.5876805896434176,1.496,1.1848398984746322,0.379158884606173,0.40289960194131835,0.5357142857142857,0.5357142857142857,0.5822797156451942,0.6187386744098817,1.201018390055076,0.20420842028504121,0.2199134056950777,71.98373767440043,0.9396747534880088,0.29785256073365884,1.3091100451600328,1.9068335856952312,1.6883357227759148,2.0004075263649095,28.01626232559957,-44.26764917973427,-3.81003400058665,57.35995936733647,0.8008696592988762,-0.5327427785989944,0.27348294401136697,0.0003789099577409507,,21.859511419458443,True,26.82882249134827,True,44.326407106713205,False,16.853537147790526,True,82.77910196045357,False,90.31473179093005,False,72.40178466393071,False,left_M1;left_S1;left_PMd,3,1;0.8;0.6,left_M1,1.0,left_PMd,16.853537147790526
pr_Agency_EBCI,test,05_15 Arina,01_calib_MI,test/05_15 Arina/01_calib_MI,C:\Users\hodor\Documents\lab-Shishkin\projects\BCI_classifier\data\pr_Agency_EBCI\trans\test\05_15 Arina\EPOCHS_01_calib_MI.hdf,"MATRIX_[9, 13]_robust_concat_01_calib_MI.hdf","C:\Users\hodor\Documents\lab-Shishkin\projects\BCI_classifier\data\pr_Agency_EBCI\features\csp\test\05_15 Arina\MATRIX_[9, 13]_robust_concat_01_calib_MI.hdf","[9, 13]",3,4,3,first5,0.3441251041947406,0.156,0.645,0.009172606763958258,1.31772370662071,1.312,1.0183452135279165,0.030110673359472977,0.08212639160388516,0.5535714285714286,0.5535714285714286,0.04677908182632409,0.12758921552746444,0.17436829735378853,0.08993683348428709,0.25403491669689626,46.47875483887967,0.4295750967775933,0.027201454387191012,0.11246755179319361,0.22976923910617636,0.09827441301243561,0.10007727810347941,53.52124516112033,-20.730543705691016,-58.927426459970796,42.32566654480617,-0.6396437239549531,0.06788320262456951,0.7656681900186736,0.00014872166695066642,,40.49776302568222,False,37.18572979591528,False,58.96399446504443,False,53.2300211919405,False,68.00931630081148,False,69.75320668622277,False,71.80011177659705,False,,0,,,0.0,left_S1,37.18572979591528
pr_Agency_EBCI,test,05_15 Arina,01_calib_MI,test/05_15 Arina/01_calib_MI,C:\Users\hodor\Documents\lab-Shishkin\projects\BCI_classifier\data\pr_Agency_EBCI\trans\test\05_15 Arina\EPOCHS_01_calib_MI.hdf,"MATRIX_[9, 13]_robust_concat_01_calib_MI.hdf","C:\Users\hodor\Documents\lab-Shishkin\projects\BCI_classifier\data\pr_Agency_EBCI\features\csp\test\05_15 Arina\MATRIX_[9, 13]_robust_concat_01_calib_MI.hdf","[9, 13]",4,5,4,first5,0.3532977109586989,0.147,0.605,0.020407735205132504,1.3059997483006178,1.294,1.040815470410265,0.0394021478378354,0.08297710699488782,0.4821428571428571,0.4821428571428571,0.05839961197393461,0.1229839264388516,0.1813835384127862,0.06734365591644396,0.1601382523095699,33.9768819009406,0.0,0.02666338014667957,0.10973704073973566,0.23688685551297423,0.0,0.0,66.0231180990594,-23.111818784717236,-23.64903743117782,70.37664672761618,-0.8680645829357116,0.297231234408816,-0.3976398787149756,0.00012711145418092468,,19.311042460037175,True,27.107180969690436,True,31.60420975131219,True,21.805381428595204,True,60.8359948212622,False,67.95281315704334,False,55.353395226804786,False,left_M1;left_S1;SMA;left_PMd,4,1;0.8;0.7;0.6,left_M1,1.0,left_M1,19.311042460037175
pr_Agency_EBCI,test,05_15 Arina,01_calib_MI,test/05_15 Arina/01_calib_MI,C:\Users\hodor\Documents\lab-Shishkin\projects\BCI_classifier\data\pr_Agency_EBCI\trans\test\05_15 Arina\EPOCHS_01_calib_MI.hdf,"MATRIX_[9, 13]_robust_concat_01_calib_MI.hdf","C:\Users\hodor\Documents\lab-Shishkin\projects\BCI_classifier\data\pr_Agency_EBCI\features\csp\test\05_15 Arina\MATRIX_[9, 13]_robust_concat_01_calib_MI.hdf","[9, 13]",51,52,-5,last5,0.8460750820341445,0.346,1.704,0.006961300449805252,1.7016344398225303,1.692,1.0139226008996105,0.15820383232941362,0.18889612961903296,0.6071428571428572,0.6071428571428572,0.2542561591008433,0.30358306545916014,0.5578392245600035,0.13407975109962394,0.185514845624128,38.774128290183675,0.27548256580367353,0.19301237169776117,0.9505580386502459,0.9492384363951961,0.26001806766202457,0.26363819544477085,61.225871709816325,19.572341279029445,-71.21857233487768,42.14221480828447,-0.30209141478019974,0.0911556703507407,0.948910649576136,0.00010604289126478158,,74.2288144792622,False,74.74824308833502,False,69.91429089770607,False,80.32280966978396,False,51.879666101628736,False,47.949416158237796,False,65.26600592955756,False,,0,,,0.0,right_S1,47.949416158237796
pr_Agency_EBCI,test,05_15 Arina,01_calib_MI,test/05_15 Arina/01_calib_MI,C:\Users\hodor\Documents\lab-Shishkin\projects\BCI_classifier\data\pr_Agency_EBCI\trans\test\05_15 Arina\EPOCHS_01_calib_MI.hdf,"MATRIX_[9, 13]_robust_concat_01_calib_MI.hdf","C:\Users\hodor\Documents\lab-Shishkin\projects\BCI_classifier\data\pr_Agency_EBCI\features\csp\test\05_15 Arina\MATRIX_[9, 13]_robust_concat_01_calib_MI.hdf","[9, 13]",52,53,-4,last5,0.8527113370755821,0.353,1.756,0.006636255041437611,1.7153703921185097,1.706,1.0132725100828752,0.1502048268869598,0.18482468300675675,0.4821428571428571,0.4821428571428571,0.22262501127888684,0.27393658374215735,0.4965615950210442,0.18489931816671298,0.2219228972133216,29.847542657283494,0.0,0.1752862430424286,0.8719621608569535,0.8517870579622412,0.0,0.0,70.1524573427165,4.114839229789368,-78.54459950507498,32.43944049050126,0.9678573093537937,0.026032724830270314,-0.2501490075302049,0.00011915037231352987,,71.68970376561411,False,69.7550860269134,False,77.02592434808793,False,81.01236561468426,False,67.4305329721769,False,64.6102084505032,False,78.11620439288423,False,,0,,,0.0,right_S1,64.6102084505032
pr_Agency_EBCI,test,05_15 Arina,01_calib_MI,test/05_15 Arina/01_calib_MI,C:\Users\hodor\Documents\lab-Shishkin\projects\BCI_classifier\data\pr_Agency_EBCI\trans\test\05_15 Arina\EPOCHS_01_calib_MI.hdf,"MATRIX_[9, 13]_robust_concat_01_calib_MI.hdf","C:\Users\hodor\Documents\lab-Shishkin\projects\BCI_classifier\data\pr_Agency_EBCI\features\csp\test\05_15 Arina\MATRIX_[9, 13]_robust_concat_01_calib_MI.hdf","[9, 13]",53,54,-3,last5,0.855031247178885,0.355,1.775,0.0023199101033029024,1.71329427234669,1.71,1.0046398202066058,0.19839752957674406,0.20301506267282082,0.4642857142857143,0.4642857142857143,0.29051066830880384,0.29727205605663054,0.5877827243654343,0.17090159923501097,0.15865890784553663,29.082845818661347,0.0,0.20866286714972918,1.0433143357486458,1.0070447750396319,0.0,0.0,70.91715418133865,58.75726373080016,-35.00669506660688,22.754774678662976,0.4008457517313456,0.876580947636758,-0.2663240987202921,0.00018953015237906744,,101.02144016348288,False,105.03511981286914,False,74.40450462014874,False,96.75447997453539,False,41.76464288688375,False,34.07574045166662,True,52.731545182112306,False,right_S1,1,0.8,right_S1,0.8,right_S1,34.07574045166662
pr_Agency_EBCI,test,05_15 Arina,01_calib_MI,test/05_15 Arina/01_calib_MI,C:\Users\hodor\Documents\lab-Shishkin\projects\BCI_classifier\data\pr_Agency_EBCI\trans\test\05_15 Arina\EPOCHS_01_calib_MI.hdf,"MATRIX_[9, 13]_robust_concat_01_calib_MI.hdf","C:\Users\hodor\Documents\lab-Shishkin\projects\BCI_classifier\data\pr_Agency_EBCI\features\csp\test\05_15 Arina\MATRIX_[9, 13]_robust_concat_01_calib_MI.hdf","[9, 13]",54,55,-2,last5,0.8775237306608505,0.378,1.969,0.02249248348196553,1.7900086350247317,1.756,1.044984966963931,0.43387554041902454,0.37666529577523417,0.5,0.5,0.6508133106285368,0.5649979436628513,1.215811254291388,0.24196662212528913,0.20892610004544884,63.91663022704024,0.7783326045408048,0.45957665412214466,2.393932359699743,2.1763126437418343,1.6617125285607135,1.7364646117615674,36.08336977295976,-16.264694104176023,-83.3550310995028,5.249363113128671,-0.7632393401117086,-0.415013881762085,0.4952062072012122,0.0003274501023948682,,80.54892401545631,False,75.46315234939922,False,95.03142008134999,False,91.6063603736043,False,93.96938390267917,False,91.79954233006943,False,101.0612240207211,False,,0,,,0.0,left_S1,75.46315234939922
pr_Agency_EBCI,test,05_15 Arina,01_calib_MI,test/05_15 Arina/01_calib_MI,C:\Users\hodor\Documents\lab-Shishkin\projects\BCI_classifier\data\pr_Agency_EBCI\trans\test\05_15 Arina\EPOCHS_01_calib_MI.hdf,"MATRIX_[9, 13]_robust_concat_01_calib_MI.hdf","C:\Users\hodor\Documents\lab-Shishkin\projects\BCI_classifier\data\pr_Agency_EBCI\features\csp\test\05_15 Arina\MATRIX_[9, 13]_robust_concat_01_calib_MI.hdf","[9, 13]",55,56,-1,last5,0.8930877576372015,0.393,2.123,0.015564026976350953,1.8104666504068239,1.786,1.031128053952702,0.20587944113970458,0.2660750301378249,0.6428571428571428,0.6428571428571428,0.33823051044380037,0.4371232637978552,0.7753537742416556,0.13960995025386655,0.19698307725253003,62.54151397467215,0.7508302794934429,0.30471403327697066,1.646076062715035,1.403752150531579,1.0397361365620024,1.0721010991174782,37.45848602532785,26.39805333401513,-75.16145651437876,29.853409284325057,-0.23869802914428911,0.5647916015213104,-0.7899580354256962,0.00024071154437201007,,84.82131747739058,False,84.90183940710897,False,79.19845235818393,False,90.29647641916135,False,58.25234946765757,False,52.66354882265322,False,72.08933125162466,False,,0,,,0.0,right_S1,52.66354882265322
pr_Agency_EBCI,test,05_15 Arina,01_calib_MI,test/05_15 Arina/01_calib_MI,C:\Users\hodor\Documents\lab-Shishkin\projects\BCI_classifier\data\pr_Agency_EBCI\trans\test\05_15 Arina\EPOCHS_01_calib_MI.hdf,"MATRIX_[10, 14]_robust_concat_01_calib_MI.hdf","C:\Users\hodor\Documents\lab-Shishkin\projects\BCI_classifier\data\pr_Agency_EBCI\features\csp\test\05_15 Arina\MATRIX_[10, 14]_robust_concat_01_calib_MI.hdf","[10, 14]",0,1,0,first5,0.06731709710824363,0.433,2.629,0.1346635314282436,2.099237236433718,1.866,1.2693270628564872,1.6364268173000474,0.40313532948797653,0.5714285714285714,0.5714285714285714,2.571527855757217,0.6334983749096774,3.2050262306668946,0.4180149458328724,0.09732734721360756,63.2066204224336,0.764132408448672,1.3877763578787654,8.426013960423266,6.728110407162748,4.569954194248718,5.800766534774409,36.7933795775664,-51.44490267964341,-6.2370287054854305,54.86692833328028,0.653806137375245,0.6445566074416608,-0.3963386361859752,0.0004941448190848134,,23.5659079900463,True,25.731386854190816,True,51.540763793273456,False,23.538381015803875,True,89.23798521517604,False,96.46163962747117,False,79.4725391626895,False,left_M1;left_S1;left_PMd,3,1;0.8;0.6,left_M1,1.0,left_PMd,23.538381015803875
pr_Agency_EBCI,test,05_15 Arina,01_calib_MI,test/05_15 Arina/01_calib_MI,C:\Users\hodor\Documents\lab-Shishkin\projects\BCI_classifier\data\pr_Agency_EBCI\trans\test\05_15 Arina\EPOCHS_01_calib_MI.hdf,"MATRIX_[10, 14]_robust_concat_01_calib_MI.hdf","C:\Users\hodor\Documents\lab-Shishkin\projects\BCI_classifier\data\pr_Agency_EBCI\features\csp\test\05_15 Arina\MATRIX_[10, 14]_robust_concat_01_calib_MI.hdf","[10, 14]",1,2,1,first5,0.20198062853648724,0.298,1.374,0.0601966317406919,1.6677543850349048,1.596,1.1203932634813838,0.40566460620745637,0.2177746352239631,0.6071428571428572,0.6071428571428572,0.6519609742619835,0.34999494946708354,1.0019559237290672,0.24257927872552987,0.1260768298588141,55.58438410848261,0.6116876821696522,0.298582865271262,1.3766874392037385,1.6710163854108504,0.9781630182086896,1.095927256187634,44.41561589151739,-7.838634350274317,-37.34267656655156,58.673156959025015,0.10967537752061167,0.36212913986975226,-0.925653173506635,0.0003793347870019891,,31.276753369631216,True,35.57309131935299,False,32.31502287055116,True,35.70180809257112,False,45.90205494075662,False,50.81668423717857,False,46.39554017693404,False,left_M1;SMA,2,1;0.7,left_M1,1.0,left_M1,31.276753369631216
pr_Agency_EBCI,test,05_15 Arina,01_calib_MI,test/05_15 Arina/01_calib_MI,C:\Users\hodor\Documents\lab-Shishkin\projects\BCI_classifier\data\pr_Agency_EBCI\trans\test\05_15 Arina\EPOCHS_01_calib_MI.hdf,"MATRIX_[10, 14]_robust_concat_01_calib_MI.hdf","C:\Users\hodor\Documents\lab-Shishkin\projects\BCI_classifier\data\pr_Agency_EBCI\features\csp\test\05_15 Arina\MATRIX_[10, 14]_robust_concat_01_calib_MI.hdf","[10, 14]",2,3,2,first5,0.26217726027717914,0.238,1.035,0.07029518008794311,1.5429210114437217,1.476,1.1405903601758862,0.3484371340392123,0.5395690801733422,0.4821428571428571,0.4821428571428571,0.5164336093795467,0.7997184581140607,1.3161520674936074,0.16086739887313528,0.2528773317609576,73.10572035076828,0.9621144070153658,0.31324419206347853,1.3622173898558836,2.0307186791909824,1.8690423661549818,2.131811705596701,26.89427964923172,-51.922863443329796,0.9809516231615496,55.872120451240654,0.8335636117781412,-0.5524068743325632,-0.004283726124306617,0.0002776400835953978,,29.62434602506285,True,32.76088978004967,True,52.43324618115518,False,25.553419351718162,True,91.40292234525188,False,98.97634544506059,False,80.42597805571096,False,left_M1;left_S1;left_PMd,3,1;0.8;0.6,left_M1,1.0,left_PMd,25.553419351718162
pr_Agency_EBCI,test,05_15 Arina,01_calib_MI,test/05_15 Arina/01_calib_MI,C:\Users\hodor\Documents\lab-Shishkin\projects\BCI_classifier\data\pr_Agency_EBCI\trans\test\05_15 Arina\EPOCHS_01_calib_MI.hdf,"MATRIX_[10, 14]_robust_concat_01_calib_MI.hdf","C:\Users\hodor\Documents\lab-Shishkin\projects\BCI_classifier\data\pr_Agency_EBCI\features\csp\test\05_15 Arina\MATRIX_[10, 14]_robust_concat_01_calib_MI.hdf","[10, 14]",3,4,3,first5,0.33247244036512225,0.168,0.697,0.02702470920429878,1.3541606045852888,1.336,1.0540494184085976,0.17765067141663177,0.3914131020148157,0.5,0.5,0.2664760071249477,0.5871196530222236,0.8535956601471713,0.11614159852438777,0.2818523105173281,29.869170982631033,0.0,0.1434040709047248,0.5949561751225784,1.155905615216272,0.0,0.0,70.13082901736897,-2.3741168176897505,-18.432069591310995,64.00987965504272,-0.5496332917994267,0.8177105917542137,0.17103401029824486,0.00026707836841522413,,35.01228414306393,False,42.99145079253524,False,14.011118387028684,True,28.804029872912473,True,39.594606484494456,False,47.4037600472669,False,33.09944441377961,True,SMA;left_PMd;right_PMd,3,0.7;0.6;0.6,SMA,0.7,SMA,14.011118387028684
pr_Agency_EBCI,test,05_15 Arina,01_calib_MI,test/05_15 Arina/01_calib_MI,C:\Users\hodor\Documents\lab-Shishkin\projects\BCI_classifier\data\pr_Agency_EBCI\trans\test\05_15 Arina\EPOCHS_01_calib_MI.hdf,"MATRIX_[10, 14]_robust_concat_01_calib_MI.hdf","C:\Users\hodor\Documents\lab-Shishkin\projects\BCI_classifier\data\pr_Agency_EBCI\features\csp\test\05_15 Arina\MATRIX_[10, 14]_robust_concat_01_calib_MI.hdf","[10, 14]",4,5,4,first5,0.359497149569421,0.141,0.578,0.027545034870015916,1.297535399666689,1.282,1.0550900697400318,0.17671701936301315,0.16846136721399319,0.4642857142857143,0.4642857142857143,0.25876420692441215,0.24667557342049004,0.5054397803449022,0.26574373169651194,0.25684802390600103,35.24651015987289,0.20493020319745783,0.0712670090286312,0.29214419303935346,0.6558260073972662,0.13278940217318416,0.14010477959964202,64.75348984012712,-63.45318097003863,-1.4411832658123382,56.41855640507279,-0.7911270975436183,-0.028313791643258243,-0.6109961086087148,0.00010109886102660845,,35.53522966415982,False,35.99122987194178,False,63.63638856091944,False,36.05719494513123,False,101.9804422767922,False,109.34122292466571,False,91.68902647512145,False,,0,,,0.0,left_M1,35.53522966415982
pr_Agency_EBCI,test,05_15 Arina,01_calib_MI,test/05_15 Arina/01_calib_MI,C:\Users\hodor\Documents\lab-Shishkin\projects\BCI_classifier\data\pr_Agency_EBCI\trans\test\05_15 Arina\EPOCHS_01_calib_MI.hdf,"MATRIX_[10, 14]_robust_concat_01_calib_MI.hdf","C:\Users\hodor\Documents\lab-Shishkin\projects\BCI_classifier\data\pr_Agency_EBCI\features\csp\test\05_15 Arina\MATRIX_[10, 14]_robust_concat_01_calib_MI.hdf","[10, 14]",51,52,-5,last5,0.8511233678531412,0.351,1.743,0.0030670820554957734,1.7063061832059159,1.702,1.0061341641109915,0.2010625023297749,0.23276512224977766,0.5357142857142857,0.5357142857142857,0.30877455714929714,0.35746072345501567,0.6662352806043128,0.19292486532265962,0.1818596409536151,28.786222926327177,0.0,0.2338485834921138,1.1612480940933172,1.1368013787650673,0.0,0.0,71.21377707367282,37.36939722708921,16.998628484092812,67.33289518352368,-0.9628983622084485,-0.26756574510501974,0.035147063926920734,0.00013875658140388364,,84.80796248161965,False,93.50652367768883,False,44.86102644581316,False,70.89798327991713,False,42.55816372428397,False,49.652907630220334,False,29.002612705158437,True,right_PMd,1,0.6,right_PMd,0.6,right_PMd,29.002612705158437
pr_Agency_EBCI,test,05_15 Arina,01_calib_MI,test/05_15 Arina/01_calib_MI,C:\Users\hodor\Documents\lab-Shishkin\projects\BCI_classifier\data\pr_Agency_EBCI\trans\test\05_15 Arina\EPOCHS_01_calib_MI.hdf,"MATRIX_[10, 14]_robust_concat_01_calib_MI.hdf","C:\Users\hodor\Documents\lab-Shishkin\projects\BCI_classifier\data\pr_Agency_EBCI\features\csp\test\05_15 Arina\MATRIX_[10, 14]_robust_concat_01_calib_MI.hdf","[10, 14]",52,53,-4,last5,0.8569251874806354,0.357,1.79,0.005801819627494154,1.7222849984280617,1.714,1.0116036392549883,0.1305826895388247,0.04949949660882429,0.5178571428571428,0.5178571428571428,0.1982058680500018,0.07513316449553686,0.27333903254553865,0.18118844309792875,0.07918807061517855,56.00485668794614,0.6200971337589227,0.0975820346187573,0.4892768682565142,0.47076771523802097,0.2905174305728362,0.29388849003448947,43.99514331205386,24.876299508976135,-70.53965922883904,40.50314981475846,-0.6360611518564642,0.14243846673264465,-0.7583782000386624,9.303684110225495e-05,,78.17938403893223,False,79.04480356472881,False,71.3466022809758,False,83.35025130067746,False,50.29740509623025,False,45.48475187443122,False,64.5067348955189,False,,0,,,0.0,right_S1,45.48475187443122
pr_Agency_EBCI,test,05_15 Arina,01_calib_MI,test/05_15 Arina/01_calib_MI,C:\Users\hodor\Documents\lab-Shishkin\projects\BCI_classifier\data\pr_Agency_EBCI\trans\test\05_15 Arina\EPOCHS_01_calib_MI.hdf,"MATRIX_[10, 14]_robust_concat_01_calib_MI.hdf","C:\Users\hodor\Documents\lab-Shishkin\projects\BCI_classifier\data\pr_Agency_EBCI\features\csp\test\05_15 Arina\MATRIX_[10, 14]_robust_concat_01_calib_MI.hdf","[10, 14]",53,54,-3,last5,0.8623787534786528,0.362,1.835,0.0054535659980173845,1.7318967635651292,1.724,1.0109071319960348,0.12735666669839893,0.1519114573060308,0.4821428571428571,0.4821428571428571,0.18876077385655557,0.22515448136429567,0.41391525522085126,0.12731953877565053,0.21836466114818714,39.772430569883745,0.2954486113976749,0.14983732238994815,0.759534493330262,0.7168584909072268,0.2108291450626266,0.21312868637643584,60.227569430116255,18.37372633140345,-72.08781919896226,33.95565541848489,-0.7412368414946964,0.6591153145380776,-0.12702341104039624,0.00018286793886195825,,75.86101501102536,False,75.77578589127393,False,72.68647860593241,False,82.12018139024872,False,55.75909797316415,False,51.52847468889807,False,68.45339175271133,False,,0,,,0.0,right_S1,51.52847468889807
pr_Agency_EBCI,test,05_15 Arina,01_calib_MI,test/05_15 Arina/01_calib_MI,C:\Users\hodor\Documents\lab-Shishkin\projects\BCI_classifier\data\pr_Agency_EBCI\trans\test\05_15 Arina\EPOCHS_01_calib_MI.hdf,"MATRIX_[10, 14]_robust_concat_01_calib_MI.hdf","C:\Users\hodor\Documents\lab-Shishkin\projects\BCI_classifier\data\pr_Agency_EBCI\features\csp\test\05_15 Arina\MATRIX_[10, 14]_robust_concat_01_calib_MI.hdf","[10, 14]",54,55,-2,last5,0.8733874481975654,0.373,1.931,0.011008694718912637,1.7624249725206176,1.746,1.0220173894378253,0.14278309229189282,0.13097046246533245,0.5,0.5,0.21417463843783924,0.19645569369799867,0.4106303321358379,0.12305971847332776,0.12457921893285773,47.1472096802348,0.44294419360469606,0.15316511388666754,0.792927171354303,0.7237051518306361,0.31757351705534,0.3245656568554873,52.8527903197652,21.636841035761154,-77.24893336986968,28.235472937491643,-0.3694814683474127,0.6509262926630521,-0.6631579043242828,0.00014474750245315886,,83.23655034067174,False,82.74576719147518,False,80.19033899171221,False,89.61082369824993,False,61.74640235240896,False,56.673386118158994,False,74.87839159512966,False,,0,,,0.0,right_S1,56.673386118158994
pr_Agency_EBCI,test,05_15 Arina,01_calib_MI,test/05_15 Arina/01_calib_MI,C:\Users\hodor\Documents\lab-Shishkin\projects\BCI_classifier\data\pr_Agency_EBCI\trans\test\05_15 Arina\EPOCHS_01_calib_MI.hdf,"MATRIX_[10, 14]_robust_concat_01_calib_MI.hdf","C:\Users\hodor\Documents\lab-Shishkin\projects\BCI_classifier\data\pr_Agency_EBCI\features\csp\test\05_15 Arina\MATRIX_[10, 14]_robust_concat_01_calib_MI.hdf","[10, 14]",55,56,-1,last5,0.8867087131395703,0.387,2.058,0.013321264942004918,1.7946213181302237,1.774,1.0266425298840098,0.4878719856130359,0.4464880446301023,0.5,0.5,0.7318079784195539,0.6697320669451534,1.4015400453647073,0.20579053103019224,0.19181936713710018,60.920675985731656,0.7184135197146331,0.5423959975561418,2.8843694133605675,2.5152336436247045,1.7862145523783404,1.8338038269693335,39.079324014268344,-21.846547903489547,-82.24363547920741,-3.257181617647393,0.48283781349812316,0.3691277141707929,-0.7941110605497174,0.0003865122625050257,,84.2855554252913,False,78.66965869899468,False,100.21380097632839,False,95.19136491899002,False,101.24207500566327,False,99.29317825310335,False,107.2763222725833,False,,0,,,0.0,left_S1,78.66965869899468
pr_Agency_EBCI,test,05_15 Arina,01_calib_MI,test/05_15 Arina/01_calib_MI,C:\Users\hodor\Documents\lab-Shishkin\projects\BCI_classifier\data\pr_Agency_EBCI\trans\test\05_15 Arina\EPOCHS_01_calib_MI.hdf,"MATRIX_[8, 15]_robust_concat_01_calib_MI.hdf","C:\Users\hodor\Documents\lab-Shishkin\projects\BCI_classifier\data\pr_Agency_EBCI\features\csp\test\05_15 Arina\MATRIX_[8, 15]_robust_concat_01_calib_MI.hdf","[8, 15]",0,1,0,first5,0.09254235187034832,0.407,2.283,0.1394249419817305,2.040983805546257,1.814,1.278849883963461,1.489884778795834,0.35816086645677264,0.5714285714285714,0.5714285714285714,2.3412475095363106,0.5628242187177855,2.904071728254096,0.4233102347767071,0.09553479767802496,62.74182735610968,0.7548365471221936,1.181957193399417,6.629995755604101,5.927163367511341,3.976468449374213,5.085306215066576,37.25817264389032,-52.148078584949445,-6.5662771418241785,53.75109763814063,0.6102507394910218,0.6594608140551645,-0.4389823113479183,0.00047179650237049245,,23.86949300916468,True,25.596664018938153,True,52.323951888060115,False,24.294913509048072,True,89.88368045839735,False,97.03641796341161,False,80.19244118946912,False,left_M1;left_S1;left_PMd,3,1;0.8;0.6,left_M1,1.0,left_M1,23.86949300916468
pr_Agency_EBCI,test,05_15 Arina,01_calib_MI,test/05_15 Arina/01_calib_MI,C:\Users\hodor\Documents\lab-Shishkin\projects\BCI_classifier\data\pr_Agency_EBCI\trans\test\05_15 Arina\EPOCHS_01_calib_MI.hdf,"MATRIX_[8, 15]_robust_concat_01_calib_MI.hdf","C:\Users\hodor\Documents\lab-Shishkin\projects\BCI_classifier\data\pr_Agency_EBCI\features\csp\test\05_15 Arina\MATRIX_[8, 15]_robust_concat_01_calib_MI.hdf","[8, 15]",1,2,1,first5,0.23196729385207882,0.268,1.197,0.05168829607199399,1.5914098533891776,1.536,1.103376592143988,0.5407962467739273,0.32138429231015125,0.625,0.625,0.878793901007632,0.5222494750039958,1.4010433760116277,0.261986754723143,0.15507144934599096,57.84106737517825,0.656821347503565,0.37547962477111624,1.6770489210859183,2.229634233610543,1.4134812643474963,1.559602140515116,42.15893262482175,-9.65358448257817,-37.16456454662177,52.894357307655994,0.2450365941517317,0.27800939775904665,-0.9287991399027951,0.0004435405462350517,,29.615610526398513,True,33.14244192817082,True,33.02255841155731,True,34.59491008897803,True,47.61512944792424,False,52.15576334438322,False,47.72849532630615,False,left_M1;left_S1;SMA;left_PMd,4,1;0.8;0.7;0.6,left_M1,1.0,left_M1,29.615610526398513
pr_Agency_EBCI,test,05_15 Arina,01_calib_MI,test/05_15 Arina/01_calib_MI,C:\Users\hodor\Documents\lab-Shishkin\projects\BCI_classifier\data\pr_Agency_EBCI\trans\test\05_15 Arina\EPOCHS_01_calib_MI.hdf,"MATRIX_[8, 15]_robust_concat_01_calib_MI.hdf","C:\Users\hodor\Documents\lab-Shishkin\projects\BCI_classifier\data\pr_Agency_EBCI\features\csp\test\05_15 Arina\MATRIX_[8, 15]_robust_concat_01_calib_MI.hdf","[8, 15]",2,3,2,first5,0.2836555899240728,0.216,0.926,0.10170789334005703,1.5198756198458092,1.432,1.203415786680114,0.1569096252001172,0.2419157760971397,0.4821428571428571,0.4821428571428571,0.23256248020731657,0.3585537395725464,0.591116219779863,0.16521386723879689,0.26471284659832567,72.7652276886142,0.9553045537722842,0.1276811034724504,0.5473736195161532,0.8984231309388307,0.8086446957201655,0.9731357926447844,27.234772311385797,-56.85242776329801,5.614567529443673,57.315748421130635,0.8799549425940555,-0.46771927122705775,-0.08317440908790728,0.00021209959188843382,,36.243310382569206,False,38.95188329272465,False,58.03072394602889,False,31.930396658322607,True,97.46962165414494,False,105.20673493785513,False,85.94778729116415,False,left_PMd,1,0.6,left_PMd,0.6,left_PMd,31.930396658322607
pr_Agency_EBCI,test,05_15 Arina,01_calib_MI,test/05_15 Arina/01_calib_MI,C:\Users\hodor\Documents\lab-Shishkin\projects\BCI_classifier\data\pr_Agency_EBCI\trans\test\05_15 Arina\EPOCHS_01_calib_MI.hdf,"MATRIX_[8, 15]_robust_concat_01_calib_MI.hdf","C:\Users\hodor\Documents\lab-Shishkin\projects\BCI_classifier\data\pr_Agency_EBCI\features\csp\test\05_15 Arina\MATRIX_[8, 15]_robust_concat_01_calib_MI.hdf","[8, 15]",3,4,3,first5,0.38536348326412984,0.115,0.467,0.021323506178352714,1.2398088128420424,1.23,1.0426470123567055,0.11919953407519739,0.5919143555382325,0.5892857142857143,0.5892857142857143,0.18944211665522442,0.9407210293375481,1.1301631459927726,0.06282052896616235,0.3523452211504596,53.95383648782681,0.5790767297565362,0.12996876178916886,0.5277861891786249,1.4011862283511272,0.8049749497676099,0.8393047263971876,46.04616351217319,1.7075050238721878,-21.041106836453267,76.89355303294411,0.6385453699175558,-0.6127096735129977,0.4656679788652508,0.00015602095301340562,,43.210548969193596,False,51.091063257008635,False,24.209849534452328,True,38.58946592793981,False,40.26500737341895,False,48.2020321223196,False,36.02646690878725,False,SMA,1,0.7,SMA,0.7,SMA,24.209849534452328
pr_Agency_EBCI,test,05_15 Arina,01_calib_MI,test/05_15 Arina/01_calib_MI,C:\Users\hodor\Documents\lab-Shishkin\projects\BCI_classifier\data\pr_Agency_EBCI\trans\test\05_15 Arina\EPOCHS_01_calib_MI.hdf,"MATRIX_[8, 15]_robust_concat_01_calib_MI.hdf","C:\Users\hodor\Documents\lab-Shishkin\projects\BCI_classifier\data\pr_Agency_EBCI\features\csp\test\05_15 Arina\MATRIX_[8, 15]_robust_concat_01_calib_MI.hdf","[8, 15]",4,5,4,first5,0.40668698944248255,0.093,0.378,0.008653569690921181,1.1892191279250226,1.186,1.0173071393818423,0.17067474664510335,0.13054563236773223,0.4464285714285714,0.4464285714285714,0.24686882996881018,0.1888249325318984,0.43569376250070857,0.16330295512979598,0.1307491779134144,47.41636805464183,0.4483273610928366,0.040519519912565895,0.16469224222526785,0.5181353562834645,0.23166545365685037,0.2356749199532472,52.58363194535817,-37.923517558008434,-40.00727508068865,64.67269647271239,0.1097237359563973,0.9733144197971753,0.20154339974967894,0.00011332712034716747,,18.307059824357392,True,16.654143614426246,True,51.373269514438626,False,34.61441206958125,True,76.13235165004306,False,81.53840475061645,False,73.79425105941327,False,left_M1;left_S1;left_PMd,3,1;0.8;0.6,left_M1,1.0,left_S1,16.654143614426246
pr_Agency_EBCI,test,05_15 Arina,01_calib_MI,test/05_15 Arina/01_calib_MI,C:\Users\hodor\Documents\lab-Shishkin\projects\BCI_classifier\data\pr_Agency_EBCI\trans\test\05_15 Arina\EPOCHS_01_calib_MI.hdf,"MATRIX_[8, 15]_robust_concat_01_calib_MI.hdf","C:\Users\hodor\Documents\lab-Shishkin\projects\BCI_classifier\data\pr_Agency_EBCI\features\csp\test\05_15 Arina\MATRIX_[8, 15]_robust_concat_01_calib_MI.hdf","[8, 15]",51,52,-5,last5,0.7925526523192675,0.293,1.34,0.009847515700432963,1.5975412884009073,1.5859999999999999,1.019695031400866,0.1757941342623977,0.16938818755829138,0.4464285714285714,0.4464285714285714,0.2542736584866824,0.2450079141468143,0.4992815726334967,0.170199035475745,0.1585544493606109,46.09559979745957,0.42191199594919143,0.14628950078161454,0.6690373073288857,0.7976229268197474,0.33409547537281337,0.3406754962511681,53.90440020254043,26.145223907518975,-72.34892573225684,31.09932608286536,-0.3443255358679114,0.716314881230202,-0.6069043716084412,0.0001565874083975164,,82.58142064354685,False,82.90983791006043,False,76.21941311893477,False,87.70708680841213,False,55.27005330939796,False,49.816097858115164,False,69.0236770882008,False,,0,,,0.0,right_S1,49.816097858115164
pr_Agency_EBCI,test,05_15 Arina,01_calib_MI,test/05_15 Arina/01_calib_MI,C:\Users\hodor\Documents\lab-Shishkin\projects\BCI_classifier\data\pr_Agency_EBCI\trans\test\05_15 Arina\EPOCHS_01_calib_MI.hdf,"MATRIX_[8, 15]_robust_concat_01_calib_MI.hdf","C:\Users\hodor\Documents\lab-Shishkin\projects\BCI_classifier\data\pr_Agency_EBCI\features\csp\test\05_15 Arina\MATRIX_[8, 15]_robust_concat_01_calib_MI.hdf","[8, 15]",52,53,-4,last5,0.7956220775409092,0.296,1.359,0.003069425221641664,1.5956341994624237,1.592,1.0061388504432833,0.08919353736167718,0.08046060488462779,0.4821428571428571,0.4821428571428571,0.13219756430391438,0.11925411081114477,0.25145167511505917,0.11774191668954688,0.11709850813919129,19.72883051505788,0.0,0.07442969583405751,0.3417228264813654,0.4012248923257029,0.0,0.0,80.27116948494212,-19.29415270043201,-81.7797123009148,14.278258759574085,-0.9004463279070509,-0.39696917687915767,0.17779730922202297,7.044528546989195e-05,,73.20030177332622,False,67.96781495506866,False,89.59028843536427,False,85.20528983896604,False,90.2033379014781,False,88.66251475927712,False,97.06125137762544,False,,0,,,0.0,left_S1,67.96781495506866
pr_Agency_EBCI,test,05_15 Arina,01_calib_MI,test/05_15 Arina/01_calib_MI,C:\Users\hodor\Documents\lab-Shishkin\projects\BCI_classifier\data\pr_Agency_EBCI\trans\test\05_15 Arina\EPOCHS_01_calib_MI.hdf,"MATRIX_[8, 15]_robust_concat_01_calib_MI.hdf","C:\Users\hodor\Documents\lab-Shishkin\projects\BCI_classifier\data\pr_Agency_EBCI\features\csp\test\05_15 Arina\MATRIX_[8, 15]_robust_concat_01_calib_MI.hdf","[8, 15]",53,54,-3,last5,0.8110442068829783,0.311,1.457,0.015422129342069102,1.641185128901534,1.6219999999999999,1.0308442586841382,0.25588933975201855,0.2192048762676137,0.5178571428571428,0.5178571428571428,0.38840346212359955,0.33272168719191364,0.7211251493155132,0.1919176800303015,0.16196872732214346,34.138897107137886,0.0,0.2242699214371246,1.0506793425527028,1.1834998711335185,0.0,0.0,65.8611028928621,-3.425997304616735,-83.57012288487572,15.46908999863259,0.9658901257722172,0.19035273657418594,-0.17556224142579402,0.0002405887211992569,,79.07224454672433,False,75.44679672041832,False,88.53100997645048,False,89.2047069769688,False,82.13259687555109,False,79.16935444064033,False,91.33012342575663,False,,0,,,0.0,left_S1,75.44679672041832
pr_Agency_EBCI,test,05_15 Arina,01_calib_MI,test/05_15 Arina/01_calib_MI,C:\Users\hodor\Documents\lab-Shishkin\projects\BCI_classifier\data\pr_Agency_EBCI\trans\test\05_15 Arina\EPOCHS_01_calib_MI.hdf,"MATRIX_[8, 15]_robust_concat_01_calib_MI.hdf","C:\Users\hodor\Documents\lab-Shishkin\projects\BCI_classifier\data\pr_Agency_EBCI\features\csp\test\05_15 Arina\MATRIX_[8, 15]_robust_concat_01_calib_MI.hdf","[8, 15]",54,55,-2,last5,0.8236551164157604,0.324,1.541,0.0126109095327821,1.6643437387544857,1.6480000000000001,1.0252218190655642,0.3715474757948263,0.279882174438509,0.4642857142857143,0.4642857142857143,0.5440516609852813,0.40982746971353107,0.9538791306988124,0.24511218222032347,0.17897716642213343,40.89380538051181,0.31787610761023616,0.30905683834641523,1.4699277404068698,1.58758275870714,0.49969895480494314,0.512302271430285,59.10619461948819,-19.750295740523292,-82.81185989359653,0.6253286773539185,-0.6501430286552079,-0.4096677805295945,0.639911206252078,0.00019600426476400762,,82.3968565951127,False,76.96426923296914,False,97.88763410938739,False,93.44103073703238,False,98.14929731480974,False,96.13297261071705,False,104.61003464361168,False,,0,,,0.0,left_S1,76.96426923296914
pr_Agency_EBCI,test,05_15 Arina,01_calib_MI,test/05_15 Arina/01_calib_MI,C:\Users\hodor\Documents\lab-Shishkin\projects\BCI_classifier\data\pr_Agency_EBCI\trans\test\05_15 Arina\EPOCHS_01_calib_MI.hdf,"MATRIX_[8, 15]_robust_concat_01_calib_MI.hdf","C:\Users\hodor\Documents\lab-Shishkin\projects\BCI_classifier\data\pr_Agency_EBCI\features\csp\test\05_15 Arina\MATRIX_[8, 15]_robust_concat_01_calib_MI.hdf","[8, 15]",55,56,-1,last5,0.8249705423269255,0.325,1.55,0.001315425911165069,1.6517100536845146,1.65,1.0026308518223301,0.22585232181136278,0.373085093526483,0.5892857142857143,0.5892857142857143,0.3589438685930587,0.5929388093545891,0.9518826779476478,0.12858078985015184,0.22968419347497565,33.345802313807276,0.0,0.30936187033298557,1.4754181508188542,1.5722341890942688,0.0,0.0,66.65419768619273,-21.88386297180539,-81.83268034102753,-8.030757745829881,0.31705737691980357,0.258510565286204,-0.91249488073969,0.00031629619492854074,,87.42895502939167,False,81.82284275073043,False,102.90558699488425,False,97.92144686427565,False,103.89946316257542,False,101.84039755948551,False,109.72512204976289,False,,0,,,0.0,left_S1,81.82284275073043
pr_Agency_EBCI,test,05_15 Arina,02_calib_MI,test/05_15 Arina/02_calib_MI,C:\Users\hodor\Documents\lab-Shishkin\projects\BCI_classifier\data\pr_Agency_EBCI\trans\test\05_15 Arina\EPOCHS_02_calib_MI.hdf,"MATRIX_[8, 12]_robust_concat_02_calib_MI.hdf","C:\Users\hodor\Documents\lab-Shishkin\projects\BCI_classifier\data\pr_Agency_EBCI\features\csp\test\05_15 Arina\MATRIX_[8, 12]_robust_concat_02_calib_MI.hdf","[8, 12]",0,1,0,first5,0.11464841745795484,0.385,2.044,0.1098051650533805,1.9390999541822058,1.77,1.219610330106761,1.1910758917274695,0.3576326987505296,0.5357142857142857,0.5357142857142857,1.8291522622957566,0.5492216445097419,2.3783739068054985,0.38200058409091925,0.108739671926747,36.39087097222871,0.22781741944457423,0.915673954120117,4.8613962655104395,4.611904733714696,0.9590479604832479,1.1696647996731897,63.60912902777129,-44.47395725090922,-13.246130000058255,71.09986332306613,0.9551114090791518,0.2789389837735881,-0.09977594689199971,0.0002274811885506798,,20.38282472674388,True,25.52679775087508,True,46.92595968775128,False,22.95471672353143,True,82.58153176087309,False,90.12903095876949,False,74.21591629805164,False,left_M1;left_S1;left_PMd,3,1;0.8;0.6,left_M1,1.0,left_M1,20.38282472674388
pr_Agency_EBCI,test,05_15 Arina,02_calib_MI,test/05_15 Arina/02_calib_MI,C:\Users\hodor\Documents\lab-Shishkin\projects\BCI_classifier\data\pr_Agency_EBCI\trans\test\05_15 Arina\EPOCHS_02_calib_MI.hdf,"MATRIX_[8, 12]_robust_concat_02_calib_MI.hdf","C:\Users\hodor\Documents\lab-Shishkin\projects\BCI_classifier\data\pr_Agency_EBCI\features\csp\test\05_15 Arina\MATRIX_[8, 12]_robust_concat_02_calib_MI.hdf","[8, 12]",1,2,1,first5,0.22445358251133535,0.276,1.24,0.003990377189580091,1.5564053764172965,1.552,1.0079807543791601,0.785429119149812,0.323711593100359,0.5892857142857143,0.5892857142857143,1.2482712786488084,0.5144702104630706,1.7627414891118791,0.3102165980079863,0.11809363177580601,42.43314757029742,0.34866295140594844,0.4865166509948787,2.1857994464987303,2.74354033088756,0.9538633130474886,0.9614758618602125,57.56685242970258,-7.826559534798503,-47.92521410482668,66.72863448613133,0.5517466813242171,0.03800441796718932,-0.8331454037937723,0.00018690682696169547,,38.487169492508244,False,41.30460032198115,False,43.533523540827524,False,46.00102193926008,False,51.071389138695274,False,54.96300582759966,False,54.70528939100605,False,,0,,,0.0,left_M1,38.487169492508244
pr_Agency_EBCI,test,05_15 Arina,02_calib_MI,test/05_15 Arina/02_calib_MI,C:\Users\hodor\Documents\lab-Shishkin\projects\BCI_classifier\data\pr_Agency_EBCI\trans\test\05_15 Arina\EPOCHS_02_calib_MI.hdf,"MATRIX_[8, 12]_robust_concat_02_calib_MI.hdf","C:\Users\hodor\Documents\lab-Shishkin\projects\BCI_classifier\data\pr_Agency_EBCI\features\csp\test\05_15 Arina\MATRIX_[8, 12]_robust_concat_02_calib_MI.hdf","[8, 12]",2,3,2,first5,0.22844395970091544,0.272,1.217,0.04401001500522242,1.5918828963256821,1.544,1.0880200300104448,0.18320931787090342,0.21067613850407818,0.4642857142857143,0.4642857142857143,0.2682707868823943,0.3084900599524002,0.5767608468347944,0.17528924304383411,0.20934810334542225,67.60618751371769,0.8521237502743537,0.1568789503390641,0.7019179505979449,0.9181357273466257,0.758832174820332,0.8256246056209088,32.393812486282314,-58.23849854744172,4.209106535065733,55.3360492072724,0.845327653446149,-0.15831975377941837,-0.5102509322700464,0.0001372368564325274,,35.92694448191245,False,38.01422140878446,False,59.186528899157175,False,32.61701867803652,True,98.37219693916583,False,105.96767802158494,False,87.10098590002788,False,left_PMd,1,0.6,left_PMd,0.6,left_PMd,32.61701867803652
pr_Agency_EBCI,test,05_15 Arina,02_calib_MI,test/05_15 Arina/02_calib_MI,C:\Users\hodor\Documents\lab-Shishkin\projects\BCI_classifier\data\pr_Agency_EBCI\trans\test\05_15 Arina\EPOCHS_02_calib_MI.hdf,"MATRIX_[8, 12]_robust_concat_02_calib_MI.hdf","C:\Users\hodor\Documents\lab-Shishkin\projects\BCI_classifier\data\pr_Agency_EBCI\features\csp\test\05_15 Arina\MATRIX_[8, 12]_robust_concat_02_calib_MI.hdf","[8, 12]",3,4,3,first5,0.27245397470613786,0.228,0.982,0.07365456930568792,1.5231729672067873,1.456,1.1473091386113758,0.5150264116024215,0.5194447296737379,0.5714285714285714,0.5714285714285714,0.8093272182323765,0.8162702894873024,1.625597507719679,0.20375550641964368,0.21330141605055788,35.12687025682267,0.2025374051364534,0.3706362317600868,1.5963367525807246,2.4760661793173417,0.4793797022703118,0.5499967132795293,64.87312974317733,-32.320615203553785,-56.15528820391949,55.03245180842827,-0.7202562660610536,-0.1083445072819884,0.6851951393155179,0.0001384998710126997,,32.379570433538134,True,28.053259258742184,True,59.74095282319925,False,48.35840823727288,False,75.5155955466962,False,78.84699556251488,False,77.1909615825633,False,left_M1;left_S1,2,1;0.8,left_M1,1.0,left_S1,28.053259258742184
pr_Agency_EBCI,test,05_15 Arina,02_calib_MI,test/05_15 Arina/02_calib_MI,C:\Users\hodor\Documents\lab-Shishkin\projects\BCI_classifier\data\pr_Agency_EBCI\trans\test\05_15 Arina\EPOCHS_02_calib_MI.hdf,"MATRIX_[8, 12]_robust_concat_02_calib_MI.hdf","C:\Users\hodor\Documents\lab-Shishkin\projects\BCI_classifier\data\pr_Agency_EBCI\features\csp\test\05_15 Arina\MATRIX_[8, 12]_robust_concat_02_calib_MI.hdf","[8, 12]",4,5,4,first5,0.3461085440118258,0.154,0.636,0.035254746899832545,1.3297169240902968,1.308,1.070509493799665,0.36825600381956025,0.13433828431782358,0.5892857142857143,0.5892857142857143,0.5852640060703725,0.21350191614796962,0.7987659222183422,0.2509924606184001,0.09799189225692798,45.45025536891739,0.40900510737834783,0.1230099520216247,0.5080151265308657,1.0621325651603233,0.4273227390574982,0.4574530490775287,54.54974463108261,21.006104844262726,-29.16025350829163,76.97768211770581,0.5123734546372407,-0.01085271014455666,-0.8586941607264007,0.0001241222120707857,,60.96217969213719,False,67.7817012606627,False,36.57603316185592,False,57.35344616998662,False,26.2965445494763,True,32.63944564409123,True,30.606111236420215,True,right_M1;right_S1;right_PMd,3,1;0.8;0.6,right_M1,1.0,right_M1,26.2965445494763
pr_Agency_EBCI,test,05_15 Arina,02_calib_MI,test/05_15 Arina/02_calib_MI,C:\Users\hodor\Documents\lab-Shishkin\projects\BCI_classifier\data\pr_Agency_EBCI\trans\test\05_15 Arina\EPOCHS_02_calib_MI.hdf,"MATRIX_[8, 12]_robust_concat_02_calib_MI.hdf","C:\Users\hodor\Documents\lab-Shishkin\projects\BCI_classifier\data\pr_Agency_EBCI\features\csp\test\05_15 Arina\MATRIX_[8, 12]_robust_concat_02_calib_MI.hdf","[8, 12]",51,52,-5,last5,0.8578358129869287,0.358,1.797,0.001242937951408507,1.717779887146417,1.716,1.002485875902817,0.08618462553659986,0.2218161340016168,0.4821428571428571,0.4821428571428571,0.12773792713460339,0.3287631986095392,0.4565011257441426,0.08577974197925892,0.25519174160301417,30.54115784957388,0.0,0.16342740301640304,0.8203325229622243,0.7841684522629856,0.0,0.0,69.45884215042612,45.09482515772649,17.23409939913231,69.8372310801494,0.9713283740585237,-0.09625123149433693,-0.2173864995455063,6.441376417994454e-05,,92.0222287525422,False,100.67142359134843,False,52.09113811906529,False,78.55623591599426,False,44.434623458206445,False,50.58463107911982,False,33.47329956284532,True,right_PMd,1,0.6,right_PMd,0.6,right_PMd,33.47329956284532
pr_Agency_EBCI,test,05_15 Arina,02_calib_MI,test/05_15 Arina/02_calib_MI,C:\Users\hodor\Documents\lab-Shishkin\projects\BCI_classifier\data\pr_Agency_EBCI\trans\test\05_15 Arina\EPOCHS_02_calib_MI.hdf,"MATRIX_[8, 12]_robust_concat_02_calib_MI.hdf","C:\Users\hodor\Documents\lab-Shishkin\projects\BCI_classifier\data\pr_Agency_EBCI\features\csp\test\05_15 Arina\MATRIX_[8, 12]_robust_concat_02_calib_MI.hdf","[8, 12]",52,53,-4,last5,0.8632586578227118,0.363,1.843,0.005422844835783147,1.7338739707015571,1.726,1.0108456896715663,0.11785155541112625,0.058395666864450274,0.4642857142857143,0.4642857142857143,0.17256834899486345,0.08550794076580219,0.25807628976066566,0.2708855632840004,0.11789416658400656,42.27019077106785,0.34540381542135706,0.09368169318312163,0.4756346020289068,0.447471761271251,0.15385656367428793,0.15552524421783281,57.72980922893215,50.0898886386719,10.53097285699965,55.697082855490514,-0.4475610662754918,-0.8931167889941176,0.045072088604608034,8.684003074339199e-05,,92.75747285834288,False,100.68254949025774,False,52.797475648063774,False,80.25907687871494,False,37.29617684290791,False,41.49547542276528,False,28.83490755823957,True,right_PMd,1,0.6,right_PMd,0.6,right_PMd,28.83490755823957
pr_Agency_EBCI,test,05_15 Arina,02_calib_MI,test/05_15 Arina/02_calib_MI,C:\Users\hodor\Documents\lab-Shishkin\projects\BCI_classifier\data\pr_Agency_EBCI\trans\test\05_15 Arina\EPOCHS_02_calib_MI.hdf,"MATRIX_[8, 12]_robust_concat_02_calib_MI.hdf","C:\Users\hodor\Documents\lab-Shishkin\projects\BCI_classifier\data\pr_Agency_EBCI\features\csp\test\05_15 Arina\MATRIX_[8, 12]_robust_concat_02_calib_MI.hdf","[8, 12]",53,54,-3,last5,0.8742005934127333,0.374,1.939,0.010941935590021434,1.764369135642672,1.748,1.0218838711800429,0.11940164950692775,0.11530588032140751,0.5535714285714286,0.5535714285714286,0.18549899119826277,0.17913592121361524,0.364634912411878,0.20042731037258568,0.1680575382713368,41.99139692059033,0.3398279384118067,0.13637345724204236,0.7070270951666315,0.6433505852372866,0.21660015221520607,0.22134020204386132,58.00860307940967,52.98547721681138,-24.134944671006085,61.853762152297435,0.5528136748232608,0.6294743090865261,0.5460394996046009,0.00012611743410632787,,89.17791148543208,False,95.67516075069642,False,56.1354477744693,False,82.78436139094613,False,17.966390224046716,True,15.880057060580459,True,30.31298471981765,True,right_M1;right_S1;right_PMd,3,1;0.8;0.6,right_M1,1.0,right_S1,15.880057060580459
pr_Agency_EBCI,test,05_15 Arina,02_calib_MI,test/05_15 Arina/02_calib_MI,C:\Users\hodor\Documents\lab-Shishkin\projects\BCI_classifier\data\pr_Agency_EBCI\trans\test\05_15 Arina\EPOCHS_02_calib_MI.hdf,"MATRIX_[8, 12]_robust_concat_02_calib_MI.hdf","C:\Users\hodor\Documents\lab-Shishkin\projects\BCI_classifier\data\pr_Agency_EBCI\features\csp\test\05_15 Arina\MATRIX_[8, 12]_robust_concat_02_calib_MI.hdf","[8, 12]",54,55,-2,last5,0.8881977698767511,0.388,2.072,0.01399717646401788,1.7977236178721556,1.776,1.0279943529280358,0.21429304879676447,0.15662705325002468,0.4464285714285714,0.4464285714285714,0.30995958843817717,0.22654984487949997,0.5365094333176772,0.19100771299519467,0.11841474453144558,33.331903130846925,0.0,0.20816566012725876,1.1116475458342272,0.9644956794863947,0.0,0.0,66.66809686915308,48.00317263212645,27.66717293629132,46.214578746357454,-0.15967004836768545,0.862823208075247,0.4796265080883247,0.00015033691982915026,,99.10491532009253,False,107.04926444116552,False,59.805344831358425,False,84.52445767070834,False,53.93818111112483,False,58.26673163304547,False,42.04793228839207,False,,0,,,0.0,right_PMd,42.04793228839207
pr_Agency_EBCI,test,05_15 Arina,02_calib_MI,test/05_15 Arina/02_calib_MI,C:\Users\hodor\Documents\lab-Shishkin\projects\BCI_classifier\data\pr_Agency_EBCI\trans\test\05_15 Arina\EPOCHS_02_calib_MI.hdf,"MATRIX_[8, 12]_robust_concat_02_calib_MI.hdf","C:\Users\hodor\Documents\lab-Shishkin\projects\BCI_classifier\data\pr_Agency_EBCI\features\csp\test\05_15 Arina\MATRIX_[8, 12]_robust_concat_02_calib_MI.hdf","[8, 12]",55,56,-1,last5,0.8934212730681721,0.393,2.126,0.005223503191420953,1.7942113470169136,1.786,1.010447006382842,0.2806680072751435,0.26976229994601075,0.5714285714285714,0.5714285714285714,0.44104972571808265,0.42391218562944544,0.8649619113475281,0.16002181180118247,0.15388618223820097,26.867890916130783,0.0,0.33993003115957854,1.8389090235248446,1.5519244760771727,0.0,0.0,73.13210908386921,44.35749993914537,-23.340845917553548,49.817112700151455,-0.3502961245285914,-0.6034291315771858,-0.7163559927188808,0.00022527225515083852,,80.59770701413771,False,86.64137075206679,False,48.32444911791171,False,74.2238334113253,False,10.416831797617217,True,7.393722744374024,True,23.262361296478236,True,right_M1;right_S1;right_PMd,3,1;0.8;0.6,right_M1,1.0,right_S1,7.393722744374024
pr_Agency_EBCI,test,05_15 Arina,02_calib_MI,test/05_15 Arina/02_calib_MI,C:\Users\hodor\Documents\lab-Shishkin\projects\BCI_classifier\data\pr_Agency_EBCI\trans\test\05_15 Arina\EPOCHS_02_calib_MI.hdf,"MATRIX_[9, 13]_robust_concat_02_calib_MI.hdf","C:\Users\hodor\Documents\lab-Shishkin\projects\BCI_classifier\data\pr_Agency_EBCI\features\csp\test\05_15 Arina\MATRIX_[9, 13]_robust_concat_02_calib_MI.hdf","[9, 13]",0,1,0,first5,0.11807216184580732,0.382,2.011,0.0977919556284087,1.9134261082002086,1.764,1.1955839112568174,1.2999503317228778,0.4008005581542232,0.5535714285714286,0.5535714285714286,2.0195656939266136,0.6226722957038825,2.642237989630496,0.37458205534018085,0.10986300275291232,36.932034190350144,0.2386406838070029,1.0093349120388495,5.313540597146928,5.055727153437423,1.1122822278247266,1.329826736364133,63.067965809649856,-44.81379056766728,-12.344793651850557,70.02861184006903,0.9459828709631405,0.3083469554203646,-0.10019262910676505,0.00023898306119881423,,20.256571510203027,True,25.390048708781695,True,46.83182394831913,False,22.324487346630455,True,82.8463308245577,False,90.40669991102656,False,74.28005976618893,False,left_M1;left_S1;left_PMd,3,1;0.8;0.6,left_M1,1.0,left_M1,20.256571510203027
pr_Agency_EBCI,test,05_15 Arina,02_calib_MI,test/05_15 Arina/02_calib_MI,C:\Users\hodor\Documents\lab-Shishkin\projects\BCI_classifier\data\pr_Agency_EBCI\trans\test\05_15 Arina\EPOCHS_02_calib_MI.hdf,"MATRIX_[9, 13]_robust_concat_02_calib_MI.hdf","C:\Users\hodor\Documents\lab-Shishkin\projects\BCI_classifier\data\pr_Agency_EBCI\features\csp\test\05_15 Arina\MATRIX_[9, 13]_robust_concat_02_calib_MI.hdf","[9, 13]",1,2,1,first5,0.21586411747421602,0.284,1.29,0.054348731867849776,1.6297401594018772,1.568,1.1086974637356994,0.7986771235099772,0.30594597876557744,0.5714285714285714,0.5714285714285714,1.2550640512299642,0.4807722523459074,1.7358363035758717,0.3025281920499937,0.09952298892632865,46.243923272076884,0.4248784654415377,0.49297751021554753,2.239228831612875,2.8289621340853066,1.1564305209961712,1.2821315856150086,53.756076727923116,-5.686760686935382,-48.190292289239096,69.743823773612,-0.6576899235601573,-0.13927810954833872,0.7403010013825967,0.00019546674169121863,,41.14553937682734,False,44.321342094806326,False,44.16194524007695,False,47.97950536277616,False,50.11834942941301,False,54.034777324330626,False,54.21208473941422,False,,0,,,0.0,left_M1,41.14553937682734
pr_Agency_EBCI,test,05_15 Arina,02_calib_MI,test/05_15 Arina/02_calib_MI,C:\Users\hodor\Documents\lab-Shishkin\projects\BCI_classifier\data\pr_Agency_EBCI\trans\test\05_15 Arina\EPOCHS_02_calib_MI.hdf,"MATRIX_[9, 13]_robust_concat_02_calib_MI.hdf","C:\Users\hodor\Documents\lab-Shishkin\projects\BCI_classifier\data\pr_Agency_EBCI\features\csp\test\05_15 Arina\MATRIX_[9, 13]_robust_concat_02_calib_MI.hdf","[9, 13]",2,3,2,first5,0.2702128493420658,0.23,0.994,0.019811232739018414,1.478226334119897,1.46,1.0396224654780368,0.3297548274833745,0.6962920857313382,0.5714285714285714,0.5714285714285714,0.5181861574738742,1.094173277577817,1.6123594350516912,0.12499009942201277,0.2786904707972029,27.465119133243,0.0,0.370842670061889,1.602685278441381,2.3834321769600897,0.0,0.0,72.53488086675699,-36.261497398141444,-41.23714787414179,64.7998934535511,0.6303461484907712,0.7761460677215838,-0.016155947609879425,0.00012151509666111573,,19.355251807148292,True,17.973346290524958,True,51.01755908350772,False,35.36097372614218,False,74.80829765373949,False,80.09352495531016,False,72.88131565396415,False,left_M1;left_S1,2,1;0.8,left_M1,1.0,left_S1,17.973346290524958
pr_Agency_EBCI,test,05_15 Arina,02_calib_MI,test/05_15 Arina/02_calib_MI,C:\Users\hodor\Documents\lab-Shishkin\projects\BCI_classifier\data\pr_Agency_EBCI\trans\test\05_15 Arina\EPOCHS_02_calib_MI.hdf,"MATRIX_[9, 13]_robust_concat_02_calib_MI.hdf","C:\Users\hodor\Documents\lab-Shishkin\projects\BCI_classifier\data\pr_Agency_EBCI\features\csp\test\05_15 Arina\MATRIX_[9, 13]_robust_concat_02_calib_MI.hdf","[9, 13]",3,4,3,first5,0.2900240820810842,0.21,0.895,0.0634112010507406,1.473265408882622,1.42,1.1268224021014812,0.2059863639069871,0.28426372841568026,0.5535714285714286,0.5535714285714286,0.32001452964121213,0.441624006645789,0.7616385362870011,0.16274181982274072,0.2408192734772143,37.24185499848509,0.24483709996970177,0.1599440926202702,0.681666489976866,1.1220957095836304,0.2647978660385425,0.2983801674808967,62.75814500151491,-65.72896768789899,6.4307464534142555,52.929559448301895,0.8160448002660929,-0.5056155976363984,-0.28004240997652546,0.00010230829049895722,,42.65289503283029,False,43.48709320538954,False,67.08598973030244,False,40.511097876739484,False,106.2273072318935,False,113.72595942449229,False,94.88305134334294,False,,0,,,0.0,left_PMd,40.511097876739484
pr_Agency_EBCI,test,05_15 Arina,02_calib_MI,test/05_15 Arina/02_calib_MI,C:\Users\hodor\Documents\lab-Shishkin\projects\BCI_classifier\data\pr_Agency_EBCI\trans\test\05_15 Arina\EPOCHS_02_calib_MI.hdf,"MATRIX_[9, 13]_robust_concat_02_calib_MI.hdf","C:\Users\hodor\Documents\lab-Shishkin\projects\BCI_classifier\data\pr_Agency_EBCI\features\csp\test\05_15 Arina\MATRIX_[9, 13]_robust_concat_02_calib_MI.hdf","[9, 13]",4,5,4,first5,0.3534352831318248,0.147,0.604,0.07560546665447976,1.3384560143928341,1.294,1.1512109333089595,0.23213604412277616,0.32290245997905437,0.5714285714285714,0.5714285714285714,0.36478521219293397,0.5074181513956568,0.8722033635885909,0.15591743277685988,0.22344354881707176,38.519828398764474,0.2703965679752895,0.12821389444752285,0.5268108316075089,1.1674058377688092,0.30517799014157093,0.3513242388562303,61.480171601235526,26.514247726662667,-30.440756789782792,74.75897260265565,0.7937258582331428,0.07799612934432866,-0.6032543955740094,0.00012396261339888169,,65.5851627272729,False,72.19672597858347,False,39.7645456111938,False,61.86509374121495,False,21.985492883341113,True,27.531320781018522,True,29.286414567561778,True,right_M1;right_S1;right_PMd,3,1;0.8;0.6,right_M1,1.0,right_M1,21.985492883341113
pr_Agency_EBCI,test,05_15 Arina,02_calib_MI,test/05_15 Arina/02_calib_MI,C:\Users\hodor\Documents\lab-Shishkin\projects\BCI_classifier\data\pr_Agency_EBCI\trans\test\05_15 Arina\EPOCHS_02_calib_MI.hdf,"MATRIX_[9, 13]_robust_concat_02_calib_MI.hdf","C:\Users\hodor\Documents\lab-Shishkin\projects\BCI_classifier\data\pr_Agency_EBCI\features\csp\test\05_15 Arina\MATRIX_[9, 13]_robust_concat_02_calib_MI.hdf","[9, 13]",51,52,-5,last5,0.8904178281758305,0.39,2.095,0.002788795354370599,1.784350520752818,1.78,1.0055775907087412,0.173026401731664,0.42078354377202754,0.5,0.5,0.259539602597496,0.6311753156580413,0.8907149182555373,0.1029588293992234,0.27351055591623574,45.47616132485969,0.4095232264971938,0.34737881811965954,1.8660477537453508,1.5893476282315717,0.6492878360394816,0.6529092978410741,54.52383867514031,55.88103431242575,-17.183588310067073,60.417135613760806,0.7194894308657921,0.2626409792099542,0.642926648158291,0.00010462065557066432,,92.23935722715204,False,99.0747468259019,False,57.04038208051278,False,84.49779463750224,False,21.476267848228616,True,20.683125830711152,True,29.685037571305454,True,right_M1;right_S1;right_PMd,3,1;0.8;0.6,right_M1,1.0,right_S1,20.683125830711152
pr_Agency_EBCI,test,05_15 Arina,02_calib_MI,test/05_15 Arina/02_calib_MI,C:\Users\hodor\Documents\lab-Shishkin\projects\BCI_classifier\data\pr_Agency_EBCI\trans\test\05_15 Arina\EPOCHS_02_calib_MI.hdf,"MATRIX_[9, 13]_robust_concat_02_calib_MI.hdf","C:\Users\hodor\Documents\lab-Shishkin\projects\BCI_classifier\data\pr_Agency_EBCI\features\csp\test\05_15 Arina\MATRIX_[9, 13]_robust_concat_02_calib_MI.hdf","[9, 13]",52,53,-4,last5,0.8966370361623113,0.397,2.16,0.00621920798648079,1.8038761022825316,1.794,1.0124384159729616,0.06344048712920583,0.1255701837970727,0.4821428571428571,0.4821428571428571,0.09402786485221579,0.18611295098494704,0.2801408158371628,0.11072815814406005,0.24973311642847648,20.286554290779122,0.0,0.11121590388735365,0.6051041622082718,0.5053393229625898,0.0,0.0,79.71344570922088,-64.49327786957666,-53.326557300325945,-15.683063588673367,0.17324129925919413,0.7287908507467187,0.6624585633070647,5.587205712239286e-05,,82.52499895365038,False,75.04047522205452,False,108.75835497135814,False,92.3293979825692,False,126.87555897618357,False,128.31969296893075,False,125.49089549930004,False,,0,,,0.0,left_S1,75.04047522205452
pr_Agency_EBCI,test,05_15 Arina,02_calib_MI,test/05_15 Arina/02_calib_MI,C:\Users\hodor\Documents\lab-Shishkin\projects\BCI_classifier\data\pr_Agency_EBCI\trans\test\05_15 Arina\EPOCHS_02_calib_MI.hdf,"MATRIX_[9, 13]_robust_concat_02_calib_MI.hdf","C:\Users\hodor\Documents\lab-Shishkin\projects\BCI_classifier\data\pr_Agency_EBCI\features\csp\test\05_15 Arina\MATRIX_[9, 13]_robust_concat_02_calib_MI.hdf","[9, 13]",53,54,-3,last5,0.8983804227798871,0.398,2.179,0.0017433866175757817,1.7987754714951807,1.796,1.0034867732351516,0.19396932799295355,0.09356528428740422,0.4464285714285714,0.4464285714285714,0.28056277798980783,0.13533550048713824,0.41589827847694605,0.24811077411486604,0.12396737431807776,41.25687696834818,0.32513753936696366,0.16552751483382452,0.9062423488012654,0.7481076219614026,0.24286256063214703,0.24370936730837958,58.74312303165182,51.96912026082639,17.93606959108753,64.866419885792,-0.8428151092775993,-0.38115637318874296,-0.379976987133421,8.253835404487031e-05,,97.85608542039395,False,106.27138415920224,False,57.62701285162732,False,84.53610650317069,False,45.74123015665888,False,50.62405443357841,False,36.411699129577315,False,,0,,,0.0,right_PMd,36.411699129577315
pr_Agency_EBCI,test,05_15 Arina,02_calib_MI,test/05_15 Arina/02_calib_MI,C:\Users\hodor\Documents\lab-Shishkin\projects\BCI_classifier\data\pr_Agency_EBCI\trans\test\05_15 Arina\EPOCHS_02_calib_MI.hdf,"MATRIX_[9, 13]_robust_concat_02_calib_MI.hdf","C:\Users\hodor\Documents\lab-Shishkin\projects\BCI_classifier\data\pr_Agency_EBCI\features\csp\test\05_15 Arina\MATRIX_[9, 13]_robust_concat_02_calib_MI.hdf","[9, 13]",54,55,-2,last5,0.9101058512644596,0.41,2.315,0.011725428484572586,1.8392297027146989,1.8199999999999998,1.0234508569691452,0.1121137546246059,0.14845085648036405,0.5178571428571428,0.5178571428571428,0.1701726632694911,0.22532719287198114,0.3954998561414722,0.13308650658076254,0.14518766962906512,42.426387949243406,0.3485277589848681,0.1621549410180036,0.9155821669675082,0.7274150828347861,0.25087367494248153,0.2567568776108815,57.573612050756594,35.69412798127453,-62.2023731412026,45.63233002396109,0.10583279794138975,0.13110078181915139,0.985703811439473,8.499196577364671e-05,,81.89601871487471,False,84.34404294091942,False,67.7180683398662,False,84.27530939821698,False,39.58539442829357,False,33.42609876676515,True,55.71880688118197,False,right_S1,1,0.8,right_S1,0.8,right_S1,33.42609876676515
pr_Agency_EBCI,test,05_15 Arina,02_calib_MI,test/05_15 Arina/02_calib_MI,C:\Users\hodor\Documents\lab-Shishkin\projects\BCI_classifier\data\pr_Agency_EBCI\trans\test\05_15 Arina\EPOCHS_02_calib_MI.hdf,"MATRIX_[9, 13]_robust_concat_02_calib_MI.hdf","C:\Users\hodor\Documents\lab-Shishkin\projects\BCI_classifier\data\pr_Agency_EBCI\features\csp\test\05_15 Arina\MATRIX_[9, 13]_robust_concat_02_calib_MI.hdf","[9, 13]",55,56,-1,last5,0.9145235985731801,0.415,2.37,0.0044177473087204655,1.8373334605324758,1.83,1.008835494617441,0.22887119131449538,0.1591285207403213,0.5535714285714286,0.5535714285714286,0.3555677436493053,0.24721752329299918,0.6027852669423045,0.17777379708500904,0.11557737332505917,26.91309317256939,0.0,0.25015588578105635,1.4286010826532618,1.1075175404690965,0.0,0.0,73.08690682743061,44.010852330114695,-20.97647985060778,47.38790483072898,0.4189234810519445,0.4728640981445178,0.7751791158882527,0.00019076962690465235,,80.52978547028287,False,86.60578535115131,False,47.68507770173483,False,73.67577665574619,False,12.14428311401155,True,10.331450277208335,True,22.336172565024434,True,right_M1;right_S1;right_PMd,3,1;0.8;0.6,right_M1,1.0,right_S1,10.331450277208335
pr_Agency_EBCI,test,05_15 Arina,02_calib_MI,test/05_15 Arina/02_calib_MI,C:\Users\hodor\Documents\lab-Shishkin\projects\BCI_classifier\data\pr_Agency_EBCI\trans\test\05_15 Arina\EPOCHS_02_calib_MI.hdf,"MATRIX_[10, 14]_robust_concat_02_calib_MI.hdf","C:\Users\hodor\Documents\lab-Shishkin\projects\BCI_classifier\data\pr_Agency_EBCI\features\csp\test\05_15 Arina\MATRIX_[10, 14]_robust_concat_02_calib_MI.hdf","[10, 14]",0,1,0,first5,0.14326209298014225,0.357,1.788,0.05222045555092675,1.7885708105267233,1.714,1.1044409111018534,1.420869812439509,0.44307330924107075,0.5535714285714286,0.5535714285714286,2.2074227443256658,0.6883460339995207,2.8957687783251864,0.3716418488616209,0.11180886305772723,34.535879790546616,0.0,1.0337894538620915,5.177634575645434,5.1792875109470575,0.0,0.0,65.46412020945338,-45.624410968667625,-10.856947769858145,67.66953344785341,0.9144102037516991,0.3829100708790322,-0.13127778522732042,0.00024103467742961956,,20.038640655209523,True,25.002541511397077,True,46.89004899737432,False,21.329791922162734,True,83.49528309309906,False,91.04959156836068,False,74.59821748496095,False,left_M1;left_S1;left_PMd,3,1;0.8;0.6,left_M1,1.0,left_M1,20.038640655209523
pr_Agency_EBCI,test,05_15 Arina,02_calib_MI,test/05_15 Arina/02_calib_MI,C:\Users\hodor\Documents\lab-Shishkin\projects\BCI_classifier\data\pr_Agency_EBCI\trans\test\05_15 Arina\EPOCHS_02_calib_MI.hdf,"MATRIX_[10, 14]_robust_concat_02_calib_MI.hdf","C:\Users\hodor\Documents\lab-Shishkin\projects\BCI_classifier\data\pr_Agency_EBCI\features\csp\test\05_15 Arina\MATRIX_[10, 14]_robust_concat_02_calib_MI.hdf","[10, 14]",1,2,1,first5,0.195482548531069,0.305,1.415,0.08728970713868522,1.7164934427091958,1.6099999999999999,1.1745794142773704,0.7039514515038332,0.413326981474953,0.5714285714285714,0.5714285714285714,1.106209423791738,0.649513828032069,1.7557232518238068,0.24960596344169314,0.14541269531068626,41.563140102967324,0.3312628020593465,0.535495591806261,2.4843484013306867,3.0136874489676306,0.9363853445042419,1.0998589494857063,58.436859897032676,-5.728748375797628,-48.37116363136904,69.61415838680271,0.63684968215321,0.1706416479957665,-0.7518669498725452,0.00019385354282459115,,41.1782418301667,False,44.30984002715551,False,44.30601246403466,False,48.07478351943212,False,50.20545155995063,False,54.09058744704215,False,54.339715020688104,False,,0,,,0.0,left_M1,41.1782418301667
pr_Agency_EBCI,test,05_15 Arina,02_calib_MI,test/05_15 Arina/02_calib_MI,C:\Users\hodor\Documents\lab-Shishkin\projects\BCI_classifier\data\pr_Agency_EBCI\trans\test\05_15 Arina\EPOCHS_02_calib_MI.hdf,"MATRIX_[10, 14]_robust_concat_02_calib_MI.hdf","C:\Users\hodor\Documents\lab-Shishkin\projects\BCI_classifier\data\pr_Agency_EBCI\features\csp\test\05_15 Arina\MATRIX_[10, 14]_robust_concat_02_calib_MI.hdf","[10, 14]",2,3,2,first5,0.2827722556697542,0.217,0.931,0.03909736191046109,1.4679365101382802,1.434,1.0781947238209222,0.22361543120658028,0.6907349252803665,0.5535714285714286,0.5535714285714286,0.34740254491022293,1.073106044631998,1.420508589542221,0.09217259044415105,0.31295778339319386,21.13082089103585,0.0,0.30825036393066196,1.3224934968638078,2.0852164215540583,0.0,0.0,78.86917910896415,-35.971114215035264,-40.54004958637904,65.6018736789517,-0.5569894841013747,-0.8228138536391595,-0.11287194895083548,0.0001092657123525405,,19.12511576056459,True,18.23324098095668,True,50.44526307525191,False,34.85096077670872,True,74.46885590513712,False,79.847343504938,False,72.41100923991903,False,left_M1;left_S1;left_PMd,3,1;0.8;0.6,left_M1,1.0,left_S1,18.23324098095668
pr_Agency_EBCI,test,05_15 Arina,02_calib_MI,test/05_15 Arina/02_calib_MI,C:\Users\hodor\Documents\lab-Shishkin\projects\BCI_classifier\data\pr_Agency_EBCI\trans\test\05_15 Arina\EPOCHS_02_calib_MI.hdf,"MATRIX_[10, 14]_robust_concat_02_calib_MI.hdf","C:\Users\hodor\Documents\lab-Shishkin\projects\BCI_classifier\data\pr_Agency_EBCI\features\csp\test\05_15 Arina\MATRIX_[10, 14]_robust_concat_02_calib_MI.hdf","[10, 14]",3,4,3,first5,0.3218696175802153,0.178,0.745,0.053877603059032275,1.394360853378031,1.3559999999999999,1.1077552061180644,0.14931430307335444,0.10088019169356388,0.5,0.5,0.22397145461003165,0.15132028754034582,0.37529174215037747,0.25993450617041947,0.1710779937352926,69.52256764409847,0.8904513528819695,0.06680193010276719,0.2795923479020312,0.5232921138505283,0.45314677759350647,0.5019757020148314,30.477432355901527,-54.43471302385795,5.166839071239499,57.14353340943577,0.9490918156136732,-0.25381774586036254,-0.1865510048793788,0.0001508795187536222,,34.52319241232011,True,37.653480505554086,False,55.574902715645706,False,29.55448142735954,True,95.02867719680003,False,102.77556315676543,False,83.48745553142838,False,left_M1;left_PMd,2,1;0.6,left_M1,1.0,left_PMd,29.55448142735954
pr_Agency_EBCI,test,05_15 Arina,02_calib_MI,test/05_15 Arina/02_calib_MI,C:\Users\hodor\Documents\lab-Shishkin\projects\BCI_classifier\data\pr_Agency_EBCI\trans\test\05_15 Arina\EPOCHS_02_calib_MI.hdf,"MATRIX_[10, 14]_robust_concat_02_calib_MI.hdf","C:\Users\hodor\Documents\lab-Shishkin\projects\BCI_classifier\data\pr_Agency_EBCI\features\csp\test\05_15 Arina\MATRIX_[10, 14]_robust_concat_02_calib_MI.hdf","[10, 14]",4,5,4,first5,0.3757472206392476,0.124,0.508,0.0230201661683741,1.2594180024195136,1.248,1.0460403323367482,0.11712805938595662,0.4830876962311272,0.5892857142857143,0.5892857142857143,0.18614995152410965,0.7677643743673271,0.9539143258914368,0.07421519318963546,0.31644857458888054,24.20270557202474,0.0,0.11828537641053816,0.4845884775528499,1.2013768747935503,0.0,0.0,75.79729442797526,4.885428648446568,-55.8653028399379,63.859365523866785,-0.39914244583474734,-0.12703805187868503,-0.9080455061878365,8.707875988802534e-05,,52.42886063310851,False,54.844342107267124,False,50.445495386011025,False,58.60297142456842,False,45.22481290076952,False,46.766973905096,False,53.732115640115715,False,,0,,,0.0,right_M1,45.22481290076952
pr_Agency_EBCI,test,05_15 Arina,02_calib_MI,test/05_15 Arina/02_calib_MI,C:\Users\hodor\Documents\lab-Shishkin\projects\BCI_classifier\data\pr_Agency_EBCI\trans\test\05_15 Arina\EPOCHS_02_calib_MI.hdf,"MATRIX_[10, 14]_robust_concat_02_calib_MI.hdf","C:\Users\hodor\Documents\lab-Shishkin\projects\BCI_classifier\data\pr_Agency_EBCI\features\csp\test\05_15 Arina\MATRIX_[10, 14]_robust_concat_02_calib_MI.hdf","[10, 14]",51,52,-5,last5,0.8887275366236427,0.389,2.078,0.005751848225653111,1.7869498758391162,1.778,1.0115036964513062,0.08185339804472151,0.04900939397844545,0.5,0.5,0.12278009706708226,0.07351409096766817,0.19629418803475043,0.2067328223881766,0.14076936598859774,24.46973509511377,0.0,0.07635843914551792,0.4078993227362114,0.3507678749366374,0.0,0.0,75.53026490488622,-49.35364303011807,-69.19767934801658,-4.8675598661729165,0.6413342253349019,0.3625070023269476,0.6762241378995664,4.3432832422544e-05,,76.98058095834358,False,69.45828602274239,False,101.89238852262655,False,88.91565594597225,False,114.16187823008647,False,114.52451932349214,False,115.90341622090236,False,,0,,,0.0,left_S1,69.45828602274239
pr_Agency_EBCI,test,05_15 Arina,02_calib_MI,test/05_15 Arina/02_calib_MI,C:\Users\hodor\Documents\lab-Shishkin\projects\BCI_classifier\data\pr_Agency_EBCI\trans\test\05_15 Arina\EPOCHS_02_calib_MI.hdf,"MATRIX_[10, 14]_robust_concat_02_calib_MI.hdf","C:\Users\hodor\Documents\lab-Shishkin\projects\BCI_classifier\data\pr_Agency_EBCI\features\csp\test\05_15 Arina\MATRIX_[10, 14]_robust_concat_02_calib_MI.hdf","[10, 14]",52,53,-4,last5,0.8948494987904099,0.395,2.141,0.006121962166767192,1.7996727002234922,1.79,1.0122439243335344,0.22064223973310146,0.15267092568860466,0.5178571428571428,0.5178571428571428,0.33490339959488613,0.23173265506306062,0.5666360546579468,0.18744285945225625,0.1339899089311712,18.582836680125034,0.0,0.22382124158988898,1.213167793022664,1.0197594385302533,0.0,0.0,81.41716331987496,46.47799711157783,18.267139997652947,68.62898011011225,0.9347193351974828,0.07994690736239267,0.34627771572996807,6.403696492860185e-05,,93.53407010143547,False,102.14986909405177,False,53.49835060402037,False,79.9776583555064,False,45.34082802147572,False,51.24736326082384,False,34.509276427265014,True,right_PMd,1,0.6,right_PMd,0.6,right_PMd,34.509276427265014
pr_Agency_EBCI,test,05_15 Arina,02_calib_MI,test/05_15 Arina/02_calib_MI,C:\Users\hodor\Documents\lab-Shishkin\projects\BCI_classifier\data\pr_Agency_EBCI\trans\test\05_15 Arina\EPOCHS_02_calib_MI.hdf,"MATRIX_[10, 14]_robust_concat_02_calib_MI.hdf","C:\Users\hodor\Documents\lab-Shishkin\projects\BCI_classifier\data\pr_Agency_EBCI\features\csp\test\05_15 Arina\MATRIX_[10, 14]_robust_concat_02_calib_MI.hdf","[10, 14]",53,54,-3,last5,0.9051314819070284,0.405,2.256,0.010281983116618543,1.8266568126489222,1.81,1.020563966233237,0.16310437714488465,0.30260815798970175,0.5357142857142857,0.5357142857142857,0.25048172204393,0.4647196711984705,0.7152013932424005,0.12683858352282487,0.2559572166866481,26.39438344203624,0.0,0.2896565642631722,1.6134943431548554,1.3064274973822316,0.0,0.0,73.60561655796376,-81.62718445711097,-22.39816885992581,-8.447569747794644,-0.607586303738115,0.6415321458885126,0.4682685012912306,0.00012039750887637174,,78.98034610510007,False,72.67743991841346,False,106.52312758148764,False,85.06862774085872,False,134.13504252321755,False,137.82371806728057,False,127.98013941588447,False,,0,,,0.0,left_S1,72.67743991841346
pr_Agency_EBCI,test,05_15 Arina,02_calib_MI,test/05_15 Arina/02_calib_MI,C:\Users\hodor\Documents\lab-Shishkin\projects\BCI_classifier\data\pr_Agency_EBCI\trans\test\05_15 Arina\EPOCHS_02_calib_MI.hdf,"MATRIX_[10, 14]_robust_concat_02_calib_MI.hdf","C:\Users\hodor\Documents\lab-Shishkin\projects\BCI_classifier\data\pr_Agency_EBCI\features\csp\test\05_15 Arina\MATRIX_[10, 14]_robust_concat_02_calib_MI.hdf","[10, 14]",54,55,-2,last5,0.9131964447840212,0.413,2.353,0.008064962876992765,1.839323318672792,1.826,1.0161299257539855,0.05554695913376631,0.4500891608001345,0.5892857142857143,0.5892857142857143,0.08827998862330717,0.7153202734144996,0.8036002620378068,0.047389228007263126,0.4652268616633912,73.60308701271316,0.9720617402542633,0.33188690822161415,1.8908714165749594,1.478080700857704,1.426378200332271,1.449385574800734,26.39691298728684,55.13677644723545,-17.777627795296358,54.635583764936776,0.6046699037462745,0.4079054059753058,0.6840961096802057,0.00019893312012873255,,91.35913511362585,False,97.93817449111714,False,56.480934217483615,False,83.72088888087285,False,20.169178473796048,True,18.1358093151905,True,28.87677739833669,True,right_M1;right_S1;right_PMd,3,1;0.8;0.6,right_M1,1.0,right_S1,18.1358093151905
pr_Agency_EBCI,test,05_15 Arina,02_calib_MI,test/05_15 Arina/02_calib_MI,C:\Users\hodor\Documents\lab-Shishkin\projects\BCI_classifier\data\pr_Agency_EBCI\trans\test\05_15 Arina\EPOCHS_02_calib_MI.hdf,"MATRIX_[10, 14]_robust_concat_02_calib_MI.hdf","C:\Users\hodor\Documents\lab-Shishkin\projects\BCI_classifier\data\pr_Agency_EBCI\features\csp\test\05_15 Arina\MATRIX_[10, 14]_robust_concat_02_calib_MI.hdf","[10, 14]",55,56,-1,last5,0.9238904306672031,0.424,2.496,0.010693985883181933,1.8661370000578765,1.8479999999999999,1.0213879717663639,0.0596084607710686,0.0808273532299127,0.4464285714285714,0.4464285714285714,0.08621938075815279,0.11691099306469516,0.20313037382284793,0.13997473894427176,0.2234890806962006,31.090208135379466,0.0,0.08612727850088753,0.5070134130618285,0.37906910642640446,0.0,0.0,68.90979186462053,36.290071130741374,-61.739641080979965,45.79014150590081,-0.1315011247766302,-0.2079857750731639,-0.9692519649449757,5.9667750595855384e-05,,82.18501142835211,False,84.70715669955351,False,67.6236459750335,False,84.41210505595667,False,39.09738943525014,False,32.841596279081195,True,55.32554123851687,False,right_S1,1,0.8,right_S1,0.8,right_S1,32.841596279081195
pr_Agency_EBCI,test,05_15 Arina,02_calib_MI,test/05_15 Arina/02_calib_MI,C:\Users\hodor\Documents\lab-Shishkin\projects\BCI_classifier\data\pr_Agency_EBCI\trans\test\05_15 Arina\EPOCHS_02_calib_MI.hdf,"MATRIX_[8, 15]_robust_concat_02_calib_MI.hdf","C:\Users\hodor\Documents\lab-Shishkin\projects\BCI_classifier\data\pr_Agency_EBCI\features\csp\test\05_15 Arina\MATRIX_[8, 15]_robust_concat_02_calib_MI.hdf","[8, 15]",0,1,0,first5,0.16329774071593453,0.337,1.634,0.06741876921868684,1.76488050090679,1.674,1.1348375384373737,1.2586550818691162,0.38100680842675005,0.5535714285714286,0.5535714285714286,1.9554105736180913,0.5919212916629867,2.547331865281078,0.3780205821656651,0.10901715407447293,37.696098349260424,0.2539219669852085,0.8584508385997234,4.162340267869282,4.495736338373097,1.0827825687909585,1.2287823050296276,62.303901650739576,-45.33042207180036,-12.364323737285092,69.22436841953608,0.9381558651693817,0.32734401431267013,-0.11273628050434992,0.0002315644352120538,,19.933129664562706,True,24.875442827646964,True,47.13107497456444,False,22.232291176714075,True,83.21604674919088,False,90.743035897715,False,74.64102118143776,False,left_M1;left_S1;left_PMd,3,1;0.8;0.6,left_M1,1.0,left_M1,19.933129664562706
pr_Agency_EBCI,test,05_15 Arina,02_calib_MI,test/05_15 Arina/02_calib_MI,C:\Users\hodor\Documents\lab-Shishkin\projects\BCI_classifier\data\pr_Agency_EBCI\trans\test\05_15 Arina\EPOCHS_02_calib_MI.hdf,"MATRIX_[8, 15]_robust_concat_02_calib_MI.hdf","C:\Users\hodor\Documents\lab-Shishkin\projects\BCI_classifier\data\pr_Agency_EBCI\features\csp\test\05_15 Arina\MATRIX_[8, 15]_robust_concat_02_calib_MI.hdf","[8, 15]",1,2,1,first5,0.23071650993462137,0.269,1.204,0.08217122953078113,1.6264162429751206,1.538,1.1643424590615623,0.7844362763457143,0.3426508050089545,0.5714285714285714,0.5714285714285714,1.2326855771146938,0.5384512650140714,1.7711368421287652,0.28764394941036253,0.12116665971559058,49.41138635689353,0.4882277271378706,0.4764358105326379,2.1324487579230333,2.8806057285698854,1.3299364606895505,1.548501489034902,50.58861364310647,-6.015062959684477,-48.90074187695397,69.19070664754989,0.6416549138985654,0.11062583165749446,-0.7589735811211826,0.00020825273874733498,,41.14775980774764,False,44.13246120869342,False,44.74244686283393,False,48.27217505575619,False,50.58959580181143,False,54.3893804851997,False,54.80775434277737,False,,0,,,0.0,left_M1,41.14775980774764
pr_Agency_EBCI,test,05_15 Arina,02_calib_MI,test/05_15 Arina/02_calib_MI,C:\Users\hodor\Documents\lab-Shishkin\projects\BCI_classifier\data\pr_Agency_EBCI\trans\test\05_15 Arina\EPOCHS_02_calib_MI.hdf,"MATRIX_[8, 15]_robust_concat_02_calib_MI.hdf","C:\Users\hodor\Documents\lab-Shishkin\projects\BCI_classifier\data\pr_Agency_EBCI\features\csp\test\05_15 Arina\MATRIX_[8, 15]_robust_concat_02_calib_MI.hdf","[8, 15]",2,3,2,first5,0.3128877394654025,0.187,0.787,0.019309601033976054,1.388443581573414,1.374,1.038619202067952,0.2705886824394679,0.5689872314461252,0.5535714285714286,0.5535714285714286,0.42037884593274477,0.8839623059966588,1.3043411519294037,0.11416406316624994,0.2686787214752719,28.715204511530196,0.0,0.2439117954107985,1.0265164865684409,1.8110041005784538,0.0,0.0,71.2847954884698,-34.89608469038582,-42.201291205328,64.98450201284707,0.6709445713617439,0.7404020617673552,0.04047430161046687,0.0001256719839059688,,20.32798334736636,True,19.181616520121935,True,50.76468733301726,False,36.027844517643196,False,73.74458015601121,False,78.9333683578107,False,72.15515966242944,False,left_M1;left_S1,2,1;0.8,left_M1,1.0,left_S1,19.181616520121935
pr_Agency_EBCI,test,05_15 Arina,02_calib_MI,test/05_15 Arina/02_calib_MI,C:\Users\hodor\Documents\lab-Shishkin\projects\BCI_classifier\data\pr_Agency_EBCI\trans\test\05_15 Arina\EPOCHS_02_calib_MI.hdf,"MATRIX_[8, 15]_robust_concat_02_calib_MI.hdf","C:\Users\hodor\Documents\lab-Shishkin\projects\BCI_classifier\data\pr_Agency_EBCI\features\csp\test\05_15 Arina\MATRIX_[8, 15]_robust_concat_02_calib_MI.hdf","[8, 15]",3,4,3,first5,0.33219734049937855,0.168,0.698,0.06323302709071876,1.378492594204963,1.336,1.1264660541814375,0.13824596991690336,0.11600834386474043,0.4821428571428571,0.4821428571428571,0.20490027684112463,0.17194093822809745,0.3768412150692221,0.1926121360125137,0.16970654090074924,61.50816896216574,0.7301633792433149,0.06330932413162932,0.263035168118317,0.5194728241641223,0.3676079551242216,0.41409788269448883,38.49183103783426,-51.899023255007116,4.19543207935081,60.62928525752948,0.9285990873232031,-0.3662535564034224,-0.0596830582691557,0.00015744157327398368,,32.698495570899304,True,36.63035354118878,False,52.95628943830833,False,27.22723192212182,True,92.4264624516223,False,100.30363257327062,False,80.9568574161683,False,left_M1;left_PMd,2,1;0.6,left_M1,1.0,left_PMd,27.22723192212182
pr_Agency_EBCI,test,05_15 Arina,02_calib_MI,test/05_15 Arina/02_calib_MI,C:\Users\hodor\Documents\lab-Shishkin\projects\BCI_classifier\data\pr_Agency_EBCI\trans\test\05_15 Arina\EPOCHS_02_calib_MI.hdf,"MATRIX_[8, 15]_robust_concat_02_calib_MI.hdf","C:\Users\hodor\Documents\lab-Shishkin\projects\BCI_classifier\data\pr_Agency_EBCI\features\csp\test\05_15 Arina\MATRIX_[8, 15]_robust_concat_02_calib_MI.hdf","[8, 15]",4,5,4,first5,0.3954303675900973,0.105,0.425,0.022008729249456738,1.2192436662847719,1.21,1.0440174584989135,0.20369278131463847,0.7060944311258275,0.5714285714285714,0.5714285714285714,0.32008865635157474,1.1095769631977288,1.4296656195493036,0.08776060556682766,0.3171000509507147,33.92573990196392,0.0,0.15011489005267686,0.607607888308454,1.7431107515405828,0.0,0.0,66.07426009803608,7.111034004636236,-55.53044775116721,63.957570507893536,-0.3909697522638421,-0.17781780264137628,-0.9030633875196926,0.0001239335636503292,,54.000493671133086,False,56.62756321643075,False,50.39171266590093,False,59.625926413677256,False,43.497866844920864,False,44.85562621402106,False,52.5244256719671,False,,0,,,0.0,right_M1,43.497866844920864
pr_Agency_EBCI,test,05_15 Arina,02_calib_MI,test/05_15 Arina/02_calib_MI,C:\Users\hodor\Documents\lab-Shishkin\projects\BCI_classifier\data\pr_Agency_EBCI\trans\test\05_15 Arina\EPOCHS_02_calib_MI.hdf,"MATRIX_[8, 15]_robust_concat_02_calib_MI.hdf","C:\Users\hodor\Documents\lab-Shishkin\projects\BCI_classifier\data\pr_Agency_EBCI\features\csp\test\05_15 Arina\MATRIX_[8, 15]_robust_concat_02_calib_MI.hdf","[8, 15]",51,52,-5,last5,0.8331047558869282,0.333,1.608,0.015989163614443247,1.6872975659344385,1.666,1.0319783272288865,0.20921922989209424,0.19627359240793285,0.6071428571428572,0.6071428571428572,0.3362451908980086,0.3154397020841778,0.6516848929821863,0.1640702762215552,0.15145384408328924,33.79155901627528,0.0,0.21701106936306808,1.0479093079153556,1.099586333685088,0.0,0.0,66.20844098372473,48.50887362212924,-22.305194711419865,57.143810210233845,0.5382055054345432,0.4431196079460632,0.7169238780886541,0.00015702002378972685,,84.53360507895215,False,90.9809046792492,False,51.18303679561345,False,77.8431412550625,False,12.674880120049854,True,11.315221948195118,True,25.03119643119638,True,right_M1;right_S1;right_PMd,3,1;0.8;0.6,right_M1,1.0,right_S1,11.315221948195118
pr_Agency_EBCI,test,05_15 Arina,02_calib_MI,test/05_15 Arina/02_calib_MI,C:\Users\hodor\Documents\lab-Shishkin\projects\BCI_classifier\data\pr_Agency_EBCI\trans\test\05_15 Arina\EPOCHS_02_calib_MI.hdf,"MATRIX_[8, 15]_robust_concat_02_calib_MI.hdf","C:\Users\hodor\Documents\lab-Shishkin\projects\BCI_classifier\data\pr_Agency_EBCI\features\csp\test\05_15 Arina\MATRIX_[8, 15]_robust_concat_02_calib_MI.hdf","[8, 15]",52,53,-4,last5,0.8382921153477532,0.338,1.646,0.005187359460824936,1.6830133099910354,1.6760000000000002,1.0103747189216499,0.1867353781634417,0.28621017708000285,0.4285714285714286,0.4285714285714286,0.2667648259477739,0.40887168154286124,0.6756365074906352,0.1725948776764065,0.26439901943473865,41.46684354459737,0.32933687089194735,0.2283651395318347,1.1120976913295855,1.137105234822597,0.3729301341857644,0.37679917950535485,58.53315645540263,49.03019143044461,15.444672831026777,54.70007630253056,-0.6530782280970552,0.7540443574291541,-0.07004238013420964,0.00014908392629796096,,93.74276223295344,False,101.77919459605651,False,53.6164448741703,False,80.52945347873701,False,41.561495462507324,False,46.06443630727774,False,31.521602709479634,True,right_PMd,1,0.6,right_PMd,0.6,right_PMd,31.521602709479634
pr_Agency_EBCI,test,05_15 Arina,02_calib_MI,test/05_15 Arina/02_calib_MI,C:\Users\hodor\Documents\lab-Shishkin\projects\BCI_classifier\data\pr_Agency_EBCI\trans\test\05_15 Arina\EPOCHS_02_calib_MI.hdf,"MATRIX_[8, 15]_robust_concat_02_calib_MI.hdf","C:\Users\hodor\Documents\lab-Shishkin\projects\BCI_classifier\data\pr_Agency_EBCI\features\csp\test\05_15 Arina\MATRIX_[8, 15]_robust_concat_02_calib_MI.hdf","[8, 15]",53,54,-3,last5,0.8431499188270137,0.343,1.682,0.0048578034792605695,1.6926649063735457,1.686,1.0097156069585211,0.18798020952565864,0.12404023951045867,0.4107142857142857,0.4107142857142857,0.2651863670094113,0.1749853378808256,0.4401717048902369,0.18440776353717625,0.1261987214616364,34.48956543300029,0.0,0.15097889477735127,0.7403688076253784,0.7450631976463168,0.0,0.0,65.51043456699972,37.884767400482616,22.481625608692053,72.53327302737569,-0.9876814039313759,-0.12344903145215456,0.0961549840708795,0.00010316920636946595,,88.841710305733,False,97.76253060542616,False,49.57493946734195,False,74.45321478728717,False,49.37046672230563,False,56.50549944116773,False,36.058109258637835,False,,0,,,0.0,right_PMd,36.058109258637835
pr_Agency_EBCI,test,05_15 Arina,02_calib_MI,test/05_15 Arina/02_calib_MI,C:\Users\hodor\Documents\lab-Shishkin\projects\BCI_classifier\data\pr_Agency_EBCI\trans\test\05_15 Arina\EPOCHS_02_calib_MI.hdf,"MATRIX_[8, 15]_robust_concat_02_calib_MI.hdf","C:\Users\hodor\Documents\lab-Shishkin\projects\BCI_classifier\data\pr_Agency_EBCI\features\csp\test\05_15 Arina\MATRIX_[8, 15]_robust_concat_02_calib_MI.hdf","[8, 15]",54,55,-2,last5,0.8542435325091208,0.354,1.768,0.01109361368210704,1.7237085569738635,1.708,1.022187227364214,0.09880829995944126,0.4195747841850055,0.5535714285714286,0.5535714285714286,0.1535057517227034,0.6518393968588478,0.8053451485815513,0.06798951685611766,0.3747834991130249,49.44562852781822,0.48891257055636445,0.2850921825978691,1.4238502226921828,1.3881803239274073,0.6725136704570008,0.6874348841689724,50.55437147218178,45.974304190076715,-4.8718025285183035,71.26863951800486,0.968873462644484,0.21583803944189314,0.1212359439818378,0.00011879920713273276,,85.55001951306619,False,93.49965227084401,False,47.86403942371688,False,75.59837731431385,False,26.4292647516907,True,31.91397610508379,True,23.790598631996914,True,right_M1;right_S1;right_PMd,3,1;0.8;0.6,right_M1,1.0,right_PMd,23.790598631996914
pr_Agency_EBCI,test,05_15 Arina,02_calib_MI,test/05_15 Arina/02_calib_MI,C:\Users\hodor\Documents\lab-Shishkin\projects\BCI_classifier\data\pr_Agency_EBCI\trans\test\05_15 Arina\EPOCHS_02_calib_MI.hdf,"MATRIX_[8, 15]_robust_concat_02_calib_MI.hdf","C:\Users\hodor\Documents\lab-Shishkin\projects\BCI_classifier\data\pr_Agency_EBCI\features\csp\test\05_15 Arina\MATRIX_[8, 15]_robust_concat_02_calib_MI.hdf","[8, 15]",55,56,-1,last5,0.8769780390234962,0.377,1.964,0.022734506514375474,1.7882836358236782,1.754,1.045469013028751,0.04563460913708822,0.04911178104051127,0.6071428571428572,0.6071428571428572,0.0733413361131775,0.07892964810082169,0.1522709842139992,0.10325972961000199,0.10800493271693729,20.50727854929629,0.0,0.0574061610486777,0.29906021299629443,0.2723037092806604,0.0,0.0,79.49272145070371,-59.30320952612301,56.14786462552735,23.386066518041794,0.43975051681294686,-0.7151898052745869,0.543252266809854,6.511340417669744e-05,,89.61243460265904,False,92.41002558571786,False,92.61399531769239,False,78.4761627490599,False,128.7247086117407,False,136.0240862095449,False,113.13915143195442,False,,0,,,0.0,left_PMd,78.4761627490599
pr_Agency_EBCI,test,05_15 Arina,03_calib_MI,test/05_15 Arina/03_calib_MI,C:\Users\hodor\Documents\lab-Shishkin\projects\BCI_classifier\data\pr_Agency_EBCI\trans\test\05_15 Arina\EPOCHS_03_calib_MI.hdf,"MATRIX_[8, 12]_robust_concat_03_calib_MI.hdf","C:\Users\hodor\Documents\lab-Shishkin\projects\BCI_classifier\data\pr_Agency_EBCI\features\csp\test\05_15 Arina\MATRIX_[8, 12]_robust_concat_03_calib_MI.hdf","[8, 12]",0,1,0,first5,0.13616720985712036,0.364,1.847,0.012481503555906909,1.7461730691774004,1.728,1.0249630071118139,0.2400915832493838,0.5107802332834118,0.4642857142857143,0.4642857142857143,0.351562675472312,0.7479281987364245,1.0994908742087364,0.14341920195629443,0.3182630308258048,78.03942451413705,1.0,0.40021467821198004,2.030759644663536,1.9199013543496124,1.8999202306326963,1.9473479528618594,21.960575485862947,-53.24147076848334,0.9516369902362409,55.15161878636107,0.9232773147511224,-0.23250346613167475,-0.3057795583467187,0.0002504944638697543,,30.340933628295726,True,33.08031436350885,True,53.76888265505894,False,26.795212297065685,True,92.66792349080801,False,100.1941829024708,False,81.7375564114499,False,left_M1;left_S1;left_PMd,3,1;0.8;0.6,left_M1,1.0,left_PMd,26.795212297065685
pr_Agency_EBCI,test,05_15 Arina,03_calib_MI,test/05_15 Arina/03_calib_MI,C:\Users\hodor\Documents\lab-Shishkin\projects\BCI_classifier\data\pr_Agency_EBCI\trans\test\05_15 Arina\EPOCHS_03_calib_MI.hdf,"MATRIX_[8, 12]_robust_concat_03_calib_MI.hdf","C:\Users\hodor\Documents\lab-Shishkin\projects\BCI_classifier\data\pr_Agency_EBCI\features\csp\test\05_15 Arina\MATRIX_[8, 12]_robust_concat_03_calib_MI.hdf","[8, 12]",1,2,1,first5,0.14864871341302727,0.351,1.745,0.0952825863152936,1.835776751186672,1.702,1.1905651726305873,1.2204042568442734,0.2517681657865698,0.5892857142857143,0.5892857142857143,1.9395710510560775,0.4001315491965127,2.3397026002525902,0.4051390545923167,0.07664295421524837,30.47449361801459,0.0,0.8212356126886591,4.08278103744077,4.295171638234709,0.0,0.0,69.52550638198541,-57.11323271790943,-0.8783107098471021,55.76155182543094,0.2747828311207324,0.9613258338815093,-0.01862892464142475,0.00019580791943622154,,31.311946106285504,True,33.024715932666204,True,57.386093288402016,False,29.972581389739958,True,95.94135438038117,False,103.3714416995433,False,85.41099284969378,False,left_M1;left_S1;left_PMd,3,1;0.8;0.6,left_M1,1.0,left_PMd,29.972581389739958
pr_Agency_EBCI,test,05_15 Arina,03_calib_MI,test/05_15 Arina/03_calib_MI,C:\Users\hodor\Documents\lab-Shishkin\projects\BCI_classifier\data\pr_Agency_EBCI\trans\test\05_15 Arina\EPOCHS_03_calib_MI.hdf,"MATRIX_[8, 12]_robust_concat_03_calib_MI.hdf","C:\Users\hodor\Documents\lab-Shishkin\projects\BCI_classifier\data\pr_Agency_EBCI\features\csp\test\05_15 Arina\MATRIX_[8, 12]_robust_concat_03_calib_MI.hdf","[8, 12]",2,3,2,first5,0.24393129972832087,0.256,1.131,0.06653216586061325,1.580128937841268,1.512,1.1330643317212266,0.7794463455894669,0.5760515898028271,0.5535714285714286,0.5535714285714286,1.2109255726122075,0.8949372913008207,2.1058628639130283,0.278216779457569,0.20501613395652105,47.84098929266107,0.45681978585322147,0.5391008931617353,2.381730899085635,3.327534850394264,1.45454373166385,1.6480916212769994,52.15901070733893,-9.72869760094773,-47.18541329636625,58.820761127565156,0.33645097983999056,-0.21305171220047242,-0.9172838743230786,0.0002166663482248195,,35.152544897980704,False,37.192716639918935,False,42.32681743566022,False,43.32774861337054,False,51.34816323239831,False,54.93377256311932,False,54.469330188736286,False,,0,,,0.0,left_M1,35.152544897980704
pr_Agency_EBCI,test,05_15 Arina,03_calib_MI,test/05_15 Arina/03_calib_MI,C:\Users\hodor\Documents\lab-Shishkin\projects\BCI_classifier\data\pr_Agency_EBCI\trans\test\05_15 Arina\EPOCHS_03_calib_MI.hdf,"MATRIX_[8, 12]_robust_concat_03_calib_MI.hdf","C:\Users\hodor\Documents\lab-Shishkin\projects\BCI_classifier\data\pr_Agency_EBCI\features\csp\test\05_15 Arina\MATRIX_[8, 12]_robust_concat_03_calib_MI.hdf","[8, 12]",3,4,3,first5,0.3104634655889341,0.19,0.798,0.014016884928615081,1.3906528325457475,1.38,1.0280337698572302,0.276363159982721,0.5348454417200621,0.5,0.5,0.4145447399740815,0.8022681625800931,1.2168129025541745,0.15771959809861785,0.31626872504571224,22.455340595084213,0.0,0.23119445148529316,0.9710166962382313,1.6921643096151753,0.0,0.0,77.54465940491579,1.4170370104201315,-42.18953483287926,73.74080974093877,-0.8413267847140351,0.028679124250069268,-0.5397654575415074,5.411808791736579e-05,,45.228643206931004,False,50.06282723136865,False,39.4900432591497,False,48.46671733081662,False,42.91359734209388,False,47.625880072154935,False,46.80079639982877,False,,0,,,0.0,SMA,39.4900432591497
pr_Agency_EBCI,test,05_15 Arina,03_calib_MI,test/05_15 Arina/03_calib_MI,C:\Users\hodor\Documents\lab-Shishkin\projects\BCI_classifier\data\pr_Agency_EBCI\trans\test\05_15 Arina\EPOCHS_03_calib_MI.hdf,"MATRIX_[8, 12]_robust_concat_03_calib_MI.hdf","C:\Users\hodor\Documents\lab-Shishkin\projects\BCI_classifier\data\pr_Agency_EBCI\features\csp\test\05_15 Arina\MATRIX_[8, 12]_robust_concat_03_calib_MI.hdf","[8, 12]",4,5,4,first5,0.3244803505175492,0.176,0.733,0.031093531861352997,1.3738898464303926,1.3519999999999999,1.062187063722706,0.13835787770557442,0.17706318831052048,0.4107142857142857,0.4107142857142857,0.1951834346203639,0.24978556922376993,0.44496900384413385,0.17956532257654864,0.23798771901418456,36.40367277055016,0.22807345541100318,0.07831454467656755,0.3261622798177501,0.6113383963577018,0.13720855588417183,0.1457411530922413,63.59632722944984,-51.186594183222574,-20.071740201413707,48.35761493658457,-0.6961948220410016,0.43301860463086983,0.5725448958875037,0.00016185546158947397,,17.449066375843557,True,14.008241298094326,True,53.954211013461915,False,27.23510805496086,True,87.60901483165215,False,93.78474634527211,False,80.46520775643548,False,left_M1;left_S1;left_PMd,3,1;0.8;0.6,left_M1,1.0,left_S1,14.008241298094326
pr_Agency_EBCI,test,05_15 Arina,03_calib_MI,test/05_15 Arina/03_calib_MI,C:\Users\hodor\Documents\lab-Shishkin\projects\BCI_classifier\data\pr_Agency_EBCI\trans\test\05_15 Arina\EPOCHS_03_calib_MI.hdf,"MATRIX_[8, 12]_robust_concat_03_calib_MI.hdf","C:\Users\hodor\Documents\lab-Shishkin\projects\BCI_classifier\data\pr_Agency_EBCI\features\csp\test\05_15 Arina\MATRIX_[8, 12]_robust_concat_03_calib_MI.hdf","[8, 12]",51,52,-5,last5,0.7966614787813936,0.297,1.366,0.007217473087225312,1.6025743580276237,1.5939999999999999,1.0144349461744506,0.3240678928928948,0.17792036105927472,0.6071428571428572,0.6071428571428572,0.5208233992921524,0.28594343741669154,0.8067668367088439,0.27629762033848637,0.1278219487504863,31.095348667887567,0.0,0.23960975050252661,1.1020434989442809,1.2929038454166522,0.0,0.0,68.90465133211244,-10.43064616635624,-84.11656433999491,7.148641340618466,-0.9385534081510016,-0.3309448759894108,0.09794380585056393,0.00016062963843998168,,81.57357664331234,False,77.05109350963869,False,93.79155975479533,False,92.13505740989088,False,90.31202275631772,False,87.68819514038896,False,98.27055090186371,False,,0,,,0.0,left_S1,77.05109350963869
pr_Agency_EBCI,test,05_15 Arina,03_calib_MI,test/05_15 Arina/03_calib_MI,C:\Users\hodor\Documents\lab-Shishkin\projects\BCI_classifier\data\pr_Agency_EBCI\trans\test\05_15 Arina\EPOCHS_03_calib_MI.hdf,"MATRIX_[8, 12]_robust_concat_03_calib_MI.hdf","C:\Users\hodor\Documents\lab-Shishkin\projects\BCI_classifier\data\pr_Agency_EBCI\features\csp\test\05_15 Arina\MATRIX_[8, 12]_robust_concat_03_calib_MI.hdf","[8, 12]",52,53,-4,last5,0.8118793779835929,0.312,1.462,0.015217899202199292,1.6429919382043447,1.624,1.0304357984043986,0.3137171674409594,0.3919447657099622,0.6071428571428572,0.6071428571428572,0.5041883048158277,0.6299112306052964,1.134099535421124,0.16081980077053495,0.20438822645413757,36.77146437827602,0.23542928756552045,0.3538390550513907,1.6580535207856835,1.8633163938181996,0.43360839893979475,0.4468056167563804,63.22853562172398,39.123814016300784,-63.39362320317528,40.96215521867542,0.09149493924873286,-0.25383718372866987,-0.9629098401452589,0.0001242269228052865,,86.14860275765771,False,88.41968835391596,False,71.51915101818996,False,88.3187221110989,False,42.281822793600064,False,35.287965850486316,False,58.466481897851686,False,,0,,,0.0,right_S1,35.287965850486316
pr_Agency_EBCI,test,05_15 Arina,03_calib_MI,test/05_15 Arina/03_calib_MI,C:\Users\hodor\Documents\lab-Shishkin\projects\BCI_classifier\data\pr_Agency_EBCI\trans\test\05_15 Arina\EPOCHS_03_calib_MI.hdf,"MATRIX_[8, 12]_robust_concat_03_calib_MI.hdf","C:\Users\hodor\Documents\lab-Shishkin\projects\BCI_classifier\data\pr_Agency_EBCI\features\csp\test\05_15 Arina\MATRIX_[8, 12]_robust_concat_03_calib_MI.hdf","[8, 12]",53,54,-3,last5,0.8176216403046183,0.318,1.5,0.005742262321025371,1.6433041576723442,1.6360000000000001,1.0114845246420507,0.1049395076262361,0.16666777219629494,0.5357142857142857,0.5357142857142857,0.161157100997434,0.25595407873002435,0.41711117972745837,0.14366321847190608,0.27227350100131,22.413062730663373,0.0,0.13264135515333175,0.6256667695911875,0.6854405358577488,0.0,0.0,77.58693726933663,37.925323413157976,47.70366926530478,59.06866988630789,0.05659663638393536,-0.34717380519157065,-0.9360914323605519,5.118927239797275e-05,,103.0329382417067,False,111.69549513723176,False,65.75375505532571,False,86.36239790336457,False,71.79512372873663,False,78.13084730463906,False,56.66416459584819,False,,0,,,0.0,right_PMd,56.66416459584819
pr_Agency_EBCI,test,05_15 Arina,03_calib_MI,test/05_15 Arina/03_calib_MI,C:\Users\hodor\Documents\lab-Shishkin\projects\BCI_classifier\data\pr_Agency_EBCI\trans\test\05_15 Arina\EPOCHS_03_calib_MI.hdf,"MATRIX_[8, 12]_robust_concat_03_calib_MI.hdf","C:\Users\hodor\Documents\lab-Shishkin\projects\BCI_classifier\data\pr_Agency_EBCI\features\csp\test\05_15 Arina\MATRIX_[8, 12]_robust_concat_03_calib_MI.hdf","[8, 12]",54,55,-2,last5,0.8236028108364374,0.324,1.541,0.005981170531819124,1.6557515970092376,1.6480000000000001,1.0119623410636382,0.0977671134551015,0.18944033683345912,0.4285714285714286,0.4285714285714286,0.1396673049358593,0.2706290526192273,0.41029635755508664,0.11530346463321661,0.2544255144434728,28.961128193049607,0.0,0.13293601984784809,0.6322666869923885,0.6793488492689078,0.0,0.0,71.0388718069504,53.39284899003664,-35.64113406908526,55.7207425558811,-0.1453155716427795,0.5382527146494117,0.8301610685949271,6.202429286455847e-05,,90.14807506369733,False,95.63190867690801,False,61.11127691900174,False,85.95874675715177,False,20.930962307661154,True,13.246257088789948,True,37.535410710102084,False,right_M1;right_S1,2,1;0.8,right_M1,1.0,right_S1,13.246257088789948
pr_Agency_EBCI,test,05_15 Arina,03_calib_MI,test/05_15 Arina/03_calib_MI,C:\Users\hodor\Documents\lab-Shishkin\projects\BCI_classifier\data\pr_Agency_EBCI\trans\test\05_15 Arina\EPOCHS_03_calib_MI.hdf,"MATRIX_[8, 12]_robust_concat_03_calib_MI.hdf","C:\Users\hodor\Documents\lab-Shishkin\projects\BCI_classifier\data\pr_Agency_EBCI\features\csp\test\05_15 Arina\MATRIX_[8, 12]_robust_concat_03_calib_MI.hdf","[8, 12]",55,56,-1,last5,0.8482028054169704,0.348,1.721,0.02459999458053297,1.730243192456102,1.696,1.049199989161066,0.5159172426516725,0.4719853172371,0.5535714285714286,0.5535714285714286,0.8015142876909912,0.7332629035647804,1.5347771912557717,0.22035579569513292,0.20192501831206017,26.877491371597205,0.0,0.5341024625570086,2.641351546151183,2.6555377871071957,0.0,0.0,73.1225086284028,25.815805427651213,-45.5701164575086,66.90413792011945,0.22589752906718896,0.9689370958799721,0.10065391492149972,6.920883789445833e-05,,66.3729157747398,False,71.15859273090896,False,48.07841093921104,False,66.53235895591376,False,26.227618398530367,True,26.953478580657574,True,39.18143157595985,False,right_M1;right_S1,2,1;0.8,right_M1,1.0,right_M1,26.227618398530367
pr_Agency_EBCI,test,05_15 Arina,03_calib_MI,test/05_15 Arina/03_calib_MI,C:\Users\hodor\Documents\lab-Shishkin\projects\BCI_classifier\data\pr_Agency_EBCI\trans\test\05_15 Arina\EPOCHS_03_calib_MI.hdf,"MATRIX_[9, 13]_robust_concat_03_calib_MI.hdf","C:\Users\hodor\Documents\lab-Shishkin\projects\BCI_classifier\data\pr_Agency_EBCI\features\csp\test\05_15 Arina\MATRIX_[9, 13]_robust_concat_03_calib_MI.hdf","[9, 13]",0,1,0,first5,0.16190681065864732,0.338,1.644,0.018743760124968367,1.7013415636889573,1.6760000000000002,1.0374875202499367,1.2150731494179998,0.46121426255682574,0.5535714285714286,0.5535714285714286,1.8877029285601068,0.7165293007579258,2.6042322293180327,0.3502727838469117,0.12804072543613498,33.56172681346442,0.0,0.8802304935094951,4.281357784998845,4.430688533237121,0.0,0.0,66.43827318653558,-55.11645463563089,-0.03408905064645724,54.51848724734526,-0.0006858174714617317,-0.9913939223277525,-0.13091073457127264,0.00020647736901686307,,30.691995788882096,True,32.80762074957875,True,55.54760657403766,False,28.301108269739846,True,94.2272151399775,False,101.66564984317063,False,83.51045233074838,False,left_M1;left_S1;left_PMd,3,1;0.8;0.6,left_M1,1.0,left_PMd,28.301108269739846
pr_Agency_EBCI,test,05_15 Arina,03_calib_MI,test/05_15 Arina/03_calib_MI,C:\Users\hodor\Documents\lab-Shishkin\projects\BCI_classifier\data\pr_Agency_EBCI\trans\test\05_15 Arina\EPOCHS_03_calib_MI.hdf,"MATRIX_[9, 13]_robust_concat_03_calib_MI.hdf","C:\Users\hodor\Documents\lab-Shishkin\projects\BCI_classifier\data\pr_Agency_EBCI\features\csp\test\05_15 Arina\MATRIX_[9, 13]_robust_concat_03_calib_MI.hdf","[9, 13]",1,2,1,first5,0.18065057078361568,0.319,1.512,0.06863458379440948,1.7255777289216665,1.638,1.137269167588819,0.4762428610049573,0.5258233438059978,0.4642857142857143,0.4642857142857143,0.697355617900116,0.7699556105730683,1.4673112284731844,0.2592952312230254,0.2849385357245764,60.66421102941605,0.713284220588321,0.4680722818829458,2.218574577451455,2.531959577250018,1.7143470914857346,1.9496740896922942,39.33578897058395,-46.85952299775538,-4.2006079540447585,70.66870599992836,-0.999268749346166,-0.025452047445069535,0.028533486660467178,0.00025197111142604003,,26.92797988785174,True,32.21403696245432,True,48.57518727730067,False,24.192724595094003,True,86.44586405674549,False,94.39355931969763,False,76.37770943857028,False,left_M1;left_S1;left_PMd,3,1;0.8;0.6,left_M1,1.0,left_PMd,24.192724595094003
pr_Agency_EBCI,test,05_15 Arina,03_calib_MI,test/05_15 Arina/03_calib_MI,C:\Users\hodor\Documents\lab-Shishkin\projects\BCI_classifier\data\pr_Agency_EBCI\trans\test\05_15 Arina\EPOCHS_03_calib_MI.hdf,"MATRIX_[9, 13]_robust_concat_03_calib_MI.hdf","C:\Users\hodor\Documents\lab-Shishkin\projects\BCI_classifier\data\pr_Agency_EBCI\features\csp\test\05_15 Arina\MATRIX_[9, 13]_robust_concat_03_calib_MI.hdf","[9, 13]",2,3,2,first5,0.24928515457802516,0.251,1.102,0.040744170180162825,1.5429071468608835,1.502,1.0814883403603257,0.6386031026138314,0.3871290269557568,0.5535714285714286,0.5535714285714286,0.9921155344179166,0.6014325954491222,1.5935481298670386,0.2757530371223179,0.16401031709542144,37.775320876912865,0.2555064175382573,0.3999805805966267,1.7560900391134768,2.458696798438649,0.6115569843033493,0.661391747989995,62.224679123087135,-8.510362275525871,-48.10075303660789,69.4979267066697,-0.45616288547550105,0.026887520417380427,0.8894900129627481,0.00013620957407824592,,38.97076474144462,False,41.89714231831063,False,44.46461504232428,False,46.58444373514499,False,52.385233341169226,False,56.43679116258402,False,55.88623240988595,False,,0,,,0.0,left_M1,38.97076474144462
pr_Agency_EBCI,test,05_15 Arina,03_calib_MI,test/05_15 Arina/03_calib_MI,C:\Users\hodor\Documents\lab-Shishkin\projects\BCI_classifier\data\pr_Agency_EBCI\trans\test\05_15 Arina\EPOCHS_03_calib_MI.hdf,"MATRIX_[9, 13]_robust_concat_03_calib_MI.hdf","C:\Users\hodor\Documents\lab-Shishkin\projects\BCI_classifier\data\pr_Agency_EBCI\features\csp\test\05_15 Arina\MATRIX_[9, 13]_robust_concat_03_calib_MI.hdf","[9, 13]",3,4,3,first5,0.290029324758188,0.21,0.895,0.021836114052876554,1.4383423358044163,1.42,1.043672228105753,0.3543234409268224,0.6569148604320636,0.5,0.5,0.5314851613902336,0.9853722906480954,1.516857452038329,0.14695313634082827,0.2860682956310297,25.259859941783674,0.0,0.31854006492804904,1.3575874195743043,2.181760290647145,0.0,0.0,74.74014005821633,1.6868212152403819,-36.905685952364735,76.55017329857034,-0.7853105316162886,0.07319230732448405,-0.6147603232814074,5.502545809796109e-05,,44.82368621400777,False,50.58594523536058,False,36.084840576139065,False,46.25100709004784,False,42.02690317900209,False,47.702745111728284,False,44.1614275215004,False,,0,,,0.0,SMA,36.084840576139065
pr_Agency_EBCI,test,05_15 Arina,03_calib_MI,test/05_15 Arina/03_calib_MI,C:\Users\hodor\Documents\lab-Shishkin\projects\BCI_classifier\data\pr_Agency_EBCI\trans\test\05_15 Arina\EPOCHS_03_calib_MI.hdf,"MATRIX_[9, 13]_robust_concat_03_calib_MI.hdf","C:\Users\hodor\Documents\lab-Shishkin\projects\BCI_classifier\data\pr_Agency_EBCI\features\csp\test\05_15 Arina\MATRIX_[9, 13]_robust_concat_03_calib_MI.hdf","[9, 13]",4,5,4,first5,0.31186543881106454,0.188,0.791,0.034757358694578744,1.4021375337383233,1.376,1.0695147173891575,0.10371190752694014,0.07959528711265174,0.4107142857142857,0.4107142857142857,0.1463078695469334,0.11228620860534798,0.25859407815228136,0.24248428301306751,0.1741388458996228,35.582089547625515,0.2116417909525103,0.0486156866926289,0.20454791581845455,0.36258446297977504,0.07530753582989044,0.08054251790037913,64.41791045237449,-43.99608753190814,-31.754302968988714,65.33633743717469,0.6415948939781374,-0.6377446400417129,-0.4261898240446955,0.00010364636537265415,,14.533885478205532,True,13.59852347059154,True,51.50496759076618,False,30.121569059591877,True,80.91149752469278,False,87.04172876236315,False,76.3863255182855,False,left_M1;left_S1;left_PMd,3,1;0.8;0.6,left_M1,1.0,left_S1,13.59852347059154
pr_Agency_EBCI,test,05_15 Arina,03_calib_MI,test/05_15 Arina/03_calib_MI,C:\Users\hodor\Documents\lab-Shishkin\projects\BCI_classifier\data\pr_Agency_EBCI\trans\test\05_15 Arina\EPOCHS_03_calib_MI.hdf,"MATRIX_[9, 13]_robust_concat_03_calib_MI.hdf","C:\Users\hodor\Documents\lab-Shishkin\projects\BCI_classifier\data\pr_Agency_EBCI\features\csp\test\05_15 Arina\MATRIX_[9, 13]_robust_concat_03_calib_MI.hdf","[9, 13]",51,52,-5,last5,0.8164807117420905,0.316,1.493,0.01125111979832627,1.6462214154250843,1.6320000000000001,1.0225022395966525,0.29543221715146206,0.19445265871400835,0.5892857142857143,0.5892857142857143,0.46952620225857367,0.309040832599049,0.7785670348576227,0.2353987947406378,0.13080096692380896,16.862281612428035,0.0,0.24602718301500878,1.1624005830424307,1.2816937261266266,0.0,0.0,83.13771838757197,51.76530950570937,-19.230119599117153,64.58884135894384,-0.6076045648380778,0.020159163800811983,-0.7939838165244819,9.249669920831641e-05,,88.31347296738357,False,95.21765864224686,False,53.833968489069775,False,81.00856980987375,False,18.575923630835714,True,19.23097814340896,True,27.652734367540212,True,right_M1;right_S1;right_PMd,3,1;0.8;0.6,right_M1,1.0,right_M1,18.575923630835714
pr_Agency_EBCI,test,05_15 Arina,03_calib_MI,test/05_15 Arina/03_calib_MI,C:\Users\hodor\Documents\lab-Shishkin\projects\BCI_classifier\data\pr_Agency_EBCI\trans\test\05_15 Arina\EPOCHS_03_calib_MI.hdf,"MATRIX_[9, 13]_robust_concat_03_calib_MI.hdf","C:\Users\hodor\Documents\lab-Shishkin\projects\BCI_classifier\data\pr_Agency_EBCI\features\csp\test\05_15 Arina\MATRIX_[9, 13]_robust_concat_03_calib_MI.hdf","[9, 13]",52,53,-4,last5,0.8233254404247026,0.323,1.539,0.0068447286826121,1.6548433894579349,1.646,1.0136894573652242,0.1506873801100439,0.15725199822670105,0.4285714285714286,0.4285714285714286,0.21526768587149128,0.2246457117524301,0.43991339762392134,0.21864923289817784,0.2157172561416581,27.967364047187164,0.0,0.1420920274325266,0.6770267189432149,0.7279877779919263,0.0,0.0,72.03263595281284,46.196592126455165,-30.737458963857755,45.486341265832884,-0.19116791255272475,0.39378273018249343,0.899105105435541,6.914483912000898e-05,,83.13970249207671,False,88.43986916854219,False,53.876327408257914,False,78.31132321249075,False,16.12144113475849,True,7.783507005482246,True,30.961993235711006,True,right_M1;right_S1;right_PMd,3,1;0.8;0.6,right_M1,1.0,right_S1,7.783507005482246
pr_Agency_EBCI,test,05_15 Arina,03_calib_MI,test/05_15 Arina/03_calib_MI,C:\Users\hodor\Documents\lab-Shishkin\projects\BCI_classifier\data\pr_Agency_EBCI\trans\test\05_15 Arina\EPOCHS_03_calib_MI.hdf,"MATRIX_[9, 13]_robust_concat_03_calib_MI.hdf","C:\Users\hodor\Documents\lab-Shishkin\projects\BCI_classifier\data\pr_Agency_EBCI\features\csp\test\05_15 Arina\MATRIX_[9, 13]_robust_concat_03_calib_MI.hdf","[9, 13]",53,54,-3,last5,0.8248452227710377,0.325,1.55,0.0015197823463350968,1.6519757170502356,1.65,1.0030395646926702,0.22991226647931826,0.20121965620523066,0.5714285714285714,0.5714285714285714,0.3612907044675001,0.3162023168939339,0.6774930213614341,0.17202548546308763,0.1522936985612103,19.81835001124105,0.0,0.2201852319424661,1.0501141831102228,1.1192020197600856,0.0,0.0,80.18164998875895,35.44821643197285,-19.090566131441157,38.200934871957415,0.6013712689329987,0.5652936316726561,0.5646199667849645,0.00016387768454110497,,73.79537174953515,False,79.42075405228869,False,42.66077765107074,False,66.82427362079322,False,18.471971347097718,True,18.77114311017553,True,22.254961347207093,True,right_M1;right_S1;right_PMd,3,1;0.8;0.6,right_M1,1.0,right_M1,18.471971347097718
pr_Agency_EBCI,test,05_15 Arina,03_calib_MI,test/05_15 Arina/03_calib_MI,C:\Users\hodor\Documents\lab-Shishkin\projects\BCI_classifier\data\pr_Agency_EBCI\trans\test\05_15 Arina\EPOCHS_03_calib_MI.hdf,"MATRIX_[9, 13]_robust_concat_03_calib_MI.hdf","C:\Users\hodor\Documents\lab-Shishkin\projects\BCI_classifier\data\pr_Agency_EBCI\features\csp\test\05_15 Arina\MATRIX_[9, 13]_robust_concat_03_calib_MI.hdf","[9, 13]",54,55,-2,last5,0.8327788785230623,0.333,1.605,0.007933655752024649,1.676567629461697,1.666,1.0158673115040493,0.09228241983283808,0.12409792126360165,0.4821428571428571,0.4821428571428571,0.1367757293950993,0.18393084758712389,0.32070657698222316,0.11275603071763378,0.1369153427563106,21.770018110621827,0.0,0.10679529013508032,0.5147340560564682,0.5376862655238611,0.0,0.0,78.22998188937817,63.86137411324226,-21.745779619024827,51.65393007924245,-0.4686935144839889,-0.5232173420131198,-0.71173731284609,8.306928153866273e-05,,99.98131762017867,False,106.18324937404957,False,66.07932568422237,False,92.98573457828877,False,28.28826613209377,True,23.370314431066134,True,38.6506524444392,False,right_M1;right_S1,2,1;0.8,right_M1,1.0,right_S1,23.370314431066134
pr_Agency_EBCI,test,05_15 Arina,03_calib_MI,test/05_15 Arina/03_calib_MI,C:\Users\hodor\Documents\lab-Shishkin\projects\BCI_classifier\data\pr_Agency_EBCI\trans\test\05_15 Arina\EPOCHS_03_calib_MI.hdf,"MATRIX_[9, 13]_robust_concat_03_calib_MI.hdf","C:\Users\hodor\Documents\lab-Shishkin\projects\BCI_classifier\data\pr_Agency_EBCI\features\csp\test\05_15 Arina\MATRIX_[9, 13]_robust_concat_03_calib_MI.hdf","[9, 13]",55,56,-1,last5,0.8591369360691132,0.359,1.808,0.026358057546050917,1.7558501706361291,1.718,1.0527161150921018,0.42612999848328614,0.49093084608577103,0.5714285714285714,0.5714285714285714,0.6696328547594497,0.771462758134783,1.4410956128942327,0.18273927477198862,0.21765000433740359,31.74977907580676,0.0,0.5173533250290295,2.605500868112773,2.5303479778033156,0.0,0.0,68.25022092419324,48.531758271956825,-30.03161003805901,62.885880621062235,-0.42669840217858857,-0.6178006024950706,-0.6604929137658989,0.00015795924594343117,,85.02595973070386,False,91.18389469584278,False,54.37574524944242,False,79.9369577666917,False,15.519041109730104,True,12.69516688404689,True,30.892722290770855,True,right_M1;right_S1;right_PMd,3,1;0.8;0.6,right_M1,1.0,right_S1,12.69516688404689
pr_Agency_EBCI,test,05_15 Arina,03_calib_MI,test/05_15 Arina/03_calib_MI,C:\Users\hodor\Documents\lab-Shishkin\projects\BCI_classifier\data\pr_Agency_EBCI\trans\test\05_15 Arina\EPOCHS_03_calib_MI.hdf,"MATRIX_[10, 14]_robust_concat_03_calib_MI.hdf","C:\Users\hodor\Documents\lab-Shishkin\projects\BCI_classifier\data\pr_Agency_EBCI\features\csp\test\05_15 Arina\MATRIX_[10, 14]_robust_concat_03_calib_MI.hdf","[10, 14]",0,1,0,first5,0.1631498865958888,0.337,1.635,0.023147454101180465,1.7052027681283914,1.674,1.046294908202361,1.4040777164701455,0.6662756216013952,0.5357142857142857,0.5357142857142857,2.1562622074362947,1.0232089903164283,3.179471197752723,0.32508299875764485,0.15124894915411316,22.27368379205781,0.0,1.0714817936426677,5.198435408325702,5.421643087592436,0.0,0.0,77.72631620794219,-50.770309797598564,0.5915153490650297,54.679423127366476,-0.10453846693978704,-0.9924749284691085,-0.0637591192702446,0.0002167109230500624,,28.716695526415844,True,31.936475284436153,True,51.30398290881675,False,24.373039768325324,True,90.19741245075197,False,97.72077823876538,False,79.24846853333764,False,left_M1;left_S1;left_PMd,3,1;0.8;0.6,left_M1,1.0,left_PMd,24.373039768325324
pr_Agency_EBCI,test,05_15 Arina,03_calib_MI,test/05_15 Arina/03_calib_MI,C:\Users\hodor\Documents\lab-Shishkin\projects\BCI_classifier\data\pr_Agency_EBCI\trans\test\05_15 Arina\EPOCHS_03_calib_MI.hdf,"MATRIX_[10, 14]_robust_concat_03_calib_MI.hdf","C:\Users\hodor\Documents\lab-Shishkin\projects\BCI_classifier\data\pr_Agency_EBCI\features\csp\test\05_15 Arina\MATRIX_[10, 14]_robust_concat_03_calib_MI.hdf","[10, 14]",1,2,1,first5,0.18629734069706927,0.314,1.474,0.07934977282349687,1.727663314666312,1.6280000000000001,1.1586995456469937,0.4656842544384766,0.5556512768624355,0.4821428571428571,0.4821428571428571,0.690210591399885,0.823554571063967,1.513765162463852,0.24771010643712982,0.2903221918926344,54.47770775724009,0.5895541551448018,0.4753222610136495,2.2312898494717177,2.6152765382086867,1.4529029694708482,1.68347801059504,45.52229224275991,-46.0056174916003,-5.2362573623743,71.34742618020307,-0.9960222907318341,-0.08326484287735775,0.031726366100114894,0.00026505260290663846,,26.224681304375334,True,31.679817245526884,True,47.908808472304315,False,23.819824201232795,True,85.51340730146646,False,93.4481383404658,False,75.63076876534357,False,left_M1;left_S1;left_PMd,3,1;0.8;0.6,left_M1,1.0,left_PMd,23.819824201232795
pr_Agency_EBCI,test,05_15 Arina,03_calib_MI,test/05_15 Arina/03_calib_MI,C:\Users\hodor\Documents\lab-Shishkin\projects\BCI_classifier\data\pr_Agency_EBCI\trans\test\05_15 Arina\EPOCHS_03_calib_MI.hdf,"MATRIX_[10, 14]_robust_concat_03_calib_MI.hdf","C:\Users\hodor\Documents\lab-Shishkin\projects\BCI_classifier\data\pr_Agency_EBCI\features\csp\test\05_15 Arina\MATRIX_[10, 14]_robust_concat_03_calib_MI.hdf","[10, 14]",2,3,2,first5,0.26564711352056614,0.234,1.017,0.028908298080772887,1.4950581670036034,1.468,1.0578165961615458,0.4024200258668519,0.3331738641595332,0.5535714285714286,0.5535714285714286,0.6251882544717163,0.5176093961049891,1.1427976505767055,0.22751225030952502,0.18496280775677298,40.086096661362625,0.3017219332272525,0.2674146502349491,1.1622252106365094,1.7085489607272337,0.5061768469039225,0.5354422692476911,59.913903338637375,-34.86465351483807,-33.31793464796309,69.9534217462735,0.9430340603906593,-0.07134298143559187,0.32495682781407614,0.0001640965665642092,,16.816982374209083,True,19.60222467453715,True,45.876986709943985,False,29.71227458722551,True,72.8239040584281,False,79.00322147029087,False,69.19292199935302,False,left_M1;left_S1;left_PMd,3,1;0.8;0.6,left_M1,1.0,left_M1,16.816982374209083
pr_Agency_EBCI,test,05_15 Arina,03_calib_MI,test/05_15 Arina/03_calib_MI,C:\Users\hodor\Documents\lab-Shishkin\projects\BCI_classifier\data\pr_Agency_EBCI\trans\test\05_15 Arina\EPOCHS_03_calib_MI.hdf,"MATRIX_[10, 14]_robust_concat_03_calib_MI.hdf","C:\Users\hodor\Documents\lab-Shishkin\projects\BCI_classifier\data\pr_Agency_EBCI\features\csp\test\05_15 Arina\MATRIX_[10, 14]_robust_concat_03_calib_MI.hdf","[10, 14]",3,4,3,first5,0.294555411601339,0.205,0.873,0.009757900071672543,1.4180014780587715,1.41,1.019515800143345,0.0754966000964926,0.18253067280059432,0.4642857142857143,0.4642857142857143,0.11054859299843561,0.26727705660087026,0.37782564959930587,0.11011007859976205,0.30851860547637056,18.931035455147118,0.0,0.0774542581678577,0.32984179210019404,0.5357573295803312,0.0,0.0,81.06896454485289,-54.74690207497276,1.4983253761188762,64.92828629865448,0.25883825895376256,-0.9263315588612862,0.27370166013271535,9.850467416794645e-05,,32.883510010730106,True,36.35613566688265,False,55.690657396810536,False,29.754482885601412,True,94.68304562814751,False,102.56338600701616,False,83.76742973367689,False,left_M1;left_PMd,2,1;0.6,left_M1,1.0,left_PMd,29.754482885601412
pr_Agency_EBCI,test,05_15 Arina,03_calib_MI,test/05_15 Arina/03_calib_MI,C:\Users\hodor\Documents\lab-Shishkin\projects\BCI_classifier\data\pr_Agency_EBCI\trans\test\05_15 Arina\EPOCHS_03_calib_MI.hdf,"MATRIX_[10, 14]_robust_concat_03_calib_MI.hdf","C:\Users\hodor\Documents\lab-Shishkin\projects\BCI_classifier\data\pr_Agency_EBCI\features\csp\test\05_15 Arina\MATRIX_[10, 14]_robust_concat_03_calib_MI.hdf","[10, 14]",4,5,4,first5,0.30431331167301157,0.196,0.827,0.036644742546571574,1.420729478156512,1.392,1.0732894850931431,0.24685174261092863,0.5235228888698064,0.4642857142857143,0.4642857142857143,0.3614614802517169,0.7665870872736451,1.128048567525362,0.12549858368546715,0.28097185339524705,33.16962208974601,0.0,0.22109751923497095,0.9328961653434743,1.6026518526755085,0.0,0.0,66.83037791025399,1.9451388189983805,-44.004881021188076,72.67548048701175,-0.9510313807943955,-0.15946150343921608,-0.2647854634703544,6.3955613417752e-05,,46.022825577507284,False,50.54490490254656,False,40.786324595193655,False,49.71050639162412,False,42.87190786752896,False,47.20173820968618,False,47.468714939251136,False,,0,,,0.0,SMA,40.786324595193655
pr_Agency_EBCI,test,05_15 Arina,03_calib_MI,test/05_15 Arina/03_calib_MI,C:\Users\hodor\Documents\lab-Shishkin\projects\BCI_classifier\data\pr_Agency_EBCI\trans\test\05_15 Arina\EPOCHS_03_calib_MI.hdf,"MATRIX_[10, 14]_robust_concat_03_calib_MI.hdf","C:\Users\hodor\Documents\lab-Shishkin\projects\BCI_classifier\data\pr_Agency_EBCI\features\csp\test\05_15 Arina\MATRIX_[10, 14]_robust_concat_03_calib_MI.hdf","[10, 14]",51,52,-5,last5,0.8246183017684284,0.325,1.548,0.006011381676706451,1.6578147961797183,1.65,1.012022763353413,0.049193315667207915,0.07717042892111745,0.5178571428571428,0.5178571428571428,0.07466842556629773,0.11713368675526754,0.19180211232156527,0.11922706159138947,0.15874087872204534,35.104322230764,0.20208644461527997,0.062335686504508714,0.29690966987378303,0.31797237974521514,0.06395500146546342,0.06472391731334985,64.895677769236,60.01872435573983,-22.789048538101593,55.644923118399234,0.2986039280436768,0.408022881939314,0.8627589593686196,9.79126212378675e-05,,96.02701656272815,False,102.33818155848442,False,62.36718537198275,False,89.25322332255503,False,24.051852375896765,True,19.747346984671832,True,35.27096179044483,False,right_M1;right_S1,2,1;0.8,right_M1,1.0,right_S1,19.747346984671832
pr_Agency_EBCI,test,05_15 Arina,03_calib_MI,test/05_15 Arina/03_calib_MI,C:\Users\hodor\Documents\lab-Shishkin\projects\BCI_classifier\data\pr_Agency_EBCI\trans\test\05_15 Arina\EPOCHS_03_calib_MI.hdf,"MATRIX_[10, 14]_robust_concat_03_calib_MI.hdf","C:\Users\hodor\Documents\lab-Shishkin\projects\BCI_classifier\data\pr_Agency_EBCI\features\csp\test\05_15 Arina\MATRIX_[10, 14]_robust_concat_03_calib_MI.hdf","[10, 14]",52,53,-4,last5,0.8355234187960698,0.336,1.625,0.010905117027641409,1.6866564772851502,1.6720000000000002,1.0218102340552828,0.2256032166271425,0.253403014247767,0.4642857142857143,0.4642857142857143,0.33034756720403013,0.3710544137199446,0.7014019809239747,0.17300292130385644,0.19282468598667987,35.89282471066453,0.21785649421329056,0.2356710655904555,1.139778219001459,1.1830241943060573,0.25548992087244865,0.2610622158454424,64.10717528933547,40.28798989769083,-62.16972155708992,41.6984642343269,-0.10019289270386973,-0.2834919470105778,-0.9537262186978938,8.002628633804184e-05,,86.49461816571468,False,88.95125578424741,False,71.02041831837496,False,88.32973578074716,False,40.9859540131165,False,33.822235330955685,True,57.357539648726494,False,right_S1,1,0.8,right_S1,0.8,right_S1,33.822235330955685
pr_Agency_EBCI,test,05_15 Arina,03_calib_MI,test/05_15 Arina/03_calib_MI,C:\Users\hodor\Documents\lab-Shishkin\projects\BCI_classifier\data\pr_Agency_EBCI\trans\test\05_15 Arina\EPOCHS_03_calib_MI.hdf,"MATRIX_[10, 14]_robust_concat_03_calib_MI.hdf","C:\Users\hodor\Documents\lab-Shishkin\projects\BCI_classifier\data\pr_Agency_EBCI\features\csp\test\05_15 Arina\MATRIX_[10, 14]_robust_concat_03_calib_MI.hdf","[10, 14]",53,54,-3,last5,0.8414074319496174,0.341,1.669,0.005884013153547585,1.690025793941439,1.682,1.0117680263070952,0.26409705790081384,0.21094954651889344,0.4821428571428571,0.4821428571428571,0.3914295679601348,0.3126573635905028,0.7040869315506375,0.21487768834402496,0.14081291855194839,17.439623132001167,0.0,0.2400936436587674,1.1751210887580141,1.1899250754976578,0.0,0.0,82.56037686799883,32.15870244761499,-47.49433536904878,62.67375922514419,0.9151566248025863,0.39920293760466274,-0.05590497909619732,5.059892070252462e-05,,72.40256608692161,False,76.9382483210724,False,52.70489575103959,False,72.27316977010744,False,24.724045452039046,True,22.733940342925173,True,40.26954673802393,False,right_M1;right_S1,2,1;0.8,right_M1,1.0,right_S1,22.733940342925173
pr_Agency_EBCI,test,05_15 Arina,03_calib_MI,test/05_15 Arina/03_calib_MI,C:\Users\hodor\Documents\lab-Shishkin\projects\BCI_classifier\data\pr_Agency_EBCI\trans\test\05_15 Arina\EPOCHS_03_calib_MI.hdf,"MATRIX_[10, 14]_robust_concat_03_calib_MI.hdf","C:\Users\hodor\Documents\lab-Shishkin\projects\BCI_classifier\data\pr_Agency_EBCI\features\csp\test\05_15 Arina\MATRIX_[10, 14]_robust_concat_03_calib_MI.hdf","[10, 14]",54,55,-2,last5,0.8571958654510324,0.357,1.792,0.01578843350141501,1.7365458830400207,1.714,1.03157686700283,0.5097135543277448,0.5465357200346134,0.5178571428571428,0.5178571428571428,0.7736723592474697,0.8295631464811095,1.6032355057285792,0.19756443838415597,0.21207894152505274,14.64935381571611,0.0,0.5723550755451028,2.872998026265614,2.7840920170165497,0.0,0.0,85.35064618428389,45.265959204533154,-24.036534414934764,55.24625875711016,0.5078248933727375,0.39142751356515365,0.7673971457434339,0.00011657372468572598,,81.26946281388571,False,87.5297021221346,False,48.80478180711781,False,75.0042621459803,False,9.296637058892879,True,7.534428128799604,True,23.576511810597076,True,right_M1;right_S1;right_PMd,3,1;0.8;0.6,right_M1,1.0,right_S1,7.534428128799604
pr_Agency_EBCI,test,05_15 Arina,03_calib_MI,test/05_15 Arina/03_calib_MI,C:\Users\hodor\Documents\lab-Shishkin\projects\BCI_classifier\data\pr_Agency_EBCI\trans\test\05_15 Arina\EPOCHS_03_calib_MI.hdf,"MATRIX_[10, 14]_robust_concat_03_calib_MI.hdf","C:\Users\hodor\Documents\lab-Shishkin\projects\BCI_classifier\data\pr_Agency_EBCI\features\csp\test\05_15 Arina\MATRIX_[10, 14]_robust_concat_03_calib_MI.hdf","[10, 14]",55,56,-1,last5,0.8646827840659048,0.365,1.855,0.007486918614872384,1.7409309011777137,1.73,1.0149738372297448,0.327885570466941,0.4178900419204374,0.5892857142857143,0.5892857142857143,0.5211038530635312,0.6641466737664095,1.1852505268299407,0.16016145666344195,0.2062608439664893,38.139165076020966,0.26278330152041934,0.43261644229292834,2.19863972726954,2.0634392677954083,0.5388328005646955,0.5469011952143988,61.860834923979034,47.93319994498885,-30.865630149146664,63.15146860282428,-0.43497875180223583,-0.7041207480469415,-0.5612552517797803,0.00015209231434234143,,84.51663998011,False,90.62607251724103,False,54.24415957913179,False,79.62305821293478,False,15.513917669277964,True,12.661257012718092,True,31.16589490679916,True,right_M1;right_S1;right_PMd,3,1;0.8;0.6,right_M1,1.0,right_S1,12.661257012718092
pr_Agency_EBCI,test,05_15 Arina,03_calib_MI,test/05_15 Arina/03_calib_MI,C:\Users\hodor\Documents\lab-Shishkin\projects\BCI_classifier\data\pr_Agency_EBCI\trans\test\05_15 Arina\EPOCHS_03_calib_MI.hdf,"MATRIX_[8, 15]_robust_concat_03_calib_MI.hdf","C:\Users\hodor\Documents\lab-Shishkin\projects\BCI_classifier\data\pr_Agency_EBCI\features\csp\test\05_15 Arina\MATRIX_[8, 15]_robust_concat_03_calib_MI.hdf","[8, 15]",0,1,0,first5,0.17663719232504024,0.323,1.539,0.028961641125789916,1.6834184403345205,1.646,1.0579232822515798,1.3042195434517303,0.5551449396826019,0.5357142857142857,0.5357142857142857,2.0029085845865855,0.8525440145125671,2.8554525990991526,0.3393211155102169,0.1394883130070913,26.73846475129978,0.0,0.9223111895090264,4.394541550013596,4.806921560824648,0.0,0.0,73.26153524870023,-53.129435107158436,0.45444027093405054,53.264621630188756,0.09085107538415751,0.9854023299197014,0.14397336660079207,0.0002126505948397126,,29.98198610634499,True,32.448983433813176,True,53.729139973780434,False,26.654237260250188,True,92.46382074255789,False,99.89335124967276,False,81.6146132498798,False,left_M1;left_S1;left_PMd,3,1;0.8;0.6,left_M1,1.0,left_PMd,26.654237260250188
pr_Agency_EBCI,test,05_15 Arina,03_calib_MI,test/05_15 Arina/03_calib_MI,C:\Users\hodor\Documents\lab-Shishkin\projects\BCI_classifier\data\pr_Agency_EBCI\trans\test\05_15 Arina\EPOCHS_03_calib_MI.hdf,"MATRIX_[8, 15]_robust_concat_03_calib_MI.hdf","C:\Users\hodor\Documents\lab-Shishkin\projects\BCI_classifier\data\pr_Agency_EBCI\features\csp\test\05_15 Arina\MATRIX_[8, 15]_robust_concat_03_calib_MI.hdf","[8, 15]",1,2,1,first5,0.20559883345083016,0.294,1.352,0.08212066528837506,1.684573902379129,1.588,1.16424133057675,0.3705806836327219,0.5882582591669316,0.5,0.5,0.5558710254490828,0.8823873887503975,1.4382584141994803,0.19585917010676146,0.3186028537602269,55.13544703337371,0.6027089406674742,0.42284797377464717,1.9445253759976975,2.4228525894376363,1.3765597139024612,1.602647712932152,44.86455296662629,-46.63828339639742,-4.332729086799222,70.93310881889087,0.9990927202026318,0.027825896324124005,-0.0322405944713304,0.00024225462198497913,,26.888145302198414,True,32.23018893126291,True,48.427002531459216,False,24.162620365185326,True,86.24897197574799,False,94.20199939035088,False,76.20577381871126,False,left_M1;left_S1;left_PMd,3,1;0.8;0.6,left_M1,1.0,left_PMd,24.162620365185326
pr_Agency_EBCI,test,05_15 Arina,03_calib_MI,test/05_15 Arina/03_calib_MI,C:\Users\hodor\Documents\lab-Shishkin\projects\BCI_classifier\data\pr_Agency_EBCI\trans\test\05_15 Arina\EPOCHS_03_calib_MI.hdf,"MATRIX_[8, 15]_robust_concat_03_calib_MI.hdf","C:\Users\hodor\Documents\lab-Shishkin\projects\BCI_classifier\data\pr_Agency_EBCI\features\csp\test\05_15 Arina\MATRIX_[8, 15]_robust_concat_03_calib_MI.hdf","[8, 15]",2,3,2,first5,0.2877194987392052,0.212,0.906,0.057606641957956284,1.4728504323803469,1.424,1.1152132839159126,0.5279038693852017,0.28077161925202343,0.5535714285714286,0.5535714285714286,0.8201363685091527,0.43619876562367926,1.256335134132832,0.2819071008733589,0.14379461995212023,45.450255658881645,0.4090051131776329,0.26634304843616036,1.1382396315243457,1.8503937455221626,0.7317188310644506,0.8160225604944987,54.549744341118355,-8.385002635469172,-48.997356947415604,68.84438869879718,0.4650287327642143,-0.023453297648199194,-0.884984870228375,0.00015578530933535106,,39.40094230910398,False,42.126013927751345,False,45.12961045600653,False,47.22827245760897,False,52.53450898555064,False,56.42057685100287,False,56.29946726659759,False,,0,,,0.0,left_M1,39.40094230910398
pr_Agency_EBCI,test,05_15 Arina,03_calib_MI,test/05_15 Arina/03_calib_MI,C:\Users\hodor\Documents\lab-Shishkin\projects\BCI_classifier\data\pr_Agency_EBCI\trans\test\05_15 Arina\EPOCHS_03_calib_MI.hdf,"MATRIX_[8, 15]_robust_concat_03_calib_MI.hdf","C:\Users\hodor\Documents\lab-Shishkin\projects\BCI_classifier\data\pr_Agency_EBCI\features\csp\test\05_15 Arina\MATRIX_[8, 15]_robust_concat_03_calib_MI.hdf","[8, 15]",3,4,3,first5,0.3453261406971615,0.155,0.64,0.017611021357054946,1.320918833241374,1.31,1.03522204271411,0.22507192799436182,0.4689676590747113,0.5357142857142857,0.5357142857142857,0.3456461751341985,0.7202003335790208,1.0658465087132192,0.13422678411307384,0.30298023125085954,28.084271624907885,0.0,0.16520620885054896,0.6821417655764603,1.4078967267038573,0.0,0.0,71.91572837509212,-41.116996505438934,-30.30978310578551,67.8950255397667,-0.7872187720348615,0.4174392894028793,0.4539064271617491,0.00012001098546161308,,14.404466275097898,True,15.922546833150564,True,48.77995988837268,False,28.482865939764416,True,78.28369016247024,False,84.62377272709845,False,73.59604106711006,False,left_M1;left_S1;left_PMd,3,1;0.8;0.6,left_M1,1.0,left_M1,14.404466275097898
pr_Agency_EBCI,test,05_15 Arina,03_calib_MI,test/05_15 Arina/03_calib_MI,C:\Users\hodor\Documents\lab-Shishkin\projects\BCI_classifier\data\pr_Agency_EBCI\trans\test\05_15 Arina\EPOCHS_03_calib_MI.hdf,"MATRIX_[8, 15]_robust_concat_03_calib_MI.hdf","C:\Users\hodor\Documents\lab-Shishkin\projects\BCI_classifier\data\pr_Agency_EBCI\features\csp\test\05_15 Arina\MATRIX_[8, 15]_robust_concat_03_calib_MI.hdf","[8, 15]",4,5,4,first5,0.36293716205421644,0.137,0.563,0.022030710659079134,1.2860728294411754,1.274,1.0440614213181583,0.14402440145901846,0.444355684292603,0.5,0.5,0.2160366021885277,0.6665335264389045,0.8825701286274322,0.11929493935361829,0.3527216549736481,48.12029174209512,0.46240583484190245,0.12091210762195823,0.49688698241724427,1.1350494625041438,0.5199265052693441,0.5428352060724944,51.87970825790488,11.592358953605343,-50.74734025078415,66.73657400933968,-0.472048736596666,-0.21654216038585244,-0.8545639139660176,9.506178617677202e-05,,55.63925648962308,False,59.327562559291415,False,47.04290563995118,False,59.24663709853473,False,37.76807081913101,False,39.65152424587155,False,47.02998835510884,False,,0,,,0.0,right_M1,37.76807081913101
pr_Agency_EBCI,test,05_15 Arina,03_calib_MI,test/05_15 Arina/03_calib_MI,C:\Users\hodor\Documents\lab-Shishkin\projects\BCI_classifier\data\pr_Agency_EBCI\trans\test\05_15 Arina\EPOCHS_03_calib_MI.hdf,"MATRIX_[8, 15]_robust_concat_03_calib_MI.hdf","C:\Users\hodor\Documents\lab-Shishkin\projects\BCI_classifier\data\pr_Agency_EBCI\features\csp\test\05_15 Arina\MATRIX_[8, 15]_robust_concat_03_calib_MI.hdf","[8, 15]",51,52,-5,last5,0.7553149208796032,0.255,1.127,0.0032545716086451737,1.513319663040818,1.51,1.0065091432172903,0.29954645249695044,0.4866341318956069,0.4821428571428571,0.4821428571428571,0.4439706349508373,0.7212613026309889,1.165231937581826,0.1513636272295771,0.267252994826346,40.62731213165232,0.31254624263304637,0.29713414408336564,1.313216393654718,1.7633684031457286,0.5499251844697085,0.5535047262542167,59.37268786834768,52.97767779618149,36.08210208636096,55.65565524056844,0.024900350971867508,-0.895552674094873,-0.4442582362129036,0.00012610721284600905,,107.36388922924849,False,115.76254709941983,False,67.69810642133206,False,92.19942840890003,False,62.43571980669561,False,67.08738660275047,False,50.66788613861402,False,,0,,,0.0,right_PMd,50.66788613861402
pr_Agency_EBCI,test,05_15 Arina,03_calib_MI,test/05_15 Arina/03_calib_MI,C:\Users\hodor\Documents\lab-Shishkin\projects\BCI_classifier\data\pr_Agency_EBCI\trans\test\05_15 Arina\EPOCHS_03_calib_MI.hdf,"MATRIX_[8, 15]_robust_concat_03_calib_MI.hdf","C:\Users\hodor\Documents\lab-Shishkin\projects\BCI_classifier\data\pr_Agency_EBCI\features\csp\test\05_15 Arina\MATRIX_[8, 15]_robust_concat_03_calib_MI.hdf","[8, 15]",52,53,-4,last5,0.7597142179206893,0.26,1.151,0.004399297041086103,1.5245752689227294,1.52,1.0087985940821722,0.23105866913536993,0.1508794398928629,0.6071428571428572,0.6071428571428572,0.3713442896818446,0.24248481411352968,0.6138291037953743,0.18534963701615406,0.1168625298842423,29.44074077524427,0.0,0.1595955669867973,0.7065172984684758,0.9358286709914307,0.0,0.0,70.55925922475573,57.035685454937315,-20.472559910009117,59.496682456955284,0.5224585816596602,0.26838126284286645,0.8093259715374544,0.00012616386473448458,,93.168172622754,False,99.77494352821289,False,58.86224990637301,False,86.01662246161834,False,21.614108456106052,True,19.314352166940527,True,31.794064992567463,True,right_M1;right_S1;right_PMd,3,1;0.8;0.6,right_M1,1.0,right_S1,19.314352166940527
pr_Agency_EBCI,test,05_15 Arina,03_calib_MI,test/05_15 Arina/03_calib_MI,C:\Users\hodor\Documents\lab-Shishkin\projects\BCI_classifier\data\pr_Agency_EBCI\trans\test\05_15 Arina\EPOCHS_03_calib_MI.hdf,"MATRIX_[8, 15]_robust_concat_03_calib_MI.hdf","C:\Users\hodor\Documents\lab-Shishkin\projects\BCI_classifier\data\pr_Agency_EBCI\features\csp\test\05_15 Arina\MATRIX_[8, 15]_robust_concat_03_calib_MI.hdf","[8, 15]",53,54,-3,last5,0.7745266924751003,0.275,1.234,0.014812474554411037,1.5662937220098523,1.55,1.029624949108822,0.17645710956190022,0.38273983662691424,0.5535714285714286,0.5535714285714286,0.27413872378366644,0.5946136747596703,0.8687523985433367,0.1430984915217572,0.3071373194684922,20.456298605650407,0.0,0.23890690959941763,1.0720404598024775,1.3607214278194295,0.0,0.0,79.5437013943496,-37.79567269857585,68.1243610629292,33.7868625247814,0.5047118944298525,0.7453397045462598,-0.4355853859439311,6.338380873851825e-05,,94.7815689793449,False,99.8888631367722,False,86.6556968936215,False,79.90179614595529,False,120.1087952099314,False,127.77894189621995,False,103.04082865345316,False,,0,,,0.0,left_PMd,79.90179614595529
pr_Agency_EBCI,test,05_15 Arina,03_calib_MI,test/05_15 Arina/03_calib_MI,C:\Users\hodor\Documents\lab-Shishkin\projects\BCI_classifier\data\pr_Agency_EBCI\trans\test\05_15 Arina\EPOCHS_03_calib_MI.hdf,"MATRIX_[8, 15]_robust_concat_03_calib_MI.hdf","C:\Users\hodor\Documents\lab-Shishkin\projects\BCI_classifier\data\pr_Agency_EBCI\features\csp\test\05_15 Arina\MATRIX_[8, 15]_robust_concat_03_calib_MI.hdf","[8, 15]",54,55,-2,last5,0.7822833912447805,0.282,1.279,0.007756698769680215,1.5727495562121994,1.564,1.0155133975393604,0.0688923220174735,0.09662039395005387,0.5178571428571428,0.5178571428571428,0.10456870306223656,0.14665595510276033,0.2512246581649969,0.16737162901590164,0.21051220342672725,24.72268060342369,0.0,0.07084535360252912,0.321316337793031,0.39511346963856037,0.0,0.0,75.2773193965763,33.68729386464059,-47.56744490149877,61.81210972045935,0.7380423134205399,-0.41411161399520363,-0.532733624577185,4.239136952537898e-05,,73.793793809267,False,78.31640358242959,False,53.639709395955975,False,73.51656643082784,False,24.383471620267024,True,21.771396391282988,True,40.39441331345929,False,right_M1;right_S1,2,1;0.8,right_M1,1.0,right_S1,21.771396391282988
pr_Agency_EBCI,test,05_15 Arina,03_calib_MI,test/05_15 Arina/03_calib_MI,C:\Users\hodor\Documents\lab-Shishkin\projects\BCI_classifier\data\pr_Agency_EBCI\trans\test\05_15 Arina\EPOCHS_03_calib_MI.hdf,"MATRIX_[8, 15]_robust_concat_03_calib_MI.hdf","C:\Users\hodor\Documents\lab-Shishkin\projects\BCI_classifier\data\pr_Agency_EBCI\features\csp\test\05_15 Arina\MATRIX_[8, 15]_robust_concat_03_calib_MI.hdf","[8, 15]",55,56,-1,last5,0.8045853528040701,0.305,1.415,0.02230196155928954,1.6372083931023331,1.6099999999999999,1.044603923118579,0.5818946521510631,0.49242428305913033,0.5892857142857143,0.5892857142857143,0.9247968578829396,0.7826028784332608,1.7073997363162006,0.21143272025695323,0.1801159261133083,28.99110756690055,0.0,0.5207569195764412,2.415970626887424,2.795369178677594,0.0,0.0,71.00889243309945,45.23563484459978,-24.55468945313733,57.751250020759805,-0.6020460354607801,-0.4592907968603594,-0.6531405171211881,0.0002455816252708884,,81.25640236701221,False,87.59443059061127,False,48.893772988474794,False,75.10381368889722,False,9.416554996781922,True,8.555560566126088,True,23.962298053847203,True,right_M1;right_S1;right_PMd,3,1;0.8;0.6,right_M1,1.0,right_S1,8.555560566126088
pr_Agency_EBCI,test,05_19 Darisy,01_calib,test/05_19 Darisy/01_calib,C:\Users\hodor\Documents\lab-Shishkin\projects\BCI_classifier\data\pr_Agency_EBCI\trans\test\05_19 Darisy\EPOCHS_01_calib.hdf,"MATRIX_[8, 12]_robust_concat_01_calib.hdf","C:\Users\hodor\Documents\lab-Shishkin\projects\BCI_classifier\data\pr_Agency_EBCI\features\csp\test\05_19 Darisy\MATRIX_[8, 12]_robust_concat_01_calib.hdf","[8, 12]",0,1,0,first5,0.11327903557410678,0.387,2.058,0.1454680986285264,1.999184616676959,1.774,1.2909361972570528,0.4334584665357531,0.40329844366643586,0.4285714285714286,0.4285714285714286,0.6192263807653616,0.5761406338091941,1.1953670145745559,0.2812961094055703,0.24485863512080744,78.43439225095536,1.0,0.46260703464035313,2.4600653159944357,2.3897593468205143,2.120581083855262,2.737534880367351,21.565607749044645,-47.79355324702885,5.008879456715867,43.79803162256593,0.9292796848208122,0.056513306718740705,-0.3650280996622662,0.0004842562866553019,,33.60790112174037,True,36.42058738276264,False,51.05991641848545,False,26.64401859979518,True,89.50845035738712,False,96.72526107902887,False,77.86386640036227,False,left_M1;left_PMd,2,1;0.6,left_M1,1.0,left_PMd,26.64401859979518
pr_Agency_EBCI,test,05_19 Darisy,01_calib,test/05_19 Darisy/01_calib,C:\Users\hodor\Documents\lab-Shishkin\projects\BCI_classifier\data\pr_Agency_EBCI\trans\test\05_19 Darisy\EPOCHS_01_calib.hdf,"MATRIX_[8, 12]_robust_concat_01_calib.hdf","C:\Users\hodor\Documents\lab-Shishkin\projects\BCI_classifier\data\pr_Agency_EBCI\features\csp\test\05_19 Darisy\MATRIX_[8, 12]_robust_concat_01_calib.hdf","[8, 12]",1,2,1,first5,0.2587471342026332,0.241,1.052,0.007430951441013134,1.4891634371891367,1.482,1.0148619028820263,0.13370006241609808,0.6739391946431086,0.5535714285714286,0.5535714285714286,0.20771259696786668,1.0470126773919723,1.254725274359839,0.08091256311133929,0.43499628311584365,50.209929566273146,0.504198591325463,0.3023887911207212,1.3199709886265507,1.8684910022937804,0.9375587208640404,0.9514926275197185,49.790070433726854,43.91221613263827,15.076451938643958,53.07138665584304,0.8297733061912935,-0.36546367928718965,0.42179682248001793,0.0004532310734603242,,89.00285478265411,False,97.02547742507814,False,48.95702994971925,False,75.58085894790689,False,39.97685625911956,False,45.129712599141584,False,28.1832934989492,True,right_PMd,1,0.6,right_PMd,0.6,right_PMd,28.1832934989492
pr_Agency_EBCI,test,05_19 Darisy,01_calib,test/05_19 Darisy/01_calib,C:\Users\hodor\Documents\lab-Shishkin\projects\BCI_classifier\data\pr_Agency_EBCI\trans\test\05_19 Darisy\EPOCHS_01_calib.hdf,"MATRIX_[8, 12]_robust_concat_01_calib.hdf","C:\Users\hodor\Documents\lab-Shishkin\projects\BCI_classifier\data\pr_Agency_EBCI\features\csp\test\05_19 Darisy\MATRIX_[8, 12]_robust_concat_01_calib.hdf","[8, 12]",2,3,2,first5,0.2661780856436463,0.234,1.014,0.009955623152686166,1.4773184632709142,1.468,1.0199112463053723,0.1300727600117717,0.13043846976150247,0.5178571428571428,0.5178571428571428,0.1974318678750106,0.19798696303085195,0.39541883090586255,0.12684023689183402,0.1433361017420931,26.97919009522034,0.0,0.09252800643197184,0.40095469453854465,0.5841595396222303,0.0,0.0,73.02080990477967,74.38163019992422,-27.453309477924474,12.572762636819128,-0.22449355909084573,-0.9047208440902764,-0.36205363718004935,0.0001497850822233367,,118.66741160462378,False,122.90515256367306,False,89.75803748525621,False,112.89975375099803,False,58.06031198807074,False,51.08387860286726,False,66.45007008758141,False,,0,,,0.0,right_S1,51.08387860286726
pr_Agency_EBCI,test,05_19 Darisy,01_calib,test/05_19 Darisy/01_calib,C:\Users\hodor\Documents\lab-Shishkin\projects\BCI_classifier\data\pr_Agency_EBCI\trans\test\05_19 Darisy\EPOCHS_01_calib.hdf,"MATRIX_[8, 12]_robust_concat_01_calib.hdf","C:\Users\hodor\Documents\lab-Shishkin\projects\BCI_classifier\data\pr_Agency_EBCI\features\csp\test\05_19 Darisy\MATRIX_[8, 12]_robust_concat_01_calib.hdf","[8, 12]",3,4,3,first5,0.2761337087963325,0.224,0.964,0.005934100621973748,1.4533169541572886,1.448,1.0118682012439475,0.2962521617782012,0.15094078379328163,0.4107142857142857,0.4107142857142857,0.4179271567942481,0.2129343199940937,0.6308614767883418,0.27418289547682656,0.12182729309211675,20.139520575724053,0.0,0.14131297080058858,0.6081504636239615,0.9168416799412019,0.0,0.0,79.86047942427595,-7.314331590156373,-80.86013555280405,4.399154414165485,-0.13636595740688606,0.7470528409783153,-0.6506276803570006,0.00012822656166220904,,81.9670046566049,False,77.8183107113852,False,92.3611930905585,False,91.64684116492025,False,88.15811704748694,False,85.34926589678413,False,96.0122316874555,False,,0,,,0.0,left_S1,77.8183107113852
pr_Agency_EBCI,test,05_19 Darisy,01_calib,test/05_19 Darisy/01_calib,C:\Users\hodor\Documents\lab-Shishkin\projects\BCI_classifier\data\pr_Agency_EBCI\trans\test\05_19 Darisy\EPOCHS_01_calib.hdf,"MATRIX_[8, 12]_robust_concat_01_calib.hdf","C:\Users\hodor\Documents\lab-Shishkin\projects\BCI_classifier\data\pr_Agency_EBCI\features\csp\test\05_19 Darisy\MATRIX_[8, 12]_robust_concat_01_calib.hdf","[8, 12]",4,5,4,first5,0.2820678094183062,0.218,0.934,0.009882804149810354,1.4446178052186347,1.436,1.0197656082996207,0.13436003738068758,0.14538269952710375,0.4642857142857143,0.4642857142857143,0.1967414833074354,0.21288181002183051,0.40962329332926595,0.13909334172895313,0.12065374703470283,20.999693422955378,0.0,0.08929787794577998,0.38258815596953444,0.5917491029757532,0.0,0.0,79.00030657704463,-16.571913838175643,56.45727883455365,-1.1731712708965703,0.8301848877762015,0.5290733793306622,0.1757111589844226,0.00026756821286533477,,100.59620153138815,False,104.63667986099819,False,87.61851520045269,False,86.91440307134803,False,111.83001097755893,False,117.1875262011556,False,97.0060194581987,False,,0,,,0.0,left_PMd,86.91440307134803
pr_Agency_EBCI,test,05_19 Darisy,01_calib,test/05_19 Darisy/01_calib,C:\Users\hodor\Documents\lab-Shishkin\projects\BCI_classifier\data\pr_Agency_EBCI\trans\test\05_19 Darisy\EPOCHS_01_calib.hdf,"MATRIX_[8, 12]_robust_concat_01_calib.hdf","C:\Users\hodor\Documents\lab-Shishkin\projects\BCI_classifier\data\pr_Agency_EBCI\features\csp\test\05_19 Darisy\MATRIX_[8, 12]_robust_concat_01_calib.hdf","[8, 12]",51,52,-5,last5,0.6763288648589946,0.176,0.737,0.010700533355582742,1.3595331754823303,1.3519999999999999,1.0214010667111655,0.14930233051736264,0.1494896597337019,0.4821428571428571,0.4821428571428571,0.22128738273109105,0.22156503139102246,0.4428524141221135,0.16390077703695768,0.1635980621441528,27.89267972384719,0.0,0.07794202488549197,0.32638222920799764,0.602072548841453,0.0,0.0,72.1073202761528,17.280384301166244,-83.07175880407715,6.4492075745280255,0.13326290508106242,0.026402871701016573,0.9907289672232742,7.549051931648941e-05,,93.7206117643245,False,91.68233328204803,False,94.31941415447795,False,100.70433556898655,False,79.3421560717334,False,74.17914581231442,False,90.58675488536075,False,,0,,,0.0,right_S1,74.17914581231442
pr_Agency_EBCI,test,05_19 Darisy,01_calib,test/05_19 Darisy/01_calib,C:\Users\hodor\Documents\lab-Shishkin\projects\BCI_classifier\data\pr_Agency_EBCI\trans\test\05_19 Darisy\EPOCHS_01_calib.hdf,"MATRIX_[8, 12]_robust_concat_01_calib.hdf","C:\Users\hodor\Documents\lab-Shishkin\projects\BCI_classifier\data\pr_Agency_EBCI\features\csp\test\05_19 Darisy\MATRIX_[8, 12]_robust_concat_01_calib.hdf","[8, 12]",52,53,-4,last5,0.6810328508338943,0.181,0.759,0.004703985974899738,1.3654056858458274,1.362,1.0094079719497995,0.33224435526010665,0.15334225872455148,0.4821428571428571,0.4821428571428571,0.49243359797480096,0.22727513346674597,0.7197087314415469,0.25207758137241015,0.12656873027840726,42.14584744924873,0.34291694898497455,0.13026728039091998,0.5462589271641342,0.9826943940631758,0.33614203903223067,0.3393044539065943,57.85415255075127,12.594399016152348,-83.94548467455594,6.46353882696834,-0.7421316962866129,-0.668190814677974,-0.05255074258980309,0.00011344365250254298,,91.69916975717787,False,89.24255160443714,False,94.28745567661106,False,99.34527094674952,False,81.2104936312407,False,76.47466235399168,False,91.97233371875487,False,,0,,,0.0,right_S1,76.47466235399168
pr_Agency_EBCI,test,05_19 Darisy,01_calib,test/05_19 Darisy/01_calib,C:\Users\hodor\Documents\lab-Shishkin\projects\BCI_classifier\data\pr_Agency_EBCI\trans\test\05_19 Darisy\EPOCHS_01_calib.hdf,"MATRIX_[8, 12]_robust_concat_01_calib.hdf","C:\Users\hodor\Documents\lab-Shishkin\projects\BCI_classifier\data\pr_Agency_EBCI\features\csp\test\05_19 Darisy\MATRIX_[8, 12]_robust_concat_01_calib.hdf","[8, 12]",53,54,-3,last5,0.7024184453462298,0.202,0.859,0.02138559451233546,1.4212795603659671,1.404,1.042771189024671,0.32824979488340345,0.3239423158175813,0.5714285714285714,0.5714285714285714,0.5158211062453483,0.5090522105704849,1.024873316815833,0.14621047457328007,0.16362537429898436,25.06946226957923,0.0,0.20702440999679828,0.8803661791448005,1.4566314971548178,0.0,0.0,74.93053773042077,16.632743427120886,-56.81667485680253,34.31527745264204,0.43467845823542883,-0.4555567257386487,-0.7768672393532581,0.00019950426408720036,,65.70667409995826,False,66.85568086365647,False,58.48032728670168,False,69.60874026917793,False,43.843494018756296,False,40.93142030258387,False,54.61235627606938,False,,0,,,0.0,right_S1,40.93142030258387
pr_Agency_EBCI,test,05_19 Darisy,01_calib,test/05_19 Darisy/01_calib,C:\Users\hodor\Documents\lab-Shishkin\projects\BCI_classifier\data\pr_Agency_EBCI\trans\test\05_19 Darisy\EPOCHS_01_calib.hdf,"MATRIX_[8, 12]_robust_concat_01_calib.hdf","C:\Users\hodor\Documents\lab-Shishkin\projects\BCI_classifier\data\pr_Agency_EBCI\features\csp\test\05_19 Darisy\MATRIX_[8, 12]_robust_concat_01_calib.hdf","[8, 12]",54,55,-2,last5,0.711094208327682,0.211,0.901,0.008675762981452229,1.4293223439563456,1.422,1.0173515259629045,0.1143493997150566,0.07532385911048577,0.4642857142857143,0.4642857142857143,0.16744019243990432,0.11029565084035417,0.27773584328025847,0.19208234796864485,0.13252404384600563,31.344695054926557,0.0,0.05860226293213453,0.2502399947955129,0.3969740465180313,0.0,0.0,68.65530494507344,50.03992900215322,22.580262962888693,64.80916050084373,-0.4008488483645903,-0.9002602228384469,-0.1698579757905167,8.694678892681516e-05,,98.23538868003249,False,106.7712844200364,False,58.02749858726165,False,84.27920449476349,False,49.4412966335531,False,54.71196491026953,False,38.710622082692005,False,,0,,,0.0,right_PMd,38.710622082692005
pr_Agency_EBCI,test,05_19 Darisy,01_calib,test/05_19 Darisy/01_calib,C:\Users\hodor\Documents\lab-Shishkin\projects\BCI_classifier\data\pr_Agency_EBCI\trans\test\05_19 Darisy\EPOCHS_01_calib.hdf,"MATRIX_[8, 12]_robust_concat_01_calib.hdf","C:\Users\hodor\Documents\lab-Shishkin\projects\BCI_classifier\data\pr_Agency_EBCI\features\csp\test\05_19 Darisy\MATRIX_[8, 12]_robust_concat_01_calib.hdf","[8, 12]",55,56,-1,last5,0.7450446774681566,0.245,1.072,0.033950469140474615,1.523271459757665,1.49,1.0679009382809492,0.45846956527630006,0.6315475590319418,0.4821428571428571,0.4821428571428571,0.679517391391659,0.9360437035651995,1.6155610949568584,0.15149355567565828,0.20749510881994684,47.96239007488648,0.4592478014977296,0.3958124682644303,1.7318814937937523,2.4609381074426255,1.105494892755861,1.1805590332387812,52.03760992511352,45.13191071799382,3.7936374067455274,54.211798373245344,-0.32405950128836425,-0.9224553878288765,-0.20990830638689323,0.00028268017106494026,,85.77919842309144,False,93.48193326301573,False,46.33740573528817,False,74.0983394793995,False,29.309993836863608,True,34.010452010638815,True,20.875581744924546,True,right_M1;right_S1;right_PMd,3,1;0.8;0.6,right_M1,1.0,right_PMd,20.875581744924546
pr_Agency_EBCI,test,05_19 Darisy,01_calib,test/05_19 Darisy/01_calib,C:\Users\hodor\Documents\lab-Shishkin\projects\BCI_classifier\data\pr_Agency_EBCI\trans\test\05_19 Darisy\EPOCHS_01_calib.hdf,"MATRIX_[9, 13]_robust_concat_01_calib.hdf","C:\Users\hodor\Documents\lab-Shishkin\projects\BCI_classifier\data\pr_Agency_EBCI\features\csp\test\05_19 Darisy\MATRIX_[9, 13]_robust_concat_01_calib.hdf","[9, 13]",0,1,0,first5,0.11303579507294,0.387,2.06,0.14819018208878626,2.003398401873441,1.774,1.2963803641775726,0.48502276704098524,0.43672517441510816,0.4285714285714286,0.4285714285714286,0.6928896672014075,0.6238931063072974,1.316782773508705,0.2816115953468417,0.23465678101953952,80.3492843535333,1.0,0.5095949333478689,2.7125725134279324,2.638040504061817,2.3359726402044427,3.0283090620170814,19.650715646466693,-47.531961780238674,5.143692944388445,44.62989265852987,0.9480529846233892,0.046529817832435344,-0.314691141278499,0.0005374787476868558,,33.34097062015795,True,36.33180751259524,False,50.61846553817408,False,26.144474294917924,True,89.19766150661465,False,96.464344792324,False,77.50556919050628,False,left_M1;left_PMd,2,1;0.6,left_M1,1.0,left_PMd,26.144474294917924
pr_Agency_EBCI,test,05_19 Darisy,01_calib,test/05_19 Darisy/01_calib,C:\Users\hodor\Documents\lab-Shishkin\projects\BCI_classifier\data\pr_Agency_EBCI\trans\test\05_19 Darisy\EPOCHS_01_calib.hdf,"MATRIX_[9, 13]_robust_concat_01_calib.hdf","C:\Users\hodor\Documents\lab-Shishkin\projects\BCI_classifier\data\pr_Agency_EBCI\features\csp\test\05_19 Darisy\MATRIX_[9, 13]_robust_concat_01_calib.hdf","[9, 13]",1,2,1,first5,0.26122597716172624,0.239,1.04,0.013641188310952623,1.4910409760252707,1.478,1.0272823766219052,0.12052500663436887,0.5183806947234924,0.5178571428571428,0.5178571428571428,0.1829397422128813,0.7868278402053008,0.9697675824181822,0.09319569688565194,0.42499391159447264,43.516194214039174,0.3703238842807835,0.23177445219794554,1.0085582857149096,1.4459632026064735,0.530791328800674,0.5452725777406556,56.483805785960826,46.01450867026736,17.51643689572065,55.77716389131189,-0.6979668880248084,0.45832860265293907,-0.5502518652500585,0.00032868970395387415,,91.92411990806902,False,100.09311903820063,False,51.72329081567229,False,78.28975476705564,False,42.70778116871151,False,47.8350815008241,False,31.23556835429391,True,right_PMd,1,0.6,right_PMd,0.6,right_PMd,31.23556835429391
pr_Agency_EBCI,test,05_19 Darisy,01_calib,test/05_19 Darisy/01_calib,C:\Users\hodor\Documents\lab-Shishkin\projects\BCI_classifier\data\pr_Agency_EBCI\trans\test\05_19 Darisy\EPOCHS_01_calib.hdf,"MATRIX_[9, 13]_robust_concat_01_calib.hdf","C:\Users\hodor\Documents\lab-Shishkin\projects\BCI_classifier\data\pr_Agency_EBCI\features\csp\test\05_19 Darisy\MATRIX_[9, 13]_robust_concat_01_calib.hdf","[9, 13]",2,3,2,first5,0.27486716547267886,0.225,0.97,0.0058792882457927576,1.4552913594212136,1.45,1.0117585764915855,0.11744516406873927,0.2880761564940926,0.5178571428571428,0.5178571428571428,0.17826498117576495,0.4372584518213905,0.6155234329971555,0.06772007344390833,0.19944608327260288,22.201060398250263,0.0,0.13849277242436,0.5970577300072408,0.8957659335620427,0.0,0.0,77.79893960174974,3.5136530689009398,-65.58313232738065,2.619042974558954,-0.6248924935559168,-0.6214593328682994,0.47254382769046616,0.0002108929044179034,,78.35823023753088,False,76.00086077573472,False,81.42202292306732,False,84.60764759365235,False,75.06028379933134,False,72.01275666906008,False,82.24916344629142,False,,0,,,0.0,right_S1,72.01275666906008
pr_Agency_EBCI,test,05_19 Darisy,01_calib,test/05_19 Darisy/01_calib,C:\Users\hodor\Documents\lab-Shishkin\projects\BCI_classifier\data\pr_Agency_EBCI\trans\test\05_19 Darisy\EPOCHS_01_calib.hdf,"MATRIX_[9, 13]_robust_concat_01_calib.hdf","C:\Users\hodor\Documents\lab-Shishkin\projects\BCI_classifier\data\pr_Agency_EBCI\features\csp\test\05_19 Darisy\MATRIX_[9, 13]_robust_concat_01_calib.hdf","[9, 13]",3,4,3,first5,0.2807464537184716,0.219,0.941,0.012474905541976944,1.4489280172547718,1.438,1.0249498110839539,0.23323820299024117,0.06586981786069249,0.5357142857142857,0.5357142857142857,0.3581872403064418,0.10115722028606346,0.4593444605925052,0.2757252911658625,0.0866218335177537,28.302893402164532,0.0,0.10059643686975864,0.4322431374175474,0.6655570585232613,0.0,0.0,71.69710659783547,-52.45936178693348,-32.68841162138248,45.68338445776634,0.7185040897305126,-0.32818482539238614,-0.6132263802403617,8.647105777918513e-05,,21.279841239586286,True,12.511012666620417,True,60.132811113234276,False,36.25204275150812,False,89.48172852879193,False,94.70849073947467,False,84.79185765032938,False,left_M1;left_S1,2,1;0.8,left_M1,1.0,left_S1,12.511012666620417
pr_Agency_EBCI,test,05_19 Darisy,01_calib,test/05_19 Darisy/01_calib,C:\Users\hodor\Documents\lab-Shishkin\projects\BCI_classifier\data\pr_Agency_EBCI\trans\test\05_19 Darisy\EPOCHS_01_calib.hdf,"MATRIX_[9, 13]_robust_concat_01_calib.hdf","C:\Users\hodor\Documents\lab-Shishkin\projects\BCI_classifier\data\pr_Agency_EBCI\features\csp\test\05_19 Darisy\MATRIX_[9, 13]_robust_concat_01_calib.hdf","[9, 13]",4,5,4,first5,0.29322135926044857,0.207,0.88,0.004663251734250418,1.4178611724359593,1.414,1.0093265034685008,0.21971278070815725,0.5514929261157113,0.4642857142857143,0.4642857142857143,0.3217222860369446,0.8075432132408631,1.1292654992778077,0.11828264369300001,0.27606932796776235,37.71818985897015,0.254363797179403,0.2337579583505062,0.9937536393644708,1.6011417047975114,0.4061633842338765,0.4099514684457118,62.28181014102985,-30.91872253196404,-69.4254976381521,0.7279390801153724,-0.3404374784679741,0.34849599998077724,-0.8732999835404589,0.00017394436511397363,,71.72374735547753,False,65.62003356683002,False,90.87821584773104,False,82.68380385326174,False,97.96219668481913,False,97.46965779503823,False,101.48649340293827,False,,0,,,0.0,left_S1,65.62003356683002
pr_Agency_EBCI,test,05_19 Darisy,01_calib,test/05_19 Darisy/01_calib,C:\Users\hodor\Documents\lab-Shishkin\projects\BCI_classifier\data\pr_Agency_EBCI\trans\test\05_19 Darisy\EPOCHS_01_calib.hdf,"MATRIX_[9, 13]_robust_concat_01_calib.hdf","C:\Users\hodor\Documents\lab-Shishkin\projects\BCI_classifier\data\pr_Agency_EBCI\features\csp\test\05_19 Darisy\MATRIX_[9, 13]_robust_concat_01_calib.hdf","[9, 13]",51,52,-5,last5,0.6810376433176122,0.181,0.759,0.005901926758028697,1.3662729949728127,1.362,1.0118038535160574,0.33173076163435333,0.10244363832931848,0.5535714285714286,0.5535714285714286,0.5153674332533704,0.15915350954733407,0.6745209428007045,0.32677253203121187,0.11585913294864733,26.865846963070762,0.0,0.12208829064692751,0.5119613955857347,0.9215797486922038,0.0,0.0,73.13415303692923,-2.1313417023857144,-66.27707200326883,23.369885239002432,0.7686518975283047,-0.46505306148367237,-0.43920372315225215,0.0002628347752237674,,63.238921728362875,False,61.03457494576472,False,69.54935567709772,False,71.62491879722295,False,65.6206859649421,False,63.90058485499933,False,73.27236357164944,False,,0,,,0.0,left_S1,61.03457494576472
pr_Agency_EBCI,test,05_19 Darisy,01_calib,test/05_19 Darisy/01_calib,C:\Users\hodor\Documents\lab-Shishkin\projects\BCI_classifier\data\pr_Agency_EBCI\trans\test\05_19 Darisy\EPOCHS_01_calib.hdf,"MATRIX_[9, 13]_robust_concat_01_calib.hdf","C:\Users\hodor\Documents\lab-Shishkin\projects\BCI_classifier\data\pr_Agency_EBCI\features\csp\test\05_19 Darisy\MATRIX_[9, 13]_robust_concat_01_calib.hdf","[9, 13]",52,53,-4,last5,0.6977059214601423,0.198,0.836,0.016668278142530135,1.409201276288884,1.396,1.0333365562850603,0.543253104976184,0.16493080490186718,0.4464285714285714,0.4464285714285714,0.7857768125548374,0.23856062851877216,1.0243374410736097,0.2599555958211999,0.07759206823212991,25.95397361149593,0.0,0.20281881333257473,0.8563461007375377,1.4434976293114201,0.0,0.0,74.04602638850407,28.933436731676657,1.7476176480053445,14.486076981711783,0.5872283552025717,0.7593384702143032,-0.28029974402179564,0.00048269197877189534,,81.25698015987852,False,86.2946006023133,False,52.82642176758836,False,71.13253877277188,False,49.358706783519494,False,50.85214569898788,False,42.65317289853252,False,,0,,,0.0,right_PMd,42.65317289853252
pr_Agency_EBCI,test,05_19 Darisy,01_calib,test/05_19 Darisy/01_calib,C:\Users\hodor\Documents\lab-Shishkin\projects\BCI_classifier\data\pr_Agency_EBCI\trans\test\05_19 Darisy\EPOCHS_01_calib.hdf,"MATRIX_[9, 13]_robust_concat_01_calib.hdf","C:\Users\hodor\Documents\lab-Shishkin\projects\BCI_classifier\data\pr_Agency_EBCI\features\csp\test\05_19 Darisy\MATRIX_[9, 13]_robust_concat_01_calib.hdf","[9, 13]",53,54,-3,last5,0.7031144892710733,0.203,0.862,0.00540856781093102,1.410391757062476,1.4060000000000001,1.010817135621862,0.04863962318892186,0.19098635698743074,0.5535714285714286,0.5535714285714286,0.07556512888278931,0.2967109474626156,0.37227607634540494,0.05601160015025714,0.31238843095541213,20.149871603276836,0.0,0.0755720434981172,0.32090197780973906,0.5250551094291201,0.0,0.0,79.85012839672316,14.30985252244803,-83.43963923680049,-8.874110404254013,-0.746668309246861,-0.5878225539162593,0.31136968554083816,5.752679796559044e-05,,101.35483300846981,False,98.65217610559101,False,103.31416285631113,False,108.11990098678989,False,90.62109804533537,False,85.60488669811596,False,100.43510097012434,False,,0,,,0.0,right_S1,85.60488669811596
pr_Agency_EBCI,test,05_19 Darisy,01_calib,test/05_19 Darisy/01_calib,C:\Users\hodor\Documents\lab-Shishkin\projects\BCI_classifier\data\pr_Agency_EBCI\trans\test\05_19 Darisy\EPOCHS_01_calib.hdf,"MATRIX_[9, 13]_robust_concat_01_calib.hdf","C:\Users\hodor\Documents\lab-Shishkin\projects\BCI_classifier\data\pr_Agency_EBCI\features\csp\test\05_19 Darisy\MATRIX_[9, 13]_robust_concat_01_calib.hdf","[9, 13]",54,55,-2,last5,0.729800641075215,0.23,0.994,0.02668615180414169,1.4845512596598103,1.46,1.0533723036082834,0.32792481084824265,0.3415063859521386,0.5,0.5,0.491887216272364,0.512259578928208,1.004146795200572,0.1628818623796013,0.17914454884915954,34.705984863575374,0.0,0.2309537628961316,0.9981219144293686,1.4907073896983707,0.0,0.0,65.29401513642463,82.11067005133499,-19.626254404771398,-10.625901878537466,-0.4090397195849989,0.8893690210511099,0.2042284314105548,0.00011080472896894724,,135.6770829272048,False,139.4025702932556,False,107.87655609086436,False,129.22283177429185,False,81.14391131960159,False,75.08983976372429,False,86.61492484564891,False,,0,,,0.0,right_S1,75.08983976372429
pr_Agency_EBCI,test,05_19 Darisy,01_calib,test/05_19 Darisy/01_calib,C:\Users\hodor\Documents\lab-Shishkin\projects\BCI_classifier\data\pr_Agency_EBCI\trans\test\05_19 Darisy\EPOCHS_01_calib.hdf,"MATRIX_[9, 13]_robust_concat_01_calib.hdf","C:\Users\hodor\Documents\lab-Shishkin\projects\BCI_classifier\data\pr_Agency_EBCI\features\csp\test\05_19 Darisy\MATRIX_[9, 13]_robust_concat_01_calib.hdf","[9, 13]",55,56,-1,last5,0.754045272282775,0.254,1.12,0.02424463120755993,1.532632545306881,1.508,1.0484892624151199,0.3941855239037383,0.6437233648531085,0.5,0.5,0.5912782858556074,0.9655850472796628,1.5568633331352701,0.14060222392973615,0.22688426069070577,55.33761536028244,0.6067523072056489,0.39544328661635864,1.7436869331115028,2.3860994129580635,1.4245026724306225,1.4935757563251504,44.66238463971756,48.57271567339851,9.236872635243529,59.91568576480167,-0.39673647338955875,-0.853193460926543,-0.33861643332036206,0.0002513574888358511,,90.95365047074019,False,99.02326534595642,False,50.942524942732376,False,78.58640568731596,False,35.75046121358704,False,40.56341759078917,False,27.123403242048635,True,right_PMd,1,0.6,right_PMd,0.6,right_PMd,27.123403242048635
pr_Agency_EBCI,test,05_19 Darisy,01_calib,test/05_19 Darisy/01_calib,C:\Users\hodor\Documents\lab-Shishkin\projects\BCI_classifier\data\pr_Agency_EBCI\trans\test\05_19 Darisy\EPOCHS_01_calib.hdf,"MATRIX_[10, 14]_robust_concat_01_calib.hdf","C:\Users\hodor\Documents\lab-Shishkin\projects\BCI_classifier\data\pr_Agency_EBCI\features\csp\test\05_19 Darisy\MATRIX_[10, 14]_robust_concat_01_calib.hdf","[10, 14]",0,1,0,first5,0.1191752207342797,0.381,2.0,0.15204852619757997,1.9937219539251116,1.762,1.3040970523951598,0.49800458117073726,0.6329508554057097,0.4285714285714286,0.4285714285714286,0.7114351159581961,0.9042155077224425,1.6156506236806387,0.22013830445495378,0.262966125317919,77.49612500797394,1.0,0.6155628876223234,3.2313012473612774,3.221158118304888,2.8467763989252854,3.7124727106665723,22.503874992026056,-47.313238039527555,5.1173293405596025,43.27447551486662,0.9502323617897219,0.007143087698105324,-0.3114601658409375,0.000602469957024019,,33.73050839058545,True,36.57310618499163,False,50.783644776775596,False,26.589555581503973,True,89.1675584166087,False,96.36501484802098,False,77.49894919577282,False,left_M1;left_PMd,2,1;0.6,left_M1,1.0,left_PMd,26.589555581503973
pr_Agency_EBCI,test,05_19 Darisy,01_calib,test/05_19 Darisy/01_calib,C:\Users\hodor\Documents\lab-Shishkin\projects\BCI_classifier\data\pr_Agency_EBCI\trans\test\05_19 Darisy\EPOCHS_01_calib.hdf,"MATRIX_[10, 14]_robust_concat_01_calib.hdf","C:\Users\hodor\Documents\lab-Shishkin\projects\BCI_classifier\data\pr_Agency_EBCI\features\csp\test\05_19 Darisy\MATRIX_[10, 14]_robust_concat_01_calib.hdf","[10, 14]",1,2,1,first5,0.2712237469318597,0.229,0.988,0.01051900931398575,1.467635412531611,1.458,1.0210380186279715,0.1224037829497035,0.18806225072531493,0.4642857142857143,0.4642857142857143,0.17923411074778015,0.2753768671334969,0.454610977881277,0.1312149319205458,0.17365310589069757,25.093616569852667,0.0,0.10410591393481244,0.44915564614670167,0.6672031700641871,0.0,0.0,74.90638343014733,-53.132016664730415,1.0841023127054639,61.15599749897311,-0.3730155185010847,-0.9242933334302994,-0.08087803616354995,0.000122536626153551,,30.810752896420645,True,34.26332590119907,True,53.695027895063006,False,27.216235718287805,True,92.73787194973515,False,100.49952388686471,False,81.80164639616498,False,left_M1;left_S1;left_PMd,3,1;0.8;0.6,left_M1,1.0,left_PMd,27.216235718287805
pr_Agency_EBCI,test,05_19 Darisy,01_calib,test/05_19 Darisy/01_calib,C:\Users\hodor\Documents\lab-Shishkin\projects\BCI_classifier\data\pr_Agency_EBCI\trans\test\05_19 Darisy\EPOCHS_01_calib.hdf,"MATRIX_[10, 14]_robust_concat_01_calib.hdf","C:\Users\hodor\Documents\lab-Shishkin\projects\BCI_classifier\data\pr_Agency_EBCI\features\csp\test\05_19 Darisy\MATRIX_[10, 14]_robust_concat_01_calib.hdf","[10, 14]",2,3,2,first5,0.28174275624584544,0.218,0.936,0.014474549559218675,1.4486218072156387,1.436,1.0289490991184373,0.19738225352170238,0.6061786750856786,0.5,0.5,0.2960733802825536,0.9092680126285179,1.2053413929110715,0.10608879342873895,0.3454226587669159,34.04589622855908,0.0,0.26276442365461355,1.128199543764763,1.7460838269106516,0.0,0.0,65.95410377144091,0.8715936304609576,-19.50460037574582,-16.26553069365196,0.9699457830006993,0.11557516147323584,0.21412043361060978,0.0006839094922472856,,81.2528766325645,False,81.29151022446386,False,75.48842928538794,False,78.66531430689918,False,80.47683193491385,False,80.38583149197794,False,78.0423807196552,False,,0,,,0.0,SMA,75.48842928538794
pr_Agency_EBCI,test,05_19 Darisy,01_calib,test/05_19 Darisy/01_calib,C:\Users\hodor\Documents\lab-Shishkin\projects\BCI_classifier\data\pr_Agency_EBCI\trans\test\05_19 Darisy\EPOCHS_01_calib.hdf,"MATRIX_[10, 14]_robust_concat_01_calib.hdf","C:\Users\hodor\Documents\lab-Shishkin\projects\BCI_classifier\data\pr_Agency_EBCI\features\csp\test\05_19 Darisy\MATRIX_[10, 14]_robust_concat_01_calib.hdf","[10, 14]",3,4,3,first5,0.2962173058050641,0.204,0.865,0.0022895063488449496,1.4098682371806575,1.408,1.00457901269769,0.05236309660651908,0.3927864577824506,0.6428571428571428,0.6428571428571428,0.0860250872821385,0.6452920377854545,0.731317125067593,0.04199242459740892,0.4647218944119564,35.66872610554584,0.21337452211091687,0.14918869351378897,0.632589313183468,1.031060785939074,0.21971057443854083,0.22071663194871163,64.33127389445416,41.654899678239076,3.8089274822283206,39.104071970385284,0.952746787550931,-0.20214378829579224,0.22674092631196277,0.0004193156459123718,,84.19674741776626,False,91.14543750193873,False,46.780357220270936,False,72.64109168678563,False,33.02706045146468,True,36.18656700318027,False,24.726088196178974,True,right_M1;right_PMd,2,1;0.6,right_M1,1.0,right_PMd,24.726088196178974
pr_Agency_EBCI,test,05_19 Darisy,01_calib,test/05_19 Darisy/01_calib,C:\Users\hodor\Documents\lab-Shishkin\projects\BCI_classifier\data\pr_Agency_EBCI\trans\test\05_19 Darisy\EPOCHS_01_calib.hdf,"MATRIX_[10, 14]_robust_concat_01_calib.hdf","C:\Users\hodor\Documents\lab-Shishkin\projects\BCI_classifier\data\pr_Agency_EBCI\features\csp\test\05_19 Darisy\MATRIX_[10, 14]_robust_concat_01_calib.hdf","[10, 14]",4,5,4,first5,0.29850681215390906,0.201,0.854,0.007693750762612472,1.4081857756131404,1.4020000000000001,1.015387501525225,0.38123519404927025,0.24166014945105932,0.4285714285714286,0.4285714285714286,0.5446217057846718,0.34522878493008474,0.8898504907147566,0.25506821464909457,0.16598674757421242,22.215264869585628,0.0,0.17885994863366608,0.7599323190704022,1.2530748034468933,0.0,0.0,77.78473513041438,39.69308296470335,27.818154238230825,69.73930408495428,-0.5891625513598133,0.6250980242196649,-0.5119960431408299,0.00010554884326951601,,92.75415027963646,False,101.64340447472345,False,53.451095888883486,False,77.80785391616162,False,53.73572784637892,False,60.52225817946706,False,40.10532182880434,False,,0,,,0.0,right_PMd,40.10532182880434
pr_Agency_EBCI,test,05_19 Darisy,01_calib,test/05_19 Darisy/01_calib,C:\Users\hodor\Documents\lab-Shishkin\projects\BCI_classifier\data\pr_Agency_EBCI\trans\test\05_19 Darisy\EPOCHS_01_calib.hdf,"MATRIX_[10, 14]_robust_concat_01_calib.hdf","C:\Users\hodor\Documents\lab-Shishkin\projects\BCI_classifier\data\pr_Agency_EBCI\features\csp\test\05_19 Darisy\MATRIX_[10, 14]_robust_concat_01_calib.hdf","[10, 14]",51,52,-5,last5,0.6916460003449358,0.192,0.808,0.018902424335645707,1.398517061889776,1.384,1.0378048486712914,0.23925887110622207,0.10168085341848744,0.4464285714285714,0.4464285714285714,0.3460708671357855,0.14707409155174075,0.4931449586875263,0.22232216370144917,0.10071950211685042,38.894040339614136,0.2778808067922828,0.09468383206800504,0.39846112661952127,0.6896716387094343,0.18965715827612126,0.1968271184441772,61.105959660385864,11.019989775114574,-63.1241269069993,22.67844071054837,0.13950652874687586,-0.5554673795911287,0.8197523520229522,0.00017727435610663116,,69.6556032072604,False,69.05129208254598,False,68.06040405528634,False,75.30972900488655,False,57.14039316062506,False,54.00669084520758,False,66.613185091066,False,,0,,,0.0,right_S1,54.00669084520758
pr_Agency_EBCI,test,05_19 Darisy,01_calib,test/05_19 Darisy/01_calib,C:\Users\hodor\Documents\lab-Shishkin\projects\BCI_classifier\data\pr_Agency_EBCI\trans\test\05_19 Darisy\EPOCHS_01_calib.hdf,"MATRIX_[10, 14]_robust_concat_01_calib.hdf","C:\Users\hodor\Documents\lab-Shishkin\projects\BCI_classifier\data\pr_Agency_EBCI\features\csp\test\05_19 Darisy\MATRIX_[10, 14]_robust_concat_01_calib.hdf","[10, 14]",52,53,-4,last5,0.706601597910716,0.207,0.879,0.014955597565780132,1.426383234784466,1.414,1.0299111951315603,0.14981008241160804,0.5036076403754363,0.6071428571428572,0.6071428571428572,0.24076620387579864,0.8093694220319512,1.05013562590775,0.08050231041288831,0.2688231798163628,24.123485620528108,0.0,0.21737807456290423,0.9230692151729122,1.4978958510447062,0.0,0.0,75.8765143794719,-55.5096885285992,-34.41161570412386,-19.315092907766136,-0.8863764388268248,-0.09159408115838043,-0.4538142053631951,0.00027061637497418354,,78.49454062391065,False,72.71737422173571,False,99.32859114473247,False,84.419900655878,False,118.97389653145368,False,120.88607937437884,False,115.51538746829974,False,,0,,,0.0,left_S1,72.71737422173571
pr_Agency_EBCI,test,05_19 Darisy,01_calib,test/05_19 Darisy/01_calib,C:\Users\hodor\Documents\lab-Shishkin\projects\BCI_classifier\data\pr_Agency_EBCI\trans\test\05_19 Darisy\EPOCHS_01_calib.hdf,"MATRIX_[10, 14]_robust_concat_01_calib.hdf","C:\Users\hodor\Documents\lab-Shishkin\projects\BCI_classifier\data\pr_Agency_EBCI\features\csp\test\05_19 Darisy\MATRIX_[10, 14]_robust_concat_01_calib.hdf","[10, 14]",53,54,-3,last5,0.7137710477725925,0.214,0.914,0.007169449861876509,1.4341370490817662,1.428,1.014338899723753,0.14070916630259717,0.14681600298696923,0.5178571428571428,0.5178571428571428,0.21357641313787068,0.22284571881950685,0.43642213195737756,0.1282646859291944,0.14385447924548936,31.125395408016228,0.0,0.0933943362388788,0.3988898286090431,0.6258891484793266,0.0,0.0,68.87460459198377,41.84666047098563,-70.63763472333888,-22.553062162011976,-0.07616004821337473,-0.27148652434224724,0.9594241575844872,0.00022701625171561588,,120.02397716332106,False,119.33079613317378,False,111.43591269819035,False,122.36262843577892,False,91.54144409107542,False,84.90936312711041,False,101.418868387308,False,,0,,,0.0,right_S1,84.90936312711041
pr_Agency_EBCI,test,05_19 Darisy,01_calib,test/05_19 Darisy/01_calib,C:\Users\hodor\Documents\lab-Shishkin\projects\BCI_classifier\data\pr_Agency_EBCI\trans\test\05_19 Darisy\EPOCHS_01_calib.hdf,"MATRIX_[10, 14]_robust_concat_01_calib.hdf","C:\Users\hodor\Documents\lab-Shishkin\projects\BCI_classifier\data\pr_Agency_EBCI\features\csp\test\05_19 Darisy\MATRIX_[10, 14]_robust_concat_01_calib.hdf","[10, 14]",54,55,-2,last5,0.7306175734862471,0.231,0.998,0.016846525713654636,1.477566189759417,1.462,1.0336930514273093,0.12414349200123205,0.2857143070772791,0.4821428571428571,0.4821428571428571,0.18399838993039752,0.42346941941811006,0.6074678093485075,0.09891141671371718,0.27087720270407034,24.076575265446298,0.0,0.14032506395950525,0.6062528737298105,0.8975738964605742,0.0,0.0,75.9234247345537,81.39365632646899,-23.04234113433858,-9.528526047172125,0.5473324658471573,-0.7302857802010014,-0.40879071793019595,8.388803559642211e-05,,134.44766781954607,False,138.0585490146959,False,107.12362256586601,False,128.40261600602358,False,79.72132005369374,False,73.38956801342003,False,85.85535678468648,False,,0,,,0.0,right_S1,73.38956801342003
pr_Agency_EBCI,test,05_19 Darisy,01_calib,test/05_19 Darisy/01_calib,C:\Users\hodor\Documents\lab-Shishkin\projects\BCI_classifier\data\pr_Agency_EBCI\trans\test\05_19 Darisy\EPOCHS_01_calib.hdf,"MATRIX_[10, 14]_robust_concat_01_calib.hdf","C:\Users\hodor\Documents\lab-Shishkin\projects\BCI_classifier\data\pr_Agency_EBCI\features\csp\test\05_19 Darisy\MATRIX_[10, 14]_robust_concat_01_calib.hdf","[10, 14]",55,56,-1,last5,0.7433148690873775,0.243,1.063,0.01269729560113042,1.4983417713242988,1.486,1.0253945912022608,0.6979445234010051,0.6095845883750588,0.5,0.5,1.0469167851015078,0.9143768825625882,1.961293667664096,0.19566838982761367,0.17732223549062395,36.50988113119943,0.23019762262398857,0.4765943612423753,2.084855168726934,2.9386882280949522,0.6709069173917445,0.6879443242936768,63.49011886880057,47.102530547706955,6.408947821369305,62.70971666616604,-0.2147946851504854,-0.9592163563428571,-0.18375860511942507,0.00018972038405019724,,88.74545052438211,False,96.84818254636376,False,48.936814374320434,False,76.76606131441436,False,33.060408193271805,True,38.29288877218628,False,24.850447649594706,True,right_M1;right_PMd,2,1;0.6,right_M1,1.0,right_PMd,24.850447649594706
pr_Agency_EBCI,test,05_19 Darisy,01_calib,test/05_19 Darisy/01_calib,C:\Users\hodor\Documents\lab-Shishkin\projects\BCI_classifier\data\pr_Agency_EBCI\trans\test\05_19 Darisy\EPOCHS_01_calib.hdf,"MATRIX_[8, 15]_robust_concat_01_calib.hdf","C:\Users\hodor\Documents\lab-Shishkin\projects\BCI_classifier\data\pr_Agency_EBCI\features\csp\test\05_19 Darisy\MATRIX_[8, 15]_robust_concat_01_calib.hdf","[8, 15]",0,1,0,first5,0.1727145436975498,0.327,1.567,0.13831217422113506,1.8349123238812446,1.654,1.2766243484422701,0.4461383787287374,0.48153163364660634,0.4285714285714286,0.4285714285714286,0.6373405410410534,0.6879023337808662,1.3252428748219196,0.24426820338525093,0.24807371847024567,81.49058737823609,1.0,0.4333544200667677,2.076655584845948,2.4317044831465497,2.191951714955455,2.7982989299219243,18.509412621763914,-46.57508315658921,4.691527132953331,44.5424463162282,0.9530136305208203,0.03751203673213805,-0.3005958535005633,0.0005274818061541491,,32.65442771518568,True,35.77776610763285,False,49.64527041551368,False,25.24646731044182,True,88.16531984831187,False,95.4183552465639,False,76.51008708134633,False,left_M1;left_PMd,2,1;0.6,left_M1,1.0,left_PMd,25.24646731044182
pr_Agency_EBCI,test,05_19 Darisy,01_calib,test/05_19 Darisy/01_calib,C:\Users\hodor\Documents\lab-Shishkin\projects\BCI_classifier\data\pr_Agency_EBCI\trans\test\05_19 Darisy\EPOCHS_01_calib.hdf,"MATRIX_[8, 15]_robust_concat_01_calib.hdf","C:\Users\hodor\Documents\lab-Shishkin\projects\BCI_classifier\data\pr_Agency_EBCI\features\csp\test\05_19 Darisy\MATRIX_[8, 15]_robust_concat_01_calib.hdf","[8, 15]",1,2,1,first5,0.31102671791868486,0.189,0.795,0.010420908771380244,1.3858782070311635,1.3780000000000001,1.0208418175427605,0.23087271999665268,0.5990060850569543,0.4285714285714286,0.4285714285714286,0.32981817142378955,0.8557229786527919,1.1855411500765816,0.12851494609903494,0.37501599729954144,42.2028190353792,0.34405638070758404,0.2240672773644739,0.9425052143108824,1.6430156434297964,0.5620765502453019,0.5737912471505787,57.7971809646208,47.94540735403364,14.402267013010771,46.02246539137918,0.7384659665935595,-0.4917672790231736,0.46133822675471425,0.0004688064579305274,,92.84996889843016,False,100.48616093758889,False,53.46471659809972,False,79.80675198476983,False,41.43643403405513,False,45.19557616069698,False,31.610631735332277,True,right_PMd,1,0.6,right_PMd,0.6,right_PMd,31.610631735332277
pr_Agency_EBCI,test,05_19 Darisy,01_calib,test/05_19 Darisy/01_calib,C:\Users\hodor\Documents\lab-Shishkin\projects\BCI_classifier\data\pr_Agency_EBCI\trans\test\05_19 Darisy\EPOCHS_01_calib.hdf,"MATRIX_[8, 15]_robust_concat_01_calib.hdf","C:\Users\hodor\Documents\lab-Shishkin\projects\BCI_classifier\data\pr_Agency_EBCI\features\csp\test\05_19 Darisy\MATRIX_[8, 15]_robust_concat_01_calib.hdf","[8, 15]",2,3,2,first5,0.3214476266900651,0.179,0.747,0.007069530776028898,1.3630617840356367,1.358,1.0141390615520578,0.23227240504761193,0.762846526265305,0.4642857142857143,0.4642857142857143,0.3401131645340032,1.1170252706027681,1.4571384351367713,0.08697989493697822,0.31281323494405416,35.37806952583793,0.2075613905167586,0.2608277798894821,1.0884824110471683,1.9861697149844235,0.4107212331309218,0.416528445926897,64.62193047416207,27.873649022060032,21.179538494794297,47.86863335172196,-0.8577941731341876,0.5002351384587077,-0.11812689273926154,0.0004617476236560088,,78.65845702506908,False,86.71066934686104,False,40.228251425544634,False,63.55650435146871,False,46.619174192471434,False,53.25379932807218,False,30.291592148771862,True,right_PMd,1,0.6,right_PMd,0.6,right_PMd,30.291592148771862
pr_Agency_EBCI,test,05_19 Darisy,01_calib,test/05_19 Darisy/01_calib,C:\Users\hodor\Documents\lab-Shishkin\projects\BCI_classifier\data\pr_Agency_EBCI\trans\test\05_19 Darisy\EPOCHS_01_calib.hdf,"MATRIX_[8, 15]_robust_concat_01_calib.hdf","C:\Users\hodor\Documents\lab-Shishkin\projects\BCI_classifier\data\pr_Agency_EBCI\features\csp\test\05_19 Darisy\MATRIX_[8, 15]_robust_concat_01_calib.hdf","[8, 15]",3,4,3,first5,0.328517157466094,0.171,0.715,0.008026859007187637,1.3474903715609163,1.342,1.0160537180143754,0.11333326443522039,0.4819759731001045,0.5,0.5,0.16999989665283058,0.7229639596501567,0.8929638563029872,0.06047080722894451,0.3452157762401222,24.756497821223473,0.0,0.15269681942781083,0.6384691572566359,1.203260198520181,0.0,0.0,75.24350217877652,0.8142540254176436,-15.799474010143102,-44.14475384720544,-0.9256083727581625,-0.09229075986203325,-0.36705797351927255,0.0005995889135041338,,107.01172668953467,False,106.20041891857733,False,102.61697441943788,False,104.49911364692795,False,106.46246789087469,False,105.55441393997293,False,104.06184844671358,False,,0,,,0.0,SMA,102.61697441943788
pr_Agency_EBCI,test,05_19 Darisy,01_calib,test/05_19 Darisy/01_calib,C:\Users\hodor\Documents\lab-Shishkin\projects\BCI_classifier\data\pr_Agency_EBCI\trans\test\05_19 Darisy\EPOCHS_01_calib.hdf,"MATRIX_[8, 15]_robust_concat_01_calib.hdf","C:\Users\hodor\Documents\lab-Shishkin\projects\BCI_classifier\data\pr_Agency_EBCI\features\csp\test\05_19 Darisy\MATRIX_[8, 15]_robust_concat_01_calib.hdf","[8, 15]",4,5,4,first5,0.33654401647328164,0.163,0.679,0.009330612412298489,1.3320835592928186,1.326,1.018661224824597,0.15597711902722064,0.39463996529449374,0.4821428571428571,0.4821428571428571,0.23118037284391632,0.584912805704339,0.8160931785482554,0.119165865747264,0.3050608842629658,21.933725391661625,0.0,0.13302318810336564,0.5541272682342654,1.0871043059951497,0.0,0.0,78.06627460833838,24.14641406547811,-27.147111958611987,76.7949014687033,-0.9350357739279004,0.20983711965109028,0.28579098077368753,6.404028247665898e-05,,63.71752793155947,False,70.69847383601063,False,37.19540264105034,False,59.31516099056795,False,24.142074067490814,True,30.686750231015957,True,28.528756509940035,True,right_M1;right_S1;right_PMd,3,1;0.8;0.6,right_M1,1.0,right_M1,24.142074067490814
pr_Agency_EBCI,test,05_19 Darisy,01_calib,test/05_19 Darisy/01_calib,C:\Users\hodor\Documents\lab-Shishkin\projects\BCI_classifier\data\pr_Agency_EBCI\trans\test\05_19 Darisy\EPOCHS_01_calib.hdf,"MATRIX_[8, 15]_robust_concat_01_calib.hdf","C:\Users\hodor\Documents\lab-Shishkin\projects\BCI_classifier\data\pr_Agency_EBCI\features\csp\test\05_19 Darisy\MATRIX_[8, 15]_robust_concat_01_calib.hdf","[8, 15]",51,52,-5,last5,0.640211284468062,0.14,0.576,0.003764277293907714,1.2821079952845884,1.28,1.0075285545878154,0.3168742287368921,0.11441341830011686,0.5178571428571428,0.5178571428571428,0.4809698114756398,0.1736632242055345,0.6546330356811743,0.30028189957343554,0.12374357407311333,36.56245666126412,0.23124913322528245,0.0916486249953644,0.37706862855235634,0.8393102490242548,0.19377065226484091,0.19522946519793336,63.43754333873588,-15.874359746629672,-69.06347076546487,45.60867749956347,0.0824327585052708,0.9462612713697042,0.31272103643823335,0.0001339294430090492,,50.435477358165905,False,47.42734264322048,False,66.20076673016622,False,63.1170198661741,False,69.49564863975829,False,70.11594160839049,False,75.9057737488364,False,,0,,,0.0,left_S1,47.42734264322048
pr_Agency_EBCI,test,05_19 Darisy,01_calib,test/05_19 Darisy/01_calib,C:\Users\hodor\Documents\lab-Shishkin\projects\BCI_classifier\data\pr_Agency_EBCI\trans\test\05_19 Darisy\EPOCHS_01_calib.hdf,"MATRIX_[8, 15]_robust_concat_01_calib.hdf","C:\Users\hodor\Documents\lab-Shishkin\projects\BCI_classifier\data\pr_Agency_EBCI\features\csp\test\05_19 Darisy\MATRIX_[8, 15]_robust_concat_01_calib.hdf","[8, 15]",52,53,-4,last5,0.6486169874964136,0.149,0.613,0.008405703028351641,1.3030097990048977,1.298,1.0168114060567033,0.5341076282762361,0.23523200146702972,0.5714285714285714,0.5714285714285714,0.8393119872912282,0.36965028801961813,1.2089622753108464,0.22184718227981384,0.1077024267224645,45.65041813643303,0.4130083627286607,0.1801353790213161,0.7410938747655489,1.5752896913572898,0.6481063658450501,0.6590019451292055,54.34958186356697,19.044761724884637,-82.94289558240558,-0.9896659470283442,-0.7830276949878565,-0.3738446843346971,-0.4970993672060899,0.00011261989680788906,,98.75227975971782,False,96.62979780520652,False,98.80633997018913,False,105.24955690538748,False,83.72315730643575,False,78.34409903811823,False,94.57513370645223,False,,0,,,0.0,right_S1,78.34409903811823
pr_Agency_EBCI,test,05_19 Darisy,01_calib,test/05_19 Darisy/01_calib,C:\Users\hodor\Documents\lab-Shishkin\projects\BCI_classifier\data\pr_Agency_EBCI\trans\test\05_19 Darisy\EPOCHS_01_calib.hdf,"MATRIX_[8, 15]_robust_concat_01_calib.hdf","C:\Users\hodor\Documents\lab-Shishkin\projects\BCI_classifier\data\pr_Agency_EBCI\features\csp\test\05_19 Darisy\MATRIX_[8, 15]_robust_concat_01_calib.hdf","[8, 15]",53,54,-3,last5,0.656441334251305,0.156,0.647,0.00782434675489141,1.3168823923750521,1.312,1.0156486935097828,0.07997896375635197,0.18638594865307762,0.5892857142857143,0.5892857142857143,0.1271094245413451,0.29622052553792694,0.42332995007927204,0.07919970221602926,0.15890413465307368,30.716917862412053,0.0,0.06603947221236643,0.273894477701289,0.5574757574244031,0.0,0.0,69.28308213758794,63.80374887447843,16.889080857832937,-53.79003049585792,-0.21896075226875228,0.7462704369505093,0.6285989372402707,0.0004159320102092902,,153.9043729693207,False,156.7946100218392,False,130.7357614091063,False,145.2626774145288,False,120.41103014738671,False,117.7519423236333,False,118.13223766481305,False,,0,,,0.0,right_S1,117.7519423236333
pr_Agency_EBCI,test,05_19 Darisy,01_calib,test/05_19 Darisy/01_calib,C:\Users\hodor\Documents\lab-Shishkin\projects\BCI_classifier\data\pr_Agency_EBCI\trans\test\05_19 Darisy\EPOCHS_01_calib.hdf,"MATRIX_[8, 15]_robust_concat_01_calib.hdf","C:\Users\hodor\Documents\lab-Shishkin\projects\BCI_classifier\data\pr_Agency_EBCI\features\csp\test\05_19 Darisy\MATRIX_[8, 15]_robust_concat_01_calib.hdf","[8, 15]",54,55,-2,last5,0.6688005451334682,0.169,0.703,0.012359210882163185,1.3463548265563423,1.338,1.0247184217643264,0.13443032934515453,0.1062062904638455,0.5178571428571428,0.5178571428571428,0.20404603561318096,0.16120597659690833,0.3652520122100893,0.13609923812755712,0.1420525556456827,31.849899388364477,0.0,0.061727590063505096,0.2567721645836928,0.4917588095484698,0.0,0.0,68.15010061163552,-84.0401294181245,-6.861515187290019,-11.146156218573756,-0.9803575798131989,-0.033362249316720674,-0.19438615183015562,0.00022916540890875964,,84.32193066524718,False,79.31077484239572,False,108.83325080524081,False,87.46655673912186,False,138.60723872628256,False,142.8598640218662,False,130.625009254078,False,,0,,,0.0,left_S1,79.31077484239572
pr_Agency_EBCI,test,05_19 Darisy,01_calib,test/05_19 Darisy/01_calib,C:\Users\hodor\Documents\lab-Shishkin\projects\BCI_classifier\data\pr_Agency_EBCI\trans\test\05_19 Darisy\EPOCHS_01_calib.hdf,"MATRIX_[8, 15]_robust_concat_01_calib.hdf","C:\Users\hodor\Documents\lab-Shishkin\projects\BCI_classifier\data\pr_Agency_EBCI\features\csp\test\05_19 Darisy\MATRIX_[8, 15]_robust_concat_01_calib.hdf","[8, 15]",55,56,-1,last5,0.68766601265919,0.188,0.789,0.018865467525721824,1.3901868315793429,1.376,1.0377309350514436,0.6292432376646487,0.787615931801527,0.5,0.5,0.9438648564969732,1.1814238977022904,2.1252887541992633,0.16499560859174178,0.2069817512798296,44.519302269976166,0.3903860453995233,0.3995542857894615,1.6768528270632188,2.9545484393914827,1.1416439071874875,1.184719199301455,55.480697730023834,43.58381967787915,3.0240803766783655,56.55339824479419,0.3081492689242311,0.9235479733195366,0.22826118601032128,0.00026338752210627875,,84.04874493021117,False,91.84722919585948,False,44.531741724266766,False,72.42982698753273,False,28.073501575847306,True,33.37411879095904,True,19.096911622601695,True,right_M1;right_S1;right_PMd,3,1;0.8;0.6,right_M1,1.0,right_PMd,19.096911622601695
pr_Agency_EBCI,test,06_02 Artem,rec_05AY_calibration_20260602_133912,test/06_02 Artem/rec_05AY_calibration_20260602_133912,C:\Users\hodor\Documents\lab-Shishkin\projects\BCI_classifier\data\pr_Agency_EBCI\trans\test\06_02 Artem\EPOCHS_rec_05AY_calibration_20260602_133912.hdf,"MATRIX_[8, 12]_robust_concat_rec_05AY_calibration_20260602_133912.hdf","C:\Users\hodor\Documents\lab-Shishkin\projects\BCI_classifier\data\pr_Agency_EBCI\features\csp\test\06_02 Artem\MATRIX_[8, 12]_robust_concat_rec_05AY_calibration_20260602_133912.hdf","[8, 12]",0,1,0,first5,0.15929004697363747,0.341,1.664,0.062051237934700104,1.766637888542931,1.682,1.1241024758694003,0.06855851632002789,1.1385185994402727,0.6607142857142857,0.6607142857142857,0.11385610746004632,1.8907541026418813,2.0046102101019274,0.024965793662546146,0.4511375507811867,55.623141354271965,0.6124628270854393,0.6835720816447572,3.335671389609607,3.5414203489260703,2.0650742157650166,2.3213550387955153,44.376858645728035,35.60474049994885,-5.053939732164402,45.752335697135216,0.8079714445988184,-0.5828217471242997,0.0866080584696214,0.0006790929767270341,,74.77437184892753,False,81.75472451297344,False,37.66427826169969,False,64.49230115937686,False,21.543538553567483,True,26.499784455741736,True,13.09679246371,True,right_M1;right_S1;right_PMd,3,1;0.8;0.6,right_M1,1.0,right_PMd,13.09679246371
pr_Agency_EBCI,test,06_02 Artem,rec_05AY_calibration_20260602_133912,test/06_02 Artem/rec_05AY_calibration_20260602_133912,C:\Users\hodor\Documents\lab-Shishkin\projects\BCI_classifier\data\pr_Agency_EBCI\trans\test\06_02 Artem\EPOCHS_rec_05AY_calibration_20260602_133912.hdf,"MATRIX_[8, 12]_robust_concat_rec_05AY_calibration_20260602_133912.hdf","C:\Users\hodor\Documents\lab-Shishkin\projects\BCI_classifier\data\pr_Agency_EBCI\features\csp\test\06_02 Artem\MATRIX_[8, 12]_robust_concat_rec_05AY_calibration_20260602_133912.hdf","[8, 12]",1,2,1,first5,0.22134128490833757,0.279,1.258,0.030577741159454025,1.5921247591339507,1.558,1.061155482318908,0.29419765079216054,0.2726002180104721,0.5178571428571428,0.5178571428571428,0.44655000566667225,0.41376818805160936,0.8603181937182816,0.2411745284962929,0.19649128558920848,54.48229543119217,0.5896459086238435,0.24002877604740058,1.082280287697598,1.3697338969522745,0.790347074537317,0.8386811310799845,45.51770456880783,20.939162616146728,-66.33975706413669,20.74884707421277,0.8089744596988013,-0.5030467835084567,0.304145125157101,0.0003850662436264748,,79.22983686891796,False,79.11100235424384,False,73.93905062904756,False,83.91193404081078,False,57.1150385936158,False,52.3523769659079,False,68.52755986798994,False,,0,,,0.0,right_S1,52.3523769659079
pr_Agency_EBCI,test,06_02 Artem,rec_05AY_calibration_20260602_133912,test/06_02 Artem/rec_05AY_calibration_20260602_133912,C:\Users\hodor\Documents\lab-Shishkin\projects\BCI_classifier\data\pr_Agency_EBCI\trans\test\06_02 Artem\EPOCHS_rec_05AY_calibration_20260602_133912.hdf,"MATRIX_[8, 12]_robust_concat_rec_05AY_calibration_20260602_133912.hdf","C:\Users\hodor\Documents\lab-Shishkin\projects\BCI_classifier\data\pr_Agency_EBCI\features\csp\test\06_02 Artem\MATRIX_[8, 12]_robust_concat_rec_05AY_calibration_20260602_133912.hdf","[8, 12]",2,3,2,first5,0.2519190260677916,0.248,1.088,0.026643445286798628,1.5224302977245041,1.496,1.0532868905735973,0.42417775804783864,0.22081889150450076,0.5,0.5,0.636266637071758,0.33122833725675116,0.9674949743285092,0.2804239414700627,0.12439541893918032,42.38633074196063,0.3477266148392125,0.23993875363347028,1.0526345320694181,1.4729436618139138,0.5032899334366161,0.5301086890464461,57.61366925803937,24.1779144957345,-77.1397410468123,26.869773999959516,0.34820837715345004,0.9369827302994544,0.02853575302564383,0.00016022965690612792,,85.40365061513258,False,85.04822050918159,False,81.32973181060021,False,91.38604171293271,False,61.74272306115003,False,56.31438694059434,False,75.12311359651977,False,,0,,,0.0,right_S1,56.31438694059434
pr_Agency_EBCI,test,06_02 Artem,rec_05AY_calibration_20260602_133912,test/06_02 Artem/rec_05AY_calibration_20260602_133912,C:\Users\hodor\Documents\lab-Shishkin\projects\BCI_classifier\data\pr_Agency_EBCI\trans\test\06_02 Artem\EPOCHS_rec_05AY_calibration_20260602_133912.hdf,"MATRIX_[8, 12]_robust_concat_rec_05AY_calibration_20260602_133912.hdf","C:\Users\hodor\Documents\lab-Shishkin\projects\BCI_classifier\data\pr_Agency_EBCI\features\csp\test\06_02 Artem\MATRIX_[8, 12]_robust_concat_rec_05AY_calibration_20260602_133912.hdf","[8, 12]",3,4,3,first5,0.2785624713545902,0.221,0.952,0.006043530416172449,1.4473424808878965,1.442,1.012087060832345,0.1644211139053535,0.15590705189520804,0.5535714285714286,0.5535714285714286,0.25543994481724563,0.2422127413371982,0.4976526861544438,0.14060714608498126,0.12706307204812825,83.58399948260859,1.0,0.10998124364013208,0.47376535721903046,0.7202738733992985,0.7176151734347079,0.726289031690227,16.41600051739141,24.142633829864597,-69.58415456033458,26.95594396713812,0.3878112342695601,0.8783678667925152,0.27941427515552336,0.0004311076204547232,,80.86166422856795,False,81.04910884633544,False,74.76325898706467,False,85.76141059046627,False,55.33596904648155,False,50.12978716659267,False,68.19856712220356,False,,0,,,0.0,right_S1,50.12978716659267
pr_Agency_EBCI,test,06_02 Artem,rec_05AY_calibration_20260602_133912,test/06_02 Artem/rec_05AY_calibration_20260602_133912,C:\Users\hodor\Documents\lab-Shishkin\projects\BCI_classifier\data\pr_Agency_EBCI\trans\test\06_02 Artem\EPOCHS_rec_05AY_calibration_20260602_133912.hdf,"MATRIX_[8, 12]_robust_concat_rec_05AY_calibration_20260602_133912.hdf","C:\Users\hodor\Documents\lab-Shishkin\projects\BCI_classifier\data\pr_Agency_EBCI\features\csp\test\06_02 Artem\MATRIX_[8, 12]_robust_concat_rec_05AY_calibration_20260602_133912.hdf","[8, 12]",4,5,4,first5,0.2846060017707627,0.215,0.922,0.018599219029692415,1.4459953283655356,1.43,1.0371984380593848,0.20195592457922035,0.2204587391230785,0.4821428571428571,0.4821428571428571,0.29932753107277305,0.3267513454859914,0.6260788765587644,0.18005364857092607,0.15322474780277248,46.97672016999704,0.43953440339994077,0.13460695846013435,0.5772447241871808,0.905307130692316,0.39351198385007313,0.40815001500694575,53.02327983000296,48.69428954788706,-65.06975561235383,5.304521107307814,0.7548074775036583,0.4935881435564556,-0.43201437064645914,0.00020932218130991664,,106.91061260809984,False,107.86941023443143,False,92.93644795453955,False,108.20814495715342,False,66.46729566744432,False,58.78068577584847,False,79.09008917497171,False,,0,,,0.0,right_S1,58.78068577584847
pr_Agency_EBCI,test,06_02 Artem,rec_05AY_calibration_20260602_133912,test/06_02 Artem/rec_05AY_calibration_20260602_133912,C:\Users\hodor\Documents\lab-Shishkin\projects\BCI_classifier\data\pr_Agency_EBCI\trans\test\06_02 Artem\EPOCHS_rec_05AY_calibration_20260602_133912.hdf,"MATRIX_[8, 12]_robust_concat_rec_05AY_calibration_20260602_133912.hdf","C:\Users\hodor\Documents\lab-Shishkin\projects\BCI_classifier\data\pr_Agency_EBCI\features\csp\test\06_02 Artem\MATRIX_[8, 12]_robust_concat_rec_05AY_calibration_20260602_133912.hdf","[8, 12]",51,52,-5,last5,0.7232140124616628,0.223,0.96,0.005372629512078286,1.4507923855247737,1.446,1.0107452590241566,0.21537310367799334,0.10310044223819789,0.5357142857142857,0.5357142857142857,0.3307515520769183,0.15833282200866103,0.48908437408557937,0.2774800996255977,0.14563877386091043,28.24587865217319,0.0,0.1090658154210842,0.46952099912215617,0.7095598858025085,0.0,0.0,71.75412134782681,-10.016566332591426,-48.1736926526675,69.40018415363856,0.17959692488411136,0.9645453333603181,0.19338367166077805,7.67778234699645e-05,,37.93509162985742,False,40.69385140745072,False,44.82093430299882,False,46.00972074651726,False,53.67920201399088,False,57.78211389562551,False,56.910015220721384,False,,0,,,0.0,left_M1,37.93509162985742
pr_Agency_EBCI,test,06_02 Artem,rec_05AY_calibration_20260602_133912,test/06_02 Artem/rec_05AY_calibration_20260602_133912,C:\Users\hodor\Documents\lab-Shishkin\projects\BCI_classifier\data\pr_Agency_EBCI\trans\test\06_02 Artem\EPOCHS_rec_05AY_calibration_20260602_133912.hdf,"MATRIX_[8, 12]_robust_concat_rec_05AY_calibration_20260602_133912.hdf","C:\Users\hodor\Documents\lab-Shishkin\projects\BCI_classifier\data\pr_Agency_EBCI\features\csp\test\06_02 Artem\MATRIX_[8, 12]_robust_concat_rec_05AY_calibration_20260602_133912.hdf","[8, 12]",52,53,-4,last5,0.7329136333421917,0.233,1.009,0.009699620880528892,1.475040046660653,1.466,1.0193992417610578,0.10227055385654868,0.06275975696018121,0.5357142857142857,0.5357142857142857,0.15705835056541403,0.09638105533170685,0.2534394058971209,0.16617801929798132,0.09418882404121916,23.998797479002576,0.0,0.05905138157402917,0.2557203605501949,0.37383327310013736,0.0,0.0,76.00120252099742,-15.703135394299087,49.406616779254115,-5.933146553339498,-0.43006299029772643,0.10098827711208938,-0.8971327617817274,0.0003169279189877774,,98.16419276801422,False,101.75060366400092,False,86.04608574679965,False,85.33725547009647,False,109.0754795477651,False,113.9794371464908,False,95.08521617649089,False,,0,,,0.0,left_PMd,85.33725547009647
pr_Agency_EBCI,test,06_02 Artem,rec_05AY_calibration_20260602_133912,test/06_02 Artem/rec_05AY_calibration_20260602_133912,C:\Users\hodor\Documents\lab-Shishkin\projects\BCI_classifier\data\pr_Agency_EBCI\trans\test\06_02 Artem\EPOCHS_rec_05AY_calibration_20260602_133912.hdf,"MATRIX_[8, 12]_robust_concat_rec_05AY_calibration_20260602_133912.hdf","C:\Users\hodor\Documents\lab-Shishkin\projects\BCI_classifier\data\pr_Agency_EBCI\features\csp\test\06_02 Artem\MATRIX_[8, 12]_robust_concat_rec_05AY_calibration_20260602_133912.hdf","[8, 12]",53,54,-3,last5,0.7394816539500186,0.239,1.043,0.006568020607826908,1.4842790277010824,1.478,1.0131360412156538,0.1494962037058728,0.32453180829151496,0.5714285714285714,0.5714285714285714,0.2349226058235144,0.5099785558866663,0.7449011617101807,0.10079767583717542,0.24081626645729834,23.990932156593978,0.0,0.1780313776487332,0.7769319116637184,1.1056411720365937,0.0,0.0,76.00906784340603,13.261865691539118,-42.81504708374013,8.38506349129547,-0.5528885462694022,0.7158920658627227,-0.42639512830109855,0.0004809137763927456,,71.04871277442372,False,71.55670421509443,False,63.189134336222764,False,71.98479869054034,False,56.01973694441029,False,53.78074452764614,False,60.798702988347024,False,,0,,,0.0,right_S1,53.78074452764614
pr_Agency_EBCI,test,06_02 Artem,rec_05AY_calibration_20260602_133912,test/06_02 Artem/rec_05AY_calibration_20260602_133912,C:\Users\hodor\Documents\lab-Shishkin\projects\BCI_classifier\data\pr_Agency_EBCI\trans\test\06_02 Artem\EPOCHS_rec_05AY_calibration_20260602_133912.hdf,"MATRIX_[8, 12]_robust_concat_rec_05AY_calibration_20260602_133912.hdf","C:\Users\hodor\Documents\lab-Shishkin\projects\BCI_classifier\data\pr_Agency_EBCI\features\csp\test\06_02 Artem\MATRIX_[8, 12]_robust_concat_rec_05AY_calibration_20260602_133912.hdf","[8, 12]",54,55,-2,last5,0.7696074631663006,0.27,1.206,0.03012580921628194,1.5725358739535844,1.54,1.0602516184325639,0.351440814618327,0.3460910224865842,0.5,0.5,0.5271612219274905,0.5191365337298763,1.046297755657367,0.1919879256845997,0.21292897759670967,44.026569215478496,0.38053138430956995,0.2825003940274891,1.2618350933227844,1.6453407556083315,0.6131496653748528,0.6500929250550727,55.973430784521504,-45.619798729730256,-26.817665110888157,9.485388596877787,0.44590995577101594,0.03766100734509846,0.8942851669741833,0.0006792606982406114,,47.5824425419829,False,42.78694171062831,False,69.77255002080793,False,53.180550029923616,False,93.98584922924441,False,97.44151357375043,False,89.09314428851974,False,,0,,,0.0,left_S1,42.78694171062831
pr_Agency_EBCI,test,06_02 Artem,rec_05AY_calibration_20260602_133912,test/06_02 Artem/rec_05AY_calibration_20260602_133912,C:\Users\hodor\Documents\lab-Shishkin\projects\BCI_classifier\data\pr_Agency_EBCI\trans\test\06_02 Artem\EPOCHS_rec_05AY_calibration_20260602_133912.hdf,"MATRIX_[8, 12]_robust_concat_rec_05AY_calibration_20260602_133912.hdf","C:\Users\hodor\Documents\lab-Shishkin\projects\BCI_classifier\data\pr_Agency_EBCI\features\csp\test\06_02 Artem\MATRIX_[8, 12]_robust_concat_rec_05AY_calibration_20260602_133912.hdf","[8, 12]",55,56,-1,last5,0.8047560847583469,0.305,1.416,0.03514862159204635,1.6528813183422966,1.6099999999999999,1.0702972431840927,0.7718839097911836,0.6219607440751094,0.5535714285714286,0.5535714285714286,1.1991767884255888,0.9662604416881163,2.1654372301137053,0.18235127205853954,0.1563321675131992,27.48080968658587,0.0,0.6604583551846801,3.0662591178410064,3.579210743697832,0.0,0.0,72.51919031341413,-39.689524697037456,-2.2172809386136962,-26.982663709255423,-0.32042164185171157,-0.9201094820597252,-0.22522991021806504,0.0006754051603872361,,85.87328990134655,False,83.75845593836392,False,93.87023205092507,False,84.00123394134722,False,114.40941165329932,False,116.97572008874809,False,107.24473912382435,False,,0,,,0.0,left_S1,83.75845593836392
pr_Agency_EBCI,test,06_02 Artem,rec_05AY_calibration_20260602_133912,test/06_02 Artem/rec_05AY_calibration_20260602_133912,C:\Users\hodor\Documents\lab-Shishkin\projects\BCI_classifier\data\pr_Agency_EBCI\trans\test\06_02 Artem\EPOCHS_rec_05AY_calibration_20260602_133912.hdf,"MATRIX_[9, 13]_robust_concat_rec_05AY_calibration_20260602_133912.hdf","C:\Users\hodor\Documents\lab-Shishkin\projects\BCI_classifier\data\pr_Agency_EBCI\features\csp\test\06_02 Artem\MATRIX_[9, 13]_robust_concat_rec_05AY_calibration_20260602_133912.hdf","[9, 13]",0,1,0,first5,0.1697230332411205,0.33,1.588,0.07689192881063137,1.7614973460300334,1.6600000000000001,1.1537838576212627,0.07140392782838811,1.1525720218093047,0.6607142857142857,0.6607142857142857,0.11858152300071596,1.9140928219333095,2.0326743449340254,0.023862840661378237,0.4379381791884061,55.3269756405425,0.6065395128108501,0.6707825338282284,3.2278868597552326,3.5805504639446224,2.0466095294198,2.361345037898414,44.6730243594575,36.13046613384361,-2.855063955900255,46.6432203673425,0.8321028894133647,-0.549858029267369,0.07253226233983741,0.0006853392250337504,,75.74603481429733,False,82.88493457295363,False,38.0036531059192,False,65.01335538592092,False,23.123033252911757,True,28.284166395301035,True,13.421034667475114,True,right_M1;right_S1;right_PMd,3,1;0.8;0.6,right_M1,1.0,right_PMd,13.421034667475114
pr_Agency_EBCI,test,06_02 Artem,rec_05AY_calibration_20260602_133912,test/06_02 Artem/rec_05AY_calibration_20260602_133912,C:\Users\hodor\Documents\lab-Shishkin\projects\BCI_classifier\data\pr_Agency_EBCI\trans\test\06_02 Artem\EPOCHS_rec_05AY_calibration_20260602_133912.hdf,"MATRIX_[9, 13]_robust_concat_rec_05AY_calibration_20260602_133912.hdf","C:\Users\hodor\Documents\lab-Shishkin\projects\BCI_classifier\data\pr_Agency_EBCI\features\csp\test\06_02 Artem\MATRIX_[9, 13]_robust_concat_rec_05AY_calibration_20260602_133912.hdf","[9, 13]",1,2,1,first5,0.24661496205175187,0.253,1.117,0.026834426507150566,1.5331564396252362,1.506,1.053668853014301,0.588908433953689,0.15424536758624632,0.5357142857142857,0.5357142857142857,0.904395095000308,0.23687681450744968,1.1412719095077577,0.39595064036733996,0.10817075764937857,44.45057662582071,0.3890115325164142,0.2887417931054627,1.2748007229201654,1.7497483774252085,0.668615709410534,0.7044995476419406,55.54942337417929,21.066304854472424,-60.49923926826439,23.869954028585273,0.9337843676485315,-0.020290067696451544,0.35726050423760175,0.00040832689985112735,,74.97397862612614,False,75.4908066607716,False,67.66695145380781,False,78.71475242890446,False,50.8679621371526,False,46.47281651398623,False,61.94018167750891,False,,0,,,0.0,right_S1,46.47281651398623
pr_Agency_EBCI,test,06_02 Artem,rec_05AY_calibration_20260602_133912,test/06_02 Artem/rec_05AY_calibration_20260602_133912,C:\Users\hodor\Documents\lab-Shishkin\projects\BCI_classifier\data\pr_Agency_EBCI\trans\test\06_02 Artem\EPOCHS_rec_05AY_calibration_20260602_133912.hdf,"MATRIX_[9, 13]_robust_concat_rec_05AY_calibration_20260602_133912.hdf","C:\Users\hodor\Documents\lab-Shishkin\projects\BCI_classifier\data\pr_Agency_EBCI\features\csp\test\06_02 Artem\MATRIX_[9, 13]_robust_concat_rec_05AY_calibration_20260602_133912.hdf","[9, 13]",2,3,2,first5,0.27344938855890244,0.227,0.977,0.01856703824913264,1.4708588707302124,1.454,1.0371340764982653,0.15108773607910903,0.29415541691202063,0.5535714285714286,0.5535714285714286,0.2347255899800444,0.45699145127403207,0.6917170412540765,0.06689172172346179,0.13174995576013365,79.48982074801495,1.0,0.15701976836467538,0.6758075493052328,1.0174181461638148,1.0057565779834272,1.0431044196888972,20.51017925198505,22.54205403274316,-70.46646261883862,29.34342767431034,-0.013460759925376712,0.9914181066434066,0.13003440222431306,0.00043838819956645256,,79.35286438960644,False,79.47661042845628,False,74.06259609316103,False,84.65890990388557,False,55.23424034165995,False,50.293802080333485,False,68.13531371063746,False,,0,,,0.0,right_S1,50.293802080333485
pr_Agency_EBCI,test,06_02 Artem,rec_05AY_calibration_20260602_133912,test/06_02 Artem/rec_05AY_calibration_20260602_133912,C:\Users\hodor\Documents\lab-Shishkin\projects\BCI_classifier\data\pr_Agency_EBCI\trans\test\06_02 Artem\EPOCHS_rec_05AY_calibration_20260602_133912.hdf,"MATRIX_[9, 13]_robust_concat_rec_05AY_calibration_20260602_133912.hdf","C:\Users\hodor\Documents\lab-Shishkin\projects\BCI_classifier\data\pr_Agency_EBCI\features\csp\test\06_02 Artem\MATRIX_[9, 13]_robust_concat_rec_05AY_calibration_20260602_133912.hdf","[9, 13]",3,4,3,first5,0.2920164268080351,0.208,0.886,0.03038301548642741,1.4412786688847077,1.416,1.0607660309728548,0.5568012713241639,0.46198101531367874,0.5357142857142857,0.5357142857142857,0.8550876666763945,0.7094708449460065,1.564558511622401,0.2761237691505817,0.24294851842706017,35.25590846296112,0.2051181692592225,0.3254281704174594,1.3861988412974473,2.2549648090233734,0.45442183868573593,0.48203525021005506,64.74409153703888,56.36080112467966,-45.61446175500134,17.13166741956994,0.3217087172341957,0.050800131491279855,-0.9454749324524669,0.00027122024137056326,,102.51073026241674,False,105.51994707507517,False,80.1003501331848,False,100.21147527653272,False,48.913131743736194,False,40.814760097059015,False,61.07315327650121,False,,0,,,0.0,right_S1,40.814760097059015
pr_Agency_EBCI,test,06_02 Artem,rec_05AY_calibration_20260602_133912,test/06_02 Artem/rec_05AY_calibration_20260602_133912,C:\Users\hodor\Documents\lab-Shishkin\projects\BCI_classifier\data\pr_Agency_EBCI\trans\test\06_02 Artem\EPOCHS_rec_05AY_calibration_20260602_133912.hdf,"MATRIX_[9, 13]_robust_concat_rec_05AY_calibration_20260602_133912.hdf","C:\Users\hodor\Documents\lab-Shishkin\projects\BCI_classifier\data\pr_Agency_EBCI\features\csp\test\06_02 Artem\MATRIX_[9, 13]_robust_concat_rec_05AY_calibration_20260602_133912.hdf","[9, 13]",4,5,4,first5,0.3223994422944625,0.178,0.743,0.007217333214989519,1.3611387412490725,1.3559999999999999,1.014434666429979,0.08794889381405037,0.2362165801867766,0.6071428571428572,0.6071428571428572,0.14134643648686668,0.379633789585891,0.5209802260727576,0.13862844767560825,0.2998032980632903,53.93401783141315,0.578680356628263,0.09273448024095085,0.3870883079720589,0.7091263691323305,0.40880826721519653,0.41470927818626563,46.06598216858685,40.930938117511225,-64.91659001703606,10.034915411719927,-0.6840243918418218,-0.7291520799496021,-0.021163073278588785,0.0002447990978471511,,98.51561084148187,False,99.28633883858222,False,86.29690384930336,False,100.51746838303914,False,61.73548809678823,False,54.602009818576036,False,74.29331316460463,False,,0,,,0.0,right_S1,54.602009818576036
pr_Agency_EBCI,test,06_02 Artem,rec_05AY_calibration_20260602_133912,test/06_02 Artem/rec_05AY_calibration_20260602_133912,C:\Users\hodor\Documents\lab-Shishkin\projects\BCI_classifier\data\pr_Agency_EBCI\trans\test\06_02 Artem\EPOCHS_rec_05AY_calibration_20260602_133912.hdf,"MATRIX_[9, 13]_robust_concat_rec_05AY_calibration_20260602_133912.hdf","C:\Users\hodor\Documents\lab-Shishkin\projects\BCI_classifier\data\pr_Agency_EBCI\features\csp\test\06_02 Artem\MATRIX_[9, 13]_robust_concat_rec_05AY_calibration_20260602_133912.hdf","[9, 13]",51,52,-5,last5,0.7443052087428889,0.244,1.068,0.009982334042662133,1.4977427580256382,1.488,1.0199646680853243,0.17985752002961022,0.17997055602858616,0.4821428571428571,0.4821428571428571,0.26657453861531516,0.26674207411379736,0.5333166127291125,0.18040034799450066,0.17629489464039197,27.706890218473607,0.0,0.13012925350590343,0.5695821423946922,0.7987710944497921,0.0,0.0,72.2931097815264,-65.80249831000755,-39.67043631069671,19.02900616643524,0.6967126865382872,-0.06479485623663281,0.714417986211067,0.00016672236533991187,,50.00605828024329,False,41.7990753319989,False,83.56078880412134,False,61.63521558029552,False,109.4356688715712,False,113.14584576859811,False,105.68244703048066,False,,0,,,0.0,left_S1,41.7990753319989
pr_Agency_EBCI,test,06_02 Artem,rec_05AY_calibration_20260602_133912,test/06_02 Artem/rec_05AY_calibration_20260602_133912,C:\Users\hodor\Documents\lab-Shishkin\projects\BCI_classifier\data\pr_Agency_EBCI\trans\test\06_02 Artem\EPOCHS_rec_05AY_calibration_20260602_133912.hdf,"MATRIX_[9, 13]_robust_concat_rec_05AY_calibration_20260602_133912.hdf","C:\Users\hodor\Documents\lab-Shishkin\projects\BCI_classifier\data\pr_Agency_EBCI\features\csp\test\06_02 Artem\MATRIX_[9, 13]_robust_concat_rec_05AY_calibration_20260602_133912.hdf","[9, 13]",52,53,-4,last5,0.7672580169934686,0.267,1.193,0.02295280825057977,1.5585135992116192,1.534,1.0459056165011595,0.3577634444308264,0.3934326095601804,0.5714285714285714,0.5714285714285714,0.5621996983912987,0.6182512435945692,1.180450941985868,0.17516032691478514,0.18320078920232183,35.07548943134533,0.20150978862690666,0.31518040151022675,1.4082779737891407,1.8397488462871414,0.36489629197934387,0.38164708122164276,64.92451056865467,-32.207619145708136,-48.30434215040574,10.511463447452362,0.34629980818948675,-0.83582512695134,0.4259962441204159,0.00046694046035921207,,51.713539403143265,False,46.3922227278097,False,71.28919413008,False,60.92085860150664,False,85.51132857453698,False,86.96619082209861,False,85.54884193876663,False,,0,,,0.0,left_S1,46.3922227278097
pr_Agency_EBCI,test,06_02 Artem,rec_05AY_calibration_20260602_133912,test/06_02 Artem/rec_05AY_calibration_20260602_133912,C:\Users\hodor\Documents\lab-Shishkin\projects\BCI_classifier\data\pr_Agency_EBCI\trans\test\06_02 Artem\EPOCHS_rec_05AY_calibration_20260602_133912.hdf,"MATRIX_[9, 13]_robust_concat_rec_05AY_calibration_20260602_133912.hdf","C:\Users\hodor\Documents\lab-Shishkin\projects\BCI_classifier\data\pr_Agency_EBCI\features\csp\test\06_02 Artem\MATRIX_[9, 13]_robust_concat_rec_05AY_calibration_20260602_133912.hdf","[9, 13]",53,54,-3,last5,0.7721642368936995,0.272,1.221,0.004906219900230879,1.5493379672514513,1.544,1.0098124398004618,0.08762999445203645,0.03757631913388163,0.5357142857142857,0.5357142857142857,0.13457463433705597,0.05770649009846107,0.19228112443551704,0.20693920618170028,0.07700729906867544,18.200011233197383,0.0,0.052300465846460635,0.23477525293576632,0.2979084464737473,0.0,0.0,81.79998876680261,51.73474363746667,-65.21709983955334,-17.90063713417148,0.457773080643426,0.7943628551477635,-0.3992886938040203,0.00011378310772926796,,121.8915039252211,False,122.11693313236202,False,109.28886187537684,False,122.85247260767049,False,86.06820345143142,False,78.87400349011946,False,96.42841250597338,False,,0,,,0.0,right_S1,78.87400349011946
pr_Agency_EBCI,test,06_02 Artem,rec_05AY_calibration_20260602_133912,test/06_02 Artem/rec_05AY_calibration_20260602_133912,C:\Users\hodor\Documents\lab-Shishkin\projects\BCI_classifier\data\pr_Agency_EBCI\trans\test\06_02 Artem\EPOCHS_rec_05AY_calibration_20260602_133912.hdf,"MATRIX_[9, 13]_robust_concat_rec_05AY_calibration_20260602_133912.hdf","C:\Users\hodor\Documents\lab-Shishkin\projects\BCI_classifier\data\pr_Agency_EBCI\features\csp\test\06_02 Artem\MATRIX_[9, 13]_robust_concat_rec_05AY_calibration_20260602_133912.hdf","[9, 13]",54,55,-2,last5,0.7886759297254078,0.289,1.317,0.01651169283170828,1.5970875169134549,1.5779999999999998,1.0330233856634166,0.2573038208760968,0.15026233583435017,0.4464285714285714,0.4464285714285714,0.37217159805292577,0.21734373576039934,0.5895153338133251,0.24751036175770988,0.15204256271036315,43.183049881732465,0.3636609976346493,0.17036993147205096,0.7763916946321491,0.9415075806623299,0.3382975329076229,0.3494692628058137,56.816950118267535,-43.21165952525782,15.902770554147121,13.671075643994488,-0.31645985119293707,-0.20496032779829793,0.9261989130914363,0.0004960743158932421,,58.61720709946517,False,59.813367282240655,False,65.66606742781906,False,50.935987894739085,False,98.27744369782273,False,104.10186216338079,False,86.22169523757859,False,,0,,,0.0,left_PMd,50.935987894739085
pr_Agency_EBCI,test,06_02 Artem,rec_05AY_calibration_20260602_133912,test/06_02 Artem/rec_05AY_calibration_20260602_133912,C:\Users\hodor\Documents\lab-Shishkin\projects\BCI_classifier\data\pr_Agency_EBCI\trans\test\06_02 Artem\EPOCHS_rec_05AY_calibration_20260602_133912.hdf,"MATRIX_[9, 13]_robust_concat_rec_05AY_calibration_20260602_133912.hdf","C:\Users\hodor\Documents\lab-Shishkin\projects\BCI_classifier\data\pr_Agency_EBCI\features\csp\test\06_02 Artem\MATRIX_[9, 13]_robust_concat_rec_05AY_calibration_20260602_133912.hdf","[9, 13]",55,56,-1,last5,0.8305506245889221,0.331,1.59,0.04187469486351436,1.717442095999293,1.662,1.0837493897270287,0.5960160666225213,0.4048438964215764,0.5535714285714286,0.5535714285714286,0.9259535320742741,0.6289539105120919,1.554907442586366,0.17397076362150354,0.13516684052118055,52.57961504680277,0.5515923009360555,0.5146743634960872,2.4723028337123223,2.670463497280429,1.4254558067860243,1.5448368606872032,47.42038495319723,-48.458410397393365,-9.771078731536491,-32.35597051761717,-0.6213324471128662,-0.660852574405559,-0.42097489838027424,0.0009175508874011481,,90.35735562865952,False,86.98764327486953,False,102.59941511150126,False,90.71086374834886,False,123.05471471434443,False,125.33101383647241,False,116.85804536479107,False,,0,,,0.0,left_S1,86.98764327486953
pr_Agency_EBCI,test,06_02 Artem,rec_05AY_calibration_20260602_133912,test/06_02 Artem/rec_05AY_calibration_20260602_133912,C:\Users\hodor\Documents\lab-Shishkin\projects\BCI_classifier\data\pr_Agency_EBCI\trans\test\06_02 Artem\EPOCHS_rec_05AY_calibration_20260602_133912.hdf,"MATRIX_[10, 14]_robust_concat_rec_05AY_calibration_20260602_133912.hdf","C:\Users\hodor\Documents\lab-Shishkin\projects\BCI_classifier\data\pr_Agency_EBCI\features\csp\test\06_02 Artem\MATRIX_[10, 14]_robust_concat_rec_05AY_calibration_20260602_133912.hdf","[10, 14]",0,1,0,first5,0.21157347727679157,0.288,1.315,0.019415240251333732,1.5983663567695363,1.576,1.0388304805026674,0.22616760502149774,0.8473281669761921,0.5357142857142857,0.5357142857142857,0.3473288219973001,1.3012539707134376,1.6485827927107377,0.10857836800274474,0.4097979963682394,46.37633555875379,0.4275267111750758,0.47479184430069243,2.16788637241462,2.6350392722180094,1.1107855708406909,1.1539179082918645,53.62366444124621,21.509008616745106,-49.526679488562785,16.47926093661774,0.9907812241436523,0.11276270432943976,-0.07508087903532647,0.0005532421968696895,,74.30199360655556,False,75.34194244204056,False,63.884122059747874,False,75.74625970749123,False,49.228944870851414,False,45.419102185386436,False,57.69304026136306,False,,0,,,0.0,right_S1,45.419102185386436
pr_Agency_EBCI,test,06_02 Artem,rec_05AY_calibration_20260602_133912,test/06_02 Artem/rec_05AY_calibration_20260602_133912,C:\Users\hodor\Documents\lab-Shishkin\projects\BCI_classifier\data\pr_Agency_EBCI\trans\test\06_02 Artem\EPOCHS_rec_05AY_calibration_20260602_133912.hdf,"MATRIX_[10, 14]_robust_concat_rec_05AY_calibration_20260602_133912.hdf","C:\Users\hodor\Documents\lab-Shishkin\projects\BCI_classifier\data\pr_Agency_EBCI\features\csp\test\06_02 Artem\MATRIX_[10, 14]_robust_concat_rec_05AY_calibration_20260602_133912.hdf","[10, 14]",1,2,1,first5,0.2309887175281253,0.269,1.203,0.03873167824678417,1.5796752857935399,1.538,1.0774633564935683,0.9735980222404803,0.4978637415643302,0.4642857142857143,0.4642857142857143,1.4256256754235606,0.7290147644334836,2.1546404398570442,0.3152803265183321,0.15650824389114984,64.70145947907965,0.794029189581593,0.579598278321545,2.592032449148024,3.403632252613495,2.6312833047365016,2.83511134140688,35.298540520920355,-36.44436942604072,-9.287232393132722,49.91970207555191,-0.553954630808841,-0.7744856813273322,0.3054606299089601,0.0006169626441857765,,15.92586002985492,True,21.54556595833269,True,37.473846536164835,False,10.484958993121015,True,74.17292103618675,False,81.15950638119791,False,64.74336831524901,False,left_M1;left_S1;left_PMd,3,1;0.8;0.6,left_M1,1.0,left_PMd,10.484958993121015
pr_Agency_EBCI,test,06_02 Artem,rec_05AY_calibration_20260602_133912,test/06_02 Artem/rec_05AY_calibration_20260602_133912,C:\Users\hodor\Documents\lab-Shishkin\projects\BCI_classifier\data\pr_Agency_EBCI\trans\test\06_02 Artem\EPOCHS_rec_05AY_calibration_20260602_133912.hdf,"MATRIX_[10, 14]_robust_concat_rec_05AY_calibration_20260602_133912.hdf","C:\Users\hodor\Documents\lab-Shishkin\projects\BCI_classifier\data\pr_Agency_EBCI\features\csp\test\06_02 Artem\MATRIX_[10, 14]_robust_concat_rec_05AY_calibration_20260602_133912.hdf","[10, 14]",2,3,2,first5,0.26972039577490947,0.23,0.996,0.028211789360350403,1.4859548462115224,1.46,1.0564235787207008,0.10731894348634274,0.2238425794672729,0.5178571428571428,0.5178571428571428,0.16289482493462737,0.33976105811996776,0.5026558830545951,0.10091791406065573,0.24762928108329146,63.09657901593604,0.7619315803187208,0.11561085310255688,0.5006452595223767,0.7469239454017078,0.559164511345143,0.5907145741688479,36.90342098406396,31.017700090470125,-76.69170255588934,19.80186209245015,-0.8255432699951127,-0.5361315123628196,-0.1761854443968969,0.0002852931859483766,,92.61799410281196,False,92.45766435933304,False,86.13078583617404,False,97.52919620282661,False,64.1213226516797,False,57.77063340127146,False,77.70432228542242,False,,0,,,0.0,right_S1,57.77063340127146
pr_Agency_EBCI,test,06_02 Artem,rec_05AY_calibration_20260602_133912,test/06_02 Artem/rec_05AY_calibration_20260602_133912,C:\Users\hodor\Documents\lab-Shishkin\projects\BCI_classifier\data\pr_Agency_EBCI\trans\test\06_02 Artem\EPOCHS_rec_05AY_calibration_20260602_133912.hdf,"MATRIX_[10, 14]_robust_concat_rec_05AY_calibration_20260602_133912.hdf","C:\Users\hodor\Documents\lab-Shishkin\projects\BCI_classifier\data\pr_Agency_EBCI\features\csp\test\06_02 Artem\MATRIX_[10, 14]_robust_concat_rec_05AY_calibration_20260602_133912.hdf","[10, 14]",3,4,3,first5,0.2979321851352599,0.202,0.857,0.013108194266184814,1.4145914209670774,1.404,1.0262163885323696,0.11741713729195344,0.1600537845624473,0.5535714285714286,0.5535714285714286,0.18241590972142765,0.2486549867309449,0.43107089645237257,0.19631598519827895,0.21788997294464138,52.42079821669097,0.5484159643338193,0.08707632108337926,0.36942775825968327,0.6097891919501136,0.3319142505693373,0.34061584352169333,47.57920178330903,58.62858292329471,-44.84266567489503,11.930412759621277,0.6705968327219611,-0.40405203308813775,-0.6221268701001561,0.00028508711741467797,,106.44770517979082,False,109.32514919770945,False,84.07419509471488,False,103.9423970902518,False,53.74567886899582,False,45.85178639909155,False,65.09700934342975,False,,0,,,0.0,right_S1,45.85178639909155
pr_Agency_EBCI,test,06_02 Artem,rec_05AY_calibration_20260602_133912,test/06_02 Artem/rec_05AY_calibration_20260602_133912,C:\Users\hodor\Documents\lab-Shishkin\projects\BCI_classifier\data\pr_Agency_EBCI\trans\test\06_02 Artem\EPOCHS_rec_05AY_calibration_20260602_133912.hdf,"MATRIX_[10, 14]_robust_concat_rec_05AY_calibration_20260602_133912.hdf","C:\Users\hodor\Documents\lab-Shishkin\projects\BCI_classifier\data\pr_Agency_EBCI\features\csp\test\06_02 Artem\MATRIX_[10, 14]_robust_concat_rec_05AY_calibration_20260602_133912.hdf","[10, 14]",4,5,4,first5,0.3110403794014447,0.189,0.795,0.017978870666786828,1.3915920262240908,1.3780000000000001,1.0359577413335737,0.16503743815627195,0.25338631302308423,0.5357142857142857,0.5357142857142857,0.25345035145427475,0.3891289807140222,0.6425793321682969,0.13688347625186398,0.22370567061787913,49.92494422532889,0.49849888450657787,0.12144749377980811,0.510850569073796,0.8942082748618033,0.44140796064358556,0.45727999391498786,50.07505577467111,45.9301517968486,-70.02349981449238,15.186841139104196,-0.5870952766660638,-0.7870981896279453,0.18919718814191933,0.00015488507074827698,,102.4520680359062,False,103.38665676834252,False,89.67471184356357,False,104.77736306162764,False,62.30958502580284,False,54.52096198586829,False,76.38140355414455,False,,0,,,0.0,right_S1,54.52096198586829
pr_Agency_EBCI,test,06_02 Artem,rec_05AY_calibration_20260602_133912,test/06_02 Artem/rec_05AY_calibration_20260602_133912,C:\Users\hodor\Documents\lab-Shishkin\projects\BCI_classifier\data\pr_Agency_EBCI\trans\test\06_02 Artem\EPOCHS_rec_05AY_calibration_20260602_133912.hdf,"MATRIX_[10, 14]_robust_concat_rec_05AY_calibration_20260602_133912.hdf","C:\Users\hodor\Documents\lab-Shishkin\projects\BCI_classifier\data\pr_Agency_EBCI\features\csp\test\06_02 Artem\MATRIX_[10, 14]_robust_concat_rec_05AY_calibration_20260602_133912.hdf","[10, 14]",51,52,-5,last5,0.7439280722929966,0.244,1.066,0.01429208675432636,1.5019490766722225,1.488,1.0285841735086527,0.36703676258332063,0.4828497411139758,0.4821428571428571,0.4821428571428571,0.5440009159717074,0.7156522948653571,1.2596532108370644,0.15299822297768972,0.20327047723453487,29.0202058482098,0.0,0.3073553834442437,1.3427903227523108,1.8919349769439293,0.0,0.0,70.9797941517902,-23.664702144182165,-50.51760791116526,-3.342908455471839,0.3254939011836015,-0.9382301767680016,0.11737911097876201,0.0005068080953035521,,66.15832439290274,False,61.80609110895629,False,79.40269491321753,False,73.13085924519656,False,88.23061257431448,False,88.29305101983513,False,89.43472040594276,False,,0,,,0.0,left_S1,61.80609110895629
pr_Agency_EBCI,test,06_02 Artem,rec_05AY_calibration_20260602_133912,test/06_02 Artem/rec_05AY_calibration_20260602_133912,C:\Users\hodor\Documents\lab-Shishkin\projects\BCI_classifier\data\pr_Agency_EBCI\trans\test\06_02 Artem\EPOCHS_rec_05AY_calibration_20260602_133912.hdf,"MATRIX_[10, 14]_robust_concat_rec_05AY_calibration_20260602_133912.hdf","C:\Users\hodor\Documents\lab-Shishkin\projects\BCI_classifier\data\pr_Agency_EBCI\features\csp\test\06_02 Artem\MATRIX_[10, 14]_robust_concat_rec_05AY_calibration_20260602_133912.hdf","[10, 14]",52,53,-4,last5,0.7461447599308845,0.246,1.078,0.0022166876378878486,1.4941812206356817,1.492,1.0044333752757757,0.1418601356222926,0.28932764754689944,0.4285714285714286,0.4285714285714286,0.20265733660327515,0.4133252107812849,0.61598254738456,0.0904610591310635,0.2072406553855366,22.11984600469961,0.0,0.15153170665660176,0.6640291860805557,0.9203895545413385,0.0,0.0,77.88015399530039,-15.24176276112051,-22.963866430659422,29.419871809453436,0.8315368636214493,-0.486951711831756,-0.26725357767993635,0.0005308259636388191,,33.74138705899634,True,35.71235955295133,False,36.563750132222594,False,33.06347124280866,True,57.734695273001655,False,61.93535959940428,False,52.917582709998506,False,left_M1;left_PMd,2,1;0.6,left_M1,1.0,left_PMd,33.06347124280866
pr_Agency_EBCI,test,06_02 Artem,rec_05AY_calibration_20260602_133912,test/06_02 Artem/rec_05AY_calibration_20260602_133912,C:\Users\hodor\Documents\lab-Shishkin\projects\BCI_classifier\data\pr_Agency_EBCI\trans\test\06_02 Artem\EPOCHS_rec_05AY_calibration_20260602_133912.hdf,"MATRIX_[10, 14]_robust_concat_rec_05AY_calibration_20260602_133912.hdf","C:\Users\hodor\Documents\lab-Shishkin\projects\BCI_classifier\data\pr_Agency_EBCI\features\csp\test\06_02 Artem\MATRIX_[10, 14]_robust_concat_rec_05AY_calibration_20260602_133912.hdf","[10, 14]",53,54,-3,last5,0.7599191548021068,0.26,1.152,0.01377439487122234,1.534325370666071,1.52,1.0275487897424447,0.11928936987364334,0.04544194662164386,0.5357142857142857,0.5357142857142857,0.18319438944880942,0.06978584659752449,0.2529802360463339,0.1664090478361331,0.07486633543013423,18.52371571142587,0.0,0.06577486137204681,0.2914332319253766,0.38815399444298143,0.0,0.0,81.47628428857413,-65.52862642777735,44.29405347678556,30.98039493352989,0.011187885275461886,-0.9721398442348032,0.2341344794646783,7.508434744421634e-05,,78.49839588605244,False,80.71571371634988,False,86.91117163279404,False,69.05828312570993,False,124.89243516836139,False,132.3776253020364,False,110.03750555234237,False,,0,,,0.0,left_PMd,69.05828312570993
pr_Agency_EBCI,test,06_02 Artem,rec_05AY_calibration_20260602_133912,test/06_02 Artem/rec_05AY_calibration_20260602_133912,C:\Users\hodor\Documents\lab-Shishkin\projects\BCI_classifier\data\pr_Agency_EBCI\trans\test\06_02 Artem\EPOCHS_rec_05AY_calibration_20260602_133912.hdf,"MATRIX_[10, 14]_robust_concat_rec_05AY_calibration_20260602_133912.hdf","C:\Users\hodor\Documents\lab-Shishkin\projects\BCI_classifier\data\pr_Agency_EBCI\features\csp\test\06_02 Artem\MATRIX_[10, 14]_robust_concat_rec_05AY_calibration_20260602_133912.hdf","[10, 14]",54,55,-2,last5,0.7626222624889473,0.263,1.167,0.0027031076868404558,1.5288436692865561,1.526,1.005406215373681,0.10111871193181346,0.2620602853490409,0.5892857142857143,0.5892857142857143,0.16070652432020355,0.4164886677868686,0.5771951921070722,0.09071460829373666,0.23629382758807202,23.51240990470123,0.0,0.15180233552415998,0.6735867891889532,0.8824412153955349,0.0,0.0,76.48759009529877,-65.36587428594947,-34.2244842714292,42.14522044320509,0.62548649629078,-0.10301327107199869,0.7734047510462623,9.508457209284591e-05,,34.04187961558929,True,25.70850109631774,True,72.94308101766244,False,47.70625800692399,False,102.81797248019919,False,107.89992543398203,False,97.96359003757233,False,left_M1;left_S1,2,1;0.8,left_M1,1.0,left_S1,25.70850109631774
pr_Agency_EBCI,test,06_02 Artem,rec_05AY_calibration_20260602_133912,test/06_02 Artem/rec_05AY_calibration_20260602_133912,C:\Users\hodor\Documents\lab-Shishkin\projects\BCI_classifier\data\pr_Agency_EBCI\trans\test\06_02 Artem\EPOCHS_rec_05AY_calibration_20260602_133912.hdf,"MATRIX_[10, 14]_robust_concat_rec_05AY_calibration_20260602_133912.hdf","C:\Users\hodor\Documents\lab-Shishkin\projects\BCI_classifier\data\pr_Agency_EBCI\features\csp\test\06_02 Artem\MATRIX_[10, 14]_robust_concat_rec_05AY_calibration_20260602_133912.hdf","[10, 14]",55,56,-1,last5,0.8133357913155118,0.313,1.472,0.05071352882656455,1.6894933380908588,1.626,1.101427057653129,0.5759658459721415,0.21628526983604932,0.5892857142857143,0.5892857142857143,0.9153742909200107,0.34373908956086413,1.2591133804808747,0.20176241926946403,0.0927091072069838,68.82974466163483,0.8765948932326968,0.3941024880905138,1.8534148960678476,2.1272636682234984,1.7946688162713802,1.9766967937676103,31.170255338365166,-52.83723378166036,-16.650453283577612,-15.22363458491219,0.7605435949206368,0.38966751935952854,0.5193579349363845,0.0010238199964126699,,73.55483941822088,False,69.38784533603926,False,90.92252796017193,False,75.92446672464226,False,114.10028951058517,False,117.00994981494969,False,108.08466510549621,False,,0,,,0.0,left_S1,69.38784533603926
pr_Agency_EBCI,test,06_02 Artem,rec_05AY_calibration_20260602_133912,test/06_02 Artem/rec_05AY_calibration_20260602_133912,C:\Users\hodor\Documents\lab-Shishkin\projects\BCI_classifier\data\pr_Agency_EBCI\trans\test\06_02 Artem\EPOCHS_rec_05AY_calibration_20260602_133912.hdf,"MATRIX_[8, 15]_robust_concat_rec_05AY_calibration_20260602_133912.hdf","C:\Users\hodor\Documents\lab-Shishkin\projects\BCI_classifier\data\pr_Agency_EBCI\features\csp\test\06_02 Artem\MATRIX_[8, 15]_robust_concat_rec_05AY_calibration_20260602_133912.hdf","[8, 15]",0,1,0,first5,0.2008085512264894,0.299,1.381,0.05052222349079419,1.6584245792949899,1.5979999999999999,1.1010444469815883,0.08847307938127778,1.0062752488200553,0.6428571428571428,0.6428571428571428,0.14534863041209922,1.6531664802043764,1.7985151106164756,0.03461805150598002,0.45209927993654786,58.49959811004566,0.6699919622009132,0.5377560180743262,2.483749367761353,2.982701665679811,1.9255750874798598,2.1201437573157857,41.50040188995434,37.603712347862896,-2.085498341236899,47.67048481808341,0.833095208265722,-0.527361611756895,0.16685953496837755,0.0005997099808145099,,77.24721792727978,False,84.46724290592675,False,39.19261906878285,False,66.39434634709818,False,23.498895706232613,True,28.58830966825194,True,14.02117840617488,True,right_M1;right_S1;right_PMd,3,1;0.8;0.6,right_M1,1.0,right_PMd,14.02117840617488
pr_Agency_EBCI,test,06_02 Artem,rec_05AY_calibration_20260602_133912,test/06_02 Artem/rec_05AY_calibration_20260602_133912,C:\Users\hodor\Documents\lab-Shishkin\projects\BCI_classifier\data\pr_Agency_EBCI\trans\test\06_02 Artem\EPOCHS_rec_05AY_calibration_20260602_133912.hdf,"MATRIX_[8, 15]_robust_concat_rec_05AY_calibration_20260602_133912.hdf","C:\Users\hodor\Documents\lab-Shishkin\projects\BCI_classifier\data\pr_Agency_EBCI\features\csp\test\06_02 Artem\MATRIX_[8, 15]_robust_concat_rec_05AY_calibration_20260602_133912.hdf","[8, 15]",1,2,1,first5,0.2513307747172836,0.249,1.092,0.037874552750075396,1.535723054539075,1.498,1.075749105500151,0.774970591652762,0.45144402046798243,0.4285714285714286,0.4285714285714286,1.1071008452182316,0.6449200292399749,1.7520208744582066,0.2916591877593884,0.15929368755177312,53.5527847155576,0.571055694311152,0.43625319774009347,1.9132067949083618,2.6906188489391782,1.4987512423732214,1.6122803083502328,46.4472152844424,-36.99950092358501,-7.110560330853133,53.757165686335746,0.38583959003190765,0.7887184468740123,-0.47859275206030366,0.0004604537156587736,,17.066999741974243,True,23.495086095394015,True,37.25852997443726,False,9.317318581931678,True,74.96139415184851,False,82.26746152515135,False,65.04426591943927,False,left_M1;left_S1;left_PMd,3,1;0.8;0.6,left_M1,1.0,left_PMd,9.317318581931678
pr_Agency_EBCI,test,06_02 Artem,rec_05AY_calibration_20260602_133912,test/06_02 Artem/rec_05AY_calibration_20260602_133912,C:\Users\hodor\Documents\lab-Shishkin\projects\BCI_classifier\data\pr_Agency_EBCI\trans\test\06_02 Artem\EPOCHS_rec_05AY_calibration_20260602_133912.hdf,"MATRIX_[8, 15]_robust_concat_rec_05AY_calibration_20260602_133912.hdf","C:\Users\hodor\Documents\lab-Shishkin\projects\BCI_classifier\data\pr_Agency_EBCI\features\csp\test\06_02 Artem\MATRIX_[8, 15]_robust_concat_rec_05AY_calibration_20260602_133912.hdf","[8, 15]",2,3,2,first5,0.289205327467359,0.211,0.899,0.027556654075940046,1.4452578160400933,1.422,1.05511330815188,0.15013470119081596,0.4254807830191006,0.5892857142857143,0.5892857142857143,0.23860693582111822,0.6762105301553564,0.9148174659764746,0.10995436665401859,0.3831139024705718,61.64575550485159,0.7329151100970319,0.19302648532103614,0.8224209019128507,1.322147092952492,0.9534275992762562,1.0059741483556757,38.35424449514841,23.043074571594605,-57.16538547289812,24.033285996552753,-0.8911031958523508,-0.08707195061286312,-0.4453690264917375,0.0004869665164423835,,74.88590156104814,False,75.83334892887015,False,65.59434134507568,False,77.74639152139615,False,47.85076294377521,False,43.3527424938709,False,58.8530121793237,False,,0,,,0.0,right_S1,43.3527424938709
pr_Agency_EBCI,test,06_02 Artem,rec_05AY_calibration_20260602_133912,test/06_02 Artem/rec_05AY_calibration_20260602_133912,C:\Users\hodor\Documents\lab-Shishkin\projects\BCI_classifier\data\pr_Agency_EBCI\trans\test\06_02 Artem\EPOCHS_rec_05AY_calibration_20260602_133912.hdf,"MATRIX_[8, 15]_robust_concat_rec_05AY_calibration_20260602_133912.hdf","C:\Users\hodor\Documents\lab-Shishkin\projects\BCI_classifier\data\pr_Agency_EBCI\features\csp\test\06_02 Artem\MATRIX_[8, 15]_robust_concat_rec_05AY_calibration_20260602_133912.hdf","[8, 15]",3,4,3,first5,0.31676198154329904,0.183,0.769,0.014465212919990589,1.376588535857433,1.366,1.0289304258399812,0.08431749444102399,0.32518997185792575,0.6785714285714286,0.6785714285714286,0.14153293709743311,0.5458545956186611,0.6873875327160942,0.04897290399758943,0.17034796028939428,77.92640313065785,1.0,0.12579191848704524,0.5286010126586764,0.9462497972283015,0.9389713696901848,0.9661362112668722,22.073596869342154,20.96262256466264,-69.05322840071356,28.04009393070445,0.16149729811886956,-0.9811233047220026,-0.10637520214637178,0.0004695312765643474,,77.82216976013267,False,77.86863031791384,False,72.88852535359779,False,83.10590504869758,False,55.11508375085251,False,50.41629693585803,False,67.51872130543441,False,,0,,,0.0,right_S1,50.41629693585803
pr_Agency_EBCI,test,06_02 Artem,rec_05AY_calibration_20260602_133912,test/06_02 Artem/rec_05AY_calibration_20260602_133912,C:\Users\hodor\Documents\lab-Shishkin\projects\BCI_classifier\data\pr_Agency_EBCI\trans\test\06_02 Artem\EPOCHS_rec_05AY_calibration_20260602_133912.hdf,"MATRIX_[8, 15]_robust_concat_rec_05AY_calibration_20260602_133912.hdf","C:\Users\hodor\Documents\lab-Shishkin\projects\BCI_classifier\data\pr_Agency_EBCI\features\csp\test\06_02 Artem\MATRIX_[8, 15]_robust_concat_rec_05AY_calibration_20260602_133912.hdf","[8, 15]",4,5,4,first5,0.33122719446328963,0.169,0.703,0.03173480740630774,1.359452729806664,1.338,1.0634696148126155,0.3142918646591709,0.16756354997394798,0.5357142857142857,0.5357142857142857,0.48266250644086955,0.25732973745999155,0.739992243900861,0.21449265767493866,0.11954835192514245,53.06148347651825,0.5612296695303649,0.12505868921924554,0.5202145474623053,1.0059844760067844,0.5556788961443491,0.5909476216421302,46.93851652348175,40.12327895011623,-71.32434907051085,2.4075912161263537,0.6000527115701279,0.4976270675532,-0.6263417956481427,0.0002357318302773871,,104.43416056215796,False,104.45736824469043,False,94.69775081588845,False,107.34477443908051,False,71.61523387873456,False,64.5804220874046,False,83.83968843551398,False,,0,,,0.0,right_S1,64.5804220874046
pr_Agency_EBCI,test,06_02 Artem,rec_05AY_calibration_20260602_133912,test/06_02 Artem/rec_05AY_calibration_20260602_133912,C:\Users\hodor\Documents\lab-Shishkin\projects\BCI_classifier\data\pr_Agency_EBCI\trans\test\06_02 Artem\EPOCHS_rec_05AY_calibration_20260602_133912.hdf,"MATRIX_[8, 15]_robust_concat_rec_05AY_calibration_20260602_133912.hdf","C:\Users\hodor\Documents\lab-Shishkin\projects\BCI_classifier\data\pr_Agency_EBCI\features\csp\test\06_02 Artem\MATRIX_[8, 15]_robust_concat_rec_05AY_calibration_20260602_133912.hdf","[8, 15]",51,52,-5,last5,0.6936025805282999,0.194,0.817,0.01654949805385464,1.4008424104897912,1.388,1.0330989961077093,0.1187682301983691,0.2224859040731378,0.5357142857142857,0.5357142857142857,0.18239406780463824,0.3416747812551759,0.5240688490598142,0.11627972706200346,0.1971404413823236,28.707473263373828,0.0,0.10166935671760396,0.42816424968186817,0.7341378697795606,0.0,0.0,71.29252673662617,-59.11493477602664,-59.97241673060488,11.935120460499403,-0.3916826795734237,0.9067141406896292,-0.15637821330239793,0.0001795222799169692,,61.400558498852156,False,52.88157835745244,False,92.35567339532889,False,74.90650756621048,False,110.82679816596165,False,112.81742051628312,False,110.59772859639448,False,,0,,,0.0,left_S1,52.88157835745244
pr_Agency_EBCI,test,06_02 Artem,rec_05AY_calibration_20260602_133912,test/06_02 Artem/rec_05AY_calibration_20260602_133912,C:\Users\hodor\Documents\lab-Shishkin\projects\BCI_classifier\data\pr_Agency_EBCI\trans\test\06_02 Artem\EPOCHS_rec_05AY_calibration_20260602_133912.hdf,"MATRIX_[8, 15]_robust_concat_rec_05AY_calibration_20260602_133912.hdf","C:\Users\hodor\Documents\lab-Shishkin\projects\BCI_classifier\data\pr_Agency_EBCI\features\csp\test\06_02 Artem\MATRIX_[8, 15]_robust_concat_rec_05AY_calibration_20260602_133912.hdf","[8, 15]",52,53,-4,last5,0.6963232564237039,0.196,0.83,0.0027206758954039234,1.3941330099019966,1.392,1.0054413517908078,0.12260564088236703,0.03396776939809133,0.5535714285714286,0.5535714285714286,0.1904766206565345,0.05277135602917761,0.24324797668571213,0.17608665540460838,0.05217481722503657,18.423554241790416,0.0,0.04767660343039958,0.20189582064914105,0.3391200338894226,0.0,0.0,81.57644575820959,-60.53043514884367,39.15607383552907,29.176460673652006,-0.3448289215631786,0.8373490788880175,-0.42419280396886005,9.022667768863164e-05,,72.86929513109456,False,75.14554892029204,False,80.83193058962313,False,63.25683182508535,False,118.43275237169848,False,125.76154669666614,False,103.8308023142344,False,,0,,,0.0,left_PMd,63.25683182508535
pr_Agency_EBCI,test,06_02 Artem,rec_05AY_calibration_20260602_133912,test/06_02 Artem/rec_05AY_calibration_20260602_133912,C:\Users\hodor\Documents\lab-Shishkin\projects\BCI_classifier\data\pr_Agency_EBCI\trans\test\06_02 Artem\EPOCHS_rec_05AY_calibration_20260602_133912.hdf,"MATRIX_[8, 15]_robust_concat_rec_05AY_calibration_20260602_133912.hdf","C:\Users\hodor\Documents\lab-Shishkin\projects\BCI_classifier\data\pr_Agency_EBCI\features\csp\test\06_02 Artem\MATRIX_[8, 15]_robust_concat_rec_05AY_calibration_20260602_133912.hdf","[8, 15]",53,54,-3,last5,0.7153499324238632,0.215,0.922,0.019026676000159393,1.446362941360137,1.43,1.0380533520003188,0.20849881259885616,0.11234307200002061,0.5,0.5,0.31274821889828425,0.16851460800003093,0.4812628268983152,0.2543814184703634,0.11947584191511564,20.745579910835204,0.0,0.10347150778313777,0.4437243264002466,0.6960807178799416,0.0,0.0,79.2544200891648,-64.47384439809503,-8.428916002176488,54.695991004677865,0.6469036907374268,-0.568279813256983,0.5085013950373237,8.768516908229162e-05,,32.47951525398869,True,31.267454555307967,True,64.60412308712631,False,36.49966758168151,False,101.68162323871393,False,108.67041719459907,False,92.48403270921902,False,left_M1;left_S1,2,1;0.8,left_M1,1.0,left_S1,31.267454555307967
pr_Agency_EBCI,test,06_02 Artem,rec_05AY_calibration_20260602_133912,test/06_02 Artem/rec_05AY_calibration_20260602_133912,C:\Users\hodor\Documents\lab-Shishkin\projects\BCI_classifier\data\pr_Agency_EBCI\trans\test\06_02 Artem\EPOCHS_rec_05AY_calibration_20260602_133912.hdf,"MATRIX_[8, 15]_robust_concat_rec_05AY_calibration_20260602_133912.hdf","C:\Users\hodor\Documents\lab-Shishkin\projects\BCI_classifier\data\pr_Agency_EBCI\features\csp\test\06_02 Artem\MATRIX_[8, 15]_robust_concat_rec_05AY_calibration_20260602_133912.hdf","[8, 15]",54,55,-2,last5,0.7459071762011212,0.246,1.077,0.030557243777257992,1.522068327876822,1.492,1.061114487554516,0.5901530483181252,0.5684710063717455,0.5178571428571428,0.5178571428571428,0.8957680197685829,0.8628577775285423,1.758625797297125,0.200845747802339,0.18755582790556638,34.473938689481834,0.0,0.43262194613509275,1.8940399836890036,2.676748626653078,0.0,0.0,65.52606131051817,-19.26676476880795,-40.91567841240206,6.631416114052587,0.19667990788899736,-0.6433230652043296,0.73990029572158,0.0007182389076626609,,54.80327008818031,False,51.90626574023544,False,65.03110205203718,False,59.97473099444325,False,76.01192366376728,False,77.01348521042061,False,75.86070136745587,False,,0,,,0.0,left_S1,51.90626574023544
pr_Agency_EBCI,test,06_02 Artem,rec_05AY_calibration_20260602_133912,test/06_02 Artem/rec_05AY_calibration_20260602_133912,C:\Users\hodor\Documents\lab-Shishkin\projects\BCI_classifier\data\pr_Agency_EBCI\trans\test\06_02 Artem\EPOCHS_rec_05AY_calibration_20260602_133912.hdf,"MATRIX_[8, 15]_robust_concat_rec_05AY_calibration_20260602_133912.hdf","C:\Users\hodor\Documents\lab-Shishkin\projects\BCI_classifier\data\pr_Agency_EBCI\features\csp\test\06_02 Artem\MATRIX_[8, 15]_robust_concat_rec_05AY_calibration_20260602_133912.hdf","[8, 15]",55,56,-1,last5,0.7891955915043092,0.289,1.32,0.043288415303187944,1.6280414080904853,1.5779999999999998,1.0865768306063759,0.6328596896270602,0.42138227904966696,0.5892857142857143,0.5892857142857143,1.005794863871578,0.6696968363467922,1.67549170021837,0.16805505775228935,0.1283894660290819,55.20381410667111,0.6040762821334222,0.4842171013631089,2.2116490442882486,2.7277698668674364,1.597132929687018,1.7354076367963958,44.79618589332889,-49.67558758331205,-11.06336952150998,-19.537553208724574,-0.5911729988343082,-0.639548778956362,-0.4914181974496648,0.0009159040354779775,,77.84792899394776,False,74.39846865170728,False,92.22458387140848,False,78.64564371068523,False,114.95035737501502,False,117.81608910380405,False,108.39189584096678,False,,0,,,0.0,left_S1,74.39846865170728
pr_Agency_EBCI,test,06_02 Artem,rec_05AY_calibration_20260602_144111,test/06_02 Artem/rec_05AY_calibration_20260602_144111,C:\Users\hodor\Documents\lab-Shishkin\projects\BCI_classifier\data\pr_Agency_EBCI\trans\test\06_02 Artem\EPOCHS_rec_05AY_calibration_20260602_144111.hdf,"MATRIX_[8, 12]_robust_concat_rec_05AY_calibration_20260602_144111.hdf","C:\Users\hodor\Documents\lab-Shishkin\projects\BCI_classifier\data\pr_Agency_EBCI\features\csp\test\06_02 Artem\MATRIX_[8, 12]_robust_concat_rec_05AY_calibration_20260602_144111.hdf","[8, 12]",0,1,0,first5,0.22101904803668637,0.279,1.26,0.09500346493500778,1.6640238668674687,1.558,1.1900069298700156,0.16047578431131,1.226027913689673,0.625,0.625,0.2607731495058787,1.9922953597457187,2.253068509251597,0.049875120526361845,0.3963292034408913,60.26446471967329,0.7052892943934659,0.6286061140811957,2.8388663216570125,3.749159773082166,2.475763424413687,2.946175631771008,39.73553528032671,13.386058146521266,-57.372555296499314,25.030239881466326,0.9779203525666649,-0.19845287608949208,0.06548465474978382,0.0007424712236751836,,67.17020342435329,False,67.41097967928516,False,62.49264814894294,False,71.48133369777484,False,50.83545863833571,False,47.91014937051881,False,60.08612614241543,False,,0,,,0.0,right_S1,47.91014937051881
pr_Agency_EBCI,test,06_02 Artem,rec_05AY_calibration_20260602_144111,test/06_02 Artem/rec_05AY_calibration_20260602_144111,C:\Users\hodor\Documents\lab-Shishkin\projects\BCI_classifier\data\pr_Agency_EBCI\trans\test\06_02 Artem\EPOCHS_rec_05AY_calibration_20260602_144111.hdf,"MATRIX_[8, 12]_robust_concat_rec_05AY_calibration_20260602_144111.hdf","C:\Users\hodor\Documents\lab-Shishkin\projects\BCI_classifier\data\pr_Agency_EBCI\features\csp\test\06_02 Artem\MATRIX_[8, 12]_robust_concat_rec_05AY_calibration_20260602_144111.hdf","[8, 12]",1,2,1,first5,0.31602251297169415,0.184,0.772,0.018266455551698813,1.3814441112860503,1.3679999999999999,1.0365329111033976,0.10697498750107626,0.6268044624629713,0.5535714285714286,0.5535714285714286,0.16619328415345777,0.9737855041835447,1.1399787883370025,0.0443538724414078,0.2942866753439892,66.89084812293746,0.837816962458749,0.20975609705400847,0.8800636245961659,1.5748169841391588,1.3065679978938964,1.3543007304114985,33.109151877062544,33.12024417217036,-50.24081669363999,-2.6765962753839716,0.7709511855683093,-0.5009023816594778,0.3933587084566467,0.0006906633609559012,,94.38819611388953,False,95.09086141776908,False,82.07222289733829,False,94.67266655733229,False,64.34140505803039,False,58.97517193064165,False,72.48066256452643,False,,0,,,0.0,right_S1,58.97517193064165
pr_Agency_EBCI,test,06_02 Artem,rec_05AY_calibration_20260602_144111,test/06_02 Artem/rec_05AY_calibration_20260602_144111,C:\Users\hodor\Documents\lab-Shishkin\projects\BCI_classifier\data\pr_Agency_EBCI\trans\test\06_02 Artem\EPOCHS_rec_05AY_calibration_20260602_144111.hdf,"MATRIX_[8, 12]_robust_concat_rec_05AY_calibration_20260602_144111.hdf","C:\Users\hodor\Documents\lab-Shishkin\projects\BCI_classifier\data\pr_Agency_EBCI\features\csp\test\06_02 Artem\MATRIX_[8, 12]_robust_concat_rec_05AY_calibration_20260602_144111.hdf","[8, 12]",2,3,2,first5,0.33428896852339296,0.166,0.689,0.007033030637066284,1.336669932343012,1.332,1.0140660612741326,0.11210655732011707,0.2736094910241421,0.4642857142857143,0.4642857142857143,0.1641560303616,0.4006424689996367,0.5647984993612367,0.10130288869181216,0.2179863049462231,45.36554260504017,0.40731085210080337,0.0937565508939653,0.38914616605989205,0.754949171928619,0.3064246793093871,0.31073486762445934,54.63445739495983,47.449440253238805,-24.289982255519735,23.155622242187874,-0.3025673737198084,0.3946405568205223,0.867589658348165,0.0005003062694025922,,89.68080239708637,False,94.15840266537758,False,61.64497945966093,False,83.8852472530782,False,34.78400382530546,True,29.90482954225397,True,41.50177584570711,False,right_M1;right_S1,2,1;0.8,right_M1,1.0,right_S1,29.90482954225397
pr_Agency_EBCI,test,06_02 Artem,rec_05AY_calibration_20260602_144111,test/06_02 Artem/rec_05AY_calibration_20260602_144111,C:\Users\hodor\Documents\lab-Shishkin\projects\BCI_classifier\data\pr_Agency_EBCI\trans\test\06_02 Artem\EPOCHS_rec_05AY_calibration_20260602_144111.hdf,"MATRIX_[8, 12]_robust_concat_rec_05AY_calibration_20260602_144111.hdf","C:\Users\hodor\Documents\lab-Shishkin\projects\BCI_classifier\data\pr_Agency_EBCI\features\csp\test\06_02 Artem\MATRIX_[8, 12]_robust_concat_rec_05AY_calibration_20260602_144111.hdf","[8, 12]",3,4,3,first5,0.34132199916045924,0.159,0.657,0.011248709011033808,1.3251541789310175,1.318,1.0224974180220676,0.11194960133855753,0.2642811043012759,0.5357142857142857,0.5357142857142857,0.1719226020556419,0.4058602673198165,0.5777828693754584,0.07679586041211688,0.1866951026616879,27.044494858712977,0.0,0.0918674762306979,0.3796033451796762,0.765651383867643,0.0,0.0,72.95550514128702,45.93561149284531,-32.48645786549553,14.27765816267659,0.5271527284381745,-0.4358386475672563,-0.7294893242446617,0.0003816409424013057,,92.33752328387298,False,95.71744519694094,False,68.7259487327898,False,88.3561829981927,False,43.72059184446224,False,38.00850673508999,False,51.5948310086528,False,,0,,,0.0,right_S1,38.00850673508999
pr_Agency_EBCI,test,06_02 Artem,rec_05AY_calibration_20260602_144111,test/06_02 Artem/rec_05AY_calibration_20260602_144111,C:\Users\hodor\Documents\lab-Shishkin\projects\BCI_classifier\data\pr_Agency_EBCI\trans\test\06_02 Artem\EPOCHS_rec_05AY_calibration_20260602_144111.hdf,"MATRIX_[8, 12]_robust_concat_rec_05AY_calibration_20260602_144111.hdf","C:\Users\hodor\Documents\lab-Shishkin\projects\BCI_classifier\data\pr_Agency_EBCI\features\csp\test\06_02 Artem\MATRIX_[8, 12]_robust_concat_rec_05AY_calibration_20260602_144111.hdf","[8, 12]",4,5,4,first5,0.35257070817149305,0.147,0.608,0.012310063759343515,1.301238317490494,1.294,1.024620127518687,0.15690777248433452,0.14442677507124813,0.4642857142857143,0.4642857142857143,0.22975780970920415,0.21148206349718476,0.4412398732063889,0.14070818145684613,0.12683052705101094,54.887708164021,0.59775416328042,0.06486226136133917,0.2682738429094845,0.5741582302208004,0.34129634475149,0.3496991042809335,45.112291835979,18.044760410057943,-73.85646401099696,21.8182027384851,-0.30471061012411155,0.8538003181780842,-0.4221095364437928,0.0002497642748296706,,81.08574717845121,False,80.24776367092308,False,78.98883173845203,False,87.32461896440593,False,63.05912223016877,False,58.37965249378063,False,74.86371558607144,False,,0,,,0.0,right_S1,58.37965249378063
pr_Agency_EBCI,test,06_02 Artem,rec_05AY_calibration_20260602_144111,test/06_02 Artem/rec_05AY_calibration_20260602_144111,C:\Users\hodor\Documents\lab-Shishkin\projects\BCI_classifier\data\pr_Agency_EBCI\trans\test\06_02 Artem\EPOCHS_rec_05AY_calibration_20260602_144111.hdf,"MATRIX_[8, 12]_robust_concat_rec_05AY_calibration_20260602_144111.hdf","C:\Users\hodor\Documents\lab-Shishkin\projects\BCI_classifier\data\pr_Agency_EBCI\features\csp\test\06_02 Artem\MATRIX_[8, 12]_robust_concat_rec_05AY_calibration_20260602_144111.hdf","[8, 12]",51,52,-5,last5,0.7511950559930672,0.251,1.105,0.01686775763310089,1.5189352286636333,1.502,1.0337355152662018,0.1540456635878787,0.2421096057386701,0.5,0.5,0.23106849538181803,0.36316440860800514,0.5942329039898232,0.13845846196316813,0.2460453610647962,18.75181055260962,0.0,0.14915245890144563,0.6566273589087547,0.902601291901237,0.0,0.0,81.24818944739039,-42.46345042271345,-12.692304053576525,2.4002498587763923,0.9403508153282308,-0.1770891300542704,0.29048198589267654,0.0003212350318398199,,55.15952677629891,False,52.53481073859473,False,70.27989592418486,False,55.71483043735394,False,95.69383603480411,False,99.46741180082967,False,88.65691613183377,False,,0,,,0.0,left_S1,52.53481073859473
pr_Agency_EBCI,test,06_02 Artem,rec_05AY_calibration_20260602_144111,test/06_02 Artem/rec_05AY_calibration_20260602_144111,C:\Users\hodor\Documents\lab-Shishkin\projects\BCI_classifier\data\pr_Agency_EBCI\trans\test\06_02 Artem\EPOCHS_rec_05AY_calibration_20260602_144111.hdf,"MATRIX_[8, 12]_robust_concat_rec_05AY_calibration_20260602_144111.hdf","C:\Users\hodor\Documents\lab-Shishkin\projects\BCI_classifier\data\pr_Agency_EBCI\features\csp\test\06_02 Artem\MATRIX_[8, 12]_robust_concat_rec_05AY_calibration_20260602_144111.hdf","[8, 12]",52,53,-4,last5,0.7557376774531394,0.256,1.129,0.004542621460072116,1.516651644375114,1.512,1.0090852429201442,0.20588554089097966,0.14515081374589361,0.5892857142857143,0.5892857142857143,0.32721094891602126,0.23068611470329523,0.5578970636193165,0.18658783685263416,0.10027557744169892,26.558890548228998,0.0,0.142821648286545,0.6298657848262083,0.8461354989302838,0.0,0.0,73.441109451771,50.30232546935082,-35.14056205946275,0.40873336135873023,0.12047220524460105,0.7989807903374077,0.5891656341261887,0.00042004356710673586,,103.25982970597526,False,105.86691390003081,False,81.83061956143908,False,99.79104774126888,False,58.472707850077306,False,52.507264067608766,False,65.76011524269794,False,,0,,,0.0,right_S1,52.507264067608766
pr_Agency_EBCI,test,06_02 Artem,rec_05AY_calibration_20260602_144111,test/06_02 Artem/rec_05AY_calibration_20260602_144111,C:\Users\hodor\Documents\lab-Shishkin\projects\BCI_classifier\data\pr_Agency_EBCI\trans\test\06_02 Artem\EPOCHS_rec_05AY_calibration_20260602_144111.hdf,"MATRIX_[8, 12]_robust_concat_rec_05AY_calibration_20260602_144111.hdf","C:\Users\hodor\Documents\lab-Shishkin\projects\BCI_classifier\data\pr_Agency_EBCI\features\csp\test\06_02 Artem\MATRIX_[8, 12]_robust_concat_rec_05AY_calibration_20260602_144111.hdf","[8, 12]",53,54,-3,last5,0.7652453059812778,0.265,1.182,0.009507628528138468,1.5400780862398267,1.53,1.019015257056277,0.13633210202995946,0.04117714682597377,0.5,0.5,0.20449815304493918,0.06176572023896066,0.26626387328389983,0.34523226793561457,0.0841316315748506,39.046818454921265,0.28093636909842534,0.07055992642023345,0.3147238982215696,0.4100671564018722,0.11444890484716692,0.11662518019264519,60.953181545078735,-36.14763916695678,5.030353286588363,41.2709387549245,0.7843772585576239,-0.23538420056862264,-0.5738872662642871,0.00029090727930410716,,32.553470697130535,True,37.101058393311526,False,41.33015849368286,False,21.286600854279605,True,79.15168030099369,False,86.30928057835177,False,67.09437355418542,False,left_M1;left_PMd,2,1;0.6,left_M1,1.0,left_PMd,21.286600854279605
pr_Agency_EBCI,test,06_02 Artem,rec_05AY_calibration_20260602_144111,test/06_02 Artem/rec_05AY_calibration_20260602_144111,C:\Users\hodor\Documents\lab-Shishkin\projects\BCI_classifier\data\pr_Agency_EBCI\trans\test\06_02 Artem\EPOCHS_rec_05AY_calibration_20260602_144111.hdf,"MATRIX_[8, 12]_robust_concat_rec_05AY_calibration_20260602_144111.hdf","C:\Users\hodor\Documents\lab-Shishkin\projects\BCI_classifier\data\pr_Agency_EBCI\features\csp\test\06_02 Artem\MATRIX_[8, 12]_robust_concat_rec_05AY_calibration_20260602_144111.hdf","[8, 12]",54,55,-2,last5,0.781939614712838,0.282,1.277,0.016694308731560192,1.5828311802491999,1.564,1.0333886174631204,0.608470165056654,0.18757528040716237,0.5714285714285714,0.5714285714285714,0.9561674022318848,0.29476115492554084,1.2509285571574256,0.27476733216364035,0.08077808885199886,24.139066402911705,0.0,0.352761853118394,1.5974357674900324,1.9800087245329165,0.0,0.0,75.86093359708829,-40.82242013101995,-50.686395093847366,-28.152293199035615,0.9387027035287471,0.2484466589328843,-0.23898010806949616,0.00035939077622688617,,88.41395743705539,False,82.7870988825599,False,105.28799321522624,False,95.22684093668589,False,117.02758806601251,False,117.09769563660124,False,116.79153346649368,False,,0,,,0.0,left_S1,82.7870988825599
pr_Agency_EBCI,test,06_02 Artem,rec_05AY_calibration_20260602_144111,test/06_02 Artem/rec_05AY_calibration_20260602_144111,C:\Users\hodor\Documents\lab-Shishkin\projects\BCI_classifier\data\pr_Agency_EBCI\trans\test\06_02 Artem\EPOCHS_rec_05AY_calibration_20260602_144111.hdf,"MATRIX_[8, 12]_robust_concat_rec_05AY_calibration_20260602_144111.hdf","C:\Users\hodor\Documents\lab-Shishkin\projects\BCI_classifier\data\pr_Agency_EBCI\features\csp\test\06_02 Artem\MATRIX_[8, 12]_robust_concat_rec_05AY_calibration_20260602_144111.hdf","[8, 12]",55,56,-1,last5,0.7903035240430959,0.29,1.327,0.00836390933025788,1.589702134823099,1.58,1.0167278186605158,0.3858350999426425,0.11742256848612893,0.5357142857142857,0.5357142857142857,0.5925324749119152,0.1803275158894123,0.7728599908013275,0.30953536570276763,0.0806046051481735,29.016366550910945,0.0,0.22412939733238496,1.0255852077933616,1.228617177296231,0.0,0.0,70.98363344908906,-40.32347135939877,-26.00740600348347,41.340623316743766,-0.2704648284275615,0.0702947154967038,-0.9601601062098379,0.0003093674723719341,,15.414908634174887,True,11.505384234319282,True,47.99805692874557,False,26.287486415817906,True,77.74444857321572,False,83.10666071235397,False,72.1613520820839,False,left_M1;left_S1;left_PMd,3,1;0.8;0.6,left_M1,1.0,left_S1,11.505384234319282
pr_Agency_EBCI,test,06_02 Artem,rec_05AY_calibration_20260602_144111,test/06_02 Artem/rec_05AY_calibration_20260602_144111,C:\Users\hodor\Documents\lab-Shishkin\projects\BCI_classifier\data\pr_Agency_EBCI\trans\test\06_02 Artem\EPOCHS_rec_05AY_calibration_20260602_144111.hdf,"MATRIX_[9, 13]_robust_concat_rec_05AY_calibration_20260602_144111.hdf","C:\Users\hodor\Documents\lab-Shishkin\projects\BCI_classifier\data\pr_Agency_EBCI\features\csp\test\06_02 Artem\MATRIX_[9, 13]_robust_concat_rec_05AY_calibration_20260602_144111.hdf","[9, 13]",0,1,0,first5,0.24928499109310653,0.251,1.102,0.048847096799755574,1.5510424851869546,1.502,1.0976941935995113,0.2287931085957796,1.1604691607369872,0.6071428571428572,0.6071428571428572,0.3677032102432172,1.8650397226130153,2.2327429328562327,0.07333843253132047,0.3757140400972696,65.81532016041041,0.8163064032082081,0.5604184761469144,2.4604827120075687,3.463079147360941,2.7375487339182425,3.004991349917748,34.18467983958959,18.847264556254185,-57.7755391227885,21.29562913659281,-0.9181561711754798,0.35384969781580017,-0.17826843996638905,0.0007271444799966579,,73.16695175667536,False,73.5977483871483,False,66.20526167297712,False,76.65940156557984,False,51.37505944778125,False,47.43720188003595,False,61.36587177000222,False,,0,,,0.0,right_S1,47.43720188003595
pr_Agency_EBCI,test,06_02 Artem,rec_05AY_calibration_20260602_144111,test/06_02 Artem/rec_05AY_calibration_20260602_144111,C:\Users\hodor\Documents\lab-Shishkin\projects\BCI_classifier\data\pr_Agency_EBCI\trans\test\06_02 Artem\EPOCHS_rec_05AY_calibration_20260602_144111.hdf,"MATRIX_[9, 13]_robust_concat_rec_05AY_calibration_20260602_144111.hdf","C:\Users\hodor\Documents\lab-Shishkin\projects\BCI_classifier\data\pr_Agency_EBCI\features\csp\test\06_02 Artem\MATRIX_[9, 13]_robust_concat_rec_05AY_calibration_20260602_144111.hdf","[9, 13]",1,2,1,first5,0.2981320878928621,0.202,0.856,0.006426097991189372,1.4091922871768812,1.404,1.0128521959823789,0.13265990319930393,0.34896018696411313,0.5,0.5,0.1989898547989559,0.5234402804461697,0.7224301352451257,0.09530561188355628,0.23569722551590308,69.43050228224052,0.8886100456448105,0.1459308873195154,0.6184001957698275,1.0180429746115822,0.9013099803393222,0.912893792847517,30.569497717759475,45.61875914215283,-31.840873660237147,22.329440414964058,0.4296726470456601,-0.43299763920516743,-0.7923979182352306,0.0006230691406130041,,88.63863563046317,False,92.52447176575889,False,63.41301726226004,False,84.39084984335184,False,35.88462637342077,False,29.94705894826799,True,44.861057871633385,False,right_S1,1,0.8,right_S1,0.8,right_S1,29.94705894826799
pr_Agency_EBCI,test,06_02 Artem,rec_05AY_calibration_20260602_144111,test/06_02 Artem/rec_05AY_calibration_20260602_144111,C:\Users\hodor\Documents\lab-Shishkin\projects\BCI_classifier\data\pr_Agency_EBCI\trans\test\06_02 Artem\EPOCHS_rec_05AY_calibration_20260602_144111.hdf,"MATRIX_[9, 13]_robust_concat_rec_05AY_calibration_20260602_144111.hdf","C:\Users\hodor\Documents\lab-Shishkin\projects\BCI_classifier\data\pr_Agency_EBCI\features\csp\test\06_02 Artem\MATRIX_[9, 13]_robust_concat_rec_05AY_calibration_20260602_144111.hdf","[9, 13]",2,3,2,first5,0.3045581858840515,0.195,0.826,0.028131096216561735,1.4119422550489182,1.3900000000000001,1.0562621924331235,0.29751324254974765,0.1961989064571485,0.4642857142857143,0.4642857142857143,0.4356443908764162,0.28729125588368176,0.722935646760098,0.23468250884014202,0.1530972834077827,32.67242909349442,0.0,0.14097245111821913,0.597144844223841,1.020743387341701,0.0,0.0,67.32757090650557,54.849582595875994,-54.68550445124933,-35.39964226355419,-0.19352723705389907,0.08689436133025648,-0.9772392636848413,0.0004628502353938697,,132.47317255647735,False,132.77015194238993,False,118.7528872473185,False,131.8995233808075,False,98.23849323647059,False,91.72340688558259,False,106.08643182493259,False,,0,,,0.0,right_S1,91.72340688558259
pr_Agency_EBCI,test,06_02 Artem,rec_05AY_calibration_20260602_144111,test/06_02 Artem/rec_05AY_calibration_20260602_144111,C:\Users\hodor\Documents\lab-Shishkin\projects\BCI_classifier\data\pr_Agency_EBCI\trans\test\06_02 Artem\EPOCHS_rec_05AY_calibration_20260602_144111.hdf,"MATRIX_[9, 13]_robust_concat_rec_05AY_calibration_20260602_144111.hdf","C:\Users\hodor\Documents\lab-Shishkin\projects\BCI_classifier\data\pr_Agency_EBCI\features\csp\test\06_02 Artem\MATRIX_[9, 13]_robust_concat_rec_05AY_calibration_20260602_144111.hdf","[9, 13]",3,4,3,first5,0.3326892821006132,0.167,0.696,0.011119522562816897,1.3414278410719618,1.334,1.0222390451256338,0.07342885815652385,0.4759175570636557,0.5714285714285714,0.5714285714285714,0.11538820567453748,0.747870446814316,0.8632586524888535,0.035526785165325744,0.27089960477122754,28.66513274449493,0.0,0.14416419496563854,0.600828022132242,1.1579991904948137,0.0,0.0,71.33486725550507,19.1574409012044,-62.735273119166116,10.079290184741168,-0.7872807910850589,0.4751623153963965,-0.39295003501160203,0.0003244985819188437,,81.55658318200597,False,81.05045709424374,False,76.69610933409697,False,85.60657653309997,False,62.39234544838032,False,57.88546038327334,False,71.99203125890122,False,,0,,,0.0,right_S1,57.88546038327334
pr_Agency_EBCI,test,06_02 Artem,rec_05AY_calibration_20260602_144111,test/06_02 Artem/rec_05AY_calibration_20260602_144111,C:\Users\hodor\Documents\lab-Shishkin\projects\BCI_classifier\data\pr_Agency_EBCI\trans\test\06_02 Artem\EPOCHS_rec_05AY_calibration_20260602_144111.hdf,"MATRIX_[9, 13]_robust_concat_rec_05AY_calibration_20260602_144111.hdf","C:\Users\hodor\Documents\lab-Shishkin\projects\BCI_classifier\data\pr_Agency_EBCI\features\csp\test\06_02 Artem\MATRIX_[9, 13]_robust_concat_rec_05AY_calibration_20260602_144111.hdf","[9, 13]",4,5,4,first5,0.3438088046634301,0.156,0.646,0.014322700060860227,1.3209373648379767,1.312,1.0286454001217205,0.5014788830367627,0.21040709020401893,0.4821428571428571,0.4821428571428571,0.7432633445009161,0.3118533658380995,1.0551167103390156,0.29329067740308423,0.09155770046010485,40.095067101700124,0.3019013420340025,0.16459820681288642,0.6816053948790041,1.393743086951734,0.4179259899202521,0.4298976471227839,59.904932898299876,-21.42389456284075,-47.85666682088225,-20.955264271919297,-0.25947050336296046,-0.23568429873770536,0.9365511033644068,0.0010072833452152159,,81.87622426980074,False,77.8762303267093,False,91.89612381293718,False,86.91324267309551,False,98.93814692891603,False,98.30524673920473,False,99.76666749466254,False,,0,,,0.0,left_S1,77.8762303267093
pr_Agency_EBCI,test,06_02 Artem,rec_05AY_calibration_20260602_144111,test/06_02 Artem/rec_05AY_calibration_20260602_144111,C:\Users\hodor\Documents\lab-Shishkin\projects\BCI_classifier\data\pr_Agency_EBCI\trans\test\06_02 Artem\EPOCHS_rec_05AY_calibration_20260602_144111.hdf,"MATRIX_[9, 13]_robust_concat_rec_05AY_calibration_20260602_144111.hdf","C:\Users\hodor\Documents\lab-Shishkin\projects\BCI_classifier\data\pr_Agency_EBCI\features\csp\test\06_02 Artem\MATRIX_[9, 13]_robust_concat_rec_05AY_calibration_20260602_144111.hdf","[9, 13]",51,52,-5,last5,0.7365198907448443,0.237,1.028,0.004047249460956137,1.4778367924889864,1.474,1.0080944989219123,0.04721590590018106,0.07215976370032845,0.5357142857142857,0.5357142857142857,0.07251014120384948,0.11081677996836153,0.183326921172211,0.05757069991871976,0.12550621530322323,47.575898778946026,0.45151797557892054,0.043448480317814,0.18846007496503292,0.27092726916202153,0.12201094006695297,0.12299855748978641,52.424101221053974,-2.880020595220274,-85.0111205322854,2.5341752248902694,0.2719879377550442,-0.1888325083554205,0.9435914611228517,0.0001794758562138196,,87.62353726745359,False,83.68670140189468,False,96.57903190848106,False,97.05833539587151,False,89.9589197854918,False,86.52922888554416,False,98.70604224910528,False,,0,,,0.0,left_S1,83.68670140189468
pr_Agency_EBCI,test,06_02 Artem,rec_05AY_calibration_20260602_144111,test/06_02 Artem/rec_05AY_calibration_20260602_144111,C:\Users\hodor\Documents\lab-Shishkin\projects\BCI_classifier\data\pr_Agency_EBCI\trans\test\06_02 Artem\EPOCHS_rec_05AY_calibration_20260602_144111.hdf,"MATRIX_[9, 13]_robust_concat_rec_05AY_calibration_20260602_144111.hdf","C:\Users\hodor\Documents\lab-Shishkin\projects\BCI_classifier\data\pr_Agency_EBCI\features\csp\test\06_02 Artem\MATRIX_[9, 13]_robust_concat_rec_05AY_calibration_20260602_144111.hdf","[9, 13]",52,53,-4,last5,0.7428442913743601,0.243,1.061,0.006324400629515892,1.4921473174118893,1.486,1.0126488012590318,0.07990661435084387,0.0796523303542824,0.5357142857142857,0.5357142857142857,0.12271372918165308,0.1223232216155051,0.24503695079715818,0.12644920332139686,0.09256628786377519,22.774603658845823,0.0,0.059543979043709436,0.2599842047957848,0.3656312287987687,0.0,0.0,77.22539634115418,-21.07839728248995,-82.11562177722021,-7.994269387057925,-0.010849950220800816,0.418493134738228,-0.9081551490561386,0.0001983481969733826,,87.72312258803522,False,82.17702752462192,False,102.9229338022527,False,98.16466008694952,False,103.58878049901932,False,101.4605075694025,False,109.53118727387745,False,,0,,,0.0,left_S1,82.17702752462192
pr_Agency_EBCI,test,06_02 Artem,rec_05AY_calibration_20260602_144111,test/06_02 Artem/rec_05AY_calibration_20260602_144111,C:\Users\hodor\Documents\lab-Shishkin\projects\BCI_classifier\data\pr_Agency_EBCI\trans\test\06_02 Artem\EPOCHS_rec_05AY_calibration_20260602_144111.hdf,"MATRIX_[9, 13]_robust_concat_rec_05AY_calibration_20260602_144111.hdf","C:\Users\hodor\Documents\lab-Shishkin\projects\BCI_classifier\data\pr_Agency_EBCI\features\csp\test\06_02 Artem\MATRIX_[9, 13]_robust_concat_rec_05AY_calibration_20260602_144111.hdf","[9, 13]",53,54,-3,last5,0.7613877781809409,0.261,1.16,0.0185434868065808,1.5413594002260704,1.522,1.0370869736131616,0.2898880297800352,0.10063791661351934,0.5357142857142857,0.5357142857142857,0.4451851885907683,0.1545510862279047,0.599736274818673,0.1939728656144104,0.07751621125906304,31.854937731247706,0.0,0.15653116772767364,0.6956940787896606,0.9244091448483275,0.0,0.0,68.1450622687523,-33.61257246711241,-45.397355776523725,-29.557609821271082,-0.9984436551844562,-0.055768932641637466,0.0003058985378521253,0.0004979800145632895,,88.22500350116619,False,83.42104785536432,False,101.72655360156864,False,93.54233152484143,False,112.35595969081913,False,112.27637062072264,False,111.86945920768515,False,,0,,,0.0,left_S1,83.42104785536432
pr_Agency_EBCI,test,06_02 Artem,rec_05AY_calibration_20260602_144111,test/06_02 Artem/rec_05AY_calibration_20260602_144111,C:\Users\hodor\Documents\lab-Shishkin\projects\BCI_classifier\data\pr_Agency_EBCI\trans\test\06_02 Artem\EPOCHS_rec_05AY_calibration_20260602_144111.hdf,"MATRIX_[9, 13]_robust_concat_rec_05AY_calibration_20260602_144111.hdf","C:\Users\hodor\Documents\lab-Shishkin\projects\BCI_classifier\data\pr_Agency_EBCI\features\csp\test\06_02 Artem\MATRIX_[9, 13]_robust_concat_rec_05AY_calibration_20260602_144111.hdf","[9, 13]",54,55,-2,last5,0.7810821297263969,0.281,1.272,0.019694351545455957,1.5841364511370926,1.562,1.039388703090912,0.7178289124260357,0.1988253990541396,0.5535714285714286,0.5535714285714286,1.1151984889475912,0.308889459244824,1.4240879481924154,0.2995796855206562,0.0797558553689106,23.610873902902156,0.0,0.4001687134420688,1.8114398701007524,2.2559496283566367,0.0,0.0,76.38912609709784,-30.653767217535663,2.7247134670742934,-2.219824527883684,0.5720105908569992,0.7706309792606097,0.2809479983044194,0.0005900787763764939,,64.28328307514393,False,64.33842741076657,False,68.13370190939659,False,59.25883839102213,False,92.44719012627814,False,96.3808390409446,False,83.33565776915228,False,,0,,,0.0,left_PMd,59.25883839102213
pr_Agency_EBCI,test,06_02 Artem,rec_05AY_calibration_20260602_144111,test/06_02 Artem/rec_05AY_calibration_20260602_144111,C:\Users\hodor\Documents\lab-Shishkin\projects\BCI_classifier\data\pr_Agency_EBCI\trans\test\06_02 Artem\EPOCHS_rec_05AY_calibration_20260602_144111.hdf,"MATRIX_[9, 13]_robust_concat_rec_05AY_calibration_20260602_144111.hdf","C:\Users\hodor\Documents\lab-Shishkin\projects\BCI_classifier\data\pr_Agency_EBCI\features\csp\test\06_02 Artem\MATRIX_[9, 13]_robust_concat_rec_05AY_calibration_20260602_144111.hdf","[9, 13]",55,56,-1,last5,0.7907803046401003,0.291,1.33,0.009698174913703395,1.5932886755995508,1.5819999999999999,1.0193963498274068,0.2857736845722605,0.10122683204750374,0.5535714285714286,0.5535714285714286,0.44396983138904755,0.15726311407380045,0.601232945462848,0.2509763673178682,0.08072632622958906,26.906832651911483,0.0,0.17495878712968876,0.7996398174655879,0.957937643403318,0.0,0.0,73.09316734808851,-48.97072748773589,-11.327013822723057,12.21733878306447,0.5696070725140758,0.17731139678494373,0.8025636744284634,0.0004625507387491192,,47.38951121764721,False,44.496422193099065,False,67.24999104126533,False,48.65965326200365,False,96.42380687196227,False,101.02976692998034,False,88.61423889085118,False,,0,,,0.0,left_S1,44.496422193099065
pr_Agency_EBCI,test,06_02 Artem,rec_05AY_calibration_20260602_144111,test/06_02 Artem/rec_05AY_calibration_20260602_144111,C:\Users\hodor\Documents\lab-Shishkin\projects\BCI_classifier\data\pr_Agency_EBCI\trans\test\06_02 Artem\EPOCHS_rec_05AY_calibration_20260602_144111.hdf,"MATRIX_[10, 14]_robust_concat_rec_05AY_calibration_20260602_144111.hdf","C:\Users\hodor\Documents\lab-Shishkin\projects\BCI_classifier\data\pr_Agency_EBCI\features\csp\test\06_02 Artem\MATRIX_[10, 14]_robust_concat_rec_05AY_calibration_20260602_144111.hdf","[10, 14]",0,1,0,first5,0.27841747575547116,0.222,0.952,0.01580091406968054,1.4580312116938763,1.444,1.031601828139361,0.3517614819925239,0.967874130728886,0.5357142857142857,0.5357142857142857,0.5402051330599473,1.4863781293336462,2.0265832623935935,0.12153043220749336,0.32948302864966195,62.04361215132159,0.7408722430264318,0.44990148425137777,1.929307265798701,2.95482164966626,2.168078330845844,2.236593569649907,37.95638784867841,30.752895782360817,-47.21561898051678,4.86205493246025,0.563913751320887,-0.5399407414661291,0.6248722083564059,0.0007470337757336145,,87.2353339290334,False,88.38182645087042,False,73.94666356874225,False,87.20583100096422,False,56.40555374296055,False,51.42820972341115,False,64.50219091584657,False,,0,,,0.0,right_S1,51.42820972341115
pr_Agency_EBCI,test,06_02 Artem,rec_05AY_calibration_20260602_144111,test/06_02 Artem/rec_05AY_calibration_20260602_144111,C:\Users\hodor\Documents\lab-Shishkin\projects\BCI_classifier\data\pr_Agency_EBCI\trans\test\06_02 Artem\EPOCHS_rec_05AY_calibration_20260602_144111.hdf,"MATRIX_[10, 14]_robust_concat_rec_05AY_calibration_20260602_144111.hdf","C:\Users\hodor\Documents\lab-Shishkin\projects\BCI_classifier\data\pr_Agency_EBCI\features\csp\test\06_02 Artem\MATRIX_[10, 14]_robust_concat_rec_05AY_calibration_20260602_144111.hdf","[10, 14]",1,2,1,first5,0.2942183898251517,0.206,0.875,0.0035882975320614685,1.4149567571664186,1.412,1.007176595064123,0.16404337119633428,0.24337462450355246,0.4642857142857143,0.4642857142857143,0.24020636496606093,0.35636998588020186,0.5965763508462628,0.1545421284159756,0.21234140500153803,52.2698636590991,0.5453972731819821,0.12289472827433014,0.52200430699048,0.8441297387956036,0.45942401437492975,0.4627211144888324,47.7301363409009,39.789885571379095,-39.076883751942155,14.797648756542808,-0.79542970239979,0.39408100547866776,0.46042561794616055,0.0005448094252239081,,87.5731290213016,False,90.31052064110317,False,67.40740601362721,False,85.19903190472071,False,44.037590809477116,False,38.357389933041986,False,52.93777340904279,False,,0,,,0.0,right_S1,38.357389933041986
pr_Agency_EBCI,test,06_02 Artem,rec_05AY_calibration_20260602_144111,test/06_02 Artem/rec_05AY_calibration_20260602_144111,C:\Users\hodor\Documents\lab-Shishkin\projects\BCI_classifier\data\pr_Agency_EBCI\trans\test\06_02 Artem\EPOCHS_rec_05AY_calibration_20260602_144111.hdf,"MATRIX_[10, 14]_robust_concat_rec_05AY_calibration_20260602_144111.hdf","C:\Users\hodor\Documents\lab-Shishkin\projects\BCI_classifier\data\pr_Agency_EBCI\features\csp\test\06_02 Artem\MATRIX_[10, 14]_robust_concat_rec_05AY_calibration_20260602_144111.hdf","[10, 14]",2,3,2,first5,0.29780668735721316,0.202,0.858,0.0285416475489233,1.42706165121953,1.404,1.0570832950978466,0.408614772978297,0.38344830116796474,0.5357142857142857,0.5357142857142857,0.6275155442166703,0.5888670339365173,1.2163825781531876,0.23574601998360348,0.17112074107714906,25.82632958794357,0.0,0.24570928078694393,1.0436562520554349,1.735852930493957,0.0,0.0,74.17367041205642,-8.841817251810673,-43.39164907484441,19.341379700879376,-0.9211475282279449,-0.02667419954844208,0.3882984912641274,0.0006556913496656026,,49.57274842351452,False,48.429193963437335,False,54.50506468469064,False,54.437663732796736,False,61.07928511796612,False,61.89355480381159,False,62.87879423850181,False,,0,,,0.0,left_S1,48.429193963437335
pr_Agency_EBCI,test,06_02 Artem,rec_05AY_calibration_20260602_144111,test/06_02 Artem/rec_05AY_calibration_20260602_144111,C:\Users\hodor\Documents\lab-Shishkin\projects\BCI_classifier\data\pr_Agency_EBCI\trans\test\06_02 Artem\EPOCHS_rec_05AY_calibration_20260602_144111.hdf,"MATRIX_[10, 14]_robust_concat_rec_05AY_calibration_20260602_144111.hdf","C:\Users\hodor\Documents\lab-Shishkin\projects\BCI_classifier\data\pr_Agency_EBCI\features\csp\test\06_02 Artem\MATRIX_[10, 14]_robust_concat_rec_05AY_calibration_20260602_144111.hdf","[10, 14]",3,4,3,first5,0.32634833490613646,0.174,0.725,0.010364888463755495,1.3552139623707737,1.3479999999999999,1.020729776927511,0.20932924613405077,0.1688669809755336,0.4464285714285714,0.4464285714285714,0.30277980244389485,0.24425402605389682,0.5470338284977917,0.21283335051605362,0.14375462290981472,21.055237030189595,0.0,0.09518388615861575,0.39659952566089895,0.7413478822693466,0.0,0.0,78.9447629698104,20.901760563652005,-79.30299692716511,22.800199713548587,-0.12593558001482671,0.9284584456786403,0.3494354651925482,0.00011687668424897269,,86.01429278573112,False,85.08845588430728,False,83.95974567237731,False,92.61601533255643,False,66.24654739881609,False,61.061850201923704,False,78.97296444322767,False,,0,,,0.0,right_S1,61.061850201923704
pr_Agency_EBCI,test,06_02 Artem,rec_05AY_calibration_20260602_144111,test/06_02 Artem/rec_05AY_calibration_20260602_144111,C:\Users\hodor\Documents\lab-Shishkin\projects\BCI_classifier\data\pr_Agency_EBCI\trans\test\06_02 Artem\EPOCHS_rec_05AY_calibration_20260602_144111.hdf,"MATRIX_[10, 14]_robust_concat_rec_05AY_calibration_20260602_144111.hdf","C:\Users\hodor\Documents\lab-Shishkin\projects\BCI_classifier\data\pr_Agency_EBCI\features\csp\test\06_02 Artem\MATRIX_[10, 14]_robust_concat_rec_05AY_calibration_20260602_144111.hdf","[10, 14]",4,5,4,first5,0.33671322336989196,0.163,0.678,0.007763450296224272,1.3310617695931382,1.326,1.0155269005924485,0.364868155333132,0.14151101949870543,0.5535714285714286,0.5535714285714286,0.5668487413211157,0.21984747672120308,0.7866962180423188,0.2851844094953576,0.11718425683451644,54.077854518108445,0.581557090362169,0.12823148354089797,0.5333800358326922,1.0471412601196382,0.6066566204853514,0.6160761175253782,45.922145481891555,-2.8873693692137237,-78.74185074690736,9.082508680553643,-0.9389977398066758,0.3214683312150054,0.12223484226600018,0.0003677785139130919,,79.33705012286435,False,75.81211611773456,False,87.70766619257253,False,88.52290469706892,False,81.91549738214783,False,78.94653256652107,False,90.33100257031516,False,,0,,,0.0,left_S1,75.81211611773456
pr_Agency_EBCI,test,06_02 Artem,rec_05AY_calibration_20260602_144111,test/06_02 Artem/rec_05AY_calibration_20260602_144111,C:\Users\hodor\Documents\lab-Shishkin\projects\BCI_classifier\data\pr_Agency_EBCI\trans\test\06_02 Artem\EPOCHS_rec_05AY_calibration_20260602_144111.hdf,"MATRIX_[10, 14]_robust_concat_rec_05AY_calibration_20260602_144111.hdf","C:\Users\hodor\Documents\lab-Shishkin\projects\BCI_classifier\data\pr_Agency_EBCI\features\csp\test\06_02 Artem\MATRIX_[10, 14]_robust_concat_rec_05AY_calibration_20260602_144111.hdf","[10, 14]",51,52,-5,last5,0.7413263983087596,0.241,1.053,0.01447120224180587,1.4959502389611008,1.482,1.0289424044836117,0.07526554419608736,0.16992426496322593,0.5535714285714286,0.5535714285714286,0.11693039901892144,0.26398948306786885,0.3809198820867903,0.08580399041347338,0.22248559507237992,14.700798011195396,0.0,0.09180169158291646,0.40110863583739015,0.5698371886327682,0.0,0.0,85.29920198880461,64.22378618067424,-46.282030182415944,31.132269115042135,0.035401135548023654,0.2950617564390436,0.9548221402381791,8.691730246976514e-05,,105.63948231985185,False,109.47172899751665,False,80.43140947356667,False,102.90356948013424,False,43.72041873986571,False,34.56100940876084,True,58.275900332103824,False,right_S1,1,0.8,right_S1,0.8,right_S1,34.56100940876084
pr_Agency_EBCI,test,06_02 Artem,rec_05AY_calibration_20260602_144111,test/06_02 Artem/rec_05AY_calibration_20260602_144111,C:\Users\hodor\Documents\lab-Shishkin\projects\BCI_classifier\data\pr_Agency_EBCI\trans\test\06_02 Artem\EPOCHS_rec_05AY_calibration_20260602_144111.hdf,"MATRIX_[10, 14]_robust_concat_rec_05AY_calibration_20260602_144111.hdf","C:\Users\hodor\Documents\lab-Shishkin\projects\BCI_classifier\data\pr_Agency_EBCI\features\csp\test\06_02 Artem\MATRIX_[10, 14]_robust_concat_rec_05AY_calibration_20260602_144111.hdf","[10, 14]",52,53,-4,last5,0.745841491429913,0.246,1.077,0.004515093121153391,1.496442851631215,1.492,1.0090301862423068,0.5188559604559426,0.2530429522336704,0.4642857142857143,0.4642857142857143,0.7597533706676304,0.37052718005644597,1.1302805507240763,0.259984668231835,0.13569671395958,25.99856209410905,0.0,0.2780490154781228,1.21731215312983,1.6914002504688368,0.0,0.0,74.00143790589095,-67.45808767515696,-35.91311007912318,-37.50431366095536,0.6189582138474606,-0.213970134395209,-0.755716554733094,0.00042996604113678153,,99.37097234676479,False,93.24216461881656,False,120.6915973680233,False,105.25748937950185,False,139.95911821086932,False,141.5169954183202,False,136.50803965369045,False,,0,,,0.0,left_S1,93.24216461881656
pr_Agency_EBCI,test,06_02 Artem,rec_05AY_calibration_20260602_144111,test/06_02 Artem/rec_05AY_calibration_20260602_144111,C:\Users\hodor\Documents\lab-Shishkin\projects\BCI_classifier\data\pr_Agency_EBCI\trans\test\06_02 Artem\EPOCHS_rec_05AY_calibration_20260602_144111.hdf,"MATRIX_[10, 14]_robust_concat_rec_05AY_calibration_20260602_144111.hdf","C:\Users\hodor\Documents\lab-Shishkin\projects\BCI_classifier\data\pr_Agency_EBCI\features\csp\test\06_02 Artem\MATRIX_[10, 14]_robust_concat_rec_05AY_calibration_20260602_144111.hdf","[10, 14]",53,54,-3,last5,0.750645734280981,0.251,1.102,0.0048042428510680635,1.5068234598224723,1.502,1.0096084857021361,0.2532298169768433,0.23834852618636357,0.5,0.5,0.379844725465265,0.35752278927954534,0.7373675147448103,0.18776890367769875,0.17822948851292628,30.57138796063345,0.0,0.1850792462009474,0.812579001248781,1.111082669728473,0.0,0.0,69.42861203936656,13.638197074105312,-72.03594481808962,19.617212374719674,-0.015305517519029449,0.6854889472043546,-0.7279221417116944,0.00021043721906730963,,78.07118443267349,False,76.88481361615221,False,77.58856109851043,False,84.60525349949435,False,64.2744852958727,False,60.166913302418735,False,75.03712979194971,False,,0,,,0.0,right_S1,60.166913302418735
pr_Agency_EBCI,test,06_02 Artem,rec_05AY_calibration_20260602_144111,test/06_02 Artem/rec_05AY_calibration_20260602_144111,C:\Users\hodor\Documents\lab-Shishkin\projects\BCI_classifier\data\pr_Agency_EBCI\trans\test\06_02 Artem\EPOCHS_rec_05AY_calibration_20260602_144111.hdf,"MATRIX_[10, 14]_robust_concat_rec_05AY_calibration_20260602_144111.hdf","C:\Users\hodor\Documents\lab-Shishkin\projects\BCI_classifier\data\pr_Agency_EBCI\features\csp\test\06_02 Artem\MATRIX_[10, 14]_robust_concat_rec_05AY_calibration_20260602_144111.hdf","[10, 14]",54,55,-2,last5,0.7649234191102166,0.265,1.18,0.014277684829235526,1.5451343459189897,1.53,1.028555369658471,0.3095904415850737,0.08503453502568355,0.5535714285714286,0.5535714285714286,0.48097086460538235,0.13210722405775838,0.6130780886631407,0.2869761788469174,0.0652258812668674,25.1923621787461,0.0,0.1624656934957323,0.723432144622506,0.9472880115237863,0.0,0.0,74.8076378212539,-35.235793193964355,-35.97348618507351,-10.850616872815598,0.43932385420411846,0.8923039874164166,0.10386599620666158,0.000497540516877175,,67.91872613456847,False,63.49517361352385,False,82.94804663077882,False,72.82772554987761,False,98.42208888086749,False,99.75595385137444,False,96.1784094612315,False,,0,,,0.0,left_S1,63.49517361352385
pr_Agency_EBCI,test,06_02 Artem,rec_05AY_calibration_20260602_144111,test/06_02 Artem/rec_05AY_calibration_20260602_144111,C:\Users\hodor\Documents\lab-Shishkin\projects\BCI_classifier\data\pr_Agency_EBCI\trans\test\06_02 Artem\EPOCHS_rec_05AY_calibration_20260602_144111.hdf,"MATRIX_[10, 14]_robust_concat_rec_05AY_calibration_20260602_144111.hdf","C:\Users\hodor\Documents\lab-Shishkin\projects\BCI_classifier\data\pr_Agency_EBCI\features\csp\test\06_02 Artem\MATRIX_[10, 14]_robust_concat_rec_05AY_calibration_20260602_144111.hdf","[10, 14]",55,56,-1,last5,0.7825176012622527,0.283,1.28,0.01759418215203612,1.5859166141961047,1.5659999999999998,1.0351883643040722,0.20301070212236935,0.07183670045568905,0.6428571428571428,0.6428571428571428,0.3335175820581782,0.11801743646291771,0.4515350185210959,0.19127528888494744,0.08366331955948783,23.561820437114623,0.0,0.12778441024147014,0.5779648237070028,0.7160968877639519,0.0,0.0,76.43817956288538,-51.92347375685025,0.9754866160203908,3.1305523398184962,0.7463363743230523,0.5047872872799942,0.4337877487468094,0.00047448053819810647,,60.601241275115676,False,58.704165245009435,False,75.86409445213192,False,58.72027292581103,False,105.59114861138323,False,110.31465273599976,False,96.24707534906692,False,,0,,,0.0,left_S1,58.704165245009435
pr_Agency_EBCI,test,06_02 Artem,rec_05AY_calibration_20260602_144111,test/06_02 Artem/rec_05AY_calibration_20260602_144111,C:\Users\hodor\Documents\lab-Shishkin\projects\BCI_classifier\data\pr_Agency_EBCI\trans\test\06_02 Artem\EPOCHS_rec_05AY_calibration_20260602_144111.hdf,"MATRIX_[8, 15]_robust_concat_rec_05AY_calibration_20260602_144111.hdf","C:\Users\hodor\Documents\lab-Shishkin\projects\BCI_classifier\data\pr_Agency_EBCI\features\csp\test\06_02 Artem\MATRIX_[8, 15]_robust_concat_rec_05AY_calibration_20260602_144111.hdf","[8, 15]",0,1,0,first5,0.27482239892529603,0.225,0.97,0.0709764534207783,1.5138788080787005,1.45,1.1419529068415566,0.23245985251290574,1.294829949446556,0.6071428571428572,0.6071428571428572,0.3735961915385985,2.0809767044676795,2.454572896006278,0.06758724256884904,0.3805647083078342,64.81440362644877,0.7962880725289754,0.5522789016014126,2.3809357091260894,3.715925890148268,2.834093324351921,3.2364011100039267,35.185596373551235,16.72738118369933,-56.61000008919512,21.73022204870942,-0.9327574007134078,0.3172263777578372,-0.17126312115866935,0.0008220385821521178,,70.8378889658578,False,71.22679876747883,False,64.47227452889368,False,74.4169901101506,False,51.08095166191106,False,47.5715968178643,False,60.53446724371106,False,,0,,,0.0,right_S1,47.5715968178643
pr_Agency_EBCI,test,06_02 Artem,rec_05AY_calibration_20260602_144111,test/06_02 Artem/rec_05AY_calibration_20260602_144111,C:\Users\hodor\Documents\lab-Shishkin\projects\BCI_classifier\data\pr_Agency_EBCI\trans\test\06_02 Artem\EPOCHS_rec_05AY_calibration_20260602_144111.hdf,"MATRIX_[8, 15]_robust_concat_rec_05AY_calibration_20260602_144111.hdf","C:\Users\hodor\Documents\lab-Shishkin\projects\BCI_classifier\data\pr_Agency_EBCI\features\csp\test\06_02 Artem\MATRIX_[8, 15]_robust_concat_rec_05AY_calibration_20260602_144111.hdf","[8, 15]",1,2,1,first5,0.3457988523460743,0.154,0.638,0.023135005713002532,1.3222511635192096,1.308,1.046270011426005,0.20302347516357325,0.3501182285981487,0.4821428571428571,0.4821428571428571,0.3009097935460104,0.5189252316722561,0.8198350252182665,0.14564821815896492,0.22771852543441942,73.33119125527658,0.9666238251055317,0.12625459388361304,0.5230547460892541,1.0840278159886534,1.0365534649858177,1.0845148056543767,26.66880874472342,48.21914296026116,-32.405049027129785,18.073788012492603,0.5125190912328986,-0.6276521229084803,-0.5859837828219152,0.0006573086513674939,,92.74646325241041,False,96.41714514093555,False,67.94420332610142,False,88.56275587025671,False,40.7228419876745,False,34.57527815946467,True,49.42486940585111,False,right_S1,1,0.8,right_S1,0.8,right_S1,34.57527815946467
pr_Agency_EBCI,test,06_02 Artem,rec_05AY_calibration_20260602_144111,test/06_02 Artem/rec_05AY_calibration_20260602_144111,C:\Users\hodor\Documents\lab-Shishkin\projects\BCI_classifier\data\pr_Agency_EBCI\trans\test\06_02 Artem\EPOCHS_rec_05AY_calibration_20260602_144111.hdf,"MATRIX_[8, 15]_robust_concat_rec_05AY_calibration_20260602_144111.hdf","C:\Users\hodor\Documents\lab-Shishkin\projects\BCI_classifier\data\pr_Agency_EBCI\features\csp\test\06_02 Artem\MATRIX_[8, 15]_robust_concat_rec_05AY_calibration_20260602_144111.hdf","[8, 15]",2,3,2,first5,0.36893385805907686,0.131,0.537,0.01224122287914664,1.2684144007886728,1.262,1.0244824457582933,0.10978025966349819,0.433094361858411,0.4642857142857143,0.4642857142857143,0.16074966593583664,0.634173887006959,0.7949235529427956,0.060867301056488736,0.262560852419982,46.917703128684714,0.4383540625736943,0.10413498543550623,0.4268739479302813,1.008292482078739,0.43975395671140294,0.4505202091035847,53.082296871315286,30.683277038529415,66.2296022812085,0.9554851084330688,0.5024467430710848,-0.8292946670382556,0.24457642077511904,0.0002098608148787489,,124.97175354483214,False,130.95242501295874,False,97.01884154502623,False,109.4699021578768,False,105.82791356972899,False,109.5159672116429,False,92.45070281041582,False,,0,,,0.0,right_PMd,92.45070281041582
pr_Agency_EBCI,test,06_02 Artem,rec_05AY_calibration_20260602_144111,test/06_02 Artem/rec_05AY_calibration_20260602_144111,C:\Users\hodor\Documents\lab-Shishkin\projects\BCI_classifier\data\pr_Agency_EBCI\trans\test\06_02 Artem\EPOCHS_rec_05AY_calibration_20260602_144111.hdf,"MATRIX_[8, 15]_robust_concat_rec_05AY_calibration_20260602_144111.hdf","C:\Users\hodor\Documents\lab-Shishkin\projects\BCI_classifier\data\pr_Agency_EBCI\features\csp\test\06_02 Artem\MATRIX_[8, 15]_robust_concat_rec_05AY_calibration_20260602_144111.hdf","[8, 15]",3,4,3,first5,0.3811750809382235,0.119,0.485,0.011400235869254205,1.243426512273765,1.238,1.0228004717385084,0.28362960645018465,0.19643668566500644,0.5178571428571428,0.5178571428571428,0.4305092240761731,0.2981628264558133,0.7286720505319864,0.23787466216695596,0.1538009957046644,23.608069014085938,0.0,0.08671197401330637,0.3534059445080134,0.9060501463843605,0.0,0.0,76.39193098591406,12.512063114444075,-78.3899903164764,20.53262268281728,0.6783208546931904,-0.7266921772846047,0.10862457162935346,0.0001646091593828879,,81.05323046002306,False,79.39365228432156,False,82.46615538769537,False,88.62230446282555,False,69.04990282053743,False,64.81763201334306,False,80.3278393801552,False,,0,,,0.0,right_S1,64.81763201334306
pr_Agency_EBCI,test,06_02 Artem,rec_05AY_calibration_20260602_144111,test/06_02 Artem/rec_05AY_calibration_20260602_144111,C:\Users\hodor\Documents\lab-Shishkin\projects\BCI_classifier\data\pr_Agency_EBCI\trans\test\06_02 Artem\EPOCHS_rec_05AY_calibration_20260602_144111.hdf,"MATRIX_[8, 15]_robust_concat_rec_05AY_calibration_20260602_144111.hdf","C:\Users\hodor\Documents\lab-Shishkin\projects\BCI_classifier\data\pr_Agency_EBCI\features\csp\test\06_02 Artem\MATRIX_[8, 15]_robust_concat_rec_05AY_calibration_20260602_144111.hdf","[8, 15]",4,5,4,first5,0.3925753168074777,0.107,0.436,0.005575996801164607,1.2163865266308984,1.214,1.0111519936023292,0.22780042592116345,0.15692950496504607,0.5535714285714286,0.5535714285714286,0.3539042331275218,0.24380119521355373,0.5977054283410755,0.16487473757355933,0.10241305543521692,57.45528393813494,0.6491056787626988,0.06395448083249508,0.2605995667567089,0.7270408299282343,0.47100042114486884,0.47625301482817084,42.54471606186506,27.510910570082643,-66.65969959263873,37.098232036136885,0.44882668437424605,0.8799875100402593,0.15548822967274833,0.00028683220948972976,,78.80839144999052,False,79.9860172214704,False,69.80926341882883,False,82.94394722207315,False,47.425641174822694,False,42.141784195492676,False,61.631780737934214,False,,0,,,0.0,right_S1,42.141784195492676
pr_Agency_EBCI,test,06_02 Artem,rec_05AY_calibration_20260602_144111,test/06_02 Artem/rec_05AY_calibration_20260602_144111,C:\Users\hodor\Documents\lab-Shishkin\projects\BCI_classifier\data\pr_Agency_EBCI\trans\test\06_02 Artem\EPOCHS_rec_05AY_calibration_20260602_144111.hdf,"MATRIX_[8, 15]_robust_concat_rec_05AY_calibration_20260602_144111.hdf","C:\Users\hodor\Documents\lab-Shishkin\projects\BCI_classifier\data\pr_Agency_EBCI\features\csp\test\06_02 Artem\MATRIX_[8, 15]_robust_concat_rec_05AY_calibration_20260602_144111.hdf","[8, 15]",51,52,-5,last5,0.6974135095730959,0.197,0.835,0.004988375409644252,1.3979308398227996,1.3940000000000001,1.0099767508192885,0.11760184564080384,0.11598488779761877,0.6071428571428572,0.6071428571428572,0.18900296620843474,0.18640428396045874,0.3754072501688935,0.13303568795579274,0.1110492264522816,25.86116167780002,0.0,0.07395522828327201,0.313465053891026,0.5247933725041691,0.0,0.0,74.13883832219997,-64.92099866220784,-25.393769555742846,13.788384161331123,-0.40202032706483726,0.01558126789161543,-0.9154981598657481,0.00032069837923295175,,51.18776483599674,False,44.796396323594436,False,80.90439629553939,False,58.715618648570846,False,109.40206157227217,False,113.63733936885122,False,103.53103748853133,False,,0,,,0.0,left_S1,44.796396323594436
pr_Agency_EBCI,test,06_02 Artem,rec_05AY_calibration_20260602_144111,test/06_02 Artem/rec_05AY_calibration_20260602_144111,C:\Users\hodor\Documents\lab-Shishkin\projects\BCI_classifier\data\pr_Agency_EBCI\trans\test\06_02 Artem\EPOCHS_rec_05AY_calibration_20260602_144111.hdf,"MATRIX_[8, 15]_robust_concat_rec_05AY_calibration_20260602_144111.hdf","C:\Users\hodor\Documents\lab-Shishkin\projects\BCI_classifier\data\pr_Agency_EBCI\features\csp\test\06_02 Artem\MATRIX_[8, 15]_robust_concat_rec_05AY_calibration_20260602_144111.hdf","[8, 15]",52,53,-4,last5,0.7065907873978452,0.207,0.879,0.009177277824749308,1.4215987860388923,1.414,1.0183545556494986,0.24025800992862986,0.20579215870419482,0.5,0.5,0.3603870148929448,0.3086882380562922,0.669075252949237,0.1432003348621009,0.1280928272188467,15.936949976714383,0.0,0.13849857736049204,0.5881171473423793,0.9511565673613,0.0,0.0,84.06305002328561,-15.856091697590273,-81.12615607512431,20.05123363256799,0.7022322285181868,0.11193692872683557,0.7030931810347649,7.600339366190578e-05,,70.43783466969697,False,65.71233863395469,False,85.647322429579,False,82.38460423235028,False,85.11618974912214,False,83.55797301238643,False,92.53704817342673,False,,0,,,0.0,left_S1,65.71233863395469
pr_Agency_EBCI,test,06_02 Artem,rec_05AY_calibration_20260602_144111,test/06_02 Artem/rec_05AY_calibration_20260602_144111,C:\Users\hodor\Documents\lab-Shishkin\projects\BCI_classifier\data\pr_Agency_EBCI\trans\test\06_02 Artem\EPOCHS_rec_05AY_calibration_20260602_144111.hdf,"MATRIX_[8, 15]_robust_concat_rec_05AY_calibration_20260602_144111.hdf","C:\Users\hodor\Documents\lab-Shishkin\projects\BCI_classifier\data\pr_Agency_EBCI\features\csp\test\06_02 Artem\MATRIX_[8, 15]_robust_concat_rec_05AY_calibration_20260602_144111.hdf","[8, 15]",53,54,-3,last5,0.7178726943132333,0.218,0.934,0.011281906915388107,1.4458378228302184,1.436,1.0225638138307762,0.1965991255576225,0.049760277192718236,0.6071428571428572,0.6071428571428572,0.3159628803604647,0.07997187405972574,0.39593475442019044,0.26969649211381735,0.07019183867907257,26.134673719941425,0.0,0.08631377646360151,0.3698030606284579,0.5724574433137054,0.0,0.0,73.86532628005858,-58.55734456307308,-9.667039670830592,-4.193701748427205,-0.9503029633273854,-0.21512372994045498,-0.22504679226262272,0.0003639535586024443,,65.86007345663496,False,62.010539837346144,False,85.50126501636234,False,67.52638046118793,False,113.0035702657039,False,116.97410370468916,False,105.44303983314066,False,,0,,,0.0,left_S1,62.010539837346144
pr_Agency_EBCI,test,06_02 Artem,rec_05AY_calibration_20260602_144111,test/06_02 Artem/rec_05AY_calibration_20260602_144111,C:\Users\hodor\Documents\lab-Shishkin\projects\BCI_classifier\data\pr_Agency_EBCI\trans\test\06_02 Artem\EPOCHS_rec_05AY_calibration_20260602_144111.hdf,"MATRIX_[8, 15]_robust_concat_rec_05AY_calibration_20260602_144111.hdf","C:\Users\hodor\Documents\lab-Shishkin\projects\BCI_classifier\data\pr_Agency_EBCI\features\csp\test\06_02 Artem\MATRIX_[8, 15]_robust_concat_rec_05AY_calibration_20260602_144111.hdf","[8, 15]",54,55,-2,last5,0.7330714731492375,0.233,1.01,0.015198778836004179,1.480165261875156,1.466,1.0303975576720084,0.5715509968741228,0.16748211677908437,0.5892857142857143,0.5892857142857143,0.9083578343178024,0.2661769355953305,1.1745347699131328,0.26261503102356415,0.07368668723074145,37.688035070615925,0.25376070141231855,0.27366660138975996,1.1862801176122642,1.7385055652899482,0.4369424244898945,0.4502244070376732,62.311964929384075,-42.30304922173643,-33.30357516631021,-13.332061959907877,0.8402875284087877,0.47978741886410875,0.2524299948507843,0.0005553576743582948,,70.23688315962862,False,65.41623474064751,False,87.31148981532237,False,75.17834095568371,False,104.99932782598833,False,106.70611995989367,False,101.92999784991419,False,,0,,,0.0,left_S1,65.41623474064751
pr_Agency_EBCI,test,06_02 Artem,rec_05AY_calibration_20260602_144111,test/06_02 Artem/rec_05AY_calibration_20260602_144111,C:\Users\hodor\Documents\lab-Shishkin\projects\BCI_classifier\data\pr_Agency_EBCI\trans\test\06_02 Artem\EPOCHS_rec_05AY_calibration_20260602_144111.hdf,"MATRIX_[8, 15]_robust_concat_rec_05AY_calibration_20260602_144111.hdf","C:\Users\hodor\Documents\lab-Shishkin\projects\BCI_classifier\data\pr_Agency_EBCI\features\csp\test\06_02 Artem\MATRIX_[8, 15]_robust_concat_rec_05AY_calibration_20260602_144111.hdf","[8, 15]",55,56,-1,last5,0.7515086173881994,0.252,1.107,0.018437144238961922,1.5225846413928736,1.504,1.0368742884779238,0.4128117802830752,0.16392277787355672,0.4821428571428571,0.4821428571428571,0.6118460314909865,0.2429569743483073,0.8548030058392938,0.2894282344484645,0.10808812429033578,43.72988177007772,0.3745976354015544,0.21541035747150203,0.9462669274640982,1.3015099281073716,0.481591605821197,0.4993499536227944,56.27011822992228,-37.70154294612253,-15.908743387699085,34.96734683823099,0.06499060324700645,-0.1135644413194169,-0.9914027129060112,0.0004781324274514384,,22.599473024539193,True,22.520024859818943,True,45.27794880194928,False,24.475307077362807,True,77.0698278525943,False,82.7104028199322,False,69.4378388668378,False,left_M1;left_S1;left_PMd,3,1;0.8;0.6,left_M1,1.0,left_S1,22.520024859818943
