project,stage,subject,record,file,matrix,matrix_path,band,components,absolute_components,n_components,classifier,cv_method,cv_splits,cv_test_size,cv_tested_epochs,accuracy,balanced_accuracy,brier_score,component_score_values,mean_score,comp_set_score,final_score_method,rank_within_file,rank_global,probability_plot
pr_Agency_EBCI,test,05_19 Darisy,01_calib,test/05_19 Darisy/01_calib,"MATRIX_[10, 14]_robust_concat_01_calib.hdf","C:\Users\hodor\Documents\lab-Shishkin\projects\BCI_classifier\data\pr_Agency_EBCI\features\csp\test\05_19 Darisy\MATRIX_[10, 14]_robust_concat_01_calib.hdf","[10, 14]","[0, -1]","[0, 55]",2,lda,time_series_by_class,3,5,30,0.7333333333333333,0.7333333333333334,0.18499754162247348,"[3.221158118304888, 2.938688228094952]",3.07992317319992,4.679893479618175,final_score_3,1,1,"results\algorithm\_cv_smoke_05_19_Darisy\probability_plots\final_score_3\test_05_19_Darisy_01_calib\top_01_[10,_14]_[0,_-1].png"
pr_Agency_EBCI,test,05_19 Darisy,01_calib,test/05_19 Darisy/01_calib,"MATRIX_[8, 15]_robust_concat_01_calib.hdf","C:\Users\hodor\Documents\lab-Shishkin\projects\BCI_classifier\data\pr_Agency_EBCI\features\csp\test\05_19 Darisy\MATRIX_[8, 15]_robust_concat_01_calib.hdf","[8, 15]","[0, -1]","[0, 55]",2,lda,time_series_by_class,3,5,30,0.7333333333333333,0.7333333333333334,0.17414250031890566,"[2.4317044831465497, 2.9545484393914827]",2.6931264612690162,4.1327525176371065,final_score_3,2,2,
pr_Agency_EBCI,test,05_19 Darisy,01_calib,test/05_19 Darisy/01_calib,"MATRIX_[10, 14]_robust_concat_01_calib.hdf","C:\Users\hodor\Documents\lab-Shishkin\projects\BCI_classifier\data\pr_Agency_EBCI\features\csp\test\05_19 Darisy\MATRIX_[10, 14]_robust_concat_01_calib.hdf","[10, 14]","[0, 2, -1]","[0, 2, 55]",3,lda,time_series_by_class,3,5,30,0.7666666666666667,0.7666666666666666,0.17513899533448324,"[3.221158118304888, 1.7460838269106516, 2.938688228094952]",2.635310057770164,4.040287994238995,final_score_3,3,3,
pr_Agency_EBCI,test,05_19 Darisy,01_calib,test/05_19 Darisy/01_calib,"MATRIX_[10, 14]_robust_concat_01_calib.hdf","C:\Users\hodor\Documents\lab-Shishkin\projects\BCI_classifier\data\pr_Agency_EBCI\features\csp\test\05_19 Darisy\MATRIX_[10, 14]_robust_concat_01_calib.hdf","[10, 14]","[0, 1, -1]","[0, 1, 55]",3,lda,time_series_by_class,3,5,30,0.9,0.9,0.06427985768336437,"[3.221158118304888, 0.6672031700641871, 2.938688228094952]",2.2756831721546757,3.997859952559324,final_score_3,4,4,
pr_Agency_EBCI,test,05_19 Darisy,01_calib,test/05_19 Darisy/01_calib,"MATRIX_[8, 15]_robust_concat_01_calib.hdf","C:\Users\hodor\Documents\lab-Shishkin\projects\BCI_classifier\data\pr_Agency_EBCI\features\csp\test\05_19 Darisy\MATRIX_[8, 15]_robust_concat_01_calib.hdf","[8, 15]","[0, 2, -1]","[0, 2, 55]",3,lda,time_series_by_class,3,5,30,0.8666666666666667,0.8666666666666667,0.1301825268772082,"[2.4317044831465497, 1.9861697149844235, 2.9545484393914827]",2.4574742125074853,3.9460291858731096,final_score_3,5,5,
pr_Agency_EBCI,test,05_19 Darisy,01_calib,test/05_19 Darisy/01_calib,"MATRIX_[9, 13]_robust_concat_01_calib.hdf","C:\Users\hodor\Documents\lab-Shishkin\projects\BCI_classifier\data\pr_Agency_EBCI\features\csp\test\05_19 Darisy\MATRIX_[9, 13]_robust_concat_01_calib.hdf","[9, 13]","[0, -1]","[0, 55]",2,lda,time_series_by_class,3,5,30,0.8,0.8,0.16887494099494432,"[2.638040504061817, 2.3860994129580635]",2.51206995850994,3.8740870972910586,final_score_3,6,6,
pr_Agency_EBCI,test,05_19 Darisy,01_calib,test/05_19 Darisy/01_calib,"MATRIX_[10, 14]_robust_concat_01_calib.hdf","C:\Users\hodor\Documents\lab-Shishkin\projects\BCI_classifier\data\pr_Agency_EBCI\features\csp\test\05_19 Darisy\MATRIX_[10, 14]_robust_concat_01_calib.hdf","[10, 14]","[0, 2]","[0, 2]",2,lda,time_series_by_class,3,5,30,0.7666666666666667,0.7666666666666666,0.16238986906617212,"[3.221158118304888, 1.7460838269106516]",2.4836209726077696,3.854311041294134,final_score_3,7,7,
pr_Agency_EBCI,test,05_19 Darisy,01_calib,test/05_19 Darisy/01_calib,"MATRIX_[10, 14]_robust_concat_01_calib.hdf","C:\Users\hodor\Documents\lab-Shishkin\projects\BCI_classifier\data\pr_Agency_EBCI\features\csp\test\05_19 Darisy\MATRIX_[10, 14]_robust_concat_01_calib.hdf","[10, 14]","[2, -1]","[2, 55]",2,lda,time_series_by_class,3,5,30,0.8666666666666667,0.8666666666666667,0.11509212008384964,"[1.7460838269106516, 2.938688228094952]",2.3423860275028017,3.8291804461505707,final_score_3,8,8,
pr_Agency_EBCI,test,05_19 Darisy,01_calib,test/05_19 Darisy/01_calib,"MATRIX_[8, 15]_robust_concat_01_calib.hdf","C:\Users\hodor\Documents\lab-Shishkin\projects\BCI_classifier\data\pr_Agency_EBCI\features\csp\test\05_19 Darisy\MATRIX_[8, 15]_robust_concat_01_calib.hdf","[8, 15]","[2, -1]","[2, 55]",2,lda,time_series_by_class,3,5,30,0.8,0.8,0.16673506895886936,"[1.9861697149844235, 2.9545484393914827]",2.470359077187953,3.8175763390664526,final_score_3,9,9,
pr_Agency_EBCI,test,05_19 Darisy,01_calib,test/05_19 Darisy/01_calib,"MATRIX_[8, 15]_robust_concat_01_calib.hdf","C:\Users\hodor\Documents\lab-Shishkin\projects\BCI_classifier\data\pr_Agency_EBCI\features\csp\test\05_19 Darisy\MATRIX_[8, 15]_robust_concat_01_calib.hdf","[8, 15]","[0, 1, -1]","[0, 1, 55]",3,lda,time_series_by_class,3,5,30,0.8666666666666667,0.8666666666666667,0.12437932965850679,"[2.4317044831465497, 1.6430156434297964, 2.9545484393914827]",2.3430895219892762,3.7877497131648266,final_score_3,10,10,
pr_Agency_EBCI,test,05_19 Darisy,01_calib,test/05_19 Darisy/01_calib,"MATRIX_[8, 12]_robust_concat_01_calib.hdf","C:\Users\hodor\Documents\lab-Shishkin\projects\BCI_classifier\data\pr_Agency_EBCI\features\csp\test\05_19 Darisy\MATRIX_[8, 12]_robust_concat_01_calib.hdf","[8, 12]","[0, -1]","[0, 55]",2,lda,time_series_by_class,3,5,30,0.7666666666666667,0.7666666666666666,0.19938847596505266,"[2.3897593468205143, 2.460938107442625]",2.4253487271315697,3.6398798781724886,final_score_3,11,11,
pr_Agency_EBCI,test,05_19 Darisy,01_calib,test/05_19 Darisy/01_calib,"MATRIX_[10, 14]_robust_concat_01_calib.hdf","C:\Users\hodor\Documents\lab-Shishkin\projects\BCI_classifier\data\pr_Agency_EBCI\features\csp\test\05_19 Darisy\MATRIX_[10, 14]_robust_concat_01_calib.hdf","[10, 14]","[0, -2, -1]","[0, 54, 55]",3,lda,time_series_by_class,3,5,30,0.8,0.8,0.16868844899205945,"[3.221158118304888, 0.8975738964605742, 2.938688228094952]",2.3524734142868047,3.6286042074907274,final_score_3,12,12,
pr_Agency_EBCI,test,05_19 Darisy,01_calib,test/05_19 Darisy/01_calib,"MATRIX_[10, 14]_robust_concat_01_calib.hdf","C:\Users\hodor\Documents\lab-Shishkin\projects\BCI_classifier\data\pr_Agency_EBCI\features\csp\test\05_19 Darisy\MATRIX_[10, 14]_robust_concat_01_calib.hdf","[10, 14]","[0, 1, 2, -1]","[0, 1, 2, 55]",4,lda,time_series_by_class,3,5,30,0.8666666666666667,0.8666666666666667,0.09269816209597329,"[3.221158118304888, 0.6672031700641871, 1.7460838269106516, 2.938688228094952]",2.1432833358436696,3.6077840491354083,final_score_3,13,13,
pr_Agency_EBCI,test,05_19 Darisy,01_calib,test/05_19 Darisy/01_calib,"MATRIX_[8, 15]_robust_concat_01_calib.hdf","C:\Users\hodor\Documents\lab-Shishkin\projects\BCI_classifier\data\pr_Agency_EBCI\features\csp\test\05_19 Darisy\MATRIX_[8, 15]_robust_concat_01_calib.hdf","[8, 15]","[0, 1, 2, -1]","[0, 1, 2, 55]",4,lda,time_series_by_class,3,5,30,0.8666666666666667,0.8666666666666667,0.14205294314887343,"[2.4317044831465497, 1.6430156434297964, 1.9861697149844235, 2.9545484393914827]",2.253859570238063,3.571702094549923,final_score_3,14,14,
pr_Agency_EBCI,test,05_19 Darisy,01_calib,test/05_19 Darisy/01_calib,"MATRIX_[8, 15]_robust_concat_01_calib.hdf","C:\Users\hodor\Documents\lab-Shishkin\projects\BCI_classifier\data\pr_Agency_EBCI\features\csp\test\05_19 Darisy\MATRIX_[8, 15]_robust_concat_01_calib.hdf","[8, 15]","[1, -1]","[1, 55]",2,lda,time_series_by_class,3,5,30,0.8333333333333334,0.8333333333333333,0.1623166490621351,"[1.6430156434297964, 2.9545484393914827]",2.2987820414106395,3.56771740353716,final_score_3,15,15,
pr_Agency_EBCI,test,05_19 Darisy,01_calib,test/05_19 Darisy/01_calib,"MATRIX_[8, 15]_robust_concat_01_calib.hdf","C:\Users\hodor\Documents\lab-Shishkin\projects\BCI_classifier\data\pr_Agency_EBCI\features\csp\test\05_19 Darisy\MATRIX_[8, 15]_robust_concat_01_calib.hdf","[8, 15]","[0, 2]","[0, 2]",2,lda,time_series_by_class,3,5,30,0.8333333333333334,0.8333333333333333,0.13091822336355666,"[2.4317044831465497, 1.9861697149844235]",2.2089370990654866,3.5439721277279497,final_score_3,16,16,
pr_Agency_EBCI,test,05_19 Darisy,01_calib,test/05_19 Darisy/01_calib,"MATRIX_[10, 14]_robust_concat_01_calib.hdf","C:\Users\hodor\Documents\lab-Shishkin\projects\BCI_classifier\data\pr_Agency_EBCI\features\csp\test\05_19 Darisy\MATRIX_[10, 14]_robust_concat_01_calib.hdf","[10, 14]","[0, -3, -1]","[0, 53, 55]",3,lda,time_series_by_class,3,5,30,0.8,0.8,0.15962554913671945,"[3.221158118304888, 0.6258891484793266, 2.938688228094952]",2.2619118316263886,3.519837936741058,final_score_3,17,17,
pr_Agency_EBCI,test,05_19 Darisy,01_calib,test/05_19 Darisy/01_calib,"MATRIX_[10, 14]_robust_concat_01_calib.hdf","C:\Users\hodor\Documents\lab-Shishkin\projects\BCI_classifier\data\pr_Agency_EBCI\features\csp\test\05_19 Darisy\MATRIX_[10, 14]_robust_concat_01_calib.hdf","[10, 14]","[0, 1]","[0, 1]",2,lda,time_series_by_class,3,5,30,0.9,0.9,0.05255202167572278,"[3.221158118304888, 0.6672031700641871]",1.9441806441845375,3.4838085048404053,final_score_3,18,18,
pr_Agency_EBCI,test,05_19 Darisy,01_calib,test/05_19 Darisy/01_calib,"MATRIX_[8, 12]_robust_concat_01_calib.hdf","C:\Users\hodor\Documents\lab-Shishkin\projects\BCI_classifier\data\pr_Agency_EBCI\features\csp\test\05_19 Darisy\MATRIX_[8, 12]_robust_concat_01_calib.hdf","[8, 12]","[0, 1, -1]","[0, 1, 55]",3,lda,time_series_by_class,3,5,30,0.8333333333333334,0.8333333333333333,0.17405664566008244,"[2.3897593468205143, 1.8684910022937804, 2.460938107442625]",2.2397294855189736,3.4372644105122805,final_score_3,19,19,
pr_Agency_EBCI,test,05_19 Darisy,01_calib,test/05_19 Darisy/01_calib,"MATRIX_[9, 13]_robust_concat_01_calib.hdf","C:\Users\hodor\Documents\lab-Shishkin\projects\BCI_classifier\data\pr_Agency_EBCI\features\csp\test\05_19 Darisy\MATRIX_[9, 13]_robust_concat_01_calib.hdf","[9, 13]","[0, 1, -1]","[0, 1, 55]",3,lda,time_series_by_class,3,5,30,0.8666666666666667,0.8666666666666667,0.14040229809816,"[2.638040504061817, 1.4459632026064737, 2.3860994129580635]",2.156701039875452,3.42384938283613,final_score_3,20,20,
pr_Agency_EBCI,test,05_19 Darisy,01_calib,test/05_19 Darisy/01_calib,"MATRIX_[8, 15]_robust_concat_01_calib.hdf","C:\Users\hodor\Documents\lab-Shishkin\projects\BCI_classifier\data\pr_Agency_EBCI\features\csp\test\05_19 Darisy\MATRIX_[8, 15]_robust_concat_01_calib.hdf","[8, 15]","[1, 2, -1]","[1, 2, 55]",3,lda,time_series_by_class,3,5,30,0.8333333333333334,0.8333333333333333,0.15994834025197371,"[1.6430156434297964, 1.9861697149844235, 2.9545484393914827]",2.194577932601901,3.413962876044416,final_score_3,21,21,
pr_Agency_EBCI,test,05_19 Darisy,01_calib,test/05_19 Darisy/01_calib,"MATRIX_[9, 13]_robust_concat_01_calib.hdf","C:\Users\hodor\Documents\lab-Shishkin\projects\BCI_classifier\data\pr_Agency_EBCI\features\csp\test\05_19 Darisy\MATRIX_[9, 13]_robust_concat_01_calib.hdf","[9, 13]","[0, -2, -1]","[0, 54, 55]",3,lda,time_series_by_class,3,5,30,0.8,0.8,0.16087968481828246,"[2.638040504061817, 1.490707389698371, 2.3860994129580635]",2.171615768906084,3.3751281084824063,final_score_3,22,22,
pr_Agency_EBCI,test,05_19 Darisy,01_calib,test/05_19 Darisy/01_calib,"MATRIX_[9, 13]_robust_concat_01_calib.hdf","C:\Users\hodor\Documents\lab-Shishkin\projects\BCI_classifier\data\pr_Agency_EBCI\features\csp\test\05_19 Darisy\MATRIX_[9, 13]_robust_concat_01_calib.hdf","[9, 13]","[0, 2, -1]","[0, 2, 55]",3,lda,time_series_by_class,3,5,30,0.9,0.9,0.08897652687761849,"[2.638040504061817, 0.8957659335620427, 2.3860994129580635]",1.9733019501939744,3.339019762305176,final_score_3,23,23,
pr_Agency_EBCI,test,05_19 Darisy,01_calib,test/05_19 Darisy/01_calib,"MATRIX_[10, 14]_robust_concat_01_calib.hdf","C:\Users\hodor\Documents\lab-Shishkin\projects\BCI_classifier\data\pr_Agency_EBCI\features\csp\test\05_19 Darisy\MATRIX_[10, 14]_robust_concat_01_calib.hdf","[10, 14]","[0, 2, -2, -1]","[0, 2, 54, 55]",4,lda,time_series_by_class,3,5,30,0.7666666666666667,0.7666666666666666,0.190088842246312,"[3.221158118304888, 1.7460838269106516, 0.8975738964605742, 2.938688228094952]",2.2008760174427664,3.3292733357403645,final_score_3,24,24,
pr_Agency_EBCI,test,05_19 Darisy,01_calib,test/05_19 Darisy/01_calib,"MATRIX_[10, 14]_robust_concat_01_calib.hdf","C:\Users\hodor\Documents\lab-Shishkin\projects\BCI_classifier\data\pr_Agency_EBCI\features\csp\test\05_19 Darisy\MATRIX_[10, 14]_robust_concat_01_calib.hdf","[10, 14]","[0, 2, -3, -1]","[0, 2, 53, 55]",4,lda,time_series_by_class,3,5,30,0.7666666666666667,0.7666666666666666,0.16142194089914866,"[3.221158118304888, 1.7460838269106516, 0.6258891484793266, 2.938688228094952]",2.1329548304474546,3.313267694210552,final_score_3,25,25,
pr_Agency_EBCI,test,05_19 Darisy,01_calib,test/05_19 Darisy/01_calib,"MATRIX_[10, 14]_robust_concat_01_calib.hdf","C:\Users\hodor\Documents\lab-Shishkin\projects\BCI_classifier\data\pr_Agency_EBCI\features\csp\test\05_19 Darisy\MATRIX_[10, 14]_robust_concat_01_calib.hdf","[10, 14]","[0, 1, -2, -1]","[0, 1, 54, 55]",4,lda,time_series_by_class,3,5,30,0.9,0.9,0.08125891453534297,"[3.221158118304888, 0.6672031700641871, 0.8975738964605742, 2.938688228094952]",1.9311558532311501,3.3043787119067862,final_score_3,26,26,
pr_Agency_EBCI,test,05_19 Darisy,01_calib,test/05_19 Darisy/01_calib,"MATRIX_[8, 12]_robust_concat_01_calib.hdf","C:\Users\hodor\Documents\lab-Shishkin\projects\BCI_classifier\data\pr_Agency_EBCI\features\csp\test\05_19 Darisy\MATRIX_[8, 12]_robust_concat_01_calib.hdf","[8, 12]","[1, -1]","[1, 55]",2,lda,time_series_by_class,3,5,30,0.7666666666666667,0.7666666666666666,0.18173235699214216,"[1.8684910022937804, 2.460938107442625]",2.164714554868203,3.2988675891695434,final_score_3,27,27,
pr_Agency_EBCI,test,05_19 Darisy,01_calib,test/05_19 Darisy/01_calib,"MATRIX_[8, 12]_robust_concat_01_calib.hdf","C:\Users\hodor\Documents\lab-Shishkin\projects\BCI_classifier\data\pr_Agency_EBCI\features\csp\test\05_19 Darisy\MATRIX_[8, 12]_robust_concat_01_calib.hdf","[8, 12]","[0, 1]","[0, 1]",2,lda,time_series_by_class,3,5,30,0.8333333333333334,0.8333333333333333,0.16595926687677762,"[2.3897593468205143, 1.8684910022937804]",2.1291251745571476,3.292711052694808,final_score_3,28,28,
pr_Agency_EBCI,test,05_19 Darisy,01_calib,test/05_19 Darisy/01_calib,"MATRIX_[10, 14]_robust_concat_01_calib.hdf","C:\Users\hodor\Documents\lab-Shishkin\projects\BCI_classifier\data\pr_Agency_EBCI\features\csp\test\05_19 Darisy\MATRIX_[10, 14]_robust_concat_01_calib.hdf","[10, 14]","[0, 1, 2]","[0, 1, 2]",3,lda,time_series_by_class,3,5,30,0.9,0.9,0.0744732994539882,"[3.221158118304888, 0.6672031700641871, 1.7460838269106516]",1.8781483717599088,3.2466956042201325,final_score_3,29,29,
pr_Agency_EBCI,test,05_19 Darisy,01_calib,test/05_19 Darisy/01_calib,"MATRIX_[8, 15]_robust_concat_01_calib.hdf","C:\Users\hodor\Documents\lab-Shishkin\projects\BCI_classifier\data\pr_Agency_EBCI\features\csp\test\05_19 Darisy\MATRIX_[8, 15]_robust_concat_01_calib.hdf","[8, 15]","[0, 1, 2]","[0, 1, 2]",3,lda,time_series_by_class,3,5,30,0.8666666666666667,0.8666666666666667,0.13232623914940814,"[2.4317044831465497, 1.6430156434297964, 1.9861697149844235]",2.02029661385359,3.2361480127828806,final_score_3,30,30,
pr_Agency_EBCI,test,05_19 Darisy,01_calib,test/05_19 Darisy/01_calib,"MATRIX_[8, 15]_robust_concat_01_calib.hdf","C:\Users\hodor\Documents\lab-Shishkin\projects\BCI_classifier\data\pr_Agency_EBCI\features\csp\test\05_19 Darisy\MATRIX_[8, 15]_robust_concat_01_calib.hdf","[8, 15]","[0, 1]","[0, 1]",2,lda,time_series_by_class,3,5,30,0.8333333333333334,0.8333333333333333,0.14406951078648406,"[2.4317044831465497, 1.6430156434297964]",2.037360063288173,3.221632426527285,final_score_3,31,31,
pr_Agency_EBCI,test,05_19 Darisy,01_calib,test/05_19 Darisy/01_calib,"MATRIX_[8, 12]_robust_concat_01_calib.hdf","C:\Users\hodor\Documents\lab-Shishkin\projects\BCI_classifier\data\pr_Agency_EBCI\features\csp\test\05_19 Darisy\MATRIX_[8, 12]_robust_concat_01_calib.hdf","[8, 12]","[0, -3, -1]","[0, 53, 55]",3,lda,time_series_by_class,3,5,30,0.7666666666666667,0.7666666666666666,0.18370995724237835,"[2.3897593468205143, 1.4566314971548178, 2.460938107442625]",2.1024429838059855,3.1982930883566647,final_score_3,32,32,
pr_Agency_EBCI,test,05_19 Darisy,01_calib,test/05_19 Darisy/01_calib,"MATRIX_[10, 14]_robust_concat_01_calib.hdf","C:\Users\hodor\Documents\lab-Shishkin\projects\BCI_classifier\data\pr_Agency_EBCI\features\csp\test\05_19 Darisy\MATRIX_[10, 14]_robust_concat_01_calib.hdf","[10, 14]","[0, -2]","[0, 54]",2,lda,time_series_by_class,3,5,30,0.7666666666666667,0.7666666666666666,0.16176972218561775,"[3.221158118304888, 0.8975738964605742]",2.059366007382731,3.1978615094060356,final_score_3,33,33,
pr_Agency_EBCI,test,05_19 Darisy,01_calib,test/05_19 Darisy/01_calib,"MATRIX_[8, 15]_robust_concat_01_calib.hdf","C:\Users\hodor\Documents\lab-Shishkin\projects\BCI_classifier\data\pr_Agency_EBCI\features\csp\test\05_19 Darisy\MATRIX_[8, 15]_robust_concat_01_calib.hdf","[8, 15]","[0, 2, -2, -1]","[0, 2, 54, 55]",4,lda,time_series_by_class,3,5,30,0.8333333333333334,0.8333333333333333,0.12113084089029114,"[2.4317044831465497, 1.9861697149844235, 0.4917588095484698, 2.9545484393914827]",1.9660453617677316,3.1904966516638633,final_score_3,34,34,
pr_Agency_EBCI,test,05_19 Darisy,01_calib,test/05_19 Darisy/01_calib,"MATRIX_[9, 13]_robust_concat_01_calib.hdf","C:\Users\hodor\Documents\lab-Shishkin\projects\BCI_classifier\data\pr_Agency_EBCI\features\csp\test\05_19 Darisy\MATRIX_[9, 13]_robust_concat_01_calib.hdf","[9, 13]","[0, 1]","[0, 1]",2,lda,time_series_by_class,3,5,30,0.8333333333333334,0.8333333333333333,0.15889280251263307,"[2.638040504061817, 1.4459632026064737]",2.0420018533341455,3.179947133394348,final_score_3,35,35,
pr_Agency_EBCI,test,05_19 Darisy,01_calib,test/05_19 Darisy/01_calib,"MATRIX_[8, 12]_robust_concat_01_calib.hdf","C:\Users\hodor\Documents\lab-Shishkin\projects\BCI_classifier\data\pr_Agency_EBCI\features\csp\test\05_19 Darisy\MATRIX_[8, 12]_robust_concat_01_calib.hdf","[8, 12]","[-3, -1]","[53, 55]",2,lda,time_series_by_class,3,5,30,0.8333333333333334,0.8333333333333333,0.12386517004425145,"[1.4566314971548178, 2.460938107442625]",1.9587848022987213,3.168414601039402,final_score_3,36,36,
pr_Agency_EBCI,test,05_19 Darisy,01_calib,test/05_19 Darisy/01_calib,"MATRIX_[10, 14]_robust_concat_01_calib.hdf","C:\Users\hodor\Documents\lab-Shishkin\projects\BCI_classifier\data\pr_Agency_EBCI\features\csp\test\05_19 Darisy\MATRIX_[10, 14]_robust_concat_01_calib.hdf","[10, 14]","[0, 1, -3, -1]","[0, 1, 53, 55]",4,lda,time_series_by_class,3,5,30,0.9,0.9,0.08596985227055871,"[3.221158118304888, 0.6672031700641871, 0.6258891484793266, 2.938688228094952]",1.8632346662358383,3.1663333330652454,final_score_3,37,37,
pr_Agency_EBCI,test,05_19 Darisy,01_calib,test/05_19 Darisy/01_calib,"MATRIX_[9, 13]_robust_concat_01_calib.hdf","C:\Users\hodor\Documents\lab-Shishkin\projects\BCI_classifier\data\pr_Agency_EBCI\features\csp\test\05_19 Darisy\MATRIX_[9, 13]_robust_concat_01_calib.hdf","[9, 13]","[0, 1, -2, -1]","[0, 1, 54, 55]",4,lda,time_series_by_class,3,5,30,0.8666666666666667,0.8666666666666667,0.1389117191761896,"[2.638040504061817, 1.4459632026064737, 1.490707389698371, 2.3860994129580635]",1.9902026273311813,3.1646693186388,final_score_3,38,38,
pr_Agency_EBCI,test,05_19 Darisy,01_calib,test/05_19 Darisy/01_calib,"MATRIX_[9, 13]_robust_concat_01_calib.hdf","C:\Users\hodor\Documents\lab-Shishkin\projects\BCI_classifier\data\pr_Agency_EBCI\features\csp\test\05_19 Darisy\MATRIX_[9, 13]_robust_concat_01_calib.hdf","[9, 13]","[-2, -1]","[54, 55]",2,lda,time_series_by_class,3,5,30,0.8333333333333334,0.8333333333333333,0.11924514766918531,"[1.490707389698371, 2.3860994129580635]",1.9384034013282172,3.1527701132300496,final_score_3,39,39,
pr_Agency_EBCI,test,05_19 Darisy,01_calib,test/05_19 Darisy/01_calib,"MATRIX_[8, 15]_robust_concat_01_calib.hdf","C:\Users\hodor\Documents\lab-Shishkin\projects\BCI_classifier\data\pr_Agency_EBCI\features\csp\test\05_19 Darisy\MATRIX_[8, 15]_robust_concat_01_calib.hdf","[8, 15]","[0, 2, -3, -1]","[0, 2, 53, 55]",4,lda,time_series_by_class,3,5,30,0.8666666666666667,0.8666666666666667,0.1392863436033583,"[2.4317044831465497, 1.9861697149844235, 0.5574757574244031, 2.9545484393914827]",1.9824745987367147,3.1510890367256015,final_score_3,40,40,
pr_Agency_EBCI,test,05_19 Darisy,01_calib,test/05_19 Darisy/01_calib,"MATRIX_[8, 12]_robust_concat_01_calib.hdf","C:\Users\hodor\Documents\lab-Shishkin\projects\BCI_classifier\data\pr_Agency_EBCI\features\csp\test\05_19 Darisy\MATRIX_[8, 12]_robust_concat_01_calib.hdf","[8, 12]","[0, 1, -3, -1]","[0, 1, 53, 55]",4,lda,time_series_by_class,3,5,30,0.8,0.8,0.1740491107804573,"[2.3897593468205143, 1.8684910022937804, 1.4566314971548178, 2.460938107442625]",2.0439549884279344,3.1368355378099135,final_score_3,41,41,
pr_Agency_EBCI,test,05_19 Darisy,01_calib,test/05_19 Darisy/01_calib,"MATRIX_[8, 12]_robust_concat_01_calib.hdf","C:\Users\hodor\Documents\lab-Shishkin\projects\BCI_classifier\data\pr_Agency_EBCI\features\csp\test\05_19 Darisy\MATRIX_[8, 12]_robust_concat_01_calib.hdf","[8, 12]","[1, -3, -1]","[1, 53, 55]",3,lda,time_series_by_class,3,5,30,0.8333333333333334,0.8333333333333333,0.1199033355851731,"[1.8684910022937804, 1.4566314971548178, 2.460938107442625]",1.928686868963741,3.1344804037111995,final_score_3,42,42,
pr_Agency_EBCI,test,05_19 Darisy,01_calib,test/05_19 Darisy/01_calib,"MATRIX_[10, 14]_robust_concat_01_calib.hdf","C:\Users\hodor\Documents\lab-Shishkin\projects\BCI_classifier\data\pr_Agency_EBCI\features\csp\test\05_19 Darisy\MATRIX_[10, 14]_robust_concat_01_calib.hdf","[10, 14]","[1, -1]","[1, 55]",2,lda,time_series_by_class,3,5,30,0.9,0.9,0.07415531225328106,"[0.6672031700641871, 2.938688228094952]",1.8029456990795694,3.118218917213603,final_score_3,43,43,
pr_Agency_EBCI,test,05_19 Darisy,01_calib,test/05_19 Darisy/01_calib,"MATRIX_[8, 12]_robust_concat_01_calib.hdf","C:\Users\hodor\Documents\lab-Shishkin\projects\BCI_classifier\data\pr_Agency_EBCI\features\csp\test\05_19 Darisy\MATRIX_[8, 12]_robust_concat_01_calib.hdf","[8, 12]","[0, 2, -1]","[0, 2, 55]",3,lda,time_series_by_class,3,5,30,0.9,0.9,0.07813467748135798,"[2.3897593468205143, 0.5841595396222303, 2.460938107442625]",1.8116189979617898,3.114310927186051,final_score_3,44,44,
pr_Agency_EBCI,test,05_19 Darisy,01_calib,test/05_19 Darisy/01_calib,"MATRIX_[8, 12]_robust_concat_01_calib.hdf","C:\Users\hodor\Documents\lab-Shishkin\projects\BCI_classifier\data\pr_Agency_EBCI\features\csp\test\05_19 Darisy\MATRIX_[8, 12]_robust_concat_01_calib.hdf","[8, 12]","[0, 1, 2, -1]","[0, 1, 2, 55]",4,lda,time_series_by_class,3,5,30,0.8666666666666667,0.8666666666666667,0.08491853463136485,"[2.3897593468205143, 1.8684910022937804, 0.5841595396222303, 2.460938107442625]",1.8258369990447876,3.107492473938412,final_score_3,45,45,
pr_Agency_EBCI,test,05_19 Darisy,01_calib,test/05_19 Darisy/01_calib,"MATRIX_[9, 13]_robust_concat_01_calib.hdf","C:\Users\hodor\Documents\lab-Shishkin\projects\BCI_classifier\data\pr_Agency_EBCI\features\csp\test\05_19 Darisy\MATRIX_[9, 13]_robust_concat_01_calib.hdf","[9, 13]","[0, -2]","[0, 54]",2,lda,time_series_by_class,3,5,30,0.7666666666666667,0.7666666666666666,0.20126680752957685,"[2.638040504061817, 1.490707389698371]",2.064373946880094,3.093302284905129,final_score_3,46,46,
pr_Agency_EBCI,test,05_19 Darisy,01_calib,test/05_19 Darisy/01_calib,"MATRIX_[9, 13]_robust_concat_01_calib.hdf","C:\Users\hodor\Documents\lab-Shishkin\projects\BCI_classifier\data\pr_Agency_EBCI\features\csp\test\05_19 Darisy\MATRIX_[9, 13]_robust_concat_01_calib.hdf","[9, 13]","[0, 1, 2, -1]","[0, 1, 2, 55]",4,lda,time_series_by_class,3,5,30,0.9,0.9,0.09596817343192801,"[2.638040504061817, 1.4459632026064737, 0.8957659335620427, 2.3860994129580635]",1.8414672632970994,3.085835697878551,final_score_3,47,47,
pr_Agency_EBCI,test,05_19 Darisy,01_calib,test/05_19 Darisy/01_calib,"MATRIX_[10, 14]_robust_concat_01_calib.hdf","C:\Users\hodor\Documents\lab-Shishkin\projects\BCI_classifier\data\pr_Agency_EBCI\features\csp\test\05_19 Darisy\MATRIX_[10, 14]_robust_concat_01_calib.hdf","[10, 14]","[-2, -1]","[54, 55]",2,lda,time_series_by_class,3,5,30,0.8666666666666667,0.8666666666666667,0.12923973327388008,"[0.8975738964605742, 2.938688228094952]",1.918131062277763,3.0833191416169927,final_score_3,48,48,
pr_Agency_EBCI,test,05_19 Darisy,01_calib,test/05_19 Darisy/01_calib,"MATRIX_[10, 14]_robust_concat_01_calib.hdf","C:\Users\hodor\Documents\lab-Shishkin\projects\BCI_classifier\data\pr_Agency_EBCI\features\csp\test\05_19 Darisy\MATRIX_[10, 14]_robust_concat_01_calib.hdf","[10, 14]","[1, 2, -1]","[1, 2, 55]",3,lda,time_series_by_class,3,5,30,0.9333333333333333,0.9333333333333333,0.07709971267757809,"[0.6672031700641871, 1.7460838269106516, 2.938688228094952]",1.78399174168993,3.071608913466438,final_score_3,49,49,
pr_Agency_EBCI,test,05_19 Darisy,01_calib,test/05_19 Darisy/01_calib,"MATRIX_[8, 15]_robust_concat_01_calib.hdf","C:\Users\hodor\Documents\lab-Shishkin\projects\BCI_classifier\data\pr_Agency_EBCI\features\csp\test\05_19 Darisy\MATRIX_[8, 15]_robust_concat_01_calib.hdf","[8, 15]","[0, -2, -1]","[0, 54, 55]",3,lda,time_series_by_class,3,5,30,0.7666666666666667,0.7666666666666666,0.15716515478543577,"[2.4317044831465497, 0.4917588095484698, 2.9545484393914827]",1.9593372440288341,3.0564976012343914,final_score_3,50,50,
pr_Agency_EBCI,test,05_19 Darisy,01_calib,test/05_19 Darisy/01_calib,"MATRIX_[9, 13]_robust_concat_01_calib.hdf","C:\Users\hodor\Documents\lab-Shishkin\projects\BCI_classifier\data\pr_Agency_EBCI\features\csp\test\05_19 Darisy\MATRIX_[9, 13]_robust_concat_01_calib.hdf","[9, 13]","[0, 2, -2, -1]","[0, 2, 54, 55]",4,lda,time_series_by_class,3,5,30,0.8666666666666667,0.8666666666666667,0.11158243721259985,"[2.638040504061817, 0.8957659335620427, 1.490707389698371, 2.3860994129580635]",1.8526533100700737,3.041843128754216,final_score_3,51,51,
pr_Agency_EBCI,test,05_19 Darisy,01_calib,test/05_19 Darisy/01_calib,"MATRIX_[8, 15]_robust_concat_01_calib.hdf","C:\Users\hodor\Documents\lab-Shishkin\projects\BCI_classifier\data\pr_Agency_EBCI\features\csp\test\05_19 Darisy\MATRIX_[8, 15]_robust_concat_01_calib.hdf","[8, 15]","[0, -3, -1]","[0, 53, 55]",3,lda,time_series_by_class,3,5,30,0.7666666666666667,0.7666666666666666,0.1773916613163373,"[2.4317044831465497, 0.5574757574244031, 2.9545484393914827]",1.9812428933208117,3.0312093321182467,final_score_3,52,52,
pr_Agency_EBCI,test,05_19 Darisy,01_calib,test/05_19 Darisy/01_calib,"MATRIX_[9, 13]_robust_concat_01_calib.hdf","C:\Users\hodor\Documents\lab-Shishkin\projects\BCI_classifier\data\pr_Agency_EBCI\features\csp\test\05_19 Darisy\MATRIX_[9, 13]_robust_concat_01_calib.hdf","[9, 13]","[1, -1]","[1, 55]",2,lda,time_series_by_class,3,5,30,0.8,0.8,0.1491473876734844,"[1.4459632026064737, 2.3860994129580635]",1.9160313077822686,3.013580008088801,final_score_3,53,53,
pr_Agency_EBCI,test,05_19 Darisy,01_calib,test/05_19 Darisy/01_calib,"MATRIX_[8, 15]_robust_concat_01_calib.hdf","C:\Users\hodor\Documents\lab-Shishkin\projects\BCI_classifier\data\pr_Agency_EBCI\features\csp\test\05_19 Darisy\MATRIX_[8, 15]_robust_concat_01_calib.hdf","[8, 15]","[0, 1, -2, -1]","[0, 1, 54, 55]",4,lda,time_series_by_class,3,5,30,0.8333333333333334,0.8333333333333333,0.13861692549749546,"[2.4317044831465497, 1.6430156434297964, 0.4917588095484698, 2.9545484393914827]",1.8802568438790748,2.9908078543559458,final_score_3,54,54,
pr_Agency_EBCI,test,05_19 Darisy,01_calib,test/05_19 Darisy/01_calib,"MATRIX_[10, 14]_robust_concat_01_calib.hdf","C:\Users\hodor\Documents\lab-Shishkin\projects\BCI_classifier\data\pr_Agency_EBCI\features\csp\test\05_19 Darisy\MATRIX_[10, 14]_robust_concat_01_calib.hdf","[10, 14]","[2, -2, -1]","[2, 54, 55]",3,lda,time_series_by_class,3,5,30,0.8333333333333334,0.8333333333333333,0.13033154955535983,"[1.7460838269106516, 0.8975738964605742, 2.938688228094952]",1.860781983822059,2.9873967357746043,final_score_3,55,55,
pr_Agency_EBCI,test,05_19 Darisy,01_calib,test/05_19 Darisy/01_calib,"MATRIX_[10, 14]_robust_concat_01_calib.hdf","C:\Users\hodor\Documents\lab-Shishkin\projects\BCI_classifier\data\pr_Agency_EBCI\features\csp\test\05_19 Darisy\MATRIX_[10, 14]_robust_concat_01_calib.hdf","[10, 14]","[0, 2, -2]","[0, 2, 54]",3,lda,time_series_by_class,3,5,30,0.7666666666666667,0.7666666666666666,0.1804524101905089,"[3.221158118304888, 1.7460838269106516, 0.8975738964605742]",1.954938613892038,2.9826301524543073,final_score_3,56,56,
pr_Agency_EBCI,test,05_19 Darisy,01_calib,test/05_19 Darisy/01_calib,"MATRIX_[10, 14]_robust_concat_01_calib.hdf","C:\Users\hodor\Documents\lab-Shishkin\projects\BCI_classifier\data\pr_Agency_EBCI\features\csp\test\05_19 Darisy\MATRIX_[10, 14]_robust_concat_01_calib.hdf","[10, 14]","[0, -3, -2, -1]","[0, 53, 54, 55]",4,lda,time_series_by_class,3,5,30,0.8,0.8,0.16336851014557016,"[3.221158118304888, 0.6258891484793266, 0.8975738964605742, 2.938688228094952]",1.9208273478349351,2.978061144492453,final_score_3,57,57,
pr_Agency_EBCI,test,05_19 Darisy,01_calib,test/05_19 Darisy/01_calib,"MATRIX_[10, 14]_robust_concat_01_calib.hdf","C:\Users\hodor\Documents\lab-Shishkin\projects\BCI_classifier\data\pr_Agency_EBCI\features\csp\test\05_19 Darisy\MATRIX_[10, 14]_robust_concat_01_calib.hdf","[10, 14]","[0, -3]","[0, 53]",2,lda,time_series_by_class,3,5,30,0.8333333333333334,0.8333333333333333,0.16515315546240922,"[3.221158118304888, 0.6258891484793266]",1.9235236333921073,2.9770671148697714,final_score_3,58,58,
pr_Agency_EBCI,test,05_19 Darisy,01_calib,test/05_19 Darisy/01_calib,"MATRIX_[8, 12]_robust_concat_01_calib.hdf","C:\Users\hodor\Documents\lab-Shishkin\projects\BCI_classifier\data\pr_Agency_EBCI\features\csp\test\05_19 Darisy\MATRIX_[8, 12]_robust_concat_01_calib.hdf","[8, 12]","[0, 2, -3, -1]","[0, 2, 53, 55]",4,lda,time_series_by_class,3,5,30,0.9,0.9,0.07510662253327877,"[2.3897593468205143, 0.5841595396222303, 1.4566314971548178, 2.460938107442625]",1.7228721227600468,2.9753844082842793,final_score_3,59,59,
pr_Agency_EBCI,test,05_19 Darisy,01_calib,test/05_19 Darisy/01_calib,"MATRIX_[8, 15]_robust_concat_01_calib.hdf","C:\Users\hodor\Documents\lab-Shishkin\projects\BCI_classifier\data\pr_Agency_EBCI\features\csp\test\05_19 Darisy\MATRIX_[8, 15]_robust_concat_01_calib.hdf","[8, 15]","[0, 1, -3, -1]","[0, 1, 53, 55]",4,lda,time_series_by_class,3,5,30,0.8333333333333334,0.8333333333333333,0.15443461155844654,"[2.4317044831465497, 1.6430156434297964, 0.5574757574244031, 2.9545484393914827]",1.896686080848058,2.966946162112888,final_score_3,60,60,
pr_Agency_EBCI,test,05_19 Darisy,01_calib,test/05_19 Darisy/01_calib,"MATRIX_[8, 12]_robust_concat_01_calib.hdf","C:\Users\hodor\Documents\lab-Shishkin\projects\BCI_classifier\data\pr_Agency_EBCI\features\csp\test\05_19 Darisy\MATRIX_[8, 12]_robust_concat_01_calib.hdf","[8, 12]","[0, 1, -3]","[0, 1, 53]",3,lda,time_series_by_class,3,5,30,0.8333333333333334,0.8333333333333333,0.17354339659662013,"[2.3897593468205143, 1.8684910022937804, 1.4566314971548178]",1.9049606154230376,2.9249013413356173,final_score_3,61,61,
pr_Agency_EBCI,test,05_19 Darisy,01_calib,test/05_19 Darisy/01_calib,"MATRIX_[8, 15]_robust_concat_01_calib.hdf","C:\Users\hodor\Documents\lab-Shishkin\projects\BCI_classifier\data\pr_Agency_EBCI\features\csp\test\05_19 Darisy\MATRIX_[8, 15]_robust_concat_01_calib.hdf","[8, 15]","[2, -2, -1]","[2, 54, 55]",3,lda,time_series_by_class,3,5,30,0.8333333333333334,0.8333333333333333,0.12576134110343598,"[1.9861697149844235, 0.4917588095484698, 2.9545484393914827]",1.8108256546414587,2.922575531718791,final_score_3,62,62,
pr_Agency_EBCI,test,05_19 Darisy,01_calib,test/05_19 Darisy/01_calib,"MATRIX_[9, 13]_robust_concat_01_calib.hdf","C:\Users\hodor\Documents\lab-Shishkin\projects\BCI_classifier\data\pr_Agency_EBCI\features\csp\test\05_19 Darisy\MATRIX_[9, 13]_robust_concat_01_calib.hdf","[9, 13]","[0, -3, -1]","[0, 53, 55]",3,lda,time_series_by_class,3,5,30,0.8,0.8,0.14873887693614313,"[2.638040504061817, 0.5250551094291201, 2.3860994129580635]",1.8497316754830002,2.9105435308940626,final_score_3,63,63,
pr_Agency_EBCI,test,05_19 Darisy,01_calib,test/05_19 Darisy/01_calib,"MATRIX_[10, 14]_robust_concat_01_calib.hdf","C:\Users\hodor\Documents\lab-Shishkin\projects\BCI_classifier\data\pr_Agency_EBCI\features\csp\test\05_19 Darisy\MATRIX_[10, 14]_robust_concat_01_calib.hdf","[10, 14]","[0, 2, -3]","[0, 2, 53]",3,lda,time_series_by_class,3,5,30,0.7666666666666667,0.7666666666666666,0.1571310373582829,"[3.221158118304888, 1.7460838269106516, 0.6258891484793266]",1.864377031231622,2.908462723151606,final_score_3,64,64,
pr_Agency_EBCI,test,05_19 Darisy,01_calib,test/05_19 Darisy/01_calib,"MATRIX_[9, 13]_robust_concat_01_calib.hdf","C:\Users\hodor\Documents\lab-Shishkin\projects\BCI_classifier\data\pr_Agency_EBCI\features\csp\test\05_19 Darisy\MATRIX_[9, 13]_robust_concat_01_calib.hdf","[9, 13]","[0, 1, -2]","[0, 1, 54]",3,lda,time_series_by_class,3,5,30,0.8333333333333334,0.8333333333333333,0.1585669677245201,"[2.638040504061817, 1.4459632026064737, 1.490707389698371]",1.8582370321222206,2.894716797068035,final_score_3,65,65,
pr_Agency_EBCI,test,05_19 Darisy,01_calib,test/05_19 Darisy/01_calib,"MATRIX_[9, 13]_robust_concat_01_calib.hdf","C:\Users\hodor\Documents\lab-Shishkin\projects\BCI_classifier\data\pr_Agency_EBCI\features\csp\test\05_19 Darisy\MATRIX_[9, 13]_robust_concat_01_calib.hdf","[9, 13]","[0, 2]","[0, 2]",2,lda,time_series_by_class,3,5,30,0.8333333333333334,0.8333333333333333,0.1141262197674877,"[2.638040504061817, 0.8957659335620427]",1.7669032188119298,2.891867075773485,final_score_3,66,66,
pr_Agency_EBCI,test,05_19 Darisy,01_calib,test/05_19 Darisy/01_calib,"MATRIX_[8, 12]_robust_concat_01_calib.hdf","C:\Users\hodor\Documents\lab-Shishkin\projects\BCI_classifier\data\pr_Agency_EBCI\features\csp\test\05_19 Darisy\MATRIX_[8, 12]_robust_concat_01_calib.hdf","[8, 12]","[0, -3]","[0, 53]",2,lda,time_series_by_class,3,5,30,0.7666666666666667,0.7666666666666666,0.19901633693442547,"[2.3897593468205143, 1.4566314971548178]",1.923195421987666,2.8871636829181573,final_score_3,67,67,
pr_Agency_EBCI,test,05_19 Darisy,01_calib,test/05_19 Darisy/01_calib,"MATRIX_[8, 15]_robust_concat_01_calib.hdf","C:\Users\hodor\Documents\lab-Shishkin\projects\BCI_classifier\data\pr_Agency_EBCI\features\csp\test\05_19 Darisy\MATRIX_[8, 15]_robust_concat_01_calib.hdf","[8, 15]","[2, -3, -1]","[2, 53, 55]",3,lda,time_series_by_class,3,5,30,0.8333333333333334,0.8333333333333333,0.15169102805294296,"[1.9861697149844235, 0.5574757574244031, 2.9545484393914827]",1.8327313039334363,2.8749707457980382,final_score_3,68,68,
pr_Agency_EBCI,test,05_19 Darisy,01_calib,test/05_19 Darisy/01_calib,"MATRIX_[9, 13]_robust_concat_01_calib.hdf","C:\Users\hodor\Documents\lab-Shishkin\projects\BCI_classifier\data\pr_Agency_EBCI\features\csp\test\05_19 Darisy\MATRIX_[9, 13]_robust_concat_01_calib.hdf","[9, 13]","[0, -3, -2, -1]","[0, 53, 54, 55]",4,lda,time_series_by_class,3,5,30,0.8666666666666667,0.8666666666666667,0.11814199157628152,"[2.638040504061817, 0.5250551094291201, 1.490707389698371, 2.3860994129580635]",1.759975604036843,2.8663844721757417,final_score_3,69,69,
pr_Agency_EBCI,test,05_19 Darisy,01_calib,test/05_19 Darisy/01_calib,"MATRIX_[8, 15]_robust_concat_01_calib.hdf","C:\Users\hodor\Documents\lab-Shishkin\projects\BCI_classifier\data\pr_Agency_EBCI\features\csp\test\05_19 Darisy\MATRIX_[8, 15]_robust_concat_01_calib.hdf","[8, 15]","[1, 2]","[1, 2]",2,lda,time_series_by_class,3,5,30,0.8333333333333334,0.8333333333333333,0.145634414912839,"[1.6430156434297964, 1.9861697149844235]",1.8145926792071099,2.8645996234893847,final_score_3,70,70,
pr_Agency_EBCI,test,05_19 Darisy,01_calib,test/05_19 Darisy/01_calib,"MATRIX_[10, 14]_robust_concat_01_calib.hdf","C:\Users\hodor\Documents\lab-Shishkin\projects\BCI_classifier\data\pr_Agency_EBCI\features\csp\test\05_19 Darisy\MATRIX_[10, 14]_robust_concat_01_calib.hdf","[10, 14]","[0, 1, 2, -2]","[0, 1, 2, 54]",4,lda,time_series_by_class,3,5,30,0.9333333333333333,0.9333333333333333,0.0657589901570915,"[3.221158118304888, 0.6672031700641871, 1.7460838269106516, 0.8975738964605742]",1.6330047529350753,2.861941355960093,final_score_3,71,71,
pr_Agency_EBCI,test,05_19 Darisy,01_calib,test/05_19 Darisy/01_calib,"MATRIX_[9, 13]_robust_concat_01_calib.hdf","C:\Users\hodor\Documents\lab-Shishkin\projects\BCI_classifier\data\pr_Agency_EBCI\features\csp\test\05_19 Darisy\MATRIX_[9, 13]_robust_concat_01_calib.hdf","[9, 13]","[1, -2, -1]","[1, 54, 55]",3,lda,time_series_by_class,3,5,30,0.8333333333333334,0.8333333333333333,0.12651634236460602,"[1.4459632026064737, 1.490707389698371, 2.3860994129580635]",1.7742566684209695,2.8610363717411404,final_score_3,72,72,
pr_Agency_EBCI,test,05_19 Darisy,01_calib,test/05_19 Darisy/01_calib,"MATRIX_[10, 14]_robust_concat_01_calib.hdf","C:\Users\hodor\Documents\lab-Shishkin\projects\BCI_classifier\data\pr_Agency_EBCI\features\csp\test\05_19 Darisy\MATRIX_[10, 14]_robust_concat_01_calib.hdf","[10, 14]","[2, -3, -1]","[2, 53, 55]",3,lda,time_series_by_class,3,5,30,0.8333333333333334,0.8333333333333333,0.13067854177801083,"[1.7460838269106516, 0.6258891484793266, 2.938688228094952]",1.7702204011616434,2.840879774245499,final_score_3,73,73,
pr_Agency_EBCI,test,05_19 Darisy,01_calib,test/05_19 Darisy/01_calib,"MATRIX_[10, 14]_robust_concat_01_calib.hdf","C:\Users\hodor\Documents\lab-Shishkin\projects\BCI_classifier\data\pr_Agency_EBCI\features\csp\test\05_19 Darisy\MATRIX_[10, 14]_robust_concat_01_calib.hdf","[10, 14]","[-3, -1]","[53, 55]",2,lda,time_series_by_class,3,5,30,0.8,0.8,0.13979907303670366,"[0.6258891484793266, 2.938688228094952]",1.7822886882871392,2.8313137326224567,final_score_3,74,74,
pr_Agency_EBCI,test,05_19 Darisy,01_calib,test/05_19 Darisy/01_calib,"MATRIX_[9, 13]_robust_concat_01_calib.hdf","C:\Users\hodor\Documents\lab-Shishkin\projects\BCI_classifier\data\pr_Agency_EBCI\features\csp\test\05_19 Darisy\MATRIX_[9, 13]_robust_concat_01_calib.hdf","[9, 13]","[0, 2, -3, -1]","[0, 2, 53, 55]",4,lda,time_series_by_class,3,5,30,0.9333333333333333,0.9333333333333333,0.0706719848343241,"[2.638040504061817, 0.8957659335620427, 0.5250551094291201, 2.3860994129580635]",1.6112402400027608,2.8017884535454267,final_score_3,75,75,
pr_Agency_EBCI,test,05_19 Darisy,01_calib,test/05_19 Darisy/01_calib,"MATRIX_[10, 14]_robust_concat_01_calib.hdf","C:\Users\hodor\Documents\lab-Shishkin\projects\BCI_classifier\data\pr_Agency_EBCI\features\csp\test\05_19 Darisy\MATRIX_[10, 14]_robust_concat_01_calib.hdf","[10, 14]","[0, 1, -2]","[0, 1, 54]",3,lda,time_series_by_class,3,5,30,0.9333333333333333,0.9333333333333333,0.06717583980479432,"[3.221158118304888, 0.6672031700641871, 0.8975738964605742]",1.5953117282765497,2.78951531303341,final_score_3,76,76,
pr_Agency_EBCI,test,05_19 Darisy,01_calib,test/05_19 Darisy/01_calib,"MATRIX_[9, 13]_robust_concat_01_calib.hdf","C:\Users\hodor\Documents\lab-Shishkin\projects\BCI_classifier\data\pr_Agency_EBCI\features\csp\test\05_19 Darisy\MATRIX_[9, 13]_robust_concat_01_calib.hdf","[9, 13]","[0, 1, -3, -1]","[0, 1, 53, 55]",4,lda,time_series_by_class,3,5,30,0.8666666666666667,0.8666666666666667,0.13645646451707485,"[2.638040504061817, 1.4459632026064737, 0.5250551094291201, 2.3860994129580635]",1.7487895572638688,2.7883234891049193,final_score_3,77,77,
pr_Agency_EBCI,test,05_19 Darisy,01_calib,test/05_19 Darisy/01_calib,"MATRIX_[9, 13]_robust_concat_01_calib.hdf","C:\Users\hodor\Documents\lab-Shishkin\projects\BCI_classifier\data\pr_Agency_EBCI\features\csp\test\05_19 Darisy\MATRIX_[9, 13]_robust_concat_01_calib.hdf","[9, 13]","[0, 1, 2]","[0, 1, 2]",3,lda,time_series_by_class,3,5,30,0.9,0.9,0.0966845179387961,"[2.638040504061817, 1.4459632026064737, 0.8957659335620427]",1.6599232134101112,2.778905238452983,final_score_3,78,78,
pr_Agency_EBCI,test,05_19 Darisy,01_calib,test/05_19 Darisy/01_calib,"MATRIX_[8, 15]_robust_concat_01_calib.hdf","C:\Users\hodor\Documents\lab-Shishkin\projects\BCI_classifier\data\pr_Agency_EBCI\features\csp\test\05_19 Darisy\MATRIX_[8, 15]_robust_concat_01_calib.hdf","[8, 15]","[1, 2, -2, -1]","[1, 2, 54, 55]",4,lda,time_series_by_class,3,5,30,0.8,0.8,0.150829947566677,"[1.6430156434297964, 1.9861697149844235, 0.4917588095484698, 2.9545484393914827]",1.7688731518385432,2.777266627998306,final_score_3,79,79,
pr_Agency_EBCI,test,05_19 Darisy,01_calib,test/05_19 Darisy/01_calib,"MATRIX_[8, 12]_robust_concat_01_calib.hdf","C:\Users\hodor\Documents\lab-Shishkin\projects\BCI_classifier\data\pr_Agency_EBCI\features\csp\test\05_19 Darisy\MATRIX_[8, 12]_robust_concat_01_calib.hdf","[8, 12]","[0, 1, 2]","[0, 1, 2]",3,lda,time_series_by_class,3,5,30,0.9,0.9,0.07956324256490427,"[2.3897593468205143, 1.8684910022937804, 0.5841595396222303]",1.6141366295788417,2.768892608776714,final_score_3,80,80,
pr_Agency_EBCI,test,05_19 Darisy,01_calib,test/05_19 Darisy/01_calib,"MATRIX_[8, 15]_robust_concat_01_calib.hdf","C:\Users\hodor\Documents\lab-Shishkin\projects\BCI_classifier\data\pr_Agency_EBCI\features\csp\test\05_19 Darisy\MATRIX_[8, 15]_robust_concat_01_calib.hdf","[8, 15]","[-2, -1]","[54, 55]",2,lda,time_series_by_class,3,5,30,0.8666666666666667,0.8666666666666667,0.13514364395704279,"[0.4917588095484698, 2.9545484393914827]",1.7231536244699763,2.7514611311406636,final_score_3,81,81,
pr_Agency_EBCI,test,05_19 Darisy,01_calib,test/05_19 Darisy/01_calib,"MATRIX_[8, 15]_robust_concat_01_calib.hdf","C:\Users\hodor\Documents\lab-Shishkin\projects\BCI_classifier\data\pr_Agency_EBCI\features\csp\test\05_19 Darisy\MATRIX_[8, 15]_robust_concat_01_calib.hdf","[8, 15]","[-3, -1]","[53, 55]",2,lda,time_series_by_class,3,5,30,0.7666666666666667,0.7666666666666666,0.1550915401411282,"[0.5574757574244031, 2.9545484393914827]",1.7560120984079428,2.7450596537003222,final_score_3,82,82,
pr_Agency_EBCI,test,05_19 Darisy,01_calib,test/05_19 Darisy/01_calib,"MATRIX_[8, 12]_robust_concat_01_calib.hdf","C:\Users\hodor\Documents\lab-Shishkin\projects\BCI_classifier\data\pr_Agency_EBCI\features\csp\test\05_19 Darisy\MATRIX_[8, 12]_robust_concat_01_calib.hdf","[8, 12]","[0, 1, -2, -1]","[0, 1, 54, 55]",4,lda,time_series_by_class,3,5,30,0.8,0.8,0.17283526494005688,"[2.3897593468205143, 1.8684910022937804, 0.3969740465180313, 2.460938107442625]",1.779040625768738,2.7333712876253973,final_score_3,83,83,
pr_Agency_EBCI,test,05_19 Darisy,01_calib,test/05_19 Darisy/01_calib,"MATRIX_[9, 13]_robust_concat_01_calib.hdf","C:\Users\hodor\Documents\lab-Shishkin\projects\BCI_classifier\data\pr_Agency_EBCI\features\csp\test\05_19 Darisy\MATRIX_[9, 13]_robust_concat_01_calib.hdf","[9, 13]","[0, 2, -2]","[0, 2, 54]",3,lda,time_series_by_class,3,5,30,0.8333333333333334,0.8333333333333333,0.11969310130131099,"[2.638040504061817, 0.8957659335620427, 1.490707389698371]",1.6748379424407436,2.7226165373640088,final_score_3,84,84,
pr_Agency_EBCI,test,05_19 Darisy,01_calib,test/05_19 Darisy/01_calib,"MATRIX_[8, 12]_robust_concat_01_calib.hdf","C:\Users\hodor\Documents\lab-Shishkin\projects\BCI_classifier\data\pr_Agency_EBCI\features\csp\test\05_19 Darisy\MATRIX_[8, 12]_robust_concat_01_calib.hdf","[8, 12]","[0, 1, 2, -3]","[0, 1, 2, 53]",4,lda,time_series_by_class,3,5,30,0.9333333333333333,0.9333333333333333,0.07681073260539677,"[2.3897593468205143, 1.8684910022937804, 0.5841595396222303, 1.4566314971548178]",1.5747603464728357,2.7125488503006197,final_score_3,85,85,
pr_Agency_EBCI,test,05_19 Darisy,01_calib,test/05_19 Darisy/01_calib,"MATRIX_[8, 12]_robust_concat_01_calib.hdf","C:\Users\hodor\Documents\lab-Shishkin\projects\BCI_classifier\data\pr_Agency_EBCI\features\csp\test\05_19 Darisy\MATRIX_[8, 12]_robust_concat_01_calib.hdf","[8, 12]","[1, 2, -3, -1]","[1, 2, 53, 55]",4,lda,time_series_by_class,3,5,30,0.9,0.9,0.08507403552598831,"[1.8684910022937804, 0.5841595396222303, 1.4566314971548178, 2.460938107442625]",1.5925550366283634,2.7098472752497798,final_score_3,86,86,
pr_Agency_EBCI,test,05_19 Darisy,01_calib,test/05_19 Darisy/01_calib,"MATRIX_[9, 13]_robust_concat_01_calib.hdf","C:\Users\hodor\Documents\lab-Shishkin\projects\BCI_classifier\data\pr_Agency_EBCI\features\csp\test\05_19 Darisy\MATRIX_[9, 13]_robust_concat_01_calib.hdf","[9, 13]","[0, 1, 2, -2]","[0, 1, 2, 54]",4,lda,time_series_by_class,3,5,30,0.9,0.9,0.09686466445060779,"[2.638040504061817, 1.4459632026064737, 0.8957659335620427, 1.490707389698371]",1.6176192574821762,2.707421750800686,final_score_3,87,87,
pr_Agency_EBCI,test,05_19 Darisy,01_calib,test/05_19 Darisy/01_calib,"MATRIX_[8, 15]_robust_concat_01_calib.hdf","C:\Users\hodor\Documents\lab-Shishkin\projects\BCI_classifier\data\pr_Agency_EBCI\features\csp\test\05_19 Darisy\MATRIX_[8, 15]_robust_concat_01_calib.hdf","[8, 15]","[1, 2, -3, -1]","[1, 2, 53, 55]",4,lda,time_series_by_class,3,5,30,0.8,0.8,0.18892900744833865,"[1.6430156434297964, 1.9861697149844235, 0.5574757574244031, 2.9545484393914827]",1.7853023888075263,2.7033631940534133,final_score_3,88,88,
pr_Agency_EBCI,test,05_19 Darisy,01_calib,test/05_19 Darisy/01_calib,"MATRIX_[9, 13]_robust_concat_01_calib.hdf","C:\Users\hodor\Documents\lab-Shishkin\projects\BCI_classifier\data\pr_Agency_EBCI\features\csp\test\05_19 Darisy\MATRIX_[9, 13]_robust_concat_01_calib.hdf","[9, 13]","[2, -2, -1]","[2, 54, 55]",3,lda,time_series_by_class,3,5,30,0.9,0.9,0.08745139312291574,"[0.8957659335620427, 1.490707389698371, 2.3860994129580635]",1.5908575787394923,2.6977282475201676,final_score_3,89,89,
pr_Agency_EBCI,test,05_19 Darisy,01_calib,test/05_19 Darisy/01_calib,"MATRIX_[8, 15]_robust_concat_01_calib.hdf","C:\Users\hodor\Documents\lab-Shishkin\projects\BCI_classifier\data\pr_Agency_EBCI\features\csp\test\05_19 Darisy\MATRIX_[8, 15]_robust_concat_01_calib.hdf","[8, 15]","[1, -2, -1]","[1, 54, 55]",3,lda,time_series_by_class,3,5,30,0.8333333333333334,0.8333333333333333,0.14994201388326792,"[1.6430156434297964, 0.4917588095484698, 2.9545484393914827]",1.6964409641232496,2.6659964314979905,final_score_3,90,90,
pr_Agency_EBCI,test,05_19 Darisy,01_calib,test/05_19 Darisy/01_calib,"MATRIX_[8, 15]_robust_concat_01_calib.hdf","C:\Users\hodor\Documents\lab-Shishkin\projects\BCI_classifier\data\pr_Agency_EBCI\features\csp\test\05_19 Darisy\MATRIX_[8, 15]_robust_concat_01_calib.hdf","[8, 15]","[1, -3, -1]","[1, 53, 55]",3,lda,time_series_by_class,3,5,30,0.8,0.8,0.16481320561730511,"[1.6430156434297964, 0.5574757574244031, 2.9545484393914827]",1.7183466134152274,2.660388506064147,final_score_3,91,91,
pr_Agency_EBCI,test,05_19 Darisy,01_calib,test/05_19 Darisy/01_calib,"MATRIX_[8, 12]_robust_concat_01_calib.hdf","C:\Users\hodor\Documents\lab-Shishkin\projects\BCI_classifier\data\pr_Agency_EBCI\features\csp\test\05_19 Darisy\MATRIX_[8, 12]_robust_concat_01_calib.hdf","[8, 12]","[1, -3]","[1, 53]",2,lda,time_series_by_class,3,5,30,0.8333333333333334,0.8333333333333333,0.13624289790709568,"[1.8684910022937804, 1.4566314971548178]",1.6625612497242992,2.651466151551351,final_score_3,92,92,
pr_Agency_EBCI,test,05_19 Darisy,01_calib,test/05_19 Darisy/01_calib,"MATRIX_[8, 12]_robust_concat_01_calib.hdf","C:\Users\hodor\Documents\lab-Shishkin\projects\BCI_classifier\data\pr_Agency_EBCI\features\csp\test\05_19 Darisy\MATRIX_[8, 12]_robust_concat_01_calib.hdf","[8, 12]","[0, -2, -1]","[0, 54, 55]",3,lda,time_series_by_class,3,5,30,0.7666666666666667,0.7666666666666666,0.18923658604622118,"[2.3897593468205143, 0.3969740465180313, 2.460938107442625]",1.7492238335937236,2.648021067102501,final_score_3,93,93,
pr_Agency_EBCI,test,05_19 Darisy,01_calib,test/05_19 Darisy/01_calib,"MATRIX_[8, 15]_robust_concat_01_calib.hdf","C:\Users\hodor\Documents\lab-Shishkin\projects\BCI_classifier\data\pr_Agency_EBCI\features\csp\test\05_19 Darisy\MATRIX_[8, 15]_robust_concat_01_calib.hdf","[8, 15]","[0, 1, 2, -2]","[0, 1, 2, 54]",4,lda,time_series_by_class,3,5,30,0.8666666666666667,0.8666666666666667,0.12546259389279732,"[2.4317044831465497, 1.6430156434297964, 1.9861697149844235, 0.4917588095484698]",1.6381621627773097,2.644829099941153,final_score_3,94,94,
pr_Agency_EBCI,test,05_19 Darisy,01_calib,test/05_19 Darisy/01_calib,"MATRIX_[10, 14]_robust_concat_01_calib.hdf","C:\Users\hodor\Documents\lab-Shishkin\projects\BCI_classifier\data\pr_Agency_EBCI\features\csp\test\05_19 Darisy\MATRIX_[10, 14]_robust_concat_01_calib.hdf","[10, 14]","[0, 1, 2, -3]","[0, 1, 2, 53]",4,lda,time_series_by_class,3,5,30,0.9,0.9,0.09008915980799309,"[3.221158118304888, 0.6672031700641871, 1.7460838269106516, 0.6258891484793266]",1.5650835659397633,2.6441197953360467,final_score_3,95,95,
pr_Agency_EBCI,test,05_19 Darisy,01_calib,test/05_19 Darisy/01_calib,"MATRIX_[8, 15]_robust_concat_01_calib.hdf","C:\Users\hodor\Documents\lab-Shishkin\projects\BCI_classifier\data\pr_Agency_EBCI\features\csp\test\05_19 Darisy\MATRIX_[8, 15]_robust_concat_01_calib.hdf","[8, 15]","[0, 1, 2, -3]","[0, 1, 2, 53]",4,lda,time_series_by_class,3,5,30,0.8333333333333334,0.8333333333333333,0.13654998157421275,"[2.4317044831465497, 1.6430156434297964, 1.9861697149844235, 0.5574757574244031]",1.654591399746293,2.6378577734402926,final_score_3,96,96,
pr_Agency_EBCI,test,05_19 Darisy,01_calib,test/05_19 Darisy/01_calib,"MATRIX_[9, 13]_robust_concat_01_calib.hdf","C:\Users\hodor\Documents\lab-Shishkin\projects\BCI_classifier\data\pr_Agency_EBCI\features\csp\test\05_19 Darisy\MATRIX_[9, 13]_robust_concat_01_calib.hdf","[9, 13]","[2, -1]","[2, 55]",2,lda,time_series_by_class,3,5,30,0.8333333333333334,0.8333333333333334,0.13007143989955183,"[0.8957659335620427, 2.3860994129580635]",1.640932673260053,2.6352220754327615,final_score_3,97,97,
pr_Agency_EBCI,test,05_19 Darisy,01_calib,test/05_19 Darisy/01_calib,"MATRIX_[8, 15]_robust_concat_01_calib.hdf","C:\Users\hodor\Documents\lab-Shishkin\projects\BCI_classifier\data\pr_Agency_EBCI\features\csp\test\05_19 Darisy\MATRIX_[8, 15]_robust_concat_01_calib.hdf","[8, 15]","[0, 2, -3]","[0, 2, 53]",3,lda,time_series_by_class,3,5,30,0.8333333333333334,0.8333333333333333,0.141550364285609,"[2.4317044831465497, 1.9861697149844235, 0.5574757574244031]",1.6584499851851255,2.6295805466494415,final_score_3,98,98,
pr_Agency_EBCI,test,05_19 Darisy,01_calib,test/05_19 Darisy/01_calib,"MATRIX_[8, 15]_robust_concat_01_calib.hdf","C:\Users\hodor\Documents\lab-Shishkin\projects\BCI_classifier\data\pr_Agency_EBCI\features\csp\test\05_19 Darisy\MATRIX_[8, 15]_robust_concat_01_calib.hdf","[8, 15]","[0, 2, -2]","[0, 2, 54]",3,lda,time_series_by_class,3,5,30,0.8333333333333334,0.8333333333333333,0.13425649671178125,"[2.4317044831465497, 1.9861697149844235, 0.4917588095484698]",1.6365443358931477,2.615759012043055,final_score_3,99,99,
pr_Agency_EBCI,test,05_19 Darisy,01_calib,test/05_19 Darisy/01_calib,"MATRIX_[8, 12]_robust_concat_01_calib.hdf","C:\Users\hodor\Documents\lab-Shishkin\projects\BCI_classifier\data\pr_Agency_EBCI\features\csp\test\05_19 Darisy\MATRIX_[8, 12]_robust_concat_01_calib.hdf","[8, 12]","[1, 2, -1]","[1, 2, 55]",3,lda,time_series_by_class,3,5,30,0.8,0.8,0.1357449518216344,"[1.8684910022937804, 0.5841595396222303, 2.460938107442625]",1.6378628831195454,2.613521861301094,final_score_3,100,100,
pr_Agency_EBCI,test,05_19 Darisy,01_calib,test/05_19 Darisy/01_calib,"MATRIX_[10, 14]_robust_concat_01_calib.hdf","C:\Users\hodor\Documents\lab-Shishkin\projects\BCI_classifier\data\pr_Agency_EBCI\features\csp\test\05_19 Darisy\MATRIX_[10, 14]_robust_concat_01_calib.hdf","[10, 14]","[0, 1, -3]","[0, 1, 53]",3,lda,time_series_by_class,3,5,30,0.9333333333333333,0.9333333333333333,0.07170187584815338,"[3.221158118304888, 0.6672031700641871, 0.6258891484793266]",1.5047501456161338,2.6123981078680374,final_score_3,101,101,
pr_Agency_EBCI,test,05_19 Darisy,01_calib,test/05_19 Darisy/01_calib,"MATRIX_[10, 14]_robust_concat_01_calib.hdf","C:\Users\hodor\Documents\lab-Shishkin\projects\BCI_classifier\data\pr_Agency_EBCI\features\csp\test\05_19 Darisy\MATRIX_[10, 14]_robust_concat_01_calib.hdf","[10, 14]","[1, 2, -2, -1]","[1, 2, 54, 55]",4,lda,time_series_by_class,3,5,30,0.9,0.9,0.09830603002630654,"[0.6672031700641871, 1.7460838269106516, 0.8975738964605742, 2.938688228094952]",1.5623872803825911,2.609893614897391,final_score_3,102,102,
pr_Agency_EBCI,test,05_19 Darisy,01_calib,test/05_19 Darisy/01_calib,"MATRIX_[9, 13]_robust_concat_01_calib.hdf","C:\Users\hodor\Documents\lab-Shishkin\projects\BCI_classifier\data\pr_Agency_EBCI\features\csp\test\05_19 Darisy\MATRIX_[9, 13]_robust_concat_01_calib.hdf","[9, 13]","[1, 2, -1]","[1, 2, 55]",3,lda,time_series_by_class,3,5,30,0.8666666666666667,0.8666666666666667,0.11282215559069084,"[1.4459632026064737, 0.8957659335620427, 2.3860994129580635]",1.57594284970886,2.5835075771707388,final_score_3,103,103,
pr_Agency_EBCI,test,05_19 Darisy,01_calib,test/05_19 Darisy/01_calib,"MATRIX_[8, 12]_robust_concat_01_calib.hdf","C:\Users\hodor\Documents\lab-Shishkin\projects\BCI_classifier\data\pr_Agency_EBCI\features\csp\test\05_19 Darisy\MATRIX_[8, 12]_robust_concat_01_calib.hdf","[8, 12]","[1, -2, -1]","[1, 54, 55]",3,lda,time_series_by_class,3,5,30,0.8333333333333334,0.8333333333333333,0.11431011433543506,"[1.8684910022937804, 0.3969740465180313, 2.460938107442625]",1.5754677187514787,2.5779602551959937,final_score_3,104,104,
pr_Agency_EBCI,test,05_19 Darisy,01_calib,test/05_19 Darisy/01_calib,"MATRIX_[8, 12]_robust_concat_01_calib.hdf","C:\Users\hodor\Documents\lab-Shishkin\projects\BCI_classifier\data\pr_Agency_EBCI\features\csp\test\05_19 Darisy\MATRIX_[8, 12]_robust_concat_01_calib.hdf","[8, 12]","[1, -3, -2, -1]","[1, 53, 54, 55]",4,lda,time_series_by_class,3,5,30,0.8666666666666667,0.8666666666666667,0.10042013695596338,"[1.8684910022937804, 1.4566314971548178, 0.3969740465180313, 2.460938107442625]",1.5457586633523137,2.5748232786706247,final_score_3,105,105,
pr_Agency_EBCI,test,05_19 Darisy,01_calib,test/05_19 Darisy/01_calib,"MATRIX_[8, 12]_robust_concat_01_calib.hdf","C:\Users\hodor\Documents\lab-Shishkin\projects\BCI_classifier\data\pr_Agency_EBCI\features\csp\test\05_19 Darisy\MATRIX_[8, 12]_robust_concat_01_calib.hdf","[8, 12]","[0, -3, -2, -1]","[0, 53, 54, 55]",4,lda,time_series_by_class,3,5,30,0.8,0.8,0.17411835180786608,"[2.3897593468205143, 1.4566314971548178, 0.3969740465180313, 2.460938107442625]",1.676075749483997,2.5720893993809524,final_score_3,106,106,
pr_Agency_EBCI,test,05_19 Darisy,01_calib,test/05_19 Darisy/01_calib,"MATRIX_[9, 13]_robust_concat_01_calib.hdf","C:\Users\hodor\Documents\lab-Shishkin\projects\BCI_classifier\data\pr_Agency_EBCI\features\csp\test\05_19 Darisy\MATRIX_[9, 13]_robust_concat_01_calib.hdf","[9, 13]","[1, 2, -2, -1]","[1, 2, 54, 55]",4,lda,time_series_by_class,3,5,30,0.8666666666666667,0.8666666666666667,0.10762262620650462,"[1.4459632026064737, 0.8957659335620427, 1.490707389698371, 2.3860994129580635]",1.5546339847062378,2.5653749720500127,final_score_3,107,107,
pr_Agency_EBCI,test,05_19 Darisy,01_calib,test/05_19 Darisy/01_calib,"MATRIX_[8, 12]_robust_concat_01_calib.hdf","C:\Users\hodor\Documents\lab-Shishkin\projects\BCI_classifier\data\pr_Agency_EBCI\features\csp\test\05_19 Darisy\MATRIX_[8, 12]_robust_concat_01_calib.hdf","[8, 12]","[0, 2]","[0, 2]",2,lda,time_series_by_class,3,5,30,0.9333333333333333,0.9333333333333333,0.07640362496193062,"[2.3897593468205143, 0.5841595396222303]",1.4869594432213722,2.562892831161688,final_score_3,108,108,
pr_Agency_EBCI,test,05_19 Darisy,01_calib,test/05_19 Darisy/01_calib,"MATRIX_[8, 12]_robust_concat_01_calib.hdf","C:\Users\hodor\Documents\lab-Shishkin\projects\BCI_classifier\data\pr_Agency_EBCI\features\csp\test\05_19 Darisy\MATRIX_[8, 12]_robust_concat_01_calib.hdf","[8, 12]","[0, 2, -3]","[0, 2, 53]",3,lda,time_series_by_class,3,5,30,0.9333333333333333,0.9333333333333333,0.07575117851224618,"[2.3897593468205143, 0.5841595396222303, 1.4566314971548178]",1.476850127865854,2.5479970479507426,final_score_3,109,109,
pr_Agency_EBCI,test,05_19 Darisy,01_calib,test/05_19 Darisy/01_calib,"MATRIX_[8, 12]_robust_concat_01_calib.hdf","C:\Users\hodor\Documents\lab-Shishkin\projects\BCI_classifier\data\pr_Agency_EBCI\features\csp\test\05_19 Darisy\MATRIX_[8, 12]_robust_concat_01_calib.hdf","[8, 12]","[2, -3, -1]","[2, 53, 55]",3,lda,time_series_by_class,3,5,30,0.9,0.9,0.08793138129487413,"[0.5841595396222303, 1.4566314971548178, 2.460938107442625]",1.5005763814065578,2.542891654342924,final_score_3,110,110,
pr_Agency_EBCI,test,05_19 Darisy,01_calib,test/05_19 Darisy/01_calib,"MATRIX_[10, 14]_robust_concat_01_calib.hdf","C:\Users\hodor\Documents\lab-Shishkin\projects\BCI_classifier\data\pr_Agency_EBCI\features\csp\test\05_19 Darisy\MATRIX_[10, 14]_robust_concat_01_calib.hdf","[10, 14]","[1, 2, -3, -1]","[1, 2, 53, 55]",4,lda,time_series_by_class,3,5,30,0.9,0.9,0.08800672014492697,"[0.6672031700641871, 1.7460838269106516, 0.6258891484793266, 2.938688228094952]",1.4944660933872793,2.5322655535076914,final_score_3,111,111,
pr_Agency_EBCI,test,05_19 Darisy,01_calib,test/05_19 Darisy/01_calib,"MATRIX_[10, 14]_robust_concat_01_calib.hdf","C:\Users\hodor\Documents\lab-Shishkin\projects\BCI_classifier\data\pr_Agency_EBCI\features\csp\test\05_19 Darisy\MATRIX_[10, 14]_robust_concat_01_calib.hdf","[10, 14]","[1, -2, -1]","[1, 54, 55]",3,lda,time_series_by_class,3,5,30,0.9,0.9,0.09812578976277674,"[0.6672031700641871, 0.8975738964605742, 2.938688228094952]",1.501155098206571,2.5082166472265754,final_score_3,112,112,
pr_Agency_EBCI,test,05_19 Darisy,01_calib,test/05_19 Darisy/01_calib,"MATRIX_[10, 14]_robust_concat_01_calib.hdf","C:\Users\hodor\Documents\lab-Shishkin\projects\BCI_classifier\data\pr_Agency_EBCI\features\csp\test\05_19 Darisy\MATRIX_[10, 14]_robust_concat_01_calib.hdf","[10, 14]","[0, 2, -3, -2]","[0, 2, 53, 54]",4,lda,time_series_by_class,3,5,30,0.8,0.8,0.17276421868245712,"[3.221158118304888, 1.7460838269106516, 0.6258891484793266, 0.8975738964605742]",1.6226762475388599,2.4932942769593027,final_score_3,113,113,
pr_Agency_EBCI,test,05_19 Darisy,01_calib,test/05_19 Darisy/01_calib,"MATRIX_[8, 15]_robust_concat_01_calib.hdf","C:\Users\hodor\Documents\lab-Shishkin\projects\BCI_classifier\data\pr_Agency_EBCI\features\csp\test\05_19 Darisy\MATRIX_[8, 15]_robust_concat_01_calib.hdf","[8, 15]","[0, -3, -2, -1]","[0, 53, 54, 55]",4,lda,time_series_by_class,3,5,30,0.8333333333333334,0.8333333333333333,0.16680363992518735,"[2.4317044831465497, 0.5574757574244031, 0.4917588095484698, 2.9545484393914827]",1.6088718723777262,2.4861106438936624,final_score_3,114,114,
pr_Agency_EBCI,test,05_19 Darisy,01_calib,test/05_19 Darisy/01_calib,"MATRIX_[8, 12]_robust_concat_01_calib.hdf","C:\Users\hodor\Documents\lab-Shishkin\projects\BCI_classifier\data\pr_Agency_EBCI\features\csp\test\05_19 Darisy\MATRIX_[8, 12]_robust_concat_01_calib.hdf","[8, 12]","[0, 2, -2, -1]","[0, 2, 54, 55]",4,lda,time_series_by_class,3,5,30,0.9,0.9,0.08493782392895849,"[2.3897593468205143, 0.5841595396222303, 0.3969740465180313, 2.460938107442625]",1.4579577601008502,2.4813092688597242,final_score_3,115,115,
pr_Agency_EBCI,test,05_19 Darisy,01_calib,test/05_19 Darisy/01_calib,"MATRIX_[10, 14]_robust_concat_01_calib.hdf","C:\Users\hodor\Documents\lab-Shishkin\projects\BCI_classifier\data\pr_Agency_EBCI\features\csp\test\05_19 Darisy\MATRIX_[10, 14]_robust_concat_01_calib.hdf","[10, 14]","[2, -3, -2, -1]","[2, 53, 54, 55]",4,lda,time_series_by_class,3,5,30,0.8333333333333334,0.8333333333333333,0.13825682550469773,"[1.7460838269106516, 0.6258891484793266, 0.8975738964605742, 2.938688228094952]",1.5520587749863761,2.469739458987723,final_score_3,116,116,
pr_Agency_EBCI,test,05_19 Darisy,01_calib,test/05_19 Darisy/01_calib,"MATRIX_[10, 14]_robust_concat_01_calib.hdf","C:\Users\hodor\Documents\lab-Shishkin\projects\BCI_classifier\data\pr_Agency_EBCI\features\csp\test\05_19 Darisy\MATRIX_[10, 14]_robust_concat_01_calib.hdf","[10, 14]","[0, -3, -2]","[0, 53, 54]",3,lda,time_series_by_class,3,5,30,0.8,0.8,0.16278576332863817,"[3.221158118304888, 0.6258891484793266, 0.8975738964605742]",1.581540387748263,2.453427075493276,final_score_3,117,117,
pr_Agency_EBCI,test,05_19 Darisy,01_calib,test/05_19 Darisy/01_calib,"MATRIX_[8, 15]_robust_concat_01_calib.hdf","C:\Users\hodor\Documents\lab-Shishkin\projects\BCI_classifier\data\pr_Agency_EBCI\features\csp\test\05_19 Darisy\MATRIX_[8, 15]_robust_concat_01_calib.hdf","[8, 15]","[0, 1, -3]","[0, 1, 53]",3,lda,time_series_by_class,3,5,30,0.8333333333333334,0.8333333333333333,0.14588691648155755,"[2.4317044831465497, 1.6430156434297964, 0.5574757574244031]",1.5440652946669164,2.436880386011515,final_score_3,118,118,
pr_Agency_EBCI,test,05_19 Darisy,01_calib,test/05_19 Darisy/01_calib,"MATRIX_[8, 12]_robust_concat_01_calib.hdf","C:\Users\hodor\Documents\lab-Shishkin\projects\BCI_classifier\data\pr_Agency_EBCI\features\csp\test\05_19 Darisy\MATRIX_[8, 12]_robust_concat_01_calib.hdf","[8, 12]","[-3, -2, -1]","[53, 54, 55]",3,lda,time_series_by_class,3,5,30,0.8666666666666667,0.8666666666666667,0.0941420173470932,"[1.4566314971548178, 0.3969740465180313, 2.460938107442625]",1.4381812170384913,2.4160634183027945,final_score_3,119,119,
pr_Agency_EBCI,test,05_19 Darisy,01_calib,test/05_19 Darisy/01_calib,"MATRIX_[8, 12]_robust_concat_01_calib.hdf","C:\Users\hodor\Documents\lab-Shishkin\projects\BCI_classifier\data\pr_Agency_EBCI\features\csp\test\05_19 Darisy\MATRIX_[8, 12]_robust_concat_01_calib.hdf","[8, 12]","[2, -1]","[2, 55]",2,lda,time_series_by_class,3,5,30,0.8,0.8,0.14183079744102536,"[0.5841595396222303, 2.460938107442625]",1.5225488235324276,2.413368980715665,final_score_3,120,120,
pr_Agency_EBCI,test,05_19 Darisy,01_calib,test/05_19 Darisy/01_calib,"MATRIX_[8, 12]_robust_concat_01_calib.hdf","C:\Users\hodor\Documents\lab-Shishkin\projects\BCI_classifier\data\pr_Agency_EBCI\features\csp\test\05_19 Darisy\MATRIX_[8, 12]_robust_concat_01_calib.hdf","[8, 12]","[0, 1, -2]","[0, 1, 54]",3,lda,time_series_by_class,3,5,30,0.8333333333333334,0.8333333333333333,0.16125031243415425,"[2.3897593468205143, 1.8684910022937804, 0.3969740465180313]",1.5517414652107755,2.410836343083643,final_score_3,121,121,
pr_Agency_EBCI,test,05_19 Darisy,01_calib,test/05_19 Darisy/01_calib,"MATRIX_[9, 13]_robust_concat_01_calib.hdf","C:\Users\hodor\Documents\lab-Shishkin\projects\BCI_classifier\data\pr_Agency_EBCI\features\csp\test\05_19 Darisy\MATRIX_[9, 13]_robust_concat_01_calib.hdf","[9, 13]","[-3, -2, -1]","[53, 54, 55]",3,lda,time_series_by_class,3,5,30,0.9,0.9,0.11479212109095016,"[0.5250551094291201, 1.490707389698371, 2.3860994129580635]",1.467287304028518,2.399513497583462,final_score_3,122,122,
pr_Agency_EBCI,test,05_19 Darisy,01_calib,test/05_19 Darisy/01_calib,"MATRIX_[9, 13]_robust_concat_01_calib.hdf","C:\Users\hodor\Documents\lab-Shishkin\projects\BCI_classifier\data\pr_Agency_EBCI\features\csp\test\05_19 Darisy\MATRIX_[9, 13]_robust_concat_01_calib.hdf","[9, 13]","[-3, -1]","[53, 55]",2,lda,time_series_by_class,3,5,30,0.9,0.9,0.11081369269338306,"[0.5250551094291201, 2.3860994129580635]",1.4555772611935918,2.3922009012785317,final_score_3,123,123,
pr_Agency_EBCI,test,05_19 Darisy,01_calib,test/05_19 Darisy/01_calib,"MATRIX_[9, 13]_robust_concat_01_calib.hdf","C:\Users\hodor\Documents\lab-Shishkin\projects\BCI_classifier\data\pr_Agency_EBCI\features\csp\test\05_19 Darisy\MATRIX_[9, 13]_robust_concat_01_calib.hdf","[9, 13]","[0, 1, -3]","[0, 1, 53]",3,lda,time_series_by_class,3,5,30,0.8333333333333334,0.8333333333333333,0.15997793449356662,"[2.638040504061817, 1.4459632026064737, 0.5250551094291201]",1.536352938699137,2.38993466773514,final_score_3,124,124,
pr_Agency_EBCI,test,05_19 Darisy,01_calib,test/05_19 Darisy/01_calib,"MATRIX_[10, 14]_robust_concat_01_calib.hdf","C:\Users\hodor\Documents\lab-Shishkin\projects\BCI_classifier\data\pr_Agency_EBCI\features\csp\test\05_19 Darisy\MATRIX_[10, 14]_robust_concat_01_calib.hdf","[10, 14]","[1, -3, -1]","[1, 53, 55]",3,lda,time_series_by_class,3,5,30,0.9,0.9,0.0897477182845164,"[0.6672031700641871, 0.6258891484793266, 2.938688228094952]",1.4105935155461553,2.3842636613528114,final_score_3,125,125,
pr_Agency_EBCI,test,05_19 Darisy,01_calib,test/05_19 Darisy/01_calib,"MATRIX_[9, 13]_robust_concat_01_calib.hdf","C:\Users\hodor\Documents\lab-Shishkin\projects\BCI_classifier\data\pr_Agency_EBCI\features\csp\test\05_19 Darisy\MATRIX_[9, 13]_robust_concat_01_calib.hdf","[9, 13]","[0, -3]","[0, 53]",2,lda,time_series_by_class,3,5,30,0.7666666666666667,0.7666666666666666,0.1941086523305553,"[2.638040504061817, 0.5250551094291201]",1.5815478067454685,2.3841426228668654,final_score_3,126,126,
pr_Agency_EBCI,test,05_19 Darisy,01_calib,test/05_19 Darisy/01_calib,"MATRIX_[9, 13]_robust_concat_01_calib.hdf","C:\Users\hodor\Documents\lab-Shishkin\projects\BCI_classifier\data\pr_Agency_EBCI\features\csp\test\05_19 Darisy\MATRIX_[9, 13]_robust_concat_01_calib.hdf","[9, 13]","[1, -3, -2, -1]","[1, 53, 54, 55]",4,lda,time_series_by_class,3,5,30,0.8333333333333334,0.8333333333333333,0.11764902413339136,"[1.4459632026064737, 0.5250551094291201, 1.490707389698371, 2.3860994129580635]",1.4619562786730071,2.382441573826367,final_score_3,127,127,
pr_Agency_EBCI,test,05_19 Darisy,01_calib,test/05_19 Darisy/01_calib,"MATRIX_[8, 15]_robust_concat_01_calib.hdf","C:\Users\hodor\Documents\lab-Shishkin\projects\BCI_classifier\data\pr_Agency_EBCI\features\csp\test\05_19 Darisy\MATRIX_[8, 15]_robust_concat_01_calib.hdf","[8, 15]","[0, 1, -2]","[0, 1, 54]",3,lda,time_series_by_class,3,5,30,0.8,0.8,0.1572655010985575,"[2.4317044831465497, 1.6430156434297964, 0.4917588095484698]",1.5221596453749386,2.3742764272609267,final_score_3,128,128,
pr_Agency_EBCI,test,05_19 Darisy,01_calib,test/05_19 Darisy/01_calib,"MATRIX_[9, 13]_robust_concat_01_calib.hdf","C:\Users\hodor\Documents\lab-Shishkin\projects\BCI_classifier\data\pr_Agency_EBCI\features\csp\test\05_19 Darisy\MATRIX_[9, 13]_robust_concat_01_calib.hdf","[9, 13]","[0, 1, -3, -2]","[0, 1, 53, 54]",4,lda,time_series_by_class,3,5,30,0.8333333333333334,0.8333333333333333,0.15961615727150882,"[2.638040504061817, 1.4459632026064737, 0.5250551094291201, 1.490707389698371]",1.5249415514489455,2.373035565365912,final_score_3,129,129,
pr_Agency_EBCI,test,05_19 Darisy,01_calib,test/05_19 Darisy/01_calib,"MATRIX_[10, 14]_robust_concat_01_calib.hdf","C:\Users\hodor\Documents\lab-Shishkin\projects\BCI_classifier\data\pr_Agency_EBCI\features\csp\test\05_19 Darisy\MATRIX_[10, 14]_robust_concat_01_calib.hdf","[10, 14]","[-3, -2, -1]","[53, 54, 55]",3,lda,time_series_by_class,3,5,30,0.8,0.8,0.13855805584635766,"[0.6258891484793266, 0.8975738964605742, 2.938688228094952]",1.487383757678284,2.366041779245657,final_score_3,130,130,
pr_Agency_EBCI,test,05_19 Darisy,01_calib,test/05_19 Darisy/01_calib,"MATRIX_[9, 13]_robust_concat_01_calib.hdf","C:\Users\hodor\Documents\lab-Shishkin\projects\BCI_classifier\data\pr_Agency_EBCI\features\csp\test\05_19 Darisy\MATRIX_[9, 13]_robust_concat_01_calib.hdf","[9, 13]","[0, -3, -2]","[0, 53, 54]",3,lda,time_series_by_class,3,5,30,0.7666666666666667,0.7666666666666666,0.1844563381277393,"[2.638040504061817, 0.5250551094291201, 1.490707389698371]",1.5512676677297694,2.3582605633518186,final_score_3,131,131,
pr_Agency_EBCI,test,05_19 Darisy,01_calib,test/05_19 Darisy/01_calib,"MATRIX_[8, 12]_robust_concat_01_calib.hdf","C:\Users\hodor\Documents\lab-Shishkin\projects\BCI_classifier\data\pr_Agency_EBCI\features\csp\test\05_19 Darisy\MATRIX_[8, 12]_robust_concat_01_calib.hdf","[8, 12]","[0, 1, -3, -2]","[0, 1, 53, 54]",4,lda,time_series_by_class,3,5,30,0.8333333333333334,0.8333333333333333,0.17101627509620215,"[2.3897593468205143, 1.8684910022937804, 1.4566314971548178, 0.3969740465180313]",1.527963973196786,2.351628095640253,final_score_3,132,132,
pr_Agency_EBCI,test,05_19 Darisy,01_calib,test/05_19 Darisy/01_calib,"MATRIX_[9, 13]_robust_concat_01_calib.hdf","C:\Users\hodor\Documents\lab-Shishkin\projects\BCI_classifier\data\pr_Agency_EBCI\features\csp\test\05_19 Darisy\MATRIX_[9, 13]_robust_concat_01_calib.hdf","[9, 13]","[1, -3, -1]","[1, 53, 55]",3,lda,time_series_by_class,3,5,30,0.8333333333333334,0.8333333333333334,0.12429627326750678,"[1.4459632026064737, 0.5250551094291201, 2.3860994129580635]",1.4523725749978855,2.348079799977216,final_score_3,133,133,
pr_Agency_EBCI,test,05_19 Darisy,01_calib,test/05_19 Darisy/01_calib,"MATRIX_[8, 12]_robust_concat_01_calib.hdf","C:\Users\hodor\Documents\lab-Shishkin\projects\BCI_classifier\data\pr_Agency_EBCI\features\csp\test\05_19 Darisy\MATRIX_[8, 12]_robust_concat_01_calib.hdf","[8, 12]","[-2, -1]","[54, 55]",2,lda,time_series_by_class,3,5,30,0.8333333333333334,0.8333333333333333,0.11173265925529646,"[0.3969740465180313, 2.460938107442625]",1.4289560769803282,2.3457391181887703,final_score_3,134,134,
pr_Agency_EBCI,test,05_19 Darisy,01_calib,test/05_19 Darisy/01_calib,"MATRIX_[10, 14]_robust_concat_01_calib.hdf","C:\Users\hodor\Documents\lab-Shishkin\projects\BCI_classifier\data\pr_Agency_EBCI\features\csp\test\05_19 Darisy\MATRIX_[10, 14]_robust_concat_01_calib.hdf","[10, 14]","[0, 1, -3, -2]","[0, 1, 53, 54]",4,lda,time_series_by_class,3,5,30,0.9,0.9,0.07352727911206346,"[3.221158118304888, 0.6672031700641871, 0.6258891484793266, 0.8975738964605742]",1.352956083327244,2.3422220078955514,final_score_3,135,135,
pr_Agency_EBCI,test,05_19 Darisy,01_calib,test/05_19 Darisy/01_calib,"MATRIX_[8, 15]_robust_concat_01_calib.hdf","C:\Users\hodor\Documents\lab-Shishkin\projects\BCI_classifier\data\pr_Agency_EBCI\features\csp\test\05_19 Darisy\MATRIX_[8, 15]_robust_concat_01_calib.hdf","[8, 15]","[2, -3, -2, -1]","[2, 53, 54, 55]",4,lda,time_series_by_class,3,5,30,0.8,0.8,0.15476049014675117,"[1.9861697149844235, 0.5574757574244031, 0.4917588095484698, 2.9545484393914827]",1.4974881803371947,2.3417130711742433,final_score_3,136,136,
pr_Agency_EBCI,test,05_19 Darisy,01_calib,test/05_19 Darisy/01_calib,"MATRIX_[9, 13]_robust_concat_01_calib.hdf","C:\Users\hodor\Documents\lab-Shishkin\projects\BCI_classifier\data\pr_Agency_EBCI\features\csp\test\05_19 Darisy\MATRIX_[9, 13]_robust_concat_01_calib.hdf","[9, 13]","[1, -2]","[1, 54]",2,lda,time_series_by_class,3,5,30,0.8,0.8,0.14844052038676672,"[1.4459632026064737, 1.490707389698371]",1.4683352961524223,2.3111392814768497,final_score_3,137,137,
pr_Agency_EBCI,test,05_19 Darisy,01_calib,test/05_19 Darisy/01_calib,"MATRIX_[9, 13]_robust_concat_01_calib.hdf","C:\Users\hodor\Documents\lab-Shishkin\projects\BCI_classifier\data\pr_Agency_EBCI\features\csp\test\05_19 Darisy\MATRIX_[9, 13]_robust_concat_01_calib.hdf","[9, 13]","[0, 1, 2, -3]","[0, 1, 2, 53]",4,lda,time_series_by_class,3,5,30,0.9,0.9,0.09669558195292809,"[2.638040504061817, 1.4459632026064737, 0.8957659335620427, 0.5250551094291201]",1.3762061874148634,2.3038952202992182,final_score_3,138,138,
pr_Agency_EBCI,test,05_19 Darisy,01_calib,test/05_19 Darisy/01_calib,"MATRIX_[9, 13]_robust_concat_01_calib.hdf","C:\Users\hodor\Documents\lab-Shishkin\projects\BCI_classifier\data\pr_Agency_EBCI\features\csp\test\05_19 Darisy\MATRIX_[9, 13]_robust_concat_01_calib.hdf","[9, 13]","[0, 2, -3, -2]","[0, 2, 53, 54]",4,lda,time_series_by_class,3,5,30,0.8666666666666667,0.8666666666666667,0.11265546395396177,"[2.638040504061817, 0.8957659335620427, 0.5250551094291201, 1.490707389698371]",1.3873922341878377,2.2748817516537025,final_score_3,139,139,
pr_Agency_EBCI,test,05_19 Darisy,01_calib,test/05_19 Darisy/01_calib,"MATRIX_[8, 12]_robust_concat_01_calib.hdf","C:\Users\hodor\Documents\lab-Shishkin\projects\BCI_classifier\data\pr_Agency_EBCI\features\csp\test\05_19 Darisy\MATRIX_[8, 12]_robust_concat_01_calib.hdf","[8, 12]","[1, 2, -2, -1]","[1, 2, 54, 55]",4,lda,time_series_by_class,3,5,30,0.9,0.9,0.08363528764857027,"[1.8684910022937804, 0.5841595396222303, 0.3969740465180313, 2.460938107442625]",1.3276406739691669,2.263801110828589,final_score_3,140,140,
pr_Agency_EBCI,test,05_19 Darisy,01_calib,test/05_19 Darisy/01_calib,"MATRIX_[8, 15]_robust_concat_01_calib.hdf","C:\Users\hodor\Documents\lab-Shishkin\projects\BCI_classifier\data\pr_Agency_EBCI\features\csp\test\05_19 Darisy\MATRIX_[8, 15]_robust_concat_01_calib.hdf","[8, 15]","[0, -3]","[0, 53]",2,lda,time_series_by_class,3,5,30,0.7666666666666667,0.7666666666666666,0.1913837219677532,"[2.4317044831465497, 0.5574757574244031]",1.4945901202854763,2.2583368151000442,final_score_3,141,141,
pr_Agency_EBCI,test,05_19 Darisy,01_calib,test/05_19 Darisy/01_calib,"MATRIX_[8, 15]_robust_concat_01_calib.hdf","C:\Users\hodor\Documents\lab-Shishkin\projects\BCI_classifier\data\pr_Agency_EBCI\features\csp\test\05_19 Darisy\MATRIX_[8, 15]_robust_concat_01_calib.hdf","[8, 15]","[0, -2]","[0, 54]",2,lda,time_series_by_class,3,5,30,0.8,0.8,0.17141313337024558,"[2.4317044831465497, 0.4917588095484698]",1.4617316463475098,2.248850633273787,final_score_3,142,142,
pr_Agency_EBCI,test,05_19 Darisy,01_calib,test/05_19 Darisy/01_calib,"MATRIX_[9, 13]_robust_concat_01_calib.hdf","C:\Users\hodor\Documents\lab-Shishkin\projects\BCI_classifier\data\pr_Agency_EBCI\features\csp\test\05_19 Darisy\MATRIX_[9, 13]_robust_concat_01_calib.hdf","[9, 13]","[0, 2, -3]","[0, 2, 53]",3,lda,time_series_by_class,3,5,30,0.8666666666666667,0.8666666666666667,0.10494531468999672,"[2.638040504061817, 0.8957659335620427, 0.5250551094291201]",1.35295384901766,2.240295797781854,final_score_3,143,143,
pr_Agency_EBCI,test,05_19 Darisy,01_calib,test/05_19 Darisy/01_calib,"MATRIX_[8, 12]_robust_concat_01_calib.hdf","C:\Users\hodor\Documents\lab-Shishkin\projects\BCI_classifier\data\pr_Agency_EBCI\features\csp\test\05_19 Darisy\MATRIX_[8, 12]_robust_concat_01_calib.hdf","[8, 12]","[0, 1, 2, -2]","[0, 1, 2, 54]",4,lda,time_series_by_class,3,5,30,0.8666666666666667,0.8666666666666667,0.08585937937036008,"[2.3897593468205143, 1.8684910022937804, 0.5841595396222303, 0.3969740465180313]",1.3098459838136391,2.2262727854800626,final_score_3,144,144,
pr_Agency_EBCI,test,05_19 Darisy,01_calib,test/05_19 Darisy/01_calib,"MATRIX_[9, 13]_robust_concat_01_calib.hdf","C:\Users\hodor\Documents\lab-Shishkin\projects\BCI_classifier\data\pr_Agency_EBCI\features\csp\test\05_19 Darisy\MATRIX_[9, 13]_robust_concat_01_calib.hdf","[9, 13]","[2, -3, -2, -1]","[2, 53, 54, 55]",4,lda,time_series_by_class,3,5,30,0.9,0.9,0.09613054419738686,"[0.8957659335620427, 0.5250551094291201, 1.490707389698371, 2.3860994129580635]",1.3244069614118992,2.218882041651586,final_score_3,145,145,
pr_Agency_EBCI,test,05_19 Darisy,01_calib,test/05_19 Darisy/01_calib,"MATRIX_[8, 15]_robust_concat_01_calib.hdf","C:\Users\hodor\Documents\lab-Shishkin\projects\BCI_classifier\data\pr_Agency_EBCI\features\csp\test\05_19 Darisy\MATRIX_[8, 15]_robust_concat_01_calib.hdf","[8, 15]","[1, 2, -2]","[1, 2, 54]",3,lda,time_series_by_class,3,5,30,0.8666666666666667,0.8666666666666667,0.1351787947045797,"[1.6430156434297964, 1.9861697149844235, 0.4917588095484698]",1.3736480559875632,2.1932989871858037,final_score_3,146,146,
pr_Agency_EBCI,test,05_19 Darisy,01_calib,test/05_19 Darisy/01_calib,"MATRIX_[8, 12]_robust_concat_01_calib.hdf","C:\Users\hodor\Documents\lab-Shishkin\projects\BCI_classifier\data\pr_Agency_EBCI\features\csp\test\05_19 Darisy\MATRIX_[8, 12]_robust_concat_01_calib.hdf","[8, 12]","[1, 2, -3]","[1, 2, 53]",3,lda,time_series_by_class,3,5,30,0.8666666666666667,0.8666666666666667,0.09378052695932064,"[1.8684910022937804, 0.5841595396222303, 1.4566314971548178]",1.3030940130236095,2.190214767085057,final_score_3,147,147,
pr_Agency_EBCI,test,05_19 Darisy,01_calib,test/05_19 Darisy/01_calib,"MATRIX_[8, 12]_robust_concat_01_calib.hdf","C:\Users\hodor\Documents\lab-Shishkin\projects\BCI_classifier\data\pr_Agency_EBCI\features\csp\test\05_19 Darisy\MATRIX_[8, 12]_robust_concat_01_calib.hdf","[8, 12]","[0, -3, -2]","[0, 53, 54]",3,lda,time_series_by_class,3,5,30,0.7666666666666667,0.7666666666666666,0.1705860885002111,"[2.3897593468205143, 1.4566314971548178, 0.3969740465180313]",1.4144549634977877,2.1778160325666187,final_score_3,148,148,
pr_Agency_EBCI,test,05_19 Darisy,01_calib,test/05_19 Darisy/01_calib,"MATRIX_[10, 14]_robust_concat_01_calib.hdf","C:\Users\hodor\Documents\lab-Shishkin\projects\BCI_classifier\data\pr_Agency_EBCI\features\csp\test\05_19 Darisy\MATRIX_[10, 14]_robust_concat_01_calib.hdf","[10, 14]","[1, -3, -2, -1]","[1, 53, 54, 55]",4,lda,time_series_by_class,3,5,30,0.9,0.9,0.08824138643967502,"[0.6672031700641871, 0.6258891484793266, 0.8975738964605742, 2.938688228094952]",1.2823386107747599,2.1721057789209177,final_score_3,149,149,
pr_Agency_EBCI,test,05_19 Darisy,01_calib,test/05_19 Darisy/01_calib,"MATRIX_[8, 12]_robust_concat_01_calib.hdf","C:\Users\hodor\Documents\lab-Shishkin\projects\BCI_classifier\data\pr_Agency_EBCI\features\csp\test\05_19 Darisy\MATRIX_[8, 12]_robust_concat_01_calib.hdf","[8, 12]","[2, -3, -2, -1]","[2, 53, 54, 55]",4,lda,time_series_by_class,3,5,30,0.9333333333333333,0.9333333333333333,0.06003664973762199,"[0.5841595396222303, 1.4566314971548178, 0.3969740465180313, 2.460938107442625]",1.224675797684426,2.1666013292740143,final_score_3,150,150,
pr_Agency_EBCI,test,05_19 Darisy,01_calib,test/05_19 Darisy/01_calib,"MATRIX_[9, 13]_robust_concat_01_calib.hdf","C:\Users\hodor\Documents\lab-Shishkin\projects\BCI_classifier\data\pr_Agency_EBCI\features\csp\test\05_19 Darisy\MATRIX_[9, 13]_robust_concat_01_calib.hdf","[9, 13]","[1, 2, -3, -1]","[1, 2, 53, 55]",4,lda,time_series_by_class,3,5,30,0.8333333333333334,0.8333333333333334,0.1095804902374436,"[1.4459632026064737, 0.8957659335620427, 0.5250551094291201, 2.3860994129580635]",1.3132209146389249,2.1616083008283478,final_score_3,151,151,
pr_Agency_EBCI,test,05_19 Darisy,01_calib,test/05_19 Darisy/01_calib,"MATRIX_[8, 15]_robust_concat_01_calib.hdf","C:\Users\hodor\Documents\lab-Shishkin\projects\BCI_classifier\data\pr_Agency_EBCI\features\csp\test\05_19 Darisy\MATRIX_[8, 15]_robust_concat_01_calib.hdf","[8, 15]","[0, 2, -3, -2]","[0, 2, 53, 54]",4,lda,time_series_by_class,3,5,30,0.8333333333333334,0.8333333333333333,0.14659273057549324,"[2.4317044831465497, 1.9861697149844235, 0.5574757574244031, 0.4917588095484698]",1.3667771912759616,2.1554707042682986,final_score_3,152,152,
pr_Agency_EBCI,test,05_19 Darisy,01_calib,test/05_19 Darisy/01_calib,"MATRIX_[8, 12]_robust_concat_01_calib.hdf","C:\Users\hodor\Documents\lab-Shishkin\projects\BCI_classifier\data\pr_Agency_EBCI\features\csp\test\05_19 Darisy\MATRIX_[8, 12]_robust_concat_01_calib.hdf","[8, 12]","[0, -2]","[0, 54]",2,lda,time_series_by_class,3,5,30,0.7666666666666667,0.7666666666666666,0.16723277847243967,"[2.3897593468205143, 0.3969740465180313]",1.3933666966692728,2.1522132802804594,final_score_3,153,153,
pr_Agency_EBCI,test,05_19 Darisy,01_calib,test/05_19 Darisy/01_calib,"MATRIX_[8, 15]_robust_concat_01_calib.hdf","C:\Users\hodor\Documents\lab-Shishkin\projects\BCI_classifier\data\pr_Agency_EBCI\features\csp\test\05_19 Darisy\MATRIX_[8, 15]_robust_concat_01_calib.hdf","[8, 15]","[1, -3, -2, -1]","[1, 53, 54, 55]",4,lda,time_series_by_class,3,5,30,0.8,0.8,0.18204880777487395,"[1.6430156434297964, 0.5574757574244031, 0.4917588095484698, 2.9545484393914827]",1.411699662448538,2.150715010079407,final_score_3,154,154,
pr_Agency_EBCI,test,05_19 Darisy,01_calib,test/05_19 Darisy/01_calib,"MATRIX_[8, 15]_robust_concat_01_calib.hdf","C:\Users\hodor\Documents\lab-Shishkin\projects\BCI_classifier\data\pr_Agency_EBCI\features\csp\test\05_19 Darisy\MATRIX_[8, 15]_robust_concat_01_calib.hdf","[8, 15]","[1, 2, -3]","[1, 2, 53]",3,lda,time_series_by_class,3,5,30,0.8,0.8,0.18886864496024897,"[1.6430156434297964, 1.9861697149844235, 0.5574757574244031]",1.395553705279541,2.113304402521895,final_score_3,155,155,
pr_Agency_EBCI,test,05_19 Darisy,01_calib,test/05_19 Darisy/01_calib,"MATRIX_[10, 14]_robust_concat_01_calib.hdf","C:\Users\hodor\Documents\lab-Shishkin\projects\BCI_classifier\data\pr_Agency_EBCI\features\csp\test\05_19 Darisy\MATRIX_[10, 14]_robust_concat_01_calib.hdf","[10, 14]","[2, -2]","[2, 54]",2,lda,time_series_by_class,3,5,30,0.8666666666666667,0.8666666666666667,0.13947554113018232,"[1.7460838269106516, 0.8975738964605742]",1.3218288616856129,2.100576489443995,final_score_3,156,156,
pr_Agency_EBCI,test,05_19 Darisy,01_calib,test/05_19 Darisy/01_calib,"MATRIX_[9, 13]_robust_concat_01_calib.hdf","C:\Users\hodor\Documents\lab-Shishkin\projects\BCI_classifier\data\pr_Agency_EBCI\features\csp\test\05_19 Darisy\MATRIX_[9, 13]_robust_concat_01_calib.hdf","[9, 13]","[1, 2, -2]","[1, 2, 54]",3,lda,time_series_by_class,3,5,30,0.8,0.8,0.11498722458498227,"[1.4459632026064737, 0.8957659335620427, 1.490707389698371]",1.277478841955629,2.0886094163075235,final_score_3,157,157,
pr_Agency_EBCI,test,05_19 Darisy,01_calib,test/05_19 Darisy/01_calib,"MATRIX_[9, 13]_robust_concat_01_calib.hdf","C:\Users\hodor\Documents\lab-Shishkin\projects\BCI_classifier\data\pr_Agency_EBCI\features\csp\test\05_19 Darisy\MATRIX_[9, 13]_robust_concat_01_calib.hdf","[9, 13]","[2, -3, -1]","[2, 53, 55]",3,lda,time_series_by_class,3,5,30,0.8333333333333334,0.8333333333333334,0.11170410138875683,"[0.8957659335620427, 0.5250551094291201, 2.3860994129580635]",1.2689734853164087,2.083190224629535,final_score_3,158,158,
pr_Agency_EBCI,test,05_19 Darisy,01_calib,test/05_19 Darisy/01_calib,"MATRIX_[8, 15]_robust_concat_01_calib.hdf","C:\Users\hodor\Documents\lab-Shishkin\projects\BCI_classifier\data\pr_Agency_EBCI\features\csp\test\05_19 Darisy\MATRIX_[8, 15]_robust_concat_01_calib.hdf","[8, 15]","[-3, -2, -1]","[53, 54, 55]",3,lda,time_series_by_class,3,5,30,0.8333333333333334,0.8333333333333333,0.15760478917832932,"[0.5574757574244031, 0.4917588095484698, 2.9545484393914827]",1.3345943354547851,2.0810017527163325,final_score_3,159,159,
pr_Agency_EBCI,test,05_19 Darisy,01_calib,test/05_19 Darisy/01_calib,"MATRIX_[8, 12]_robust_concat_01_calib.hdf","C:\Users\hodor\Documents\lab-Shishkin\projects\BCI_classifier\data\pr_Agency_EBCI\features\csp\test\05_19 Darisy\MATRIX_[8, 12]_robust_concat_01_calib.hdf","[8, 12]","[0, 2, -3, -2]","[0, 2, 53, 54]",4,lda,time_series_by_class,3,5,30,0.9333333333333333,0.9333333333333333,0.07671458129307356,"[2.3897593468205143, 0.5841595396222303, 1.4566314971548178, 0.3969740465180313]",1.2068811075288983,2.079174213218669,final_score_3,160,160,
pr_Agency_EBCI,test,05_19 Darisy,01_calib,test/05_19 Darisy/01_calib,"MATRIX_[10, 14]_robust_concat_01_calib.hdf","C:\Users\hodor\Documents\lab-Shishkin\projects\BCI_classifier\data\pr_Agency_EBCI\features\csp\test\05_19 Darisy\MATRIX_[10, 14]_robust_concat_01_calib.hdf","[10, 14]","[1, 2]","[1, 2]",2,lda,time_series_by_class,3,5,30,0.8,0.8,0.09758033137882591,"[0.6672031700641871, 1.7460838269106516]",1.2066434984874193,2.0176134257648624,final_score_3,161,161,
pr_Agency_EBCI,test,05_19 Darisy,01_calib,test/05_19 Darisy/01_calib,"MATRIX_[8, 12]_robust_concat_01_calib.hdf","C:\Users\hodor\Documents\lab-Shishkin\projects\BCI_classifier\data\pr_Agency_EBCI\features\csp\test\05_19 Darisy\MATRIX_[8, 12]_robust_concat_01_calib.hdf","[8, 12]","[2, -2, -1]","[2, 54, 55]",3,lda,time_series_by_class,3,5,30,0.9,0.9,0.069316629864736,"[0.5841595396222303, 0.3969740465180313, 2.460938107442625]",1.1473572311942954,1.9994080174903772,final_score_3,162,162,
pr_Agency_EBCI,test,05_19 Darisy,01_calib,test/05_19 Darisy/01_calib,"MATRIX_[8, 12]_robust_concat_01_calib.hdf","C:\Users\hodor\Documents\lab-Shishkin\projects\BCI_classifier\data\pr_Agency_EBCI\features\csp\test\05_19 Darisy\MATRIX_[8, 12]_robust_concat_01_calib.hdf","[8, 12]","[1, -3, -2]","[1, 53, 54]",3,lda,time_series_by_class,3,5,30,0.8333333333333334,0.8333333333333333,0.13250064043363108,"[1.8684910022937804, 1.4566314971548178, 0.3969740465180313]",1.2406988486555433,1.986982432974349,final_score_3,163,163,
pr_Agency_EBCI,test,05_19 Darisy,01_calib,test/05_19 Darisy/01_calib,"MATRIX_[8, 15]_robust_concat_01_calib.hdf","C:\Users\hodor\Documents\lab-Shishkin\projects\BCI_classifier\data\pr_Agency_EBCI\features\csp\test\05_19 Darisy\MATRIX_[8, 15]_robust_concat_01_calib.hdf","[8, 15]","[0, 1, -3, -2]","[0, 1, 53, 54]",4,lda,time_series_by_class,3,5,30,0.8,0.8,0.16315166179325924,"[2.4317044831465497, 1.6430156434297964, 0.5574757574244031, 0.4917588095484698]",1.2809886733873048,1.9864728047619076,final_score_3,164,164,
pr_Agency_EBCI,test,05_19 Darisy,01_calib,test/05_19 Darisy/01_calib,"MATRIX_[8, 15]_robust_concat_01_calib.hdf","C:\Users\hodor\Documents\lab-Shishkin\projects\BCI_classifier\data\pr_Agency_EBCI\features\csp\test\05_19 Darisy\MATRIX_[8, 15]_robust_concat_01_calib.hdf","[8, 15]","[2, -2]","[2, 54]",2,lda,time_series_by_class,3,5,30,0.8333333333333334,0.8333333333333333,0.13756049493487868,"[1.9861697149844235, 0.4917588095484698]",1.2389642622664467,1.97303372884041,final_score_3,165,165,
pr_Agency_EBCI,test,05_19 Darisy,01_calib,test/05_19 Darisy/01_calib,"MATRIX_[8, 12]_robust_concat_01_calib.hdf","C:\Users\hodor\Documents\lab-Shishkin\projects\BCI_classifier\data\pr_Agency_EBCI\features\csp\test\05_19 Darisy\MATRIX_[8, 12]_robust_concat_01_calib.hdf","[8, 12]","[1, 2]","[1, 2]",2,lda,time_series_by_class,3,5,30,0.8,0.8,0.13151147491875492,"[1.8684910022937804, 0.5841595396222303]",1.2263252709580055,1.9661640782020362,final_score_3,166,166,
pr_Agency_EBCI,test,05_19 Darisy,01_calib,test/05_19 Darisy/01_calib,"MATRIX_[8, 15]_robust_concat_01_calib.hdf","C:\Users\hodor\Documents\lab-Shishkin\projects\BCI_classifier\data\pr_Agency_EBCI\features\csp\test\05_19 Darisy\MATRIX_[8, 15]_robust_concat_01_calib.hdf","[8, 15]","[2, -3]","[2, 53]",2,lda,time_series_by_class,3,5,30,0.7666666666666667,0.7666666666666666,0.1812497974078222,"[1.9861697149844235, 0.5574757574244031]",1.2718227362044132,1.9390087884209588,final_score_3,167,167,
pr_Agency_EBCI,test,05_19 Darisy,01_calib,test/05_19 Darisy/01_calib,"MATRIX_[9, 13]_robust_concat_01_calib.hdf","C:\Users\hodor\Documents\lab-Shishkin\projects\BCI_classifier\data\pr_Agency_EBCI\features\csp\test\05_19 Darisy\MATRIX_[9, 13]_robust_concat_01_calib.hdf","[9, 13]","[2, -2]","[2, 54]",2,lda,time_series_by_class,3,5,30,0.8666666666666667,0.8666666666666667,0.12058963720275928,"[0.8957659335620427, 1.490707389698371]",1.1932366616302068,1.9376379292703927,final_score_3,168,168,
pr_Agency_EBCI,test,05_19 Darisy,01_calib,test/05_19 Darisy/01_calib,"MATRIX_[8, 12]_robust_concat_01_calib.hdf","C:\Users\hodor\Documents\lab-Shishkin\projects\BCI_classifier\data\pr_Agency_EBCI\features\csp\test\05_19 Darisy\MATRIX_[8, 12]_robust_concat_01_calib.hdf","[8, 12]","[0, 2, -2]","[0, 2, 54]",3,lda,time_series_by_class,3,5,30,0.9333333333333333,0.9333333333333333,0.0788142806780436,"[2.3897593468205143, 0.5841595396222303, 0.3969740465180313]",1.123630977653592,1.9296377395174775,final_score_3,169,169,
pr_Agency_EBCI,test,05_19 Darisy,01_calib,test/05_19 Darisy/01_calib,"MATRIX_[10, 14]_robust_concat_01_calib.hdf","C:\Users\hodor\Documents\lab-Shishkin\projects\BCI_classifier\data\pr_Agency_EBCI\features\csp\test\05_19 Darisy\MATRIX_[10, 14]_robust_concat_01_calib.hdf","[10, 14]","[2, -3]","[2, 53]",2,lda,time_series_by_class,3,5,30,0.8333333333333334,0.8333333333333333,0.1335973997446933,"[1.7460838269106516, 0.6258891484793266]",1.185986487694989,1.897015103986747,final_score_3,170,170,
pr_Agency_EBCI,test,05_19 Darisy,01_calib,test/05_19 Darisy/01_calib,"MATRIX_[9, 13]_robust_concat_01_calib.hdf","C:\Users\hodor\Documents\lab-Shishkin\projects\BCI_classifier\data\pr_Agency_EBCI\features\csp\test\05_19 Darisy\MATRIX_[9, 13]_robust_concat_01_calib.hdf","[9, 13]","[1, 2]","[1, 2]",2,lda,time_series_by_class,3,5,30,0.8666666666666667,0.8666666666666667,0.13118545120885508,"[1.4459632026064737, 0.8957659335620427]",1.1708645680842582,1.8779394494297417,final_score_3,171,171,
pr_Agency_EBCI,test,05_19 Darisy,01_calib,test/05_19 Darisy/01_calib,"MATRIX_[9, 13]_robust_concat_01_calib.hdf","C:\Users\hodor\Documents\lab-Shishkin\projects\BCI_classifier\data\pr_Agency_EBCI\features\csp\test\05_19 Darisy\MATRIX_[9, 13]_robust_concat_01_calib.hdf","[9, 13]","[1, -3, -2]","[1, 53, 54]",3,lda,time_series_by_class,3,5,30,0.8666666666666667,0.8666666666666667,0.1296764490429542,"[1.4459632026064737, 0.5250551094291201, 1.490707389698371]",1.153908567244655,1.8539334374435632,final_score_3,172,172,
pr_Agency_EBCI,test,05_19 Darisy,01_calib,test/05_19 Darisy/01_calib,"MATRIX_[8, 12]_robust_concat_01_calib.hdf","C:\Users\hodor\Documents\lab-Shishkin\projects\BCI_classifier\data\pr_Agency_EBCI\features\csp\test\05_19 Darisy\MATRIX_[8, 12]_robust_concat_01_calib.hdf","[8, 12]","[1, 2, -3, -2]","[1, 2, 53, 54]",4,lda,time_series_by_class,3,5,30,0.9,0.9,0.07760897088902784,"[1.8684910022937804, 0.5841595396222303, 1.4566314971548178, 0.3969740465180313]",1.076564021397215,1.85216145108371,final_score_3,173,173,
pr_Agency_EBCI,test,05_19 Darisy,01_calib,test/05_19 Darisy/01_calib,"MATRIX_[10, 14]_robust_concat_01_calib.hdf","C:\Users\hodor\Documents\lab-Shishkin\projects\BCI_classifier\data\pr_Agency_EBCI\features\csp\test\05_19 Darisy\MATRIX_[10, 14]_robust_concat_01_calib.hdf","[10, 14]","[1, 2, -2]","[1, 2, 54]",3,lda,time_series_by_class,3,5,30,0.9,0.9,0.0967311616501429,"[0.6672031700641871, 1.7460838269106516, 0.8975738964605742]",1.1036202978118042,1.8474722691885168,final_score_3,174,174,
pr_Agency_EBCI,test,05_19 Darisy,01_calib,test/05_19 Darisy/01_calib,"MATRIX_[9, 13]_robust_concat_01_calib.hdf","C:\Users\hodor\Documents\lab-Shishkin\projects\BCI_classifier\data\pr_Agency_EBCI\features\csp\test\05_19 Darisy\MATRIX_[9, 13]_robust_concat_01_calib.hdf","[9, 13]","[1, 2, -3, -2]","[1, 2, 53, 54]",4,lda,time_series_by_class,3,5,30,0.9,0.9,0.0943180992592078,"[1.4459632026064737, 0.8957659335620427, 0.5250551094291201, 1.490707389698371]",1.0893729088240018,1.8296419657157998,final_score_3,175,175,
pr_Agency_EBCI,test,05_19 Darisy,01_calib,test/05_19 Darisy/01_calib,"MATRIX_[8, 12]_robust_concat_01_calib.hdf","C:\Users\hodor\Documents\lab-Shishkin\projects\BCI_classifier\data\pr_Agency_EBCI\features\csp\test\05_19 Darisy\MATRIX_[8, 12]_robust_concat_01_calib.hdf","[8, 12]","[1, -2]","[1, 54]",2,lda,time_series_by_class,3,5,30,0.7333333333333333,0.7333333333333334,0.14677245589746063,"[1.8684910022937804, 0.3969740465180313]",1.1327325244059059,1.7860326958248554,final_score_3,176,176,
pr_Agency_EBCI,test,05_19 Darisy,01_calib,test/05_19 Darisy/01_calib,"MATRIX_[10, 14]_robust_concat_01_calib.hdf","C:\Users\hodor\Documents\lab-Shishkin\projects\BCI_classifier\data\pr_Agency_EBCI\features\csp\test\05_19 Darisy\MATRIX_[10, 14]_robust_concat_01_calib.hdf","[10, 14]","[2, -3, -2]","[2, 53, 54]",3,lda,time_series_by_class,3,5,30,0.8333333333333334,0.8333333333333333,0.12193529476343785,"[1.7460838269106516, 0.6258891484793266, 0.8975738964605742]",1.0898489572835175,1.7669098294593082,final_score_3,177,177,
pr_Agency_EBCI,test,05_19 Darisy,01_calib,test/05_19 Darisy/01_calib,"MATRIX_[8, 15]_robust_concat_01_calib.hdf","C:\Users\hodor\Documents\lab-Shishkin\projects\BCI_classifier\data\pr_Agency_EBCI\features\csp\test\05_19 Darisy\MATRIX_[8, 15]_robust_concat_01_calib.hdf","[8, 15]","[1, 2, -3, -2]","[1, 2, 53, 54]",4,lda,time_series_by_class,3,5,30,0.8,0.8,0.19193634871407805,"[1.6430156434297964, 1.9861697149844235, 0.5574757574244031, 0.4917588095484698]",1.1696049813467733,1.7664391281076868,final_score_3,178,178,
pr_Agency_EBCI,test,05_19 Darisy,01_calib,test/05_19 Darisy/01_calib,"MATRIX_[8, 15]_robust_concat_01_calib.hdf","C:\Users\hodor\Documents\lab-Shishkin\projects\BCI_classifier\data\pr_Agency_EBCI\features\csp\test\05_19 Darisy\MATRIX_[8, 15]_robust_concat_01_calib.hdf","[8, 15]","[0, -3, -2]","[0, 53, 54]",3,lda,time_series_by_class,3,5,30,0.8,0.8,0.18406160914307587,"[2.4317044831465497, 0.5574757574244031, 0.4917588095484698]",1.1603130167064741,1.7645457695168278,final_score_3,179,179,
pr_Agency_EBCI,test,05_19 Darisy,01_calib,test/05_19 Darisy/01_calib,"MATRIX_[10, 14]_robust_concat_01_calib.hdf","C:\Users\hodor\Documents\lab-Shishkin\projects\BCI_classifier\data\pr_Agency_EBCI\features\csp\test\05_19 Darisy\MATRIX_[10, 14]_robust_concat_01_calib.hdf","[10, 14]","[1, 2, -3]","[1, 2, 53]",3,lda,time_series_by_class,3,5,30,0.8666666666666667,0.8666666666666667,0.09179318571451858,"[0.6672031700641871, 1.7460838269106516, 0.6258891484793266]",1.0130587151513883,1.707426345890054,final_score_3,180,180,
pr_Agency_EBCI,test,05_19 Darisy,01_calib,test/05_19 Darisy/01_calib,"MATRIX_[10, 14]_robust_concat_01_calib.hdf","C:\Users\hodor\Documents\lab-Shishkin\projects\BCI_classifier\data\pr_Agency_EBCI\features\csp\test\05_19 Darisy\MATRIX_[10, 14]_robust_concat_01_calib.hdf","[10, 14]","[1, 2, -3, -2]","[1, 2, 53, 54]",4,lda,time_series_by_class,3,5,30,0.8666666666666667,0.8666666666666667,0.0726274334154284,"[0.6672031700641871, 1.7460838269106516, 0.6258891484793266, 0.8975738964605742]",0.9841875104786848,1.7061893267661783,final_score_3,181,181,
pr_Agency_EBCI,test,05_19 Darisy,01_calib,test/05_19 Darisy/01_calib,"MATRIX_[8, 15]_robust_concat_01_calib.hdf","C:\Users\hodor\Documents\lab-Shishkin\projects\BCI_classifier\data\pr_Agency_EBCI\features\csp\test\05_19 Darisy\MATRIX_[8, 15]_robust_concat_01_calib.hdf","[8, 15]","[1, -2]","[1, 54]",2,lda,time_series_by_class,3,5,30,0.8333333333333334,0.8333333333333333,0.1359221979817067,"[1.6430156434297964, 0.4917588095484698]",1.067387226489133,1.7028839176290615,final_score_3,182,182,
pr_Agency_EBCI,test,05_19 Darisy,01_calib,test/05_19 Darisy/01_calib,"MATRIX_[8, 12]_robust_concat_01_calib.hdf","C:\Users\hodor\Documents\lab-Shishkin\projects\BCI_classifier\data\pr_Agency_EBCI\features\csp\test\05_19 Darisy\MATRIX_[8, 12]_robust_concat_01_calib.hdf","[8, 12]","[2, -3]","[2, 53]",2,lda,time_series_by_class,3,5,30,0.9,0.9,0.10162578907128283,"[0.5841595396222303, 1.4566314971548178]",1.020395518388524,1.6969925172926033,final_score_3,183,183,
pr_Agency_EBCI,test,05_19 Darisy,01_calib,test/05_19 Darisy/01_calib,"MATRIX_[8, 15]_robust_concat_01_calib.hdf","C:\Users\hodor\Documents\lab-Shishkin\projects\BCI_classifier\data\pr_Agency_EBCI\features\csp\test\05_19 Darisy\MATRIX_[8, 15]_robust_concat_01_calib.hdf","[8, 15]","[1, -3]","[1, 53]",2,lda,time_series_by_class,3,5,30,0.8,0.8,0.17637448140995268,"[1.6430156434297964, 0.5574757574244031]",1.1002457004270998,1.6849004816468156,final_score_3,184,184,
pr_Agency_EBCI,test,05_19 Darisy,01_calib,test/05_19 Darisy/01_calib,"MATRIX_[9, 13]_robust_concat_01_calib.hdf","C:\Users\hodor\Documents\lab-Shishkin\projects\BCI_classifier\data\pr_Agency_EBCI\features\csp\test\05_19 Darisy\MATRIX_[9, 13]_robust_concat_01_calib.hdf","[9, 13]","[2, -3, -2]","[2, 53, 54]",3,lda,time_series_by_class,3,5,30,0.8666666666666667,0.8666666666666667,0.08229075597651365,"[0.8957659335620427, 0.5250551094291201, 1.490707389698371]",0.9705094775631778,1.6581051263869908,final_score_3,185,185,
pr_Agency_EBCI,test,05_19 Darisy,01_calib,test/05_19 Darisy/01_calib,"MATRIX_[9, 13]_robust_concat_01_calib.hdf","C:\Users\hodor\Documents\lab-Shishkin\projects\BCI_classifier\data\pr_Agency_EBCI\features\csp\test\05_19 Darisy\MATRIX_[9, 13]_robust_concat_01_calib.hdf","[9, 13]","[-3, -2]","[53, 54]",2,lda,time_series_by_class,3,5,30,0.7666666666666667,0.7666666666666666,0.13264786937956033,"[0.5250551094291201, 1.490707389698371]",1.0078812495637455,1.6138561210959754,final_score_3,186,186,
pr_Agency_EBCI,test,05_19 Darisy,01_calib,test/05_19 Darisy/01_calib,"MATRIX_[9, 13]_robust_concat_01_calib.hdf","C:\Users\hodor\Documents\lab-Shishkin\projects\BCI_classifier\data\pr_Agency_EBCI\features\csp\test\05_19 Darisy\MATRIX_[9, 13]_robust_concat_01_calib.hdf","[9, 13]","[1, -3]","[1, 53]",2,lda,time_series_by_class,3,5,30,0.8333333333333334,0.8333333333333333,0.11498555171293495,"[1.4459632026064737, 0.5250551094291201]",0.9855091560177969,1.6112579566586274,final_score_3,187,187,
pr_Agency_EBCI,test,05_19 Darisy,01_calib,test/05_19 Darisy/01_calib,"MATRIX_[8, 12]_robust_concat_01_calib.hdf","C:\Users\hodor\Documents\lab-Shishkin\projects\BCI_classifier\data\pr_Agency_EBCI\features\csp\test\05_19 Darisy\MATRIX_[8, 12]_robust_concat_01_calib.hdf","[8, 12]","[1, 2, -2]","[1, 2, 54]",3,lda,time_series_by_class,3,5,30,0.8333333333333334,0.8333333333333334,0.10333198389190718,"[1.8684910022937804, 0.5841595396222303, 0.3969740465180313]",0.9498748628113475,1.5761687673472022,final_score_3,188,188,
pr_Agency_EBCI,test,05_19 Darisy,01_calib,test/05_19 Darisy/01_calib,"MATRIX_[9, 13]_robust_concat_01_calib.hdf","C:\Users\hodor\Documents\lab-Shishkin\projects\BCI_classifier\data\pr_Agency_EBCI\features\csp\test\05_19 Darisy\MATRIX_[9, 13]_robust_concat_01_calib.hdf","[9, 13]","[1, 2, -3]","[1, 2, 53]",3,lda,time_series_by_class,3,5,30,0.8666666666666667,0.8666666666666667,0.11504715147823091,"[1.4459632026064737, 0.8957659335620427, 0.5250551094291201]",0.9555947485325454,1.5622307673308777,final_score_3,189,189,
pr_Agency_EBCI,test,05_19 Darisy,01_calib,test/05_19 Darisy/01_calib,"MATRIX_[8, 15]_robust_concat_01_calib.hdf","C:\Users\hodor\Documents\lab-Shishkin\projects\BCI_classifier\data\pr_Agency_EBCI\features\csp\test\05_19 Darisy\MATRIX_[8, 15]_robust_concat_01_calib.hdf","[8, 15]","[2, -3, -2]","[2, 53, 54]",3,lda,time_series_by_class,3,5,30,0.8,0.8,0.17097213093185695,"[1.9861697149844235, 0.5574757574244031, 0.4917588095484698]",1.0118014273190987,1.5572879169793985,final_score_3,190,190,
pr_Agency_EBCI,test,05_19 Darisy,01_calib,test/05_19 Darisy/01_calib,"MATRIX_[8, 12]_robust_concat_01_calib.hdf","C:\Users\hodor\Documents\lab-Shishkin\projects\BCI_classifier\data\pr_Agency_EBCI\features\csp\test\05_19 Darisy\MATRIX_[8, 12]_robust_concat_01_calib.hdf","[8, 12]","[-3, -2]","[53, 54]",2,lda,time_series_by_class,3,5,30,0.8333333333333334,0.8333333333333333,0.13445328106349674,"[1.4566314971548178, 0.3969740465180313]",0.9268027718364246,1.4810223440824322,final_score_3,191,191,
pr_Agency_EBCI,test,05_19 Darisy,01_calib,test/05_19 Darisy/01_calib,"MATRIX_[8, 12]_robust_concat_01_calib.hdf","C:\Users\hodor\Documents\lab-Shishkin\projects\BCI_classifier\data\pr_Agency_EBCI\features\csp\test\05_19 Darisy\MATRIX_[8, 12]_robust_concat_01_calib.hdf","[8, 12]","[2, -3, -2]","[2, 53, 54]",3,lda,time_series_by_class,3,5,30,0.9,0.9,0.06411721171265848,"[0.5841595396222303, 1.4566314971548178, 0.3969740465180313]",0.8125883610983599,1.4279124104695917,final_score_3,192,192,
pr_Agency_EBCI,test,05_19 Darisy,01_calib,test/05_19 Darisy/01_calib,"MATRIX_[8, 15]_robust_concat_01_calib.hdf","C:\Users\hodor\Documents\lab-Shishkin\projects\BCI_classifier\data\pr_Agency_EBCI\features\csp\test\05_19 Darisy\MATRIX_[8, 15]_robust_concat_01_calib.hdf","[8, 15]","[1, -3, -2]","[1, 53, 54]",3,lda,time_series_by_class,3,5,30,0.7666666666666667,0.7666666666666666,0.19090652515500495,"[1.6430156434297964, 0.5574757574244031, 0.4917588095484698]",0.8974167368008898,1.3565631971701764,final_score_3,193,193,
pr_Agency_EBCI,test,05_19 Darisy,01_calib,test/05_19 Darisy/01_calib,"MATRIX_[10, 14]_robust_concat_01_calib.hdf","C:\Users\hodor\Documents\lab-Shishkin\projects\BCI_classifier\data\pr_Agency_EBCI\features\csp\test\05_19 Darisy\MATRIX_[10, 14]_robust_concat_01_calib.hdf","[10, 14]","[1, -2]","[1, 54]",2,lda,time_series_by_class,3,5,30,0.9,0.9,0.09537247488166484,"[0.6672031700641871, 0.8975738964605742]",0.7823885332623806,1.31215254297644,final_score_3,194,194,
pr_Agency_EBCI,test,05_19 Darisy,01_calib,test/05_19 Darisy/01_calib,"MATRIX_[10, 14]_robust_concat_01_calib.hdf","C:\Users\hodor\Documents\lab-Shishkin\projects\BCI_classifier\data\pr_Agency_EBCI\features\csp\test\05_19 Darisy\MATRIX_[10, 14]_robust_concat_01_calib.hdf","[10, 14]","[1, -3, -2]","[1, 53, 54]",3,lda,time_series_by_class,3,5,30,0.9333333333333333,0.9333333333333333,0.060778605210964405,"[0.6672031700641871, 0.6258891484793266, 0.8975738964605742]",0.7302220716680292,1.2902542653192643,final_score_3,195,195,
pr_Agency_EBCI,test,05_19 Darisy,01_calib,test/05_19 Darisy/01_calib,"MATRIX_[10, 14]_robust_concat_01_calib.hdf","C:\Users\hodor\Documents\lab-Shishkin\projects\BCI_classifier\data\pr_Agency_EBCI\features\csp\test\05_19 Darisy\MATRIX_[10, 14]_robust_concat_01_calib.hdf","[10, 14]","[-3, -2]","[53, 54]",2,lda,time_series_by_class,3,5,30,0.8333333333333334,0.8333333333333333,0.1163348021719612,"[0.6258891484793266, 0.8975738964605742]",0.7617315224699504,1.2433298273291604,final_score_3,196,196,
pr_Agency_EBCI,test,05_19 Darisy,01_calib,test/05_19 Darisy/01_calib,"MATRIX_[9, 13]_robust_concat_01_calib.hdf","C:\Users\hodor\Documents\lab-Shishkin\projects\BCI_classifier\data\pr_Agency_EBCI\features\csp\test\05_19 Darisy\MATRIX_[9, 13]_robust_concat_01_calib.hdf","[9, 13]","[2, -3]","[2, 53]",2,lda,time_series_by_class,3,5,30,0.9,0.9,0.11193395530130619,"[0.8957659335620427, 0.5250551094291201]",0.7104105214955814,1.1658982998680094,final_score_3,197,197,
pr_Agency_EBCI,test,05_19 Darisy,01_calib,test/05_19 Darisy/01_calib,"MATRIX_[10, 14]_robust_concat_01_calib.hdf","C:\Users\hodor\Documents\lab-Shishkin\projects\BCI_classifier\data\pr_Agency_EBCI\features\csp\test\05_19 Darisy\MATRIX_[10, 14]_robust_concat_01_calib.hdf","[10, 14]","[1, -3]","[1, 53]",2,lda,time_series_by_class,3,5,30,0.9,0.9,0.08185872705491928,"[0.6672031700641871, 0.6258891484793266]",0.6465461592717568,1.105319365286967,final_score_3,198,198,
pr_Agency_EBCI,test,05_19 Darisy,01_calib,test/05_19 Darisy/01_calib,"MATRIX_[8, 12]_robust_concat_01_calib.hdf","C:\Users\hodor\Documents\lab-Shishkin\projects\BCI_classifier\data\pr_Agency_EBCI\features\csp\test\05_19 Darisy\MATRIX_[8, 12]_robust_concat_01_calib.hdf","[8, 12]","[2, -2]","[2, 54]",2,lda,time_series_by_class,3,5,30,0.9,0.9,0.07540407455318877,"[0.5841595396222303, 0.3969740465180313]",0.49056679307013085,0.8468191788534702,final_score_3,199,199,
pr_Agency_EBCI,test,05_19 Darisy,01_calib,test/05_19 Darisy/01_calib,"MATRIX_[8, 15]_robust_concat_01_calib.hdf","C:\Users\hodor\Documents\lab-Shishkin\projects\BCI_classifier\data\pr_Agency_EBCI\features\csp\test\05_19 Darisy\MATRIX_[8, 15]_robust_concat_01_calib.hdf","[8, 15]","[-3, -2]","[53, 54]",2,lda,time_series_by_class,3,5,30,0.7333333333333333,0.7333333333333334,0.1959305240791112,"[0.5574757574244031, 0.4917588095484698]",0.5246172834864364,0.7896220010219869,final_score_3,200,200,
