project,stage,subject,record,file,matrix,matrix_path,band,components,absolute_components,n_components,classifier,cv_method,cv_splits,cv_test_size,cv_tested_epochs,accuracy,balanced_accuracy,brier_score,final_score_1_component_scores,final_score_1_mean_score,final_score_1_comp_set_score,final_score_2_component_scores,final_score_2_mean_score,final_score_2_comp_set_score,final_score_3_component_scores,final_score_3_mean_score,final_score_3_comp_set_score,final_score_4_component_scores,final_score_4_mean_score,final_score_4_comp_set_score,final_score_5_component_scores,final_score_5_mean_score,final_score_5_comp_set_score
pr_Agency_EBCI,test,05_19 Darisy,01_calib,test/05_19 Darisy/01_calib,"MATRIX_[10, 14]_robust_concat_01_calib.hdf","C:\Users\hodor\Documents\lab-Shishkin\projects\BCI_classifier\data\pr_Agency_EBCI\features\csp\test\05_19 Darisy\MATRIX_[10, 14]_robust_concat_01_calib.hdf","[10, 14]","[0, 1]","[0, 1]",2,lda,time_series_by_class,3,5,30,0.9,0.9,0.05255202167572278,"[0.6155628876223234, 0.1041059139348124]",0.3598344007785679,0.6447930389165716,"[3.231301247361277, 0.4491556461467016]",1.8402284467539893,3.297534893595144,"[3.221158118304888, 0.6672031700641871]",1.9441806441845375,3.4838085048404053,"[0.6155628876223234, 0.0]",0.3077814438111617,0.5515185097581954,"[3.221158118304888, 0.0]",1.610579059152444,2.8860224695563645
pr_Agency_EBCI,test,05_19 Darisy,01_calib,test/05_19 Darisy/01_calib,"MATRIX_[10, 14]_robust_concat_01_calib.hdf","C:\Users\hodor\Documents\lab-Shishkin\projects\BCI_classifier\data\pr_Agency_EBCI\features\csp\test\05_19 Darisy\MATRIX_[10, 14]_robust_concat_01_calib.hdf","[10, 14]","[0, 2]","[0, 2]",2,lda,time_series_by_class,3,5,30,0.7666666666666667,0.7666666666666666,0.16238986906617212,"[0.6155628876223234, 0.2627644236546135]",0.43916365563846843,0.6815344795084247,"[3.231301247361277, 1.128199543764763]",2.17975039556302,3.382736782119538,"[3.221158118304888, 1.7460838269106516]",2.4836209726077696,3.854311041294134,"[0.6155628876223234, 0.0]",0.3077814438111617,0.4776435012711406,"[3.221158118304888, 0.0]",1.610579059152444,2.4994444478580835
pr_Agency_EBCI,test,05_19 Darisy,01_calib,test/05_19 Darisy/01_calib,"MATRIX_[10, 14]_robust_concat_01_calib.hdf","C:\Users\hodor\Documents\lab-Shishkin\projects\BCI_classifier\data\pr_Agency_EBCI\features\csp\test\05_19 Darisy\MATRIX_[10, 14]_robust_concat_01_calib.hdf","[10, 14]","[0, -3]","[0, 53]",2,lda,time_series_by_class,3,5,30,0.8333333333333334,0.8333333333333333,0.16515315546240922,"[0.6155628876223234, 0.0933943362388788]",0.3544786119306011,0.5486320002433541,"[3.231301247361277, 0.3988898286090431]",1.81509553798516,2.8092512837771557,"[3.221158118304888, 0.6258891484793266]",1.9235236333921073,2.9770671148697714,"[0.6155628876223234, 0.0]",0.3077814438111617,0.47635807485322657,"[3.221158118304888, 0.0]",1.610579059152444,2.4927179836335416
pr_Agency_EBCI,test,05_19 Darisy,01_calib,test/05_19 Darisy/01_calib,"MATRIX_[10, 14]_robust_concat_01_calib.hdf","C:\Users\hodor\Documents\lab-Shishkin\projects\BCI_classifier\data\pr_Agency_EBCI\features\csp\test\05_19 Darisy\MATRIX_[10, 14]_robust_concat_01_calib.hdf","[10, 14]","[0, -2]","[0, 54]",2,lda,time_series_by_class,3,5,30,0.7666666666666667,0.7666666666666666,0.16176972218561775,"[0.6155628876223234, 0.1403250639595052]",0.37794397579091427,0.5868857155847148,"[3.231301247361277, 0.6062528737298105]",1.9187770605455436,2.979549669681171,"[3.221158118304888, 0.8975738964605742]",2.059366007382731,3.1978615094060356,"[0.6155628876223234, 0.0]",0.3077814438111617,0.47793467938417317,"[3.221158118304888, 0.0]",1.610579059152444,2.5009681439117726
pr_Agency_EBCI,test,05_19 Darisy,01_calib,test/05_19 Darisy/01_calib,"MATRIX_[10, 14]_robust_concat_01_calib.hdf","C:\Users\hodor\Documents\lab-Shishkin\projects\BCI_classifier\data\pr_Agency_EBCI\features\csp\test\05_19 Darisy\MATRIX_[10, 14]_robust_concat_01_calib.hdf","[10, 14]","[0, -1]","[0, 55]",2,lda,time_series_by_class,3,5,30,0.7333333333333333,0.7333333333333334,0.18499754162247348,"[0.6155628876223234, 0.4765943612423753]",0.5460786244323493,0.8297576433325952,"[3.231301247361277, 2.084855168726934]",2.658078208044105,4.038906873516781,"[3.221158118304888, 2.938688228094952]",3.07992317319992,4.679893479618175,"[0.6155628876223234, 0.1097108889139932]",0.36263688826815826,0.5510208902749856,"[3.221158118304888, 0.6764790437405594]",1.9488185810227239,2.9611983343114994
pr_Agency_EBCI,test,05_19 Darisy,01_calib,test/05_19 Darisy/01_calib,"MATRIX_[10, 14]_robust_concat_01_calib.hdf","C:\Users\hodor\Documents\lab-Shishkin\projects\BCI_classifier\data\pr_Agency_EBCI\features\csp\test\05_19 Darisy\MATRIX_[10, 14]_robust_concat_01_calib.hdf","[10, 14]","[1, 2]","[1, 2]",2,lda,time_series_by_class,3,5,30,0.8,0.8,0.09758033137882591,"[0.1041059139348124, 0.2627644236546135]",0.18343516879471294,0.3067196398783856,"[0.4491556461467016, 1.128199543764763]",0.7886775949557323,1.3187378924904705,"[0.6672031700641871, 1.7460838269106516]",1.2066434984874193,2.0176134257648624,"[0.0, 0.0]",0.0,0.0,"[0.0, 0.0]",0.0,0.0
pr_Agency_EBCI,test,05_19 Darisy,01_calib,test/05_19 Darisy/01_calib,"MATRIX_[10, 14]_robust_concat_01_calib.hdf","C:\Users\hodor\Documents\lab-Shishkin\projects\BCI_classifier\data\pr_Agency_EBCI\features\csp\test\05_19 Darisy\MATRIX_[10, 14]_robust_concat_01_calib.hdf","[10, 14]","[1, -3]","[1, 53]",2,lda,time_series_by_class,3,5,30,0.9,0.9,0.08185872705491928,"[0.1041059139348124, 0.0933943362388788]",0.09875012508684561,0.1688207779409646,"[0.4491556461467016, 0.3988898286090431]",0.4240227373778723,0.7248988122884448,"[0.6672031700641871, 0.6258891484793266]",0.6465461592717568,1.105319365286967,"[0.0, 0.0]",0.0,0.0,"[0.0, 0.0]",0.0,0.0
pr_Agency_EBCI,test,05_19 Darisy,01_calib,test/05_19 Darisy/01_calib,"MATRIX_[10, 14]_robust_concat_01_calib.hdf","C:\Users\hodor\Documents\lab-Shishkin\projects\BCI_classifier\data\pr_Agency_EBCI\features\csp\test\05_19 Darisy\MATRIX_[10, 14]_robust_concat_01_calib.hdf","[10, 14]","[1, -2]","[1, 54]",2,lda,time_series_by_class,3,5,30,0.9,0.9,0.09537247488166484,"[0.1041059139348124, 0.1403250639595052]",0.1222154889471588,0.2049689608108604,"[0.4491556461467016, 0.6062528737298105]",0.5277042599382561,0.8850187051313435,"[0.6672031700641871, 0.8975738964605742]",0.7823885332623806,1.31215254297644,"[0.0, 0.0]",0.0,0.0,"[0.0, 0.0]",0.0,0.0
pr_Agency_EBCI,test,05_19 Darisy,01_calib,test/05_19 Darisy/01_calib,"MATRIX_[10, 14]_robust_concat_01_calib.hdf","C:\Users\hodor\Documents\lab-Shishkin\projects\BCI_classifier\data\pr_Agency_EBCI\features\csp\test\05_19 Darisy\MATRIX_[10, 14]_robust_concat_01_calib.hdf","[10, 14]","[1, -1]","[1, 55]",2,lda,time_series_by_class,3,5,30,0.9,0.9,0.07415531225328106,"[0.1041059139348124, 0.4765943612423753]",0.29035013758859385,0.5021644812190036,"[0.4491556461467016, 2.084855168726934]",1.2670054074368178,2.1913029503319796,"[0.6672031700641871, 2.938688228094952]",1.8029456990795694,3.118218917213603,"[0.0, 0.1097108889139932]",0.0548554444569966,0.09487323145965577,"[0.0, 0.6764790437405594]",0.3382395218702797,0.5849898175988512
pr_Agency_EBCI,test,05_19 Darisy,01_calib,test/05_19 Darisy/01_calib,"MATRIX_[10, 14]_robust_concat_01_calib.hdf","C:\Users\hodor\Documents\lab-Shishkin\projects\BCI_classifier\data\pr_Agency_EBCI\features\csp\test\05_19 Darisy\MATRIX_[10, 14]_robust_concat_01_calib.hdf","[10, 14]","[2, -3]","[2, 53]",2,lda,time_series_by_class,3,5,30,0.8333333333333334,0.8333333333333333,0.1335973997446933,"[0.2627644236546135, 0.0933943362388788]",0.17807937994674616,0.28484243030806955,"[1.128199543764763, 0.3988898286090431]",0.7635446861869031,1.2213088574731628,"[1.7460838269106516, 0.6258891484793266]",1.185986487694989,1.897015103986747,"[0.0, 0.0]",0.0,0.0,"[0.0, 0.0]",0.0,0.0
pr_Agency_EBCI,test,05_19 Darisy,01_calib,test/05_19 Darisy/01_calib,"MATRIX_[10, 14]_robust_concat_01_calib.hdf","C:\Users\hodor\Documents\lab-Shishkin\projects\BCI_classifier\data\pr_Agency_EBCI\features\csp\test\05_19 Darisy\MATRIX_[10, 14]_robust_concat_01_calib.hdf","[10, 14]","[2, -2]","[2, 54]",2,lda,time_series_by_class,3,5,30,0.8666666666666667,0.8666666666666667,0.13947554113018232,"[0.2627644236546135, 0.1403250639595052]",0.20154474380705933,0.32028363329292703,"[1.128199543764763, 0.6062528737298105]",0.8672262087472867,1.378147381954709,"[1.7460838269106516, 0.8975738964605742]",1.3218288616856129,2.100576489443995,"[0.0, 0.0]",0.0,0.0,"[0.0, 0.0]",0.0,0.0
pr_Agency_EBCI,test,05_19 Darisy,01_calib,test/05_19 Darisy/01_calib,"MATRIX_[10, 14]_robust_concat_01_calib.hdf","C:\Users\hodor\Documents\lab-Shishkin\projects\BCI_classifier\data\pr_Agency_EBCI\features\csp\test\05_19 Darisy\MATRIX_[10, 14]_robust_concat_01_calib.hdf","[10, 14]","[2, -1]","[2, 55]",2,lda,time_series_by_class,3,5,30,0.8666666666666667,0.8666666666666667,0.11509212008384964,"[0.2627644236546135, 0.4765943612423753]",0.3696793924484944,0.6043278453200663,"[1.128199543764763, 2.084855168726934]",1.6065273562458484,2.626246513816868,"[1.7460838269106516, 2.938688228094952]",2.3423860275028017,3.8291804461505707,"[0.0, 0.1097108889139932]",0.0548554444569966,0.08967411554429572,"[0.0, 0.6764790437405594]",0.3382395218702797,0.5529319881752259
pr_Agency_EBCI,test,05_19 Darisy,01_calib,test/05_19 Darisy/01_calib,"MATRIX_[10, 14]_robust_concat_01_calib.hdf","C:\Users\hodor\Documents\lab-Shishkin\projects\BCI_classifier\data\pr_Agency_EBCI\features\csp\test\05_19 Darisy\MATRIX_[10, 14]_robust_concat_01_calib.hdf","[10, 14]","[-3, -2]","[53, 54]",2,lda,time_series_by_class,3,5,30,0.8333333333333334,0.8333333333333333,0.1163348021719612,"[0.0933943362388788, 0.1403250639595052]",0.116859700099192,0.1907432559373931,"[0.3988898286090431, 0.6062528737298105]",0.5025713511694267,0.8203178322513448,"[0.6258891484793266, 0.8975738964605742]",0.7617315224699504,1.2433298273291604,"[0.0, 0.0]",0.0,0.0,"[0.0, 0.0]",0.0,0.0
pr_Agency_EBCI,test,05_19 Darisy,01_calib,test/05_19 Darisy/01_calib,"MATRIX_[10, 14]_robust_concat_01_calib.hdf","C:\Users\hodor\Documents\lab-Shishkin\projects\BCI_classifier\data\pr_Agency_EBCI\features\csp\test\05_19 Darisy\MATRIX_[10, 14]_robust_concat_01_calib.hdf","[10, 14]","[-3, -1]","[53, 55]",2,lda,time_series_by_class,3,5,30,0.8,0.8,0.13979907303670366,"[0.0933943362388788, 0.4765943612423753]",0.28499434874062707,0.45273721289484636,"[0.3988898286090431, 2.084855168726934]",1.2418724986679885,1.9728176937620592,"[0.6258891484793266, 2.938688228094952]",1.7822886882871392,2.8313137326224567,"[0.0, 0.1097108889139932]",0.0548554444569966,0.08714243333355033,"[0.0, 0.6764790437405594]",0.3382395218702797,0.5373215963724338
pr_Agency_EBCI,test,05_19 Darisy,01_calib,test/05_19 Darisy/01_calib,"MATRIX_[10, 14]_robust_concat_01_calib.hdf","C:\Users\hodor\Documents\lab-Shishkin\projects\BCI_classifier\data\pr_Agency_EBCI\features\csp\test\05_19 Darisy\MATRIX_[10, 14]_robust_concat_01_calib.hdf","[10, 14]","[-2, -1]","[54, 55]",2,lda,time_series_by_class,3,5,30,0.8666666666666667,0.8666666666666667,0.12923973327388008,"[0.1403250639595052, 0.4765943612423753]",0.30845971260094024,0.4958366792469107,"[0.6062528737298105, 2.084855168726934]",1.3455540212283723,2.162924396212284,"[0.8975738964605742, 2.938688228094952]",1.918131062277763,3.0833191416169927,"[0.0, 0.1097108889139932]",0.0548554444569966,0.08817793801603782,"[0.0, 0.6764790437405594]",0.3382395218702797,0.5437065343155323
pr_Agency_EBCI,test,05_19 Darisy,01_calib,test/05_19 Darisy/01_calib,"MATRIX_[10, 14]_robust_concat_01_calib.hdf","C:\Users\hodor\Documents\lab-Shishkin\projects\BCI_classifier\data\pr_Agency_EBCI\features\csp\test\05_19 Darisy\MATRIX_[10, 14]_robust_concat_01_calib.hdf","[10, 14]","[0, 1, 2]","[0, 1, 2]",3,lda,time_series_by_class,3,5,30,0.9,0.9,0.0744732994539882,"[0.6155628876223234, 0.1041059139348124, 0.2627644236546135]",0.32747774173724975,0.5661004000349448,"[3.231301247361277, 0.4491556461467016, 1.128199543764763]",1.602885479090914,2.770857359983916,"[3.221158118304888, 0.6672031700641871, 1.7460838269106516]",1.8781483717599088,3.2466956042201325,"[0.6155628876223234, 0.0, 0.0]",0.20518762920744113,0.3547013557634467,"[3.221158118304888, 0.0, 0.0]",1.073719372768296,1.8561046721065226
pr_Agency_EBCI,test,05_19 Darisy,01_calib,test/05_19 Darisy/01_calib,"MATRIX_[10, 14]_robust_concat_01_calib.hdf","C:\Users\hodor\Documents\lab-Shishkin\projects\BCI_classifier\data\pr_Agency_EBCI\features\csp\test\05_19 Darisy\MATRIX_[10, 14]_robust_concat_01_calib.hdf","[10, 14]","[0, 1, -3]","[0, 1, 53]",3,lda,time_series_by_class,3,5,30,0.9333333333333333,0.9333333333333333,0.07170187584815338,"[0.6155628876223234, 0.1041059139348124, 0.0933943362388788]",0.2710210459320049,0.4705198864063128,"[3.231301247361277, 0.4491556461467016, 0.3988898286090431]",1.3597822407056739,2.360719195197382,"[3.221158118304888, 0.6672031700641871, 0.6258891484793266]",1.5047501456161338,2.6123981078680374,"[0.6155628876223234, 0.0, 0.0]",0.20518762920744113,0.3562264312524552,"[3.221158118304888, 0.0, 0.0]",1.073719372768296,1.8640851878121112
pr_Agency_EBCI,test,05_19 Darisy,01_calib,test/05_19 Darisy/01_calib,"MATRIX_[10, 14]_robust_concat_01_calib.hdf","C:\Users\hodor\Documents\lab-Shishkin\projects\BCI_classifier\data\pr_Agency_EBCI\features\csp\test\05_19 Darisy\MATRIX_[10, 14]_robust_concat_01_calib.hdf","[10, 14]","[0, 1, -2]","[0, 1, 54]",3,lda,time_series_by_class,3,5,30,0.9333333333333333,0.9333333333333333,0.06717583980479432,"[0.6155628876223234, 0.1041059139348124, 0.1403250639595052]",0.2866646218388803,0.5012533526525086,"[3.231301247361277, 0.4491556461467016, 0.6062528737298105]",1.4289032557459296,2.4985383371140086,"[3.221158118304888, 0.6672031700641871, 0.8975738964605742]",1.5953117282765497,2.78951531303341,"[0.6155628876223234, 0.0, 0.0]",0.20518762920744113,0.3587850722676794,"[3.221158118304888, 0.0, 0.0]",1.073719372768296,1.8774742134401052
pr_Agency_EBCI,test,05_19 Darisy,01_calib,test/05_19 Darisy/01_calib,"MATRIX_[10, 14]_robust_concat_01_calib.hdf","C:\Users\hodor\Documents\lab-Shishkin\projects\BCI_classifier\data\pr_Agency_EBCI\features\csp\test\05_19 Darisy\MATRIX_[10, 14]_robust_concat_01_calib.hdf","[10, 14]","[0, 1, -1]","[0, 1, 55]",3,lda,time_series_by_class,3,5,30,0.9,0.9,0.06427985768336437,"[0.6155628876223234, 0.1041059139348124, 0.4765943612423753]",0.398754387599837,0.7005211518892196,"[3.231301247361277, 0.4491556461467016, 2.084855168726934]",1.9217706874116374,3.376115868506842,"[3.221158118304888, 0.6672031700641871, 2.938688228094952]",2.2756831721546757,3.997859952559324,"[0.6155628876223234, 0.0, 0.1097108889139932]",0.2417579255121055,0.42471392346920855,"[3.221158118304888, 0.0, 0.6764790437405594]",1.2992123873484827,2.282421927974979
pr_Agency_EBCI,test,05_19 Darisy,01_calib,test/05_19 Darisy/01_calib,"MATRIX_[10, 14]_robust_concat_01_calib.hdf","C:\Users\hodor\Documents\lab-Shishkin\projects\BCI_classifier\data\pr_Agency_EBCI\features\csp\test\05_19 Darisy\MATRIX_[10, 14]_robust_concat_01_calib.hdf","[10, 14]","[0, 2, -3]","[0, 2, 53]",3,lda,time_series_by_class,3,5,30,0.7666666666666667,0.7666666666666666,0.1571310373582829,"[0.6155628876223234, 0.2627644236546135, 0.0933943362388788]",0.3239072158386052,0.5053012600160948,"[3.231301247361277, 1.128199543764763, 0.3988898286090431]",1.5861302065783611,2.474392519655964,"[3.221158118304888, 1.7460838269106516, 0.6258891484793266]",1.864377031231622,2.908462723151606,"[0.6155628876223234, 0.0, 0.0]",0.20518762920744113,0.3200965045184333,"[3.221158118304888, 0.0, 0.0]",1.073719372768296,1.675022121871625
pr_Agency_EBCI,test,05_19 Darisy,01_calib,test/05_19 Darisy/01_calib,"MATRIX_[10, 14]_robust_concat_01_calib.hdf","C:\Users\hodor\Documents\lab-Shishkin\projects\BCI_classifier\data\pr_Agency_EBCI\features\csp\test\05_19 Darisy\MATRIX_[10, 14]_robust_concat_01_calib.hdf","[10, 14]","[0, 2, -2]","[0, 2, 54]",3,lda,time_series_by_class,3,5,30,0.7666666666666667,0.7666666666666666,0.1804524101905089,"[0.6155628876223234, 0.2627644236546135, 0.1403250639595052]",0.3395507917454807,0.5180492229029824,"[3.231301247361277, 1.128199543764763, 0.6062528737298105]",1.6552512216186168,2.525400116609063,"[3.221158118304888, 1.7460838269106516, 0.8975738964605742]",1.954938613892038,2.9826301524543073,"[0.6155628876223234, 0.0, 0.0]",0.20518762920744113,0.3130526991670163,"[3.221158118304888, 0.0, 0.0]",1.073719372768296,1.63816283219106
pr_Agency_EBCI,test,05_19 Darisy,01_calib,test/05_19 Darisy/01_calib,"MATRIX_[10, 14]_robust_concat_01_calib.hdf","C:\Users\hodor\Documents\lab-Shishkin\projects\BCI_classifier\data\pr_Agency_EBCI\features\csp\test\05_19 Darisy\MATRIX_[10, 14]_robust_concat_01_calib.hdf","[10, 14]","[0, 2, -1]","[0, 2, 55]",3,lda,time_series_by_class,3,5,30,0.7666666666666667,0.7666666666666666,0.17513899533448324,"[0.6155628876223234, 0.2627644236546135, 0.4765943612423753]",0.45164055750643745,0.692426273266935,"[3.231301247361277, 1.128199543764763, 2.084855168726934]",2.1481186532843246,3.293357447437947,"[3.221158118304888, 1.7460838269106516, 2.938688228094952]",2.635310057770164,4.040287994238995,"[0.6155628876223234, 0.0, 0.1097108889139932]",0.2417579255121055,0.37064771224118076,"[3.221158118304888, 0.0, 0.6764790437405594]",1.2992123873484827,1.991868924528827
pr_Agency_EBCI,test,05_19 Darisy,01_calib,test/05_19 Darisy/01_calib,"MATRIX_[10, 14]_robust_concat_01_calib.hdf","C:\Users\hodor\Documents\lab-Shishkin\projects\BCI_classifier\data\pr_Agency_EBCI\features\csp\test\05_19 Darisy\MATRIX_[10, 14]_robust_concat_01_calib.hdf","[10, 14]","[0, -3, -2]","[0, 53, 54]",3,lda,time_series_by_class,3,5,30,0.8,0.8,0.16278576332863817,"[0.6155628876223234, 0.0933943362388788, 0.1403250639595052]",0.28309409594023577,0.4391609125334703,"[3.231301247361277, 0.3988898286090431, 0.6062528737298105]",1.4121479832333768,2.1906504086188785,"[3.221158118304888, 0.6258891484793266, 0.8975738964605742]",1.581540387748263,2.453427075493276,"[0.6155628876223234, 0.0, 0.0]",0.20518762920744113,0.31830542485895735,"[3.221158118304888, 0.0, 0.0]",1.073719372768296,1.6656496419810058
pr_Agency_EBCI,test,05_19 Darisy,01_calib,test/05_19 Darisy/01_calib,"MATRIX_[10, 14]_robust_concat_01_calib.hdf","C:\Users\hodor\Documents\lab-Shishkin\projects\BCI_classifier\data\pr_Agency_EBCI\features\csp\test\05_19 Darisy\MATRIX_[10, 14]_robust_concat_01_calib.hdf","[10, 14]","[0, -3, -1]","[0, 53, 55]",3,lda,time_series_by_class,3,5,30,0.8,0.8,0.15962554913671945,"[0.6155628876223234, 0.0933943362388788, 0.4765943612423753]",0.39518386170119246,0.6149590487811041,"[3.231301247361277, 0.3988898286090431, 2.084855168726934]",1.9050154148990845,2.9644592833739862,"[3.221158118304888, 0.6258891484793266, 2.938688228094952]",2.2619118316263886,3.519837936741058,"[0.6155628876223234, 0.0, 0.1097108889139932]",0.2417579255121055,0.37620773092356474,"[3.221158118304888, 0.0, 0.6764790437405594]",1.2992123873484827,2.0217485867187666
pr_Agency_EBCI,test,05_19 Darisy,01_calib,test/05_19 Darisy/01_calib,"MATRIX_[10, 14]_robust_concat_01_calib.hdf","C:\Users\hodor\Documents\lab-Shishkin\projects\BCI_classifier\data\pr_Agency_EBCI\features\csp\test\05_19 Darisy\MATRIX_[10, 14]_robust_concat_01_calib.hdf","[10, 14]","[0, -2, -1]","[0, 54, 55]",3,lda,time_series_by_class,3,5,30,0.8,0.8,0.16868844899205945,"[0.6155628876223234, 0.1403250639595052, 0.4765943612423753]",0.410827437608068,0.6336862978361062,"[3.231301247361277, 0.6062528737298105, 2.084855168726934]",1.9741364299393405,3.045033245576685,"[3.221158118304888, 0.8975738964605742, 2.938688228094952]",2.3524734142868047,3.6286042074907274,"[0.6155628876223234, 0.0, 0.1097108889139932]",0.2417579255121055,0.37290275859436584,"[3.221158118304888, 0.0, 0.6764790437405594]",1.2992123873484827,2.0039875930270656
pr_Agency_EBCI,test,05_19 Darisy,01_calib,test/05_19 Darisy/01_calib,"MATRIX_[10, 14]_robust_concat_01_calib.hdf","C:\Users\hodor\Documents\lab-Shishkin\projects\BCI_classifier\data\pr_Agency_EBCI\features\csp\test\05_19 Darisy\MATRIX_[10, 14]_robust_concat_01_calib.hdf","[10, 14]","[1, 2, -3]","[1, 2, 53]",3,lda,time_series_by_class,3,5,30,0.8666666666666667,0.8666666666666667,0.09179318571451858,"[0.1041059139348124, 0.2627644236546135, 0.0933943362388788]",0.15342155794276824,0.2585792966795948,"[0.4491556461467016, 1.128199543764763, 0.3988898286090431]",0.658748339506836,1.110265627611936,"[0.6672031700641871, 1.7460838269106516, 0.6258891484793266]",1.0130587151513883,1.707426345890054,"[0.0, 0.0, 0.0]",0.0,0.0,"[0.0, 0.0, 0.0]",0.0,0.0
pr_Agency_EBCI,test,05_19 Darisy,01_calib,test/05_19 Darisy/01_calib,"MATRIX_[10, 14]_robust_concat_01_calib.hdf","C:\Users\hodor\Documents\lab-Shishkin\projects\BCI_classifier\data\pr_Agency_EBCI\features\csp\test\05_19 Darisy\MATRIX_[10, 14]_robust_concat_01_calib.hdf","[10, 14]","[1, 2, -2]","[1, 2, 54]",3,lda,time_series_by_class,3,5,30,0.9,0.9,0.0967311616501429,"[0.1041059139348124, 0.2627644236546135, 0.1403250639595052]",0.1690651338496437,0.28301685560981243,"[0.4491556461467016, 1.128199543764763, 0.6062528737298105]",0.7278693545470917,1.21846114173881,"[0.6672031700641871, 1.7460838269106516, 0.8975738964605742]",1.1036202978118042,1.8474722691885168,"[0.0, 0.0, 0.0]",0.0,0.0,"[0.0, 0.0, 0.0]",0.0,0.0
pr_Agency_EBCI,test,05_19 Darisy,01_calib,test/05_19 Darisy/01_calib,"MATRIX_[10, 14]_robust_concat_01_calib.hdf","C:\Users\hodor\Documents\lab-Shishkin\projects\BCI_classifier\data\pr_Agency_EBCI\features\csp\test\05_19 Darisy\MATRIX_[10, 14]_robust_concat_01_calib.hdf","[10, 14]","[1, 2, -1]","[1, 2, 55]",3,lda,time_series_by_class,3,5,30,0.9333333333333333,0.9333333333333333,0.07709971267757809,"[0.1041059139348124, 0.2627644236546135, 0.4765943612423753]",0.2811548996106004,0.48408177881508435,"[0.4491556461467016, 1.128199543764763, 2.084855168726934]",1.2207367862127996,2.101818021856807,"[0.6672031700641871, 1.7460838269106516, 2.938688228094952]",1.78399174168993,3.071608913466438,"[0.0, 0.0, 0.1097108889139932]",0.0365702963046644,0.06296534085472216,"[0.0, 0.0, 0.6764790437405594]",0.22549301458018647,0.38824526892305616
pr_Agency_EBCI,test,05_19 Darisy,01_calib,test/05_19 Darisy/01_calib,"MATRIX_[10, 14]_robust_concat_01_calib.hdf","C:\Users\hodor\Documents\lab-Shishkin\projects\BCI_classifier\data\pr_Agency_EBCI\features\csp\test\05_19 Darisy\MATRIX_[10, 14]_robust_concat_01_calib.hdf","[10, 14]","[1, -3, -2]","[1, 53, 54]",3,lda,time_series_by_class,3,5,30,0.9333333333333333,0.9333333333333333,0.060778605210964405,"[0.1041059139348124, 0.0933943362388788, 0.1403250639595052]",0.1126084380443988,0.19897168701821774,"[0.4491556461467016, 0.3988898286090431, 0.6062528737298105]",0.4847661161618517,0.8565497720869121,"[0.6672031700641871, 0.6258891484793266, 0.8975738964605742]",0.7302220716680292,1.2902542653192643,"[0.0, 0.0, 0.0]",0.0,0.0,"[0.0, 0.0, 0.0]",0.0,0.0
pr_Agency_EBCI,test,05_19 Darisy,01_calib,test/05_19 Darisy/01_calib,"MATRIX_[10, 14]_robust_concat_01_calib.hdf","C:\Users\hodor\Documents\lab-Shishkin\projects\BCI_classifier\data\pr_Agency_EBCI\features\csp\test\05_19 Darisy\MATRIX_[10, 14]_robust_concat_01_calib.hdf","[10, 14]","[1, -3, -1]","[1, 53, 55]",3,lda,time_series_by_class,3,5,30,0.9,0.9,0.0897477182845164,"[0.1041059139348124, 0.0933943362388788, 0.4765943612423753]",0.22469820380535552,0.37979740882115764,"[0.4491556461467016, 0.3988898286090431, 2.084855168726934]",0.9776335478275596,1.6524506291255574,"[0.6672031700641871, 0.6258891484793266, 2.938688228094952]",1.4105935155461553,2.3842636613528114,"[0.0, 0.0, 0.1097108889139932]",0.0365702963046644,0.061813149999031966,"[0.0, 0.0, 0.6764790437405594]",0.22549301458018647,0.3811408422250376
pr_Agency_EBCI,test,05_19 Darisy,01_calib,test/05_19 Darisy/01_calib,"MATRIX_[10, 14]_robust_concat_01_calib.hdf","C:\Users\hodor\Documents\lab-Shishkin\projects\BCI_classifier\data\pr_Agency_EBCI\features\csp\test\05_19 Darisy\MATRIX_[10, 14]_robust_concat_01_calib.hdf","[10, 14]","[1, -2, -1]","[1, 54, 55]",3,lda,time_series_by_class,3,5,30,0.9,0.9,0.09812578976277674,"[0.1041059139348124, 0.1403250639595052, 0.4765943612423753]",0.240341779712231,0.40157692807257556,"[0.4491556461467016, 0.6062528737298105, 2.084855168726934]",1.0467545628678154,1.7489779858737446,"[0.6672031700641871, 0.8975738964605742, 2.938688228094952]",1.501155098206571,2.5082166472265754,"[0.0, 0.0, 0.1097108889139932]",0.0365702963046644,0.06110376342521371,"[0.0, 0.0, 0.6764790437405594]",0.22549301458018647,0.3767667536012988
pr_Agency_EBCI,test,05_19 Darisy,01_calib,test/05_19 Darisy/01_calib,"MATRIX_[10, 14]_robust_concat_01_calib.hdf","C:\Users\hodor\Documents\lab-Shishkin\projects\BCI_classifier\data\pr_Agency_EBCI\features\csp\test\05_19 Darisy\MATRIX_[10, 14]_robust_concat_01_calib.hdf","[10, 14]","[2, -3, -2]","[2, 53, 54]",3,lda,time_series_by_class,3,5,30,0.8333333333333334,0.8333333333333333,0.12193529476343785,"[0.2627644236546135, 0.0933943362388788, 0.1403250639595052]",0.16549460795099916,0.26830694983641235,"[1.128199543764763, 0.3988898286090431, 0.6062528737298105]",0.7111140820345389,1.1528886209567621,"[1.7460838269106516, 0.6258891484793266, 0.8975738964605742]",1.0898489572835175,1.7669098294593082,"[0.0, 0.0, 0.0]",0.0,0.0,"[0.0, 0.0, 0.0]",0.0,0.0
pr_Agency_EBCI,test,05_19 Darisy,01_calib,test/05_19 Darisy/01_calib,"MATRIX_[10, 14]_robust_concat_01_calib.hdf","C:\Users\hodor\Documents\lab-Shishkin\projects\BCI_classifier\data\pr_Agency_EBCI\features\csp\test\05_19 Darisy\MATRIX_[10, 14]_robust_concat_01_calib.hdf","[10, 14]","[2, -3, -1]","[2, 53, 55]",3,lda,time_series_by_class,3,5,30,0.8333333333333334,0.8333333333333333,0.13067854177801083,"[0.2627644236546135, 0.0933943362388788, 0.4765943612423753]",0.2775843737119559,0.44547211884317894,"[1.128199543764763, 0.3988898286090431, 2.084855168726934]",1.2039815137002468,1.9321699877552077,"[1.7460838269106516, 0.6258891484793266, 2.938688228094952]",1.7702204011616434,2.840879774245499,"[0.0, 0.0, 0.1097108889139932]",0.0365702963046644,0.058688632806350415,"[0.0, 0.0, 0.6764790437405594]",0.22549301458018647,0.36187502072291533
pr_Agency_EBCI,test,05_19 Darisy,01_calib,test/05_19 Darisy/01_calib,"MATRIX_[10, 14]_robust_concat_01_calib.hdf","C:\Users\hodor\Documents\lab-Shishkin\projects\BCI_classifier\data\pr_Agency_EBCI\features\csp\test\05_19 Darisy\MATRIX_[10, 14]_robust_concat_01_calib.hdf","[10, 14]","[2, -2, -1]","[2, 54, 55]",3,lda,time_series_by_class,3,5,30,0.8333333333333334,0.8333333333333333,0.13033154955535983,"[0.2627644236546135, 0.1403250639595052, 0.4765943612423753]",0.2932279496188313,0.470763489299209,"[1.128199543764763, 0.6062528737298105, 2.084855168726934]",1.2731025287405024,2.043905396619245,"[1.7460838269106516, 0.8975738964605742, 2.938688228094952]",1.860781983822059,2.9873967357746043,"[0.0, 0.0, 0.1097108889139932]",0.0365702963046644,0.058711866708030074,"[0.0, 0.0, 0.6764790437405594]",0.22549301458018647,0.3620182813212589
pr_Agency_EBCI,test,05_19 Darisy,01_calib,test/05_19 Darisy/01_calib,"MATRIX_[10, 14]_robust_concat_01_calib.hdf","C:\Users\hodor\Documents\lab-Shishkin\projects\BCI_classifier\data\pr_Agency_EBCI\features\csp\test\05_19 Darisy\MATRIX_[10, 14]_robust_concat_01_calib.hdf","[10, 14]","[-3, -2, -1]","[53, 54, 55]",3,lda,time_series_by_class,3,5,30,0.8,0.8,0.13855805584635766,"[0.0933943362388788, 0.1403250639595052, 0.4765943612423753]",0.23677125381358644,0.3766416540152207,"[0.3988898286090431, 0.6062528737298105, 2.084855168726934]",1.0299992903552624,1.63846172246628,"[0.6258891484793266, 0.8975738964605742, 2.938688228094952]",1.487383757678284,2.366041779245657,"[0.0, 0.0, 0.1097108889139932]",0.0365702963046644,0.05817385626913945,"[0.0, 0.0, 0.6764790437405594]",0.22549301458018647,0.3587009006052163
pr_Agency_EBCI,test,05_19 Darisy,01_calib,test/05_19 Darisy/01_calib,"MATRIX_[10, 14]_robust_concat_01_calib.hdf","C:\Users\hodor\Documents\lab-Shishkin\projects\BCI_classifier\data\pr_Agency_EBCI\features\csp\test\05_19 Darisy\MATRIX_[10, 14]_robust_concat_01_calib.hdf","[10, 14]","[0, 1, 2, -3]","[0, 1, 2, 53]",4,lda,time_series_by_class,3,5,30,0.9,0.9,0.09008915980799309,"[0.6155628876223234, 0.1041059139348124, 0.2627644236546135, 0.0933943362388788]",0.268956890362657,0.4543873907927157,"[3.231301247361277, 0.4491556461467016, 1.128199543764763, 0.3988898286090431]",1.3018865664704462,2.1994634130731603,"[3.221158118304888, 0.6672031700641871, 1.7460838269106516, 0.6258891484793266]",1.5650835659397633,2.6441197953360467,"[0.6155628876223234, 0.0, 0.0, 0.0]",0.15389072190558084,0.25998963439678835,"[3.221158118304888, 0.0, 0.0, 0.0]",0.805289529576222,1.3604909235953813
pr_Agency_EBCI,test,05_19 Darisy,01_calib,test/05_19 Darisy/01_calib,"MATRIX_[10, 14]_robust_concat_01_calib.hdf","C:\Users\hodor\Documents\lab-Shishkin\projects\BCI_classifier\data\pr_Agency_EBCI\features\csp\test\05_19 Darisy\MATRIX_[10, 14]_robust_concat_01_calib.hdf","[10, 14]","[0, 1, 2, -2]","[0, 1, 2, 54]",4,lda,time_series_by_class,3,5,30,0.9333333333333333,0.9333333333333333,0.0657589901570915,"[0.6155628876223234, 0.1041059139348124, 0.2627644236546135, 0.1403250639595052]",0.2806895722928136,0.49192575446440945,"[3.231301247361277, 0.4491556461467016, 1.128199543764763, 0.6062528737298105]",1.353727327750638,2.3724904762337378,"[3.221158118304888, 0.6672031700641871, 1.7460838269106516, 0.8975738964605742]",1.6330047529350753,2.861941355960093,"[0.6155628876223234, 0.0, 0.0, 0.0]",0.15389072190558084,0.26970296352691997,"[3.221158118304888, 0.0, 0.0, 0.0]",0.805289529576222,1.4113194735493018
pr_Agency_EBCI,test,05_19 Darisy,01_calib,test/05_19 Darisy/01_calib,"MATRIX_[10, 14]_robust_concat_01_calib.hdf","C:\Users\hodor\Documents\lab-Shishkin\projects\BCI_classifier\data\pr_Agency_EBCI\features\csp\test\05_19 Darisy\MATRIX_[10, 14]_robust_concat_01_calib.hdf","[10, 14]","[0, 1, 2, -1]","[0, 1, 2, 55]",4,lda,time_series_by_class,3,5,30,0.8666666666666667,0.8666666666666667,0.09269816209597329,"[0.6155628876223234, 0.1041059139348124, 0.2627644236546135, 0.4765943612423753]",0.36475689661353117,0.6139944688630832,"[3.231301247361277, 0.4491556461467016, 1.128199543764763, 2.084855168726934]",1.7233779014999189,2.9009581699642197,"[3.221158118304888, 0.6672031700641871, 1.7460838269106516, 2.938688228094952]",2.1432833358436696,3.6077840491354083,"[0.6155628876223234, 0.0, 0.0, 0.1097108889139932]",0.18131844413407913,0.3052129317766946,"[3.221158118304888, 0.0, 0.0, 0.6764790437405594]",0.9744092905113619,1.6402209809803039
pr_Agency_EBCI,test,05_19 Darisy,01_calib,test/05_19 Darisy/01_calib,"MATRIX_[10, 14]_robust_concat_01_calib.hdf","C:\Users\hodor\Documents\lab-Shishkin\projects\BCI_classifier\data\pr_Agency_EBCI\features\csp\test\05_19 Darisy\MATRIX_[10, 14]_robust_concat_01_calib.hdf","[10, 14]","[0, 1, -3, -2]","[0, 1, 53, 54]",4,lda,time_series_by_class,3,5,30,0.9,0.9,0.07352727911206346,"[0.6155628876223234, 0.1041059139348124, 0.0933943362388788, 0.1403250639595052]",0.23834705043887994,0.4126236719243953,"[3.231301247361277, 0.4491556461467016, 0.3988898286090431, 0.6062528737298105]",1.171399898961708,2.0279140300307255,"[3.221158118304888, 0.6672031700641871, 0.6258891484793266, 0.8975738964605742]",1.352956083327244,2.3422220078955514,"[0.6155628876223234, 0.0, 0.0, 0.0]",0.15389072190558084,0.266413847500328,"[3.221158118304888, 0.0, 0.0, 0.0]",0.805289529576222,1.3941079700552772
pr_Agency_EBCI,test,05_19 Darisy,01_calib,test/05_19 Darisy/01_calib,"MATRIX_[10, 14]_robust_concat_01_calib.hdf","C:\Users\hodor\Documents\lab-Shishkin\projects\BCI_classifier\data\pr_Agency_EBCI\features\csp\test\05_19 Darisy\MATRIX_[10, 14]_robust_concat_01_calib.hdf","[10, 14]","[0, 1, -3, -1]","[0, 1, 53, 55]",4,lda,time_series_by_class,3,5,30,0.9,0.9,0.08596985227055871,"[0.6155628876223234, 0.1041059139348124, 0.0933943362388788, 0.4765943612423753]",0.32241437475959744,0.5479027415924468,"[3.231301247361277, 0.4491556461467016, 0.3988898286090431, 2.084855168726934]",1.5410504727109888,2.61882175557544,"[3.221158118304888, 0.6672031700641871, 0.6258891484793266, 2.938688228094952]",1.8632346662358383,3.1663333330652454,"[0.6155628876223234, 0.0, 0.0, 0.1097108889139932]",0.18131844413407913,0.30812792610879586,"[3.221158118304888, 0.0, 0.0, 0.6764790437405594]",0.9744092905113619,1.6558862243732322
pr_Agency_EBCI,test,05_19 Darisy,01_calib,test/05_19 Darisy/01_calib,"MATRIX_[10, 14]_robust_concat_01_calib.hdf","C:\Users\hodor\Documents\lab-Shishkin\projects\BCI_classifier\data\pr_Agency_EBCI\features\csp\test\05_19 Darisy\MATRIX_[10, 14]_robust_concat_01_calib.hdf","[10, 14]","[0, 1, -2, -1]","[0, 1, 54, 55]",4,lda,time_series_by_class,3,5,30,0.9,0.9,0.08125891453534297,"[0.6155628876223234, 0.1041059139348124, 0.1403250639595052, 0.4765943612423753]",0.3341470566897541,0.5717552101890205,"[3.231301247361277, 0.4491556461467016, 0.6062528737298105, 2.084855168726934]",1.5928912339911807,2.7255779874921213,"[3.221158118304888, 0.6672031700641871, 0.8975738964605742, 2.938688228094952]",1.9311558532311501,3.3043787119067862,"[0.6155628876223234, 0.0, 0.0, 0.1097108889139932]",0.18131844413407913,0.31025191771562116,"[3.221158118304888, 0.0, 0.0, 0.6764790437405594]",0.9744092905113619,1.6673006017938121
pr_Agency_EBCI,test,05_19 Darisy,01_calib,test/05_19 Darisy/01_calib,"MATRIX_[10, 14]_robust_concat_01_calib.hdf","C:\Users\hodor\Documents\lab-Shishkin\projects\BCI_classifier\data\pr_Agency_EBCI\features\csp\test\05_19 Darisy\MATRIX_[10, 14]_robust_concat_01_calib.hdf","[10, 14]","[0, 2, -3, -2]","[0, 2, 53, 54]",4,lda,time_series_by_class,3,5,30,0.8,0.8,0.17276421868245712,"[0.6155628876223234, 0.2627644236546135, 0.0933943362388788, 0.1403250639595052]",0.27801167786883024,0.42717389029977026,"[3.231301247361277, 1.128199543764763, 0.3988898286090431, 0.6062528737298105]",1.3411608733662235,2.06073684452922,"[3.221158118304888, 1.7460838269106516, 0.6258891484793266, 0.8975738964605742]",1.6226762475388599,2.4932942769593027,"[0.6155628876223234, 0.0, 0.0, 0.0]",0.15389072190558084,0.23645804687550998,"[3.221158118304888, 0.0, 0.0, 0.0]",0.805289529576222,1.237353278839783
pr_Agency_EBCI,test,05_19 Darisy,01_calib,test/05_19 Darisy/01_calib,"MATRIX_[10, 14]_robust_concat_01_calib.hdf","C:\Users\hodor\Documents\lab-Shishkin\projects\BCI_classifier\data\pr_Agency_EBCI\features\csp\test\05_19 Darisy\MATRIX_[10, 14]_robust_concat_01_calib.hdf","[10, 14]","[0, 2, -3, -1]","[0, 2, 53, 55]",4,lda,time_series_by_class,3,5,30,0.7666666666666667,0.7666666666666666,0.16142194089914866,"[0.6155628876223234, 0.2627644236546135, 0.0933943362388788, 0.4765943612423753]",0.36207900218954775,0.562442600087763,"[3.231301247361277, 1.128199543764763, 0.3988898286090431, 2.084855168726934]",1.7108114471155043,2.657522896265123,"[3.221158118304888, 1.7460838269106516, 0.6258891484793266, 2.938688228094952]",2.1329548304474546,3.313267694210552,"[0.6155628876223234, 0.0, 0.0, 0.1097108889139932]",0.18131844413407913,0.2816546017469753,"[3.221158118304888, 0.0, 0.0, 0.6764790437405594]",0.9744092905113619,1.5136179993613106
pr_Agency_EBCI,test,05_19 Darisy,01_calib,test/05_19 Darisy/01_calib,"MATRIX_[10, 14]_robust_concat_01_calib.hdf","C:\Users\hodor\Documents\lab-Shishkin\projects\BCI_classifier\data\pr_Agency_EBCI\features\csp\test\05_19 Darisy\MATRIX_[10, 14]_robust_concat_01_calib.hdf","[10, 14]","[0, 2, -2, -1]","[0, 2, 54, 55]",4,lda,time_series_by_class,3,5,30,0.7666666666666667,0.7666666666666666,0.190088842246312,"[0.6155628876223234, 0.2627644236546135, 0.1403250639595052, 0.4765943612423753]",0.37381168411970433,0.5654663246201215,"[3.231301247361277, 1.128199543764763, 0.6062528737298105, 2.084855168726934]",1.7626522083956961,2.666370550220358,"[3.221158118304888, 1.7460838269106516, 0.8975738964605742, 2.938688228094952]",2.2008760174427664,3.3292733357403645,"[0.6155628876223234, 0.0, 0.0, 0.1097108889139932]",0.18131844413407913,0.274281084690504,"[3.221158118304888, 0.0, 0.0, 0.6764790437405594]",0.9744092905113619,1.473992557184801
pr_Agency_EBCI,test,05_19 Darisy,01_calib,test/05_19 Darisy/01_calib,"MATRIX_[10, 14]_robust_concat_01_calib.hdf","C:\Users\hodor\Documents\lab-Shishkin\projects\BCI_classifier\data\pr_Agency_EBCI\features\csp\test\05_19 Darisy\MATRIX_[10, 14]_robust_concat_01_calib.hdf","[10, 14]","[0, -3, -2, -1]","[0, 53, 54, 55]",4,lda,time_series_by_class,3,5,30,0.8,0.8,0.16336851014557016,"[0.6155628876223234, 0.0933943362388788, 0.1403250639595052, 0.4765943612423753]",0.33146916226577067,0.5139115880736536,"[3.231301247361277, 0.3988898286090431, 0.6062528737298105, 2.084855168726934]",1.580324779606766,2.4501441147900307,"[3.221158118304888, 0.6258891484793266, 0.8975738964605742, 2.938688228094952]",1.9208273478349351,2.978061144492453,"[0.6155628876223234, 0.0, 0.0, 0.1097108889139932]",0.18131844413407913,0.2811170998081443,"[3.221158118304888, 0.0, 0.0, 0.6764790437405594]",0.9744092905113619,1.5107294521681884
pr_Agency_EBCI,test,05_19 Darisy,01_calib,test/05_19 Darisy/01_calib,"MATRIX_[10, 14]_robust_concat_01_calib.hdf","C:\Users\hodor\Documents\lab-Shishkin\projects\BCI_classifier\data\pr_Agency_EBCI\features\csp\test\05_19 Darisy\MATRIX_[10, 14]_robust_concat_01_calib.hdf","[10, 14]","[1, 2, -3, -2]","[1, 2, 53, 54]",4,lda,time_series_by_class,3,5,30,0.8666666666666667,0.8666666666666667,0.0726274334154284,"[0.1041059139348124, 0.2627644236546135, 0.0933943362388788, 0.1403250639595052]",0.15014743444695247,0.26029587590490255,"[0.4491556461467016, 1.128199543764763, 0.3988898286090431, 0.6062528737298105]",0.6456244730625795,1.1192558057383195,"[0.6672031700641871, 1.7460838269106516, 0.6258891484793266, 0.8975738964605742]",0.9841875104786848,1.7061893267661783,"[0.0, 0.0, 0.0, 0.0]",0.0,0.0,"[0.0, 0.0, 0.0, 0.0]",0.0,0.0
pr_Agency_EBCI,test,05_19 Darisy,01_calib,test/05_19 Darisy/01_calib,"MATRIX_[10, 14]_robust_concat_01_calib.hdf","C:\Users\hodor\Documents\lab-Shishkin\projects\BCI_classifier\data\pr_Agency_EBCI\features\csp\test\05_19 Darisy\MATRIX_[10, 14]_robust_concat_01_calib.hdf","[10, 14]","[1, 2, -3, -1]","[1, 2, 53, 55]",4,lda,time_series_by_class,3,5,30,0.9,0.9,0.08800672014492697,"[0.1041059139348124, 0.2627644236546135, 0.0933943362388788, 0.4765943612423753]",0.23421475876767,0.39686010166092717,"[0.4491556461467016, 1.128199543764763, 0.3988898286090431, 2.084855168726934]",1.0152750468118605,1.720310711466468,"[0.6672031700641871, 1.7460838269106516, 0.6258891484793266, 2.938688228094952]",1.4944660933872793,2.5322655535076914,"[0.0, 0.0, 0.0, 0.1097108889139932]",0.0274277222284983,0.04647430712394551,"[0.0, 0.0, 0.0, 0.6764790437405594]",0.16911976093513986,0.2865612990006667
pr_Agency_EBCI,test,05_19 Darisy,01_calib,test/05_19 Darisy/01_calib,"MATRIX_[10, 14]_robust_concat_01_calib.hdf","C:\Users\hodor\Documents\lab-Shishkin\projects\BCI_classifier\data\pr_Agency_EBCI\features\csp\test\05_19 Darisy\MATRIX_[10, 14]_robust_concat_01_calib.hdf","[10, 14]","[1, 2, -2, -1]","[1, 2, 54, 55]",4,lda,time_series_by_class,3,5,30,0.9,0.9,0.09830603002630654,"[0.1041059139348124, 0.2627644236546135, 0.1403250639595052, 0.4765943612423753]",0.2459474406978266,0.4108434977276743,"[0.4491556461467016, 1.128199543764763, 0.6062528737298105, 2.084855168726934]",1.0671158080920522,1.7825661850072938,"[0.6672031700641871, 1.7460838269106516, 0.8975738964605742, 2.938688228094952]",1.5623872803825911,2.609893614897391,"[0.0, 0.0, 0.0, 0.1097108889139932]",0.0274277222284983,0.045816704996348843,"[0.0, 0.0, 0.0, 0.6764790437405594]",0.16911976093513986,0.28250651407601723
pr_Agency_EBCI,test,05_19 Darisy,01_calib,test/05_19 Darisy/01_calib,"MATRIX_[10, 14]_robust_concat_01_calib.hdf","C:\Users\hodor\Documents\lab-Shishkin\projects\BCI_classifier\data\pr_Agency_EBCI\features\csp\test\05_19 Darisy\MATRIX_[10, 14]_robust_concat_01_calib.hdf","[10, 14]","[1, -3, -2, -1]","[1, 53, 54, 55]",4,lda,time_series_by_class,3,5,30,0.9,0.9,0.08824138643967502,"[0.1041059139348124, 0.0933943362388788, 0.1403250639595052, 0.4765943612423753]",0.20360491884389292,0.34487881525328634,"[0.4491556461467016, 0.3988898286090431, 0.6062528737298105, 2.084855168726934]",0.8847883793031223,1.4987101968685512,"[0.6672031700641871, 0.6258891484793266, 0.8975738964605742, 2.938688228094952]",1.2823386107747599,2.1721057789209177,"[0.0, 0.0, 0.0, 0.1097108889139932]",0.0274277222284983,0.04645880070566108,"[0.0, 0.0, 0.0, 0.6764790437405594]",0.16911976093513986,0.28646568618486756
pr_Agency_EBCI,test,05_19 Darisy,01_calib,test/05_19 Darisy/01_calib,"MATRIX_[10, 14]_robust_concat_01_calib.hdf","C:\Users\hodor\Documents\lab-Shishkin\projects\BCI_classifier\data\pr_Agency_EBCI\features\csp\test\05_19 Darisy\MATRIX_[10, 14]_robust_concat_01_calib.hdf","[10, 14]","[2, -3, -2, -1]","[2, 53, 54, 55]",4,lda,time_series_by_class,3,5,30,0.8333333333333334,0.8333333333333333,0.13825682550469773,"[0.2627644236546135, 0.0933943362388788, 0.1403250639595052, 0.4765943612423753]",0.2432695462738432,0.3871067302897883,"[1.128199543764763, 0.3988898286090431, 0.6062528737298105, 2.084855168726934]",1.0545493537076376,1.6780692795120569,"[1.7460838269106516, 0.6258891484793266, 0.8975738964605742, 2.938688228094952]",1.5520587749863761,2.469739458987723,"[0.0, 0.0, 0.0, 0.1097108889139932]",0.0274277222284983,0.04364482128485859,"[0.0, 0.0, 0.0, 0.6764790437405594]",0.16911976093513986,0.26911464540365215
pr_Agency_EBCI,test,05_19 Darisy,01_calib,test/05_19 Darisy/01_calib,"MATRIX_[8, 12]_robust_concat_01_calib.hdf","C:\Users\hodor\Documents\lab-Shishkin\projects\BCI_classifier\data\pr_Agency_EBCI\features\csp\test\05_19 Darisy\MATRIX_[8, 12]_robust_concat_01_calib.hdf","[8, 12]","[0, 1]","[0, 1]",2,lda,time_series_by_class,3,5,30,0.8333333333333334,0.8333333333333333,0.16595926687677762,"[0.4626070346403531, 0.3023887911207212]",0.38249791288053714,0.5915364302788837,"[2.460065315994436, 1.3199709886265507]",1.8900181523104935,2.922929912376339,"[2.3897593468205143, 1.8684910022937804]",2.1291251745571476,3.292711052694808,"[0.4626070346403531, 0.1524640025156773]",0.3075355185780152,0.4756064195843645,"[2.3897593468205143, 0.9420905312608264]",1.6659249390406703,2.5763677614117215
pr_Agency_EBCI,test,05_19 Darisy,01_calib,test/05_19 Darisy/01_calib,"MATRIX_[8, 12]_robust_concat_01_calib.hdf","C:\Users\hodor\Documents\lab-Shishkin\projects\BCI_classifier\data\pr_Agency_EBCI\features\csp\test\05_19 Darisy\MATRIX_[8, 12]_robust_concat_01_calib.hdf","[8, 12]","[0, 2]","[0, 2]",2,lda,time_series_by_class,3,5,30,0.9333333333333333,0.9333333333333333,0.07640362496193062,"[0.4626070346403531, 0.0925280064319718]",0.27756752053616246,0.47840969152751045,"[2.460065315994436, 0.4009546945385446]",1.4305100052664903,2.4655977364520103,"[2.3897593468205143, 0.5841595396222303]",1.4869594432213722,2.562892831161688,"[0.4626070346403531, 0.0]",0.23130351732017654,0.39867000345221204,"[2.3897593468205143, 0.0]",1.1948796734102571,2.0594701241142443
pr_Agency_EBCI,test,05_19 Darisy,01_calib,test/05_19 Darisy/01_calib,"MATRIX_[8, 12]_robust_concat_01_calib.hdf","C:\Users\hodor\Documents\lab-Shishkin\projects\BCI_classifier\data\pr_Agency_EBCI\features\csp\test\05_19 Darisy\MATRIX_[8, 12]_robust_concat_01_calib.hdf","[8, 12]","[0, -3]","[0, 53]",2,lda,time_series_by_class,3,5,30,0.7666666666666667,0.7666666666666666,0.19901633693442547,"[0.4626070346403531, 0.2070244099967982]",0.33481572231857565,0.502636280690149,"[2.460065315994436, 0.8803661791448005]",1.6702157475696184,2.507382346010976,"[2.3897593468205143, 1.4566314971548178]",1.923195421987666,2.8871636829181573,"[0.4626070346403531, 0.0]",0.23130351732017654,0.3472403830120637,"[2.3897593468205143, 0.0]",1.1948796734102571,1.7937923307667523
pr_Agency_EBCI,test,05_19 Darisy,01_calib,test/05_19 Darisy/01_calib,"MATRIX_[8, 12]_robust_concat_01_calib.hdf","C:\Users\hodor\Documents\lab-Shishkin\projects\BCI_classifier\data\pr_Agency_EBCI\features\csp\test\05_19 Darisy\MATRIX_[8, 12]_robust_concat_01_calib.hdf","[8, 12]","[0, -2]","[0, 54]",2,lda,time_series_by_class,3,5,30,0.7666666666666667,0.7666666666666666,0.16723277847243967,"[0.4626070346403531, 0.0586022629321345]",0.2606046487862438,0.4025335092056585,"[2.460065315994436, 0.2502399947955129]",1.3551526553949744,2.093187348829442,"[2.3897593468205143, 0.3969740465180313]",1.3933666966692728,2.1522132802804594,"[0.4626070346403531, 0.0]",0.23130351732017654,0.3572745802968087,"[2.3897593468205143, 0.0]",1.1948796734102571,1.8456275060958576
pr_Agency_EBCI,test,05_19 Darisy,01_calib,test/05_19 Darisy/01_calib,"MATRIX_[8, 12]_robust_concat_01_calib.hdf","C:\Users\hodor\Documents\lab-Shishkin\projects\BCI_classifier\data\pr_Agency_EBCI\features\csp\test\05_19 Darisy\MATRIX_[8, 12]_robust_concat_01_calib.hdf","[8, 12]","[0, -1]","[0, 55]",2,lda,time_series_by_class,3,5,30,0.7666666666666667,0.7666666666666666,0.19938847596505266,"[0.4626070346403531, 0.3958124682644303]",0.4292097514523917,0.6441432196328548,"[2.460065315994436, 1.7318814937937523]",2.095973404894094,3.145564733151395,"[2.3897593468205143, 2.460938107442625]",2.4253487271315697,3.6398798781724886,"[0.4626070346403531, 0.1817760058558294]",0.3221915202480912,0.48353394229448177,"[2.3897593468205143, 1.1301804154650092]",1.7599698811427618,2.6413022114710722
pr_Agency_EBCI,test,05_19 Darisy,01_calib,test/05_19 Darisy/01_calib,"MATRIX_[8, 12]_robust_concat_01_calib.hdf","C:\Users\hodor\Documents\lab-Shishkin\projects\BCI_classifier\data\pr_Agency_EBCI\features\csp\test\05_19 Darisy\MATRIX_[8, 12]_robust_concat_01_calib.hdf","[8, 12]","[1, 2]","[1, 2]",2,lda,time_series_by_class,3,5,30,0.8,0.8,0.13151147491875492,"[0.3023887911207212, 0.0925280064319718]",0.1974583987763465,0.3165845308806657,"[1.3199709886265507, 0.4009546945385446]",0.8604628415825477,1.3795778084436043,"[1.8684910022937804, 0.5841595396222303]",1.2263252709580055,1.9661640782020362,"[0.1524640025156773, 0.0]",0.07623200125783865,0.12222256690961354,"[0.9420905312608264, 0.0]",0.4710452656304132,0.7552256341958479
pr_Agency_EBCI,test,05_19 Darisy,01_calib,test/05_19 Darisy/01_calib,"MATRIX_[8, 12]_robust_concat_01_calib.hdf","C:\Users\hodor\Documents\lab-Shishkin\projects\BCI_classifier\data\pr_Agency_EBCI\features\csp\test\05_19 Darisy\MATRIX_[8, 12]_robust_concat_01_calib.hdf","[8, 12]","[1, -3]","[1, 53]",2,lda,time_series_by_class,3,5,30,0.8333333333333334,0.8333333333333333,0.13624289790709568,"[0.3023887911207212, 0.2070244099967982]",0.2547066005587597,0.40620815026830065,"[1.3199709886265507, 0.8803661791448005]",1.1001685838856756,1.7545577714245326,"[1.8684910022937804, 1.4566314971548178]",1.6625612497242992,2.651466151551351,"[0.1524640025156773, 0.0]",0.07623200125783865,0.1215754132569237,"[0.9420905312608264, 0.0]",0.4710452656304132,0.7512268061550631
pr_Agency_EBCI,test,05_19 Darisy,01_calib,test/05_19 Darisy/01_calib,"MATRIX_[8, 12]_robust_concat_01_calib.hdf","C:\Users\hodor\Documents\lab-Shishkin\projects\BCI_classifier\data\pr_Agency_EBCI\features\csp\test\05_19 Darisy\MATRIX_[8, 12]_robust_concat_01_calib.hdf","[8, 12]","[1, -2]","[1, 54]",2,lda,time_series_by_class,3,5,30,0.7333333333333333,0.7333333333333334,0.14677245589746063,"[0.3023887911207212, 0.0586022629321345]",0.18049552702642785,0.2845957944823873,"[1.3199709886265507, 0.2502399947955129]",0.7851054917110318,1.237912788460797,"[1.8684910022937804, 0.3969740465180313]",1.1327325244059059,1.7860326958248554,"[0.1524640025156773, 0.0]",0.07623200125783865,0.12019858508615756,"[0.9420905312608264, 0.0]",0.4710452656304132,0.7427192452787273
pr_Agency_EBCI,test,05_19 Darisy,01_calib,test/05_19 Darisy/01_calib,"MATRIX_[8, 12]_robust_concat_01_calib.hdf","C:\Users\hodor\Documents\lab-Shishkin\projects\BCI_classifier\data\pr_Agency_EBCI\features\csp\test\05_19 Darisy\MATRIX_[8, 12]_robust_concat_01_calib.hdf","[8, 12]","[1, -1]","[1, 55]",2,lda,time_series_by_class,3,5,30,0.7666666666666667,0.7666666666666666,0.18173235699214216,"[0.3023887911207212, 0.3958124682644303]",0.3491006296925757,0.532003977181016,"[1.3199709886265507, 1.7318814937937523]",1.5259262412101515,2.3254006442886213,"[1.8684910022937804, 2.460938107442625]",2.164714554868203,3.2988675891695434,"[0.1524640025156773, 0.1817760058558294]",0.16712000418575335,0.25467873538819813,"[0.9420905312608264, 1.1301804154650092]",1.0361354733629178,1.5789951258834118
pr_Agency_EBCI,test,05_19 Darisy,01_calib,test/05_19 Darisy/01_calib,"MATRIX_[8, 12]_robust_concat_01_calib.hdf","C:\Users\hodor\Documents\lab-Shishkin\projects\BCI_classifier\data\pr_Agency_EBCI\features\csp\test\05_19 Darisy\MATRIX_[8, 12]_robust_concat_01_calib.hdf","[8, 12]","[2, -3]","[2, 53]",2,lda,time_series_by_class,3,5,30,0.9,0.9,0.10162578907128283,"[0.0925280064319718, 0.2070244099967982]",0.149776208214385,0.24908880921945925,"[0.4009546945385446, 0.8803661791448005]",0.6406604368416726,1.0654652513200964,"[0.5841595396222303, 1.4566314971548178]",1.020395518388524,1.6969925172926033,"[0.0, 0.0]",0.0,0.0,"[0.0, 0.0]",0.0,0.0
pr_Agency_EBCI,test,05_19 Darisy,01_calib,test/05_19 Darisy/01_calib,"MATRIX_[8, 12]_robust_concat_01_calib.hdf","C:\Users\hodor\Documents\lab-Shishkin\projects\BCI_classifier\data\pr_Agency_EBCI\features\csp\test\05_19 Darisy\MATRIX_[8, 12]_robust_concat_01_calib.hdf","[8, 12]","[2, -2]","[2, 54]",2,lda,time_series_by_class,3,5,30,0.9,0.9,0.07540407455318877,"[0.0925280064319718, 0.0586022629321345]",0.07556513468205314,0.130440963810325,"[0.4009546945385446, 0.2502399947955129]",0.3255973446670287,0.5620479819317625,"[0.5841595396222303, 0.3969740465180313]",0.49056679307013085,0.8468191788534702,"[0.0, 0.0]",0.0,0.0,"[0.0, 0.0]",0.0,0.0
pr_Agency_EBCI,test,05_19 Darisy,01_calib,test/05_19 Darisy/01_calib,"MATRIX_[8, 12]_robust_concat_01_calib.hdf","C:\Users\hodor\Documents\lab-Shishkin\projects\BCI_classifier\data\pr_Agency_EBCI\features\csp\test\05_19 Darisy\MATRIX_[8, 12]_robust_concat_01_calib.hdf","[8, 12]","[2, -1]","[2, 55]",2,lda,time_series_by_class,3,5,30,0.8,0.8,0.14183079744102536,"[0.0925280064319718, 0.3958124682644303]",0.24417023734820104,0.3870305291510932,"[0.4009546945385446, 1.7318814937937523]",1.0664180941661485,1.69036309979434,"[0.5841595396222303, 2.460938107442625]",1.5225488235324276,2.413368980715665,"[0.0, 0.1817760058558294]",0.0908880029279147,0.14406519094509168,"[0.0, 1.1301804154650092]",0.5650902077325046,0.8957158926987618
pr_Agency_EBCI,test,05_19 Darisy,01_calib,test/05_19 Darisy/01_calib,"MATRIX_[8, 12]_robust_concat_01_calib.hdf","C:\Users\hodor\Documents\lab-Shishkin\projects\BCI_classifier\data\pr_Agency_EBCI\features\csp\test\05_19 Darisy\MATRIX_[8, 12]_robust_concat_01_calib.hdf","[8, 12]","[-3, -2]","[53, 54]",2,lda,time_series_by_class,3,5,30,0.8333333333333334,0.8333333333333333,0.13445328106349674,"[0.2070244099967982, 0.0586022629321345]",0.13281333646446636,0.21223449570210076,"[0.8803661791448005, 0.2502399947955129]",0.5653030869701567,0.9033491573645641,"[1.4566314971548178, 0.3969740465180313]",0.9268027718364246,1.4810223440824322,"[0.0, 0.0]",0.0,0.0,"[0.0, 0.0]",0.0,0.0
pr_Agency_EBCI,test,05_19 Darisy,01_calib,test/05_19 Darisy/01_calib,"MATRIX_[8, 12]_robust_concat_01_calib.hdf","C:\Users\hodor\Documents\lab-Shishkin\projects\BCI_classifier\data\pr_Agency_EBCI\features\csp\test\05_19 Darisy\MATRIX_[8, 12]_robust_concat_01_calib.hdf","[8, 12]","[-3, -1]","[53, 55]",2,lda,time_series_by_class,3,5,30,0.8333333333333334,0.8333333333333333,0.12386517004425145,"[0.2070244099967982, 0.3958124682644303]",0.3014184391306142,0.4875566639291807,"[0.8803661791448005, 1.7318814937937523]",1.3061238364692764,2.1127087719785895,"[1.4566314971548178, 2.460938107442625]",1.9587848022987213,3.168414601039402,"[0.0, 0.1817760058558294]",0.0908880029279147,0.14701506525789365,"[0.0, 1.1301804154650092]",0.5650902077325046,0.9140565431092252
pr_Agency_EBCI,test,05_19 Darisy,01_calib,test/05_19 Darisy/01_calib,"MATRIX_[8, 12]_robust_concat_01_calib.hdf","C:\Users\hodor\Documents\lab-Shishkin\projects\BCI_classifier\data\pr_Agency_EBCI\features\csp\test\05_19 Darisy\MATRIX_[8, 12]_robust_concat_01_calib.hdf","[8, 12]","[-2, -1]","[54, 55]",2,lda,time_series_by_class,3,5,30,0.8333333333333334,0.8333333333333333,0.11173265925529646,"[0.0586022629321345, 0.3958124682644303]",0.2272073655982824,0.37297801801632674,"[0.2502399947955129, 1.7318814937937523]",0.9910607442946326,1.6269009200799962,"[0.3969740465180313, 2.460938107442625]",1.4289560769803282,2.3457391181887703,"[0.0, 0.1817760058558294]",0.0908880029279147,0.14919950814205468,"[0.0, 1.1301804154650092]",0.5650902077325046,0.9276381737251974
pr_Agency_EBCI,test,05_19 Darisy,01_calib,test/05_19 Darisy/01_calib,"MATRIX_[8, 12]_robust_concat_01_calib.hdf","C:\Users\hodor\Documents\lab-Shishkin\projects\BCI_classifier\data\pr_Agency_EBCI\features\csp\test\05_19 Darisy\MATRIX_[8, 12]_robust_concat_01_calib.hdf","[8, 12]","[0, 1, 2]","[0, 1, 2]",3,lda,time_series_by_class,3,5,30,0.9,0.9,0.07956324256490427,"[0.4626070346403531, 0.3023887911207212, 0.0925280064319718]",0.285841277397682,0.49033259376329486,"[2.460065315994436, 1.3199709886265507, 0.4009546945385446]",1.3936636663865105,2.390692927887477,"[2.3897593468205143, 1.8684910022937804, 0.5841595396222303]",1.6141366295788417,2.768892608776714,"[0.4626070346403531, 0.1524640025156773, 0.0]",0.20502367905201013,0.35169795366049067,"[2.3897593468205143, 0.9420905312608264, 0.0]",1.1106166260271135,1.9051535729000697
pr_Agency_EBCI,test,05_19 Darisy,01_calib,test/05_19 Darisy/01_calib,"MATRIX_[8, 12]_robust_concat_01_calib.hdf","C:\Users\hodor\Documents\lab-Shishkin\projects\BCI_classifier\data\pr_Agency_EBCI\features\csp\test\05_19 Darisy\MATRIX_[8, 12]_robust_concat_01_calib.hdf","[8, 12]","[0, 1, -3]","[0, 1, 53]",3,lda,time_series_by_class,3,5,30,0.8333333333333334,0.8333333333333333,0.17354339659662013,"[0.4626070346403531, 0.3023887911207212, 0.2070244099967982]",0.32400674525262413,0.49748417690028385,"[2.460065315994436, 1.3199709886265507, 0.8803661791448005]",1.553467494588596,2.385214225352596,"[2.3897593468205143, 1.8684910022937804, 1.4566314971548178]",1.9049606154230376,2.9249013413356173,"[0.4626070346403531, 0.1524640025156773, 0.0]",0.20502367905201013,0.31479602728249423,"[2.3897593468205143, 0.9420905312608264, 0.0]",1.1106166260271135,1.7052552335602775
pr_Agency_EBCI,test,05_19 Darisy,01_calib,test/05_19 Darisy/01_calib,"MATRIX_[8, 12]_robust_concat_01_calib.hdf","C:\Users\hodor\Documents\lab-Shishkin\projects\BCI_classifier\data\pr_Agency_EBCI\features\csp\test\05_19 Darisy\MATRIX_[8, 12]_robust_concat_01_calib.hdf","[8, 12]","[0, 1, -2]","[0, 1, 54]",3,lda,time_series_by_class,3,5,30,0.8333333333333334,0.8333333333333333,0.16125031243415425,"[0.4626070346403531, 0.3023887911207212, 0.0586022629321345]",0.27453269623106963,0.42652298483800843,"[2.460065315994436, 1.3199709886265507, 0.2502399947955129]",1.3434254331388333,2.0871897355620743,"[2.3897593468205143, 1.8684910022937804, 0.3969740465180313]",1.5517414652107755,2.410836343083643,"[0.4626070346403531, 0.1524640025156773, 0.0]",0.20502367905201013,0.3185315000808875,"[2.3897593468205143, 0.9420905312608264, 0.0]",1.1106166260271135,1.7254903508655093
pr_Agency_EBCI,test,05_19 Darisy,01_calib,test/05_19 Darisy/01_calib,"MATRIX_[8, 12]_robust_concat_01_calib.hdf","C:\Users\hodor\Documents\lab-Shishkin\projects\BCI_classifier\data\pr_Agency_EBCI\features\csp\test\05_19 Darisy\MATRIX_[8, 12]_robust_concat_01_calib.hdf","[8, 12]","[0, 1, -1]","[0, 1, 55]",3,lda,time_series_by_class,3,5,30,0.8333333333333334,0.8333333333333333,0.17405664566008244,"[0.4626070346403531, 0.3023887911207212, 0.3958124682644303]",0.38693609800850154,0.5938224626796552,"[2.460065315994436, 1.3199709886265507, 1.7318814937937523]",1.837305932804913,2.8196736859898324,"[2.3897593468205143, 1.8684910022937804, 2.460938107442625]",2.2397294855189736,3.4372644105122805,"[0.4626070346403531, 0.1524640025156773, 0.1817760058558294]",0.2656156810039533,0.40763464208148326,"[2.3897593468205143, 0.9420905312608264, 1.1301804154650092]",1.4873434311821168,2.2825938021827246
pr_Agency_EBCI,test,05_19 Darisy,01_calib,test/05_19 Darisy/01_calib,"MATRIX_[8, 12]_robust_concat_01_calib.hdf","C:\Users\hodor\Documents\lab-Shishkin\projects\BCI_classifier\data\pr_Agency_EBCI\features\csp\test\05_19 Darisy\MATRIX_[8, 12]_robust_concat_01_calib.hdf","[8, 12]","[0, 2, -3]","[0, 2, 53]",3,lda,time_series_by_class,3,5,30,0.9333333333333333,0.9333333333333333,0.07575117851224618,"[0.4626070346403531, 0.0925280064319718, 0.2070244099967982]",0.2540531503563744,0.4383157538578799,"[2.460065315994436, 0.4009546945385446, 0.8803661791448005]",1.2471287298925937,2.151660660904601,"[2.3897593468205143, 0.5841595396222303, 1.4566314971548178]",1.476850127865854,2.5479970479507426,"[0.4626070346403531, 0.0, 0.0]",0.1542023448801177,0.2660440027922122,"[2.3897593468205143, 0.0, 0.0]",0.7965864489401714,1.374343870132694
pr_Agency_EBCI,test,05_19 Darisy,01_calib,test/05_19 Darisy/01_calib,"MATRIX_[8, 12]_robust_concat_01_calib.hdf","C:\Users\hodor\Documents\lab-Shishkin\projects\BCI_classifier\data\pr_Agency_EBCI\features\csp\test\05_19 Darisy\MATRIX_[8, 12]_robust_concat_01_calib.hdf","[8, 12]","[0, 2, -2]","[0, 2, 54]",3,lda,time_series_by_class,3,5,30,0.9333333333333333,0.9333333333333333,0.0788142806780436,"[0.4626070346403531, 0.0925280064319718, 0.0586022629321345]",0.2045791013348198,0.35132847216138396,"[2.460065315994436, 0.4009546945385446, 0.2502399947955129]",1.037086668442831,1.7810131745893298,"[2.3897593468205143, 0.5841595396222303, 0.3969740465180313]",1.123630977653592,1.9296377395174775,"[0.4626070346403531, 0.0, 0.0]",0.1542023448801177,0.26481529089214817,"[2.3897593468205143, 0.0, 0.0]",0.7965864489401714,1.3679965266470713
pr_Agency_EBCI,test,05_19 Darisy,01_calib,test/05_19 Darisy/01_calib,"MATRIX_[8, 12]_robust_concat_01_calib.hdf","C:\Users\hodor\Documents\lab-Shishkin\projects\BCI_classifier\data\pr_Agency_EBCI\features\csp\test\05_19 Darisy\MATRIX_[8, 12]_robust_concat_01_calib.hdf","[8, 12]","[0, 2, -1]","[0, 2, 55]",3,lda,time_series_by_class,3,5,30,0.9,0.9,0.07813467748135798,"[0.4626070346403531, 0.0925280064319718, 0.3958124682644303]",0.31698250311225173,0.544917046177992,"[2.460065315994436, 0.4009546945385446, 1.7318814937937523]",1.530967168108911,2.631849073215134,"[2.3897593468205143, 0.5841595396222303, 2.460938107442625]",1.8116189979617898,3.114310927186051,"[0.4626070346403531, 0.0, 0.1817760058558294]",0.2147943468320608,0.3692478287043149,"[2.3897593468205143, 0.0, 1.1301804154650092]",1.1733132540951745,2.0170147764800026
pr_Agency_EBCI,test,05_19 Darisy,01_calib,test/05_19 Darisy/01_calib,"MATRIX_[8, 12]_robust_concat_01_calib.hdf","C:\Users\hodor\Documents\lab-Shishkin\projects\BCI_classifier\data\pr_Agency_EBCI\features\csp\test\05_19 Darisy\MATRIX_[8, 12]_robust_concat_01_calib.hdf","[8, 12]","[0, -3, -2]","[0, 53, 54]",3,lda,time_series_by_class,3,5,30,0.7666666666666667,0.7666666666666666,0.1705860885002111,"[0.4626070346403531, 0.2070244099967982, 0.0586022629321345]",0.24274456918976192,0.3737503336922379,"[2.460065315994436, 0.8803661791448005, 0.2502399947955129]",1.1968904966449165,1.8428351415120887,"[2.3897593468205143, 1.4566314971548178, 0.3969740465180313]",1.4144549634977877,2.1778160325666187,"[0.4626070346403531, 0.0, 0.0]",0.1542023448801177,0.23742314008275783,"[2.3897593468205143, 0.0, 0.0]",0.7965864489401714,1.2264927372004861
pr_Agency_EBCI,test,05_19 Darisy,01_calib,test/05_19 Darisy/01_calib,"MATRIX_[8, 12]_robust_concat_01_calib.hdf","C:\Users\hodor\Documents\lab-Shishkin\projects\BCI_classifier\data\pr_Agency_EBCI\features\csp\test\05_19 Darisy\MATRIX_[8, 12]_robust_concat_01_calib.hdf","[8, 12]","[0, -3, -1]","[0, 53, 55]",3,lda,time_series_by_class,3,5,30,0.7666666666666667,0.7666666666666666,0.18370995724237835,"[0.4626070346403531, 0.2070244099967982, 0.3958124682644303]",0.35514797096719386,0.5402606917939079,"[2.460065315994436, 0.8803661791448005, 1.7318814937937523]",1.6907709963109963,2.572046534981985,"[2.3897593468205143, 1.4566314971548178, 2.460938107442625]",2.1024429838059855,3.1982930883566647,"[0.4626070346403531, 0.0, 0.1817760058558294]",0.2147943468320608,0.32675096551130006,"[2.3897593468205143, 0.0, 1.1301804154650092]",1.1733132540951745,1.7848758325215803
pr_Agency_EBCI,test,05_19 Darisy,01_calib,test/05_19 Darisy/01_calib,"MATRIX_[8, 12]_robust_concat_01_calib.hdf","C:\Users\hodor\Documents\lab-Shishkin\projects\BCI_classifier\data\pr_Agency_EBCI\features\csp\test\05_19 Darisy\MATRIX_[8, 12]_robust_concat_01_calib.hdf","[8, 12]","[0, -2, -1]","[0, 54, 55]",3,lda,time_series_by_class,3,5,30,0.7666666666666667,0.7666666666666666,0.18923658604622118,"[0.4626070346403531, 0.0586022629321345, 0.3958124682644303]",0.3056739219456393,0.4627372263233738,"[2.460065315994436, 0.2502399947955129, 1.7318814937937523]",1.4807289348612338,2.241566424421067,"[2.3897593468205143, 0.3969740465180313, 2.460938107442625]",1.7492238335937236,2.648021067102501,"[0.4626070346403531, 0.0, 0.1817760058558294]",0.2147943468320608,0.32516133417715815,"[2.3897593468205143, 0.0, 1.1301804154650092]",1.1733132540951745,1.776192477763962
pr_Agency_EBCI,test,05_19 Darisy,01_calib,test/05_19 Darisy/01_calib,"MATRIX_[8, 12]_robust_concat_01_calib.hdf","C:\Users\hodor\Documents\lab-Shishkin\projects\BCI_classifier\data\pr_Agency_EBCI\features\csp\test\05_19 Darisy\MATRIX_[8, 12]_robust_concat_01_calib.hdf","[8, 12]","[1, 2, -3]","[1, 2, 53]",3,lda,time_series_by_class,3,5,30,0.8666666666666667,0.8666666666666667,0.09378052695932064,"[0.3023887911207212, 0.0925280064319718, 0.2070244099967982]",0.20064706918316375,0.3372436443611687,"[1.3199709886265507, 0.4009546945385446, 0.8803661791448005]",0.8670972874366321,1.4574000528453808,"[1.8684910022937804, 0.5841595396222303, 1.4566314971548178]",1.3030940130236095,2.190214767085057,"[0.1524640025156773, 0.0, 0.0]",0.050821334171892434,0.08541949811277855,"[0.9420905312608264, 0.0, 0.0]",0.31403017708694214,0.5278157403012292
pr_Agency_EBCI,test,05_19 Darisy,01_calib,test/05_19 Darisy/01_calib,"MATRIX_[8, 12]_robust_concat_01_calib.hdf","C:\Users\hodor\Documents\lab-Shishkin\projects\BCI_classifier\data\pr_Agency_EBCI\features\csp\test\05_19 Darisy\MATRIX_[8, 12]_robust_concat_01_calib.hdf","[8, 12]","[1, 2, -2]","[1, 2, 54]",3,lda,time_series_by_class,3,5,30,0.8333333333333334,0.8333333333333334,0.10333198389190718,"[0.3023887911207212, 0.0925280064319718, 0.0586022629321345]",0.15117302016160916,0.25084798237428496,"[1.3199709886265507, 0.4009546945385446, 0.2502399947955129]",0.6570552259868695,1.0902803792044822,"[1.8684910022937804, 0.5841595396222303, 0.3969740465180313]",0.9498748628113475,1.5761687673472022,"[0.1524640025156773, 0.0, 0.0]",0.050821334171892434,0.08433005522387534,"[0.9420905312608264, 0.0, 0.0]",0.31403017708694214,0.5210839622221406
pr_Agency_EBCI,test,05_19 Darisy,01_calib,test/05_19 Darisy/01_calib,"MATRIX_[8, 12]_robust_concat_01_calib.hdf","C:\Users\hodor\Documents\lab-Shishkin\projects\BCI_classifier\data\pr_Agency_EBCI\features\csp\test\05_19 Darisy\MATRIX_[8, 12]_robust_concat_01_calib.hdf","[8, 12]","[1, 2, -1]","[1, 2, 55]",3,lda,time_series_by_class,3,5,30,0.8,0.8,0.1357449518216344,"[0.3023887911207212, 0.0925280064319718, 0.3958124682644303]",0.2635764219390411,0.4205863311031061,"[1.3199709886265507, 0.4009546945385446, 1.7318814937937523]",1.150935725652949,1.836536935385739,"[1.8684910022937804, 0.5841595396222303, 2.460938107442625]",1.6378628831195454,2.613521861301094,"[0.1524640025156773, 0.0, 0.1817760058558294]",0.11141333612383557,0.17778117606861857,"[0.9420905312608264, 0.0, 1.1301804154650092]",0.6907569822419451,1.1022341934370146
pr_Agency_EBCI,test,05_19 Darisy,01_calib,test/05_19 Darisy/01_calib,"MATRIX_[8, 12]_robust_concat_01_calib.hdf","C:\Users\hodor\Documents\lab-Shishkin\projects\BCI_classifier\data\pr_Agency_EBCI\features\csp\test\05_19 Darisy\MATRIX_[8, 12]_robust_concat_01_calib.hdf","[8, 12]","[1, -3, -2]","[1, 53, 54]",3,lda,time_series_by_class,3,5,30,0.8333333333333334,0.8333333333333333,0.13250064043363108,"[0.3023887911207212, 0.2070244099967982, 0.0586022629321345]",0.18933848801655132,0.3032260809965981,"[1.3199709886265507, 0.8803661791448005, 0.2502399947955129]",0.8168590541889547,1.3082018997989042,"[1.8684910022937804, 1.4566314971548178, 0.3969740465180313]",1.2406988486555433,1.986982432974349,"[0.1524640025156773, 0.0, 0.0]",0.050821334171892434,0.08139049885417018,"[0.9420905312608264, 0.0, 0.0]",0.31403017708694214,0.5029201453452886
pr_Agency_EBCI,test,05_19 Darisy,01_calib,test/05_19 Darisy/01_calib,"MATRIX_[8, 12]_robust_concat_01_calib.hdf","C:\Users\hodor\Documents\lab-Shishkin\projects\BCI_classifier\data\pr_Agency_EBCI\features\csp\test\05_19 Darisy\MATRIX_[8, 12]_robust_concat_01_calib.hdf","[8, 12]","[1, -3, -1]","[1, 53, 55]",3,lda,time_series_by_class,3,5,30,0.8333333333333334,0.8333333333333333,0.1199033355851731,"[0.3023887911207212, 0.2070244099967982, 0.3958124682644303]",0.30174188979398325,0.4903875562994803,"[1.3199709886265507, 0.8803661791448005, 1.7318814937937523]",1.3107395538550346,2.1301993143838867,"[1.8684910022937804, 1.4566314971548178, 2.460938107442625]",1.928686868963741,3.1344804037111995,"[0.1524640025156773, 0.0, 0.1817760058558294]",0.11141333612383557,0.18106771213716238,"[0.9420905312608264, 0.0, 1.1301804154650092]",0.6907569822419451,1.1226105488691263
pr_Agency_EBCI,test,05_19 Darisy,01_calib,test/05_19 Darisy/01_calib,"MATRIX_[8, 12]_robust_concat_01_calib.hdf","C:\Users\hodor\Documents\lab-Shishkin\projects\BCI_classifier\data\pr_Agency_EBCI\features\csp\test\05_19 Darisy\MATRIX_[8, 12]_robust_concat_01_calib.hdf","[8, 12]","[1, -2, -1]","[1, 54, 55]",3,lda,time_series_by_class,3,5,30,0.8333333333333334,0.8333333333333333,0.11431011433543506,"[0.3023887911207212, 0.0586022629321345, 0.3958124682644303]",0.25226784077242864,0.41278945892386093,"[1.3199709886265507, 0.2502399947955129, 1.7318814937937523]",1.1006974924052721,1.8010869754052345,"[1.8684910022937804, 0.3969740465180313, 2.460938107442625]",1.5754677187514787,2.5779602551959937,"[0.1524640025156773, 0.0, 0.1817760058558294]",0.11141333612383557,0.1823072278838278,"[0.9420905312608264, 0.0, 1.1301804154650092]",0.6907569822419451,1.130295483064583
pr_Agency_EBCI,test,05_19 Darisy,01_calib,test/05_19 Darisy/01_calib,"MATRIX_[8, 12]_robust_concat_01_calib.hdf","C:\Users\hodor\Documents\lab-Shishkin\projects\BCI_classifier\data\pr_Agency_EBCI\features\csp\test\05_19 Darisy\MATRIX_[8, 12]_robust_concat_01_calib.hdf","[8, 12]","[2, -3, -2]","[2, 53, 54]",3,lda,time_series_by_class,3,5,30,0.9,0.9,0.06411721171265848,"[0.0925280064319718, 0.2070244099967982, 0.0586022629321345]",0.1193848931203015,0.20978785652140244,"[0.4009546945385446, 0.8803661791448005, 0.2502399947955129]",0.5105202894929527,0.8971064465877534,"[0.5841595396222303, 1.4566314971548178, 0.3969740465180313]",0.8125883610983599,1.4279124104695917,"[0.0, 0.0, 0.0]",0.0,0.0,"[0.0, 0.0, 0.0]",0.0,0.0
pr_Agency_EBCI,test,05_19 Darisy,01_calib,test/05_19 Darisy/01_calib,"MATRIX_[8, 12]_robust_concat_01_calib.hdf","C:\Users\hodor\Documents\lab-Shishkin\projects\BCI_classifier\data\pr_Agency_EBCI\features\csp\test\05_19 Darisy\MATRIX_[8, 12]_robust_concat_01_calib.hdf","[8, 12]","[2, -3, -1]","[2, 53, 55]",3,lda,time_series_by_class,3,5,30,0.9,0.9,0.08793138129487413,"[0.0925280064319718, 0.2070244099967982, 0.3958124682644303]",0.23178829489773345,0.39279074892365023,"[0.4009546945385446, 0.8803661791448005, 1.7318814937937523]",1.0044007891590325,1.702067562848013,"[0.5841595396222303, 1.4566314971548178, 2.460938107442625]",1.5005763814065578,2.542891654342924,"[0.0, 0.0, 0.1817760058558294]",0.060592001951943135,0.10267980890056476,"[0.0, 0.0, 1.1301804154650092]",0.37672680515500306,0.6384049893534753
pr_Agency_EBCI,test,05_19 Darisy,01_calib,test/05_19 Darisy/01_calib,"MATRIX_[8, 12]_robust_concat_01_calib.hdf","C:\Users\hodor\Documents\lab-Shishkin\projects\BCI_classifier\data\pr_Agency_EBCI\features\csp\test\05_19 Darisy\MATRIX_[8, 12]_robust_concat_01_calib.hdf","[8, 12]","[2, -2, -1]","[2, 54, 55]",3,lda,time_series_by_class,3,5,30,0.9,0.9,0.069316629864736,"[0.0925280064319718, 0.0586022629321345, 0.3958124682644303]",0.18231424587617884,0.3177045082359492,"[0.4009546945385446, 0.2502399947955129, 1.7318814937937523]",0.79435872770927,1.384265654814541,"[0.5841595396222303, 0.3969740465180313, 2.460938107442625]",1.1473572311942954,1.9994080174903772,"[0.0, 0.0, 0.1817760058558294]",0.060592001951943135,0.10558885341438377,"[0.0, 0.0, 1.1301804154650092]",0.37672680515500306,0.6564917831619043
pr_Agency_EBCI,test,05_19 Darisy,01_calib,test/05_19 Darisy/01_calib,"MATRIX_[8, 12]_robust_concat_01_calib.hdf","C:\Users\hodor\Documents\lab-Shishkin\projects\BCI_classifier\data\pr_Agency_EBCI\features\csp\test\05_19 Darisy\MATRIX_[8, 12]_robust_concat_01_calib.hdf","[8, 12]","[-3, -2, -1]","[53, 54, 55]",3,lda,time_series_by_class,3,5,30,0.8666666666666667,0.8666666666666667,0.0941420173470932,"[0.2070244099967982, 0.0586022629321345, 0.3958124682644303]",0.220479713731121,0.37039349736506594,"[0.8803661791448005, 0.2502399947955129, 1.7318814937937523]",0.9541625559113553,1.6029393369486769,"[1.4566314971548178, 0.3969740465180313, 2.460938107442625]",1.4381812170384913,2.4160634183027945,"[0.0, 0.0, 0.1817760058558294]",0.060592001951943135,0.10179114955991199,"[0.0, 0.0, 1.1301804154650092]",0.37672680515500306,0.6328798080838286
pr_Agency_EBCI,test,05_19 Darisy,01_calib,test/05_19 Darisy/01_calib,"MATRIX_[8, 12]_robust_concat_01_calib.hdf","C:\Users\hodor\Documents\lab-Shishkin\projects\BCI_classifier\data\pr_Agency_EBCI\features\csp\test\05_19 Darisy\MATRIX_[8, 12]_robust_concat_01_calib.hdf","[8, 12]","[0, 1, 2, -3]","[0, 1, 2, 53]",4,lda,time_series_by_class,3,5,30,0.9333333333333333,0.9333333333333333,0.07681073260539677,"[0.4626070346403531, 0.3023887911207212, 0.0925280064319718, 0.2070244099967982]",0.26613706054746106,0.4584251687739933,"[2.460065315994436, 1.3199709886265507, 0.4009546945385446, 0.8803661791448005]",1.265339294576083,2.179566342542368,"[2.3897593468205143, 1.8684910022937804, 0.5841595396222303, 1.4566314971548178]",1.5747603464728357,2.7125488503006197,"[0.4626070346403531, 0.1524640025156773, 0.0, 0.0]",0.1537677592890076,0.26486732384831163,"[2.3897593468205143, 0.9420905312608264, 0.0, 0.0]",0.8329624695203351,1.4347906296356092
pr_Agency_EBCI,test,05_19 Darisy,01_calib,test/05_19 Darisy/01_calib,"MATRIX_[8, 12]_robust_concat_01_calib.hdf","C:\Users\hodor\Documents\lab-Shishkin\projects\BCI_classifier\data\pr_Agency_EBCI\features\csp\test\05_19 Darisy\MATRIX_[8, 12]_robust_concat_01_calib.hdf","[8, 12]","[0, 1, 2, -2]","[0, 1, 2, 54]",4,lda,time_series_by_class,3,5,30,0.8666666666666667,0.8666666666666667,0.08585937937036008,"[0.4626070346403531, 0.3023887911207212, 0.0925280064319718, 0.0586022629321345]",0.22903152378129515,0.3892722157507277,"[2.460065315994436, 1.3199709886265507, 0.4009546945385446, 0.2502399947955129]",1.1078077484887612,1.882879569416129,"[2.3897593468205143, 1.8684910022937804, 0.5841595396222303, 0.3969740465180313]",1.3098459838136391,2.2262727854800626,"[0.4626070346403531, 0.1524640025156773, 0.0, 0.0]",0.1537677592890076,0.2613505572561058,"[2.3897593468205143, 0.9420905312608264, 0.0, 0.0]",0.8329624695203351,1.4157402474299046
pr_Agency_EBCI,test,05_19 Darisy,01_calib,test/05_19 Darisy/01_calib,"MATRIX_[8, 12]_robust_concat_01_calib.hdf","C:\Users\hodor\Documents\lab-Shishkin\projects\BCI_classifier\data\pr_Agency_EBCI\features\csp\test\05_19 Darisy\MATRIX_[8, 12]_robust_concat_01_calib.hdf","[8, 12]","[0, 1, 2, -1]","[0, 1, 2, 55]",4,lda,time_series_by_class,3,5,30,0.8666666666666667,0.8666666666666667,0.08491853463136485,"[0.4626070346403531, 0.3023887911207212, 0.0925280064319718, 0.3958124682644303]",0.31333407511436906,0.5332805068337158,"[2.460065315994436, 1.3199709886265507, 0.4009546945385446, 1.7318814937937523]",1.478218123238321,2.5158607779367093,"[2.3897593468205143, 1.8684910022937804, 0.5841595396222303, 2.460938107442625]",1.8258369990447876,3.107492473938412,"[0.4626070346403531, 0.1524640025156773, 0.0, 0.1817760058558294]",0.19921176075296496,0.33904945928016705,"[2.3897593468205143, 0.9420905312608264, 0.0, 1.1301804154650092]",1.1155075733865876,1.8985437313044013
pr_Agency_EBCI,test,05_19 Darisy,01_calib,test/05_19 Darisy/01_calib,"MATRIX_[8, 12]_robust_concat_01_calib.hdf","C:\Users\hodor\Documents\lab-Shishkin\projects\BCI_classifier\data\pr_Agency_EBCI\features\csp\test\05_19 Darisy\MATRIX_[8, 12]_robust_concat_01_calib.hdf","[8, 12]","[0, 1, -3, -2]","[0, 1, 53, 54]",4,lda,time_series_by_class,3,5,30,0.8333333333333334,0.8333333333333333,0.17101627509620215,"[0.4626070346403531, 0.3023887911207212, 0.2070244099967982, 0.0586022629321345]",0.25765562467250175,0.3965474426153633,"[2.460065315994436, 1.3199709886265507, 0.8803661791448005, 0.2502399947955129]",1.2276606196403252,1.889443243231164,"[2.3897593468205143, 1.8684910022937804, 1.4566314971548178, 0.3969740465180313]",1.527963973196786,2.351628095640253,"[0.4626070346403531, 0.1524640025156773, 0.0, 0.0]",0.1537677592890076,0.23665779382947977,"[2.3897593468205143, 0.9420905312608264, 0.0, 0.0]",0.8329624695203351,1.2819791436834043
pr_Agency_EBCI,test,05_19 Darisy,01_calib,test/05_19 Darisy/01_calib,"MATRIX_[8, 12]_robust_concat_01_calib.hdf","C:\Users\hodor\Documents\lab-Shishkin\projects\BCI_classifier\data\pr_Agency_EBCI\features\csp\test\05_19 Darisy\MATRIX_[8, 12]_robust_concat_01_calib.hdf","[8, 12]","[0, 1, -3, -1]","[0, 1, 53, 55]",4,lda,time_series_by_class,3,5,30,0.8,0.8,0.1740491107804573,"[0.4626070346403531, 0.3023887911207212, 0.2070244099967982, 0.3958124682644303]",0.34195817600557565,0.5247995014625866,"[2.460065315994436, 1.3199709886265507, 0.8803661791448005, 1.7318814937937523]",1.598070994389885,2.4525422113140443,"[2.3897593468205143, 1.8684910022937804, 1.4566314971548178, 2.460938107442625]",2.0439549884279344,3.1368355378099135,"[0.4626070346403531, 0.1524640025156773, 0.0, 0.1817760058558294]",0.19921176075296496,0.30572812719335435,"[2.3897593468205143, 0.9420905312608264, 0.0, 1.1301804154650092]",1.1155075733865876,1.711957366334401
pr_Agency_EBCI,test,05_19 Darisy,01_calib,test/05_19 Darisy/01_calib,"MATRIX_[8, 12]_robust_concat_01_calib.hdf","C:\Users\hodor\Documents\lab-Shishkin\projects\BCI_classifier\data\pr_Agency_EBCI\features\csp\test\05_19 Darisy\MATRIX_[8, 12]_robust_concat_01_calib.hdf","[8, 12]","[0, 1, -2, -1]","[0, 1, 54, 55]",4,lda,time_series_by_class,3,5,30,0.8,0.8,0.17283526494005688,"[0.4626070346403531, 0.3023887911207212, 0.0586022629321345, 0.3958124682644303]",0.30485263923940975,0.46838472319526775,"[2.460065315994436, 1.3199709886265507, 0.2502399947955129, 1.7318814937937523]",1.440539448302563,2.213287942753144,"[2.3897593468205143, 1.8684910022937804, 0.3969740465180313, 2.460938107442625]",1.779040625768738,2.7333712876253973,"[0.4626070346403531, 0.1524640025156773, 0.0, 0.1817760058558294]",0.19921176075296496,0.30607491426125416,"[2.3897593468205143, 0.9420905312608264, 0.0, 1.1301804154650092]",1.1155075733865876,1.7138992376332272
pr_Agency_EBCI,test,05_19 Darisy,01_calib,test/05_19 Darisy/01_calib,"MATRIX_[8, 12]_robust_concat_01_calib.hdf","C:\Users\hodor\Documents\lab-Shishkin\projects\BCI_classifier\data\pr_Agency_EBCI\features\csp\test\05_19 Darisy\MATRIX_[8, 12]_robust_concat_01_calib.hdf","[8, 12]","[0, 2, -3, -2]","[0, 2, 53, 54]",4,lda,time_series_by_class,3,5,30,0.9333333333333333,0.9333333333333333,0.07671458129307356,"[0.4626070346403531, 0.0925280064319718, 0.2070244099967982, 0.0586022629321345]",0.20519042850031438,0.35349517452523993,"[2.460065315994436, 0.4009546945385446, 0.8803661791448005, 0.2502399947955129]",0.9979065461183235,1.7191598616864123,"[2.3897593468205143, 0.5841595396222303, 1.4566314971548178, 0.3969740465180313]",1.2068811075288983,2.079174213218669,"[0.4626070346403531, 0.0, 0.0, 0.0]",0.11565175866008827,0.19924096318964601,"[2.3897593468205143, 0.0, 0.0, 0.0]",0.5974398367051286,1.0292492729215519
pr_Agency_EBCI,test,05_19 Darisy,01_calib,test/05_19 Darisy/01_calib,"MATRIX_[8, 12]_robust_concat_01_calib.hdf","C:\Users\hodor\Documents\lab-Shishkin\projects\BCI_classifier\data\pr_Agency_EBCI\features\csp\test\05_19 Darisy\MATRIX_[8, 12]_robust_concat_01_calib.hdf","[8, 12]","[0, 2, -3, -1]","[0, 2, 53, 55]",4,lda,time_series_by_class,3,5,30,0.9,0.9,0.07510662253327877,"[0.4626070346403531, 0.0925280064319718, 0.2070244099967982, 0.3958124682644303]",0.28949297983338834,0.4999517300936583,"[2.460065315994436, 0.4009546945385446, 0.8803661791448005, 1.7318814937937523]",1.3683169208678834,2.3630708153891704,"[2.3897593468205143, 0.5841595396222303, 1.4566314971548178, 2.460938107442625]",1.7228721227600468,2.9753844082842793,"[0.4626070346403531, 0.0, 0.0, 0.1817760058558294]",0.1610957601240456,0.27821090525622677,"[2.3897593468205143, 0.0, 0.0, 1.1301804154650092]",0.8799849405713809,1.5197259489616328
pr_Agency_EBCI,test,05_19 Darisy,01_calib,test/05_19 Darisy/01_calib,"MATRIX_[8, 12]_robust_concat_01_calib.hdf","C:\Users\hodor\Documents\lab-Shishkin\projects\BCI_classifier\data\pr_Agency_EBCI\features\csp\test\05_19 Darisy\MATRIX_[8, 12]_robust_concat_01_calib.hdf","[8, 12]","[0, 2, -2, -1]","[0, 2, 54, 55]",4,lda,time_series_by_class,3,5,30,0.9,0.9,0.08493782392895849,"[0.4626070346403531, 0.0925280064319718, 0.0586022629321345, 0.3958124682644303]",0.2523874430672224,0.4295400861155166,"[2.460065315994436, 0.4009546945385446, 0.2502399947955129, 1.7318814937937523]",1.2107853747805615,2.0606447287162735,"[2.3897593468205143, 0.5841595396222303, 0.3969740465180313, 2.460938107442625]",1.4579577601008502,2.4813092688597242,"[0.4626070346403531, 0.0, 0.0, 0.1817760058558294]",0.1610957601240456,0.27417008483301125,"[2.3897593468205143, 0.0, 0.0, 1.1301804154650092]",0.8799849405713809,1.4976529836815728
pr_Agency_EBCI,test,05_19 Darisy,01_calib,test/05_19 Darisy/01_calib,"MATRIX_[8, 12]_robust_concat_01_calib.hdf","C:\Users\hodor\Documents\lab-Shishkin\projects\BCI_classifier\data\pr_Agency_EBCI\features\csp\test\05_19 Darisy\MATRIX_[8, 12]_robust_concat_01_calib.hdf","[8, 12]","[0, -3, -2, -1]","[0, 53, 54, 55]",4,lda,time_series_by_class,3,5,30,0.8,0.8,0.17411835180786608,"[0.4626070346403531, 0.2070244099967982, 0.0586022629321345, 0.3958124682644303]",0.281011543958429,0.43123755805289204,"[2.460065315994436, 0.8803661791448005, 0.2502399947955129, 1.7318814937937523]",1.3306382459321255,2.041984395888166,"[2.3897593468205143, 1.4566314971548178, 0.3969740465180313, 2.460938107442625]",1.676075749483997,2.5720893993809524,"[0.4626070346403531, 0.0, 0.0, 0.1817760058558294]",0.1610957601240456,0.24721597280304225,"[2.3897593468205143, 0.0, 0.0, 1.1301804154650092]",0.8799849405713809,1.3504162553245849
pr_Agency_EBCI,test,05_19 Darisy,01_calib,test/05_19 Darisy/01_calib,"MATRIX_[8, 12]_robust_concat_01_calib.hdf","C:\Users\hodor\Documents\lab-Shishkin\projects\BCI_classifier\data\pr_Agency_EBCI\features\csp\test\05_19 Darisy\MATRIX_[8, 12]_robust_concat_01_calib.hdf","[8, 12]","[1, 2, -3, -2]","[1, 2, 53, 54]",4,lda,time_series_by_class,3,5,30,0.9,0.9,0.07760897088902784,"[0.3023887911207212, 0.0925280064319718, 0.2070244099967982, 0.0586022629321345]",0.16513586762040644,0.2841059910220874,"[1.3199709886265507, 0.4009546945385446, 0.8803661791448005, 0.2502399947955129]",0.7128829642763522,1.2264708083531362,"[1.8684910022937804, 0.5841595396222303, 1.4566314971548178, 0.3969740465180313]",1.076564021397215,1.85216145108371,"[0.1524640025156773, 0.0, 0.0, 0.0]",0.03811600062891932,0.06557620878203115,"[0.9420905312608264, 0.0, 0.0, 0.0]",0.2355226328152066,0.40520204343436494
pr_Agency_EBCI,test,05_19 Darisy,01_calib,test/05_19 Darisy/01_calib,"MATRIX_[8, 12]_robust_concat_01_calib.hdf","C:\Users\hodor\Documents\lab-Shishkin\projects\BCI_classifier\data\pr_Agency_EBCI\features\csp\test\05_19 Darisy\MATRIX_[8, 12]_robust_concat_01_calib.hdf","[8, 12]","[1, 2, -3, -1]","[1, 2, 53, 55]",4,lda,time_series_by_class,3,5,30,0.9,0.9,0.08507403552598831,"[0.3023887911207212, 0.0925280064319718, 0.2070244099967982, 0.3958124682644303]",0.24943841895348037,0.42443746331979254,"[1.3199709886265507, 0.4009546945385446, 0.8803661791448005, 1.7318814937937523]",1.083293339025912,1.843301760716884,"[1.8684910022937804, 0.5841595396222303, 1.4566314971548178, 2.460938107442625]",1.5925550366283634,2.7098472752497798,"[0.1524640025156773, 0.0, 0.0, 0.1817760058558294]",0.08356000209287667,0.14218337123886055,"[0.9420905312608264, 0.0, 0.0, 1.1301804154650092]",0.5180677366814589,0.8815296252575794
pr_Agency_EBCI,test,05_19 Darisy,01_calib,test/05_19 Darisy/01_calib,"MATRIX_[8, 12]_robust_concat_01_calib.hdf","C:\Users\hodor\Documents\lab-Shishkin\projects\BCI_classifier\data\pr_Agency_EBCI\features\csp\test\05_19 Darisy\MATRIX_[8, 12]_robust_concat_01_calib.hdf","[8, 12]","[1, 2, -2, -1]","[1, 2, 54, 55]",4,lda,time_series_by_class,3,5,30,0.9,0.9,0.08363528764857027,"[0.3023887911207212, 0.0925280064319718, 0.0586022629321345, 0.3958124682644303]",0.21233288218731444,0.36205535427294516,"[1.3199709886265507, 0.4009546945385446, 0.2502399947955129, 1.7318814937937523]",0.9257617929385902,1.578545020733312,"[1.8684910022937804, 0.5841595396222303, 0.3969740465180313, 2.460938107442625]",1.3276406739691669,2.263801110828589,"[0.1524640025156773, 0.0, 0.0, 0.1817760058558294]",0.08356000209287667,0.14248073990770682,"[0.9420905312608264, 0.0, 0.0, 1.1301804154650092]",0.5180677366814589,0.8833732957861886
pr_Agency_EBCI,test,05_19 Darisy,01_calib,test/05_19 Darisy/01_calib,"MATRIX_[8, 12]_robust_concat_01_calib.hdf","C:\Users\hodor\Documents\lab-Shishkin\projects\BCI_classifier\data\pr_Agency_EBCI\features\csp\test\05_19 Darisy\MATRIX_[8, 12]_robust_concat_01_calib.hdf","[8, 12]","[1, -3, -2, -1]","[1, 53, 54, 55]",4,lda,time_series_by_class,3,5,30,0.8666666666666667,0.8666666666666667,0.10042013695596338,"[0.3023887911207212, 0.2070244099967982, 0.0586022629321345, 0.3958124682644303]",0.24095698307852106,0.40137031989411637,"[1.3199709886265507, 0.8803661791448005, 0.2502399947955129, 1.7318814937937523]",1.045614664090154,1.7417162468168965,"[1.8684910022937804, 1.4566314971548178, 0.3969740465180313, 2.460938107442625]",1.5457586633523137,2.5748232786706247,"[0.1524640025156773, 0.0, 0.0, 0.1817760058558294]",0.08356000209287667,0.13918876449180015,"[0.9420905312608264, 0.0, 0.0, 1.1301804154650092]",0.5180677366814589,0.8629632166787928
pr_Agency_EBCI,test,05_19 Darisy,01_calib,test/05_19 Darisy/01_calib,"MATRIX_[8, 12]_robust_concat_01_calib.hdf","C:\Users\hodor\Documents\lab-Shishkin\projects\BCI_classifier\data\pr_Agency_EBCI\features\csp\test\05_19 Darisy\MATRIX_[8, 12]_robust_concat_01_calib.hdf","[8, 12]","[2, -3, -2, -1]","[2, 53, 54, 55]",4,lda,time_series_by_class,3,5,30,0.9333333333333333,0.9333333333333333,0.06003664973762199,"[0.0925280064319718, 0.2070244099967982, 0.0586022629321345, 0.3958124682644303]",0.1884917869063337,0.33346503363637936,"[0.4009546945385446, 0.8803661791448005, 0.2502399947955129, 1.7318814937937523]",0.8158605905681526,1.4433572079806283,"[0.5841595396222303, 1.4566314971548178, 0.3969740465180313, 2.460938107442625]",1.224675797684426,2.1666013292740143,"[0.0, 0.0, 0.0, 0.1817760058558294]",0.04544400146395735,0.08039599881495424,"[0.0, 0.0, 0.0, 1.1301804154650092]",0.2825451038662523,0.49985685907563643
pr_Agency_EBCI,test,05_19 Darisy,01_calib,test/05_19 Darisy/01_calib,"MATRIX_[8, 15]_robust_concat_01_calib.hdf","C:\Users\hodor\Documents\lab-Shishkin\projects\BCI_classifier\data\pr_Agency_EBCI\features\csp\test\05_19 Darisy\MATRIX_[8, 15]_robust_concat_01_calib.hdf","[8, 15]","[0, 1]","[0, 1]",2,lda,time_series_by_class,3,5,30,0.8333333333333334,0.8333333333333333,0.14406951078648406,"[0.4333544200667677, 0.2240672773644739]",0.32871084871562084,0.5197831980000687,"[2.076655584845948, 0.9425052143108824]",1.5095803995784152,2.387066112350682,"[2.4317044831465497, 1.6430156434297964]",2.037360063288173,3.221632426527285,"[0.4333544200667677, 0.0770917764850232]",0.25522309827589545,0.403578642882274,"[2.4317044831465497, 0.5652900157243982]",1.498497249435474,2.3695405720537237
pr_Agency_EBCI,test,05_19 Darisy,01_calib,test/05_19 Darisy/01_calib,"MATRIX_[8, 15]_robust_concat_01_calib.hdf","C:\Users\hodor\Documents\lab-Shishkin\projects\BCI_classifier\data\pr_Agency_EBCI\features\csp\test\05_19 Darisy\MATRIX_[8, 15]_robust_concat_01_calib.hdf","[8, 15]","[0, 2]","[0, 2]",2,lda,time_series_by_class,3,5,30,0.8333333333333334,0.8333333333333333,0.13091822336355666,"[0.4333544200667677, 0.2608277798894821]",0.34709109997812493,0.5568656457557385,"[2.076655584845948, 1.0884824110471685]",1.582568997946558,2.539040347188573,"[2.4317044831465497, 1.9861697149844235]",2.2089370990654866,3.5439721277279497,"[0.4333544200667677, 0.0541377766792599]",0.2437460983730138,0.39106110320744203,"[2.4317044831465497, 0.412252147844441]",1.4219783154954952,2.281392040760947
pr_Agency_EBCI,test,05_19 Darisy,01_calib,test/05_19 Darisy/01_calib,"MATRIX_[8, 15]_robust_concat_01_calib.hdf","C:\Users\hodor\Documents\lab-Shishkin\projects\BCI_classifier\data\pr_Agency_EBCI\features\csp\test\05_19 Darisy\MATRIX_[8, 15]_robust_concat_01_calib.hdf","[8, 15]","[0, -3]","[0, 53]",2,lda,time_series_by_class,3,5,30,0.7666666666666667,0.7666666666666666,0.1913837219677532,"[0.4333544200667677, 0.0660394722123664]",0.24969694613956706,0.3772939473046487,"[2.076655584845948, 0.273894477701289]",1.1752750312736184,1.7758493348571749,"[2.4317044831465497, 0.5574757574244031]",1.4945901202854763,2.2583368151000442,"[0.4333544200667677, 0.0]",0.21667721003338386,0.3274008798600182,"[2.4317044831465497, 0.0]",1.2158522415732749,1.8371618021550769
pr_Agency_EBCI,test,05_19 Darisy,01_calib,test/05_19 Darisy/01_calib,"MATRIX_[8, 15]_robust_concat_01_calib.hdf","C:\Users\hodor\Documents\lab-Shishkin\projects\BCI_classifier\data\pr_Agency_EBCI\features\csp\test\05_19 Darisy\MATRIX_[8, 15]_robust_concat_01_calib.hdf","[8, 15]","[0, -2]","[0, 54]",2,lda,time_series_by_class,3,5,30,0.8,0.8,0.17141313337024558,"[0.4333544200667677, 0.061727590063505]",0.24754100506513635,0.38083785583555513,"[2.076655584845948, 0.2567721645836928]",1.1667138747148202,1.794970535500035,"[2.4317044831465497, 0.4917588095484698]",1.4617316463475098,2.248850633273787,"[0.4333544200667677, 0.0]",0.21667721003338386,0.3333544034687532,"[2.4317044831465497, 0.0]",1.2158522415732749,1.8705691227672658
pr_Agency_EBCI,test,05_19 Darisy,01_calib,test/05_19 Darisy/01_calib,"MATRIX_[8, 15]_robust_concat_01_calib.hdf","C:\Users\hodor\Documents\lab-Shishkin\projects\BCI_classifier\data\pr_Agency_EBCI\features\csp\test\05_19 Darisy\MATRIX_[8, 15]_robust_concat_01_calib.hdf","[8, 15]","[0, -1]","[0, 55]",2,lda,time_series_by_class,3,5,30,0.7333333333333333,0.7333333333333334,0.17414250031890566,"[0.4333544200667677, 0.3995542857894615]",0.4164543529281146,0.6390723942215489,"[2.076655584845948, 1.6768528270632188]",1.8767542059545832,2.8799838333585295,"[2.4317044831465497, 2.9545484393914827]",2.6931264612690162,4.1327525176371065,"[0.4333544200667677, 0.1559804175517788]",0.2946674188092733,0.45218356228835377,"[2.4317044831465497, 1.1534144811953742]",1.792559482170962,2.7507823414521444
pr_Agency_EBCI,test,05_19 Darisy,01_calib,test/05_19 Darisy/01_calib,"MATRIX_[8, 15]_robust_concat_01_calib.hdf","C:\Users\hodor\Documents\lab-Shishkin\projects\BCI_classifier\data\pr_Agency_EBCI\features\csp\test\05_19 Darisy\MATRIX_[8, 15]_robust_concat_01_calib.hdf","[8, 15]","[1, 2]","[1, 2]",2,lda,time_series_by_class,3,5,30,0.8333333333333334,0.8333333333333333,0.145634414912839,"[0.2240672773644739, 0.2608277798894821]",0.242447528626978,0.3827388411619972,"[0.9425052143108824, 1.0884824110471685]",1.0154938126790254,1.6031053286995636,"[1.6430156434297964, 1.9861697149844235]",1.8145926792071099,2.8645996234893847,"[0.0770917764850232, 0.0541377766792599]",0.06561477658214154,0.1035825099739035,"[0.5652900157243982, 0.412252147844441]",0.4887710817844196,0.7715965532628175
pr_Agency_EBCI,test,05_19 Darisy,01_calib,test/05_19 Darisy/01_calib,"MATRIX_[8, 15]_robust_concat_01_calib.hdf","C:\Users\hodor\Documents\lab-Shishkin\projects\BCI_classifier\data\pr_Agency_EBCI\features\csp\test\05_19 Darisy\MATRIX_[8, 15]_robust_concat_01_calib.hdf","[8, 15]","[1, -3]","[1, 53]",2,lda,time_series_by_class,3,5,30,0.8,0.8,0.17637448140995268,"[0.2240672773644739, 0.0660394722123664]",0.14505337478842015,0.2221326572334092,"[0.9425052143108824, 0.273894477701289]",0.6081998460060857,0.9313885190147774,"[1.6430156434297964, 0.5574757574244031]",1.1002457004270998,1.6849004816468156,"[0.0770917764850232, 0.0]",0.0385458882425116,0.05902862028008927,"[0.5652900157243982, 0.0]",0.2826450078621991,0.4328385102502305
pr_Agency_EBCI,test,05_19 Darisy,01_calib,test/05_19 Darisy/01_calib,"MATRIX_[8, 15]_robust_concat_01_calib.hdf","C:\Users\hodor\Documents\lab-Shishkin\projects\BCI_classifier\data\pr_Agency_EBCI\features\csp\test\05_19 Darisy\MATRIX_[8, 15]_robust_concat_01_calib.hdf","[8, 15]","[1, -2]","[1, 54]",2,lda,time_series_by_class,3,5,30,0.8333333333333334,0.8333333333333333,0.1359221979817067,"[0.2240672773644739, 0.061727590063505]",0.14289743371398944,0.22797513002137734,"[0.9425052143108824, 0.2567721645836928]",0.5996386894472876,0.9566491478510766,"[1.6430156434297964, 0.4917588095484698]",1.067387226489133,1.7028839176290615,"[0.0770917764850232, 0.0]",0.0385458882425116,0.06149518333173383,"[0.5652900157243982, 0.0]",0.2826450078621991,0.4509250498245293
pr_Agency_EBCI,test,05_19 Darisy,01_calib,test/05_19 Darisy/01_calib,"MATRIX_[8, 15]_robust_concat_01_calib.hdf","C:\Users\hodor\Documents\lab-Shishkin\projects\BCI_classifier\data\pr_Agency_EBCI\features\csp\test\05_19 Darisy\MATRIX_[8, 15]_robust_concat_01_calib.hdf","[8, 15]","[1, -1]","[1, 55]",2,lda,time_series_by_class,3,5,30,0.8333333333333334,0.8333333333333333,0.1623166490621351,"[0.2240672773644739, 0.3995542857894615]",0.31181078157696773,0.48393137409409165,"[0.9425052143108824, 1.6768528270632188]",1.3096790206870506,2.0326262129163806,"[1.6430156434297964, 2.9545484393914827]",2.2987820414106395,3.56771740353716,"[0.0770917764850232, 0.1559804175517788]",0.11653609701840101,0.18086441166806305,"[0.5652900157243982, 1.1534144811953742]",0.8593522484598861,1.3337175588503078
pr_Agency_EBCI,test,05_19 Darisy,01_calib,test/05_19 Darisy/01_calib,"MATRIX_[8, 15]_robust_concat_01_calib.hdf","C:\Users\hodor\Documents\lab-Shishkin\projects\BCI_classifier\data\pr_Agency_EBCI\features\csp\test\05_19 Darisy\MATRIX_[8, 15]_robust_concat_01_calib.hdf","[8, 15]","[2, -3]","[2, 53]",2,lda,time_series_by_class,3,5,30,0.7666666666666667,0.7666666666666666,0.1812497974078222,"[0.2608277798894821, 0.0660394722123664]",0.16343362605092424,0.2491693442924212,"[1.0884824110471685, 0.273894477701289]",0.6811884443742288,1.0385333919680306,"[1.9861697149844235, 0.5574757574244031]",1.2718227362044132,1.9390087884209588,"[0.0541377766792599, 0.0]",0.02706888833962995,0.04126896845701,"[0.412252147844441, 0.0]",0.2061260739222205,0.3142578422923045
pr_Agency_EBCI,test,05_19 Darisy,01_calib,test/05_19 Darisy/01_calib,"MATRIX_[8, 15]_robust_concat_01_calib.hdf","C:\Users\hodor\Documents\lab-Shishkin\projects\BCI_classifier\data\pr_Agency_EBCI\features\csp\test\05_19 Darisy\MATRIX_[8, 15]_robust_concat_01_calib.hdf","[8, 15]","[2, -2]","[2, 54]",2,lda,time_series_by_class,3,5,30,0.8333333333333334,0.8333333333333333,0.13756049493487868,"[0.2608277798894821, 0.061727590063505]",0.16127768497649353,0.256832518789382,"[1.0884824110471685, 0.2567721645836928]",0.6726272878154307,1.0711498032805133,"[1.9861697149844235, 0.4917588095484698]",1.2389642622664467,1.97303372884041,"[0.0541377766792599, 0.0]",0.02706888833962995,0.04310683634942417,"[0.412252147844441, 0.0]",0.2061260739222205,0.3282529679250189
pr_Agency_EBCI,test,05_19 Darisy,01_calib,test/05_19 Darisy/01_calib,"MATRIX_[8, 15]_robust_concat_01_calib.hdf","C:\Users\hodor\Documents\lab-Shishkin\projects\BCI_classifier\data\pr_Agency_EBCI\features\csp\test\05_19 Darisy\MATRIX_[8, 15]_robust_concat_01_calib.hdf","[8, 15]","[2, -1]","[2, 55]",2,lda,time_series_by_class,3,5,30,0.8,0.8,0.16673506895886936,"[0.2608277798894821, 0.3995542857894615]",0.3301910328394718,0.5102616400911082,"[1.0884824110471685, 1.6768528270632188]",1.3826676190551936,2.136709288961741,"[1.9861697149844235, 2.9545484393914827]",2.470359077187953,3.8175763390664526,"[0.0541377766792599, 0.1559804175517788]",0.10505909711551935,0.16235337083402326,"[0.412252147844441, 1.1534144811953742]",0.7828333145199076,1.2097536615389732
pr_Agency_EBCI,test,05_19 Darisy,01_calib,test/05_19 Darisy/01_calib,"MATRIX_[8, 15]_robust_concat_01_calib.hdf","C:\Users\hodor\Documents\lab-Shishkin\projects\BCI_classifier\data\pr_Agency_EBCI\features\csp\test\05_19 Darisy\MATRIX_[8, 15]_robust_concat_01_calib.hdf","[8, 15]","[-3, -2]","[53, 54]",2,lda,time_series_by_class,3,5,30,0.7333333333333333,0.7333333333333334,0.1959305240791112,"[0.0660394722123664, 0.061727590063505]",0.0638835311379357,0.0961536024018381,"[0.273894477701289, 0.2567721645836928]",0.26533332114249086,0.3993635638269243,"[0.5574757574244031, 0.4917588095484698]",0.5246172834864364,0.7896220010219869,"[0.0, 0.0]",0.0,0.0,"[0.0, 0.0]",0.0,0.0
pr_Agency_EBCI,test,05_19 Darisy,01_calib,test/05_19 Darisy/01_calib,"MATRIX_[8, 15]_robust_concat_01_calib.hdf","C:\Users\hodor\Documents\lab-Shishkin\projects\BCI_classifier\data\pr_Agency_EBCI\features\csp\test\05_19 Darisy\MATRIX_[8, 15]_robust_concat_01_calib.hdf","[8, 15]","[-3, -1]","[53, 55]",2,lda,time_series_by_class,3,5,30,0.7666666666666667,0.7666666666666666,0.1550915401411282,"[0.0660394722123664, 0.3995542857894615]",0.23279687900091395,0.36391623988931515,"[0.273894477701289, 1.6768528270632188]",0.9753736523822539,1.52473827649839,"[0.5574757574244031, 2.9545484393914827]",1.7560120984079428,2.7450596537003222,"[0.0, 0.1559804175517788]",0.0779902087758894,0.12191702761527536,"[0.0, 1.1534144811953742]",0.5767072405976871,0.9015289698726113
pr_Agency_EBCI,test,05_19 Darisy,01_calib,test/05_19 Darisy/01_calib,"MATRIX_[8, 15]_robust_concat_01_calib.hdf","C:\Users\hodor\Documents\lab-Shishkin\projects\BCI_classifier\data\pr_Agency_EBCI\features\csp\test\05_19 Darisy\MATRIX_[8, 15]_robust_concat_01_calib.hdf","[8, 15]","[-2, -1]","[54, 55]",2,lda,time_series_by_class,3,5,30,0.8666666666666667,0.8666666666666667,0.13514364395704279,"[0.061727590063505, 0.3995542857894615]",0.23064093792648324,0.3682780031581579,"[0.2567721645836928, 1.6768528270632188]",0.9668124958234559,1.543766594912608,"[0.4917588095484698, 2.9545484393914827]",1.7231536244699763,2.7514611311406636,"[0.0, 0.1559804175517788]",0.0779902087758894,0.12453157107359471,"[0.0, 1.1534144811953742]",0.5767072405976871,0.9208625011829702
pr_Agency_EBCI,test,05_19 Darisy,01_calib,test/05_19 Darisy/01_calib,"MATRIX_[8, 15]_robust_concat_01_calib.hdf","C:\Users\hodor\Documents\lab-Shishkin\projects\BCI_classifier\data\pr_Agency_EBCI\features\csp\test\05_19 Darisy\MATRIX_[8, 15]_robust_concat_01_calib.hdf","[8, 15]","[0, 1, 2]","[0, 1, 2]",3,lda,time_series_by_class,3,5,30,0.8666666666666667,0.8666666666666667,0.13232623914940814,"[0.4333544200667677, 0.2240672773644739, 0.2608277798894821]",0.3060831591069079,0.49028959425950397,"[2.076655584845948, 0.9425052143108824, 1.0884824110471685]",1.369214403401333,2.193232637354721,"[2.4317044831465497, 1.6430156434297964, 1.9861697149844235]",2.02029661385359,3.2361480127828806,"[0.4333544200667677, 0.0770917764850232, 0.0541377766792599]",0.1881946577436836,0.30145363977614026,"[2.4317044831465497, 0.5652900157243982, 0.412252147844441]",1.1364155489051297,1.8203311806131737
pr_Agency_EBCI,test,05_19 Darisy,01_calib,test/05_19 Darisy/01_calib,"MATRIX_[8, 15]_robust_concat_01_calib.hdf","C:\Users\hodor\Documents\lab-Shishkin\projects\BCI_classifier\data\pr_Agency_EBCI\features\csp\test\05_19 Darisy\MATRIX_[8, 15]_robust_concat_01_calib.hdf","[8, 15]","[0, 1, -3]","[0, 1, 53]",3,lda,time_series_by_class,3,5,30,0.8333333333333334,0.8333333333333333,0.14588691648155755,"[0.4333544200667677, 0.2240672773644739, 0.0660394722123664]",0.24115372321453601,0.38059451251504384,"[2.076655584845948, 0.9425052143108824, 0.273894477701289]",1.0976850922860397,1.732392587702142,"[2.4317044831465497, 1.6430156434297964, 0.5574757574244031]",1.5440652946669164,2.436880386011515,"[0.4333544200667677, 0.0770917764850232, 0.0]",0.1701487321839303,0.26853275544489835,"[2.4317044831465497, 0.5652900157243982, 0.0]",0.998998166290316,1.5766425458189541
pr_Agency_EBCI,test,05_19 Darisy,01_calib,test/05_19 Darisy/01_calib,"MATRIX_[8, 15]_robust_concat_01_calib.hdf","C:\Users\hodor\Documents\lab-Shishkin\projects\BCI_classifier\data\pr_Agency_EBCI\features\csp\test\05_19 Darisy\MATRIX_[8, 15]_robust_concat_01_calib.hdf","[8, 15]","[0, 1, -2]","[0, 1, 54]",3,lda,time_series_by_class,3,5,30,0.8,0.8,0.1572655010985575,"[0.4333544200667677, 0.2240672773644739, 0.061727590063505]",0.23971642916491556,0.37391154648120295,"[2.076655584845948, 0.9425052143108824, 0.2567721645836928]",1.0919776545801743,1.703275219680889,"[2.4317044831465497, 1.6430156434297964, 0.4917588095484698]",1.5221596453749386,2.3742764272609267,"[0.4333544200667677, 0.0770917764850232, 0.0]",0.1701487321839303,0.2653993128645385,"[2.4317044831465497, 0.5652900157243982, 0.0]",0.998998166290316,1.5582450922982802
pr_Agency_EBCI,test,05_19 Darisy,01_calib,test/05_19 Darisy/01_calib,"MATRIX_[8, 15]_robust_concat_01_calib.hdf","C:\Users\hodor\Documents\lab-Shishkin\projects\BCI_classifier\data\pr_Agency_EBCI\features\csp\test\05_19 Darisy\MATRIX_[8, 15]_robust_concat_01_calib.hdf","[8, 15]","[0, 1, -1]","[0, 1, 55]",3,lda,time_series_by_class,3,5,30,0.8666666666666667,0.8666666666666667,0.12437932965850679,"[0.4333544200667677, 0.2240672773644739, 0.3995542857894615]",0.35232532774023434,0.5695557709445828,"[2.076655584845948, 0.9425052143108824, 1.6768528270632188]",1.565337875406683,2.5304658797432147,"[2.4317044831465497, 1.6430156434297964, 2.9545484393914827]",2.3430895219892762,3.7877497131648266,"[0.4333544200667677, 0.0770917764850232, 0.1559804175517788]",0.22214220470118992,0.35910666845728195,"[2.4317044831465497, 0.5652900157243982, 1.1534144811953742]",1.3834696600221073,2.2364646159452035
pr_Agency_EBCI,test,05_19 Darisy,01_calib,test/05_19 Darisy/01_calib,"MATRIX_[8, 15]_robust_concat_01_calib.hdf","C:\Users\hodor\Documents\lab-Shishkin\projects\BCI_classifier\data\pr_Agency_EBCI\features\csp\test\05_19 Darisy\MATRIX_[8, 15]_robust_concat_01_calib.hdf","[8, 15]","[0, 2, -3]","[0, 2, 53]",3,lda,time_series_by_class,3,5,30,0.8333333333333334,0.8333333333333333,0.141550364285609,"[0.4333544200667677, 0.2608277798894821, 0.0660394722123664]",0.2534072240562054,0.40179367042187397,"[2.076655584845948, 1.0884824110471685, 0.273894477701289]",1.1463441578648017,1.817603379187847,"[2.4317044831465497, 1.9861697149844235, 0.5574757574244031]",1.6584499851851255,2.6295805466494415,"[0.4333544200667677, 0.0541377766792599, 0.0]",0.16249739891534254,0.2576502173028879,"[2.4317044831465497, 0.412252147844441, 0.0]",0.9479855436636635,1.503092867672222
pr_Agency_EBCI,test,05_19 Darisy,01_calib,test/05_19 Darisy/01_calib,"MATRIX_[8, 15]_robust_concat_01_calib.hdf","C:\Users\hodor\Documents\lab-Shishkin\projects\BCI_classifier\data\pr_Agency_EBCI\features\csp\test\05_19 Darisy\MATRIX_[8, 15]_robust_concat_01_calib.hdf","[8, 15]","[0, 2, -2]","[0, 2, 54]",3,lda,time_series_by_class,3,5,30,0.8333333333333334,0.8333333333333333,0.13425649671178125,"[0.4333544200667677, 0.2608277798894821, 0.061727590063505]",0.25196993000658496,0.402734347443683,"[2.076655584845948, 1.0884824110471685, 0.2567721645836928]",1.1406367201589362,1.8231285977319074,"[2.4317044831465497, 1.9861697149844235, 0.4917588095484698]",1.6365443358931477,2.615759012043055,"[0.4333544200667677, 0.0541377766792599, 0.0]",0.16249739891534254,0.2597265630535994,"[2.4317044831465497, 0.412252147844441, 0.0]",0.9479855436636635,1.515205958518356
pr_Agency_EBCI,test,05_19 Darisy,01_calib,test/05_19 Darisy/01_calib,"MATRIX_[8, 15]_robust_concat_01_calib.hdf","C:\Users\hodor\Documents\lab-Shishkin\projects\BCI_classifier\data\pr_Agency_EBCI\features\csp\test\05_19 Darisy\MATRIX_[8, 15]_robust_concat_01_calib.hdf","[8, 15]","[0, 2, -1]","[0, 2, 55]",3,lda,time_series_by_class,3,5,30,0.8666666666666667,0.8666666666666667,0.1301825268772082,"[0.4333544200667677, 0.2608277798894821, 0.3995542857894615]",0.3645788285819038,0.585413548111134,"[2.076655584845948, 1.0884824110471685, 1.6768528270632188]",1.613996940985445,2.5916361614797965,"[2.4317044831465497, 1.9861697149844235, 2.9545484393914827]",2.4574742125074853,3.9460291858731096,"[0.4333544200667677, 0.0541377766792599, 0.1559804175517788]",0.21449087143260215,0.34441347724776045,"[2.4317044831465497, 0.412252147844441, 1.1534144811953742]",1.3324570373954547,2.1395603387103566
pr_Agency_EBCI,test,05_19 Darisy,01_calib,test/05_19 Darisy/01_calib,"MATRIX_[8, 15]_robust_concat_01_calib.hdf","C:\Users\hodor\Documents\lab-Shishkin\projects\BCI_classifier\data\pr_Agency_EBCI\features\csp\test\05_19 Darisy\MATRIX_[8, 15]_robust_concat_01_calib.hdf","[8, 15]","[0, -3, -2]","[0, 53, 54]",3,lda,time_series_by_class,3,5,30,0.8,0.8,0.18406160914307587,"[0.4333544200667677, 0.0660394722123664, 0.061727590063505]",0.18704049411421306,0.2844417910215195,"[2.076655584845948, 0.273894477701289, 0.2567721645836928]",0.8691074090436431,1.3216949045669832,"[2.4317044831465497, 0.5574757574244031, 0.4917588095484698]",1.1603130167064741,1.7645457695168278,"[0.4333544200667677, 0.0, 0.0]",0.14445147335558925,0.21967454690250876,"[2.4317044831465497, 0.0, 0.0]",0.8105681610488499,1.2326713558239808
pr_Agency_EBCI,test,05_19 Darisy,01_calib,test/05_19 Darisy/01_calib,"MATRIX_[8, 15]_robust_concat_01_calib.hdf","C:\Users\hodor\Documents\lab-Shishkin\projects\BCI_classifier\data\pr_Agency_EBCI\features\csp\test\05_19 Darisy\MATRIX_[8, 15]_robust_concat_01_calib.hdf","[8, 15]","[0, -3, -1]","[0, 53, 55]",3,lda,time_series_by_class,3,5,30,0.7666666666666667,0.7666666666666666,0.1773916613163373,"[0.4333544200667677, 0.0660394722123664, 0.3995542857894615]",0.2996493926895319,0.4584496118805753,"[2.076655584845948, 0.273894477701289, 1.6768528270632188]",1.342467629870152,2.0539129358886483,"[2.4317044831465497, 0.5574757574244031, 2.9545484393914827]",1.9812428933208117,3.0312093321182467,"[0.4333544200667677, 0.0, 0.1559804175517788]",0.19644494587284886,0.300551615950111,"[2.4317044831465497, 0.0, 1.1534144811953742]",1.1950396547806414,1.828355001819502
pr_Agency_EBCI,test,05_19 Darisy,01_calib,test/05_19 Darisy/01_calib,"MATRIX_[8, 15]_robust_concat_01_calib.hdf","C:\Users\hodor\Documents\lab-Shishkin\projects\BCI_classifier\data\pr_Agency_EBCI\features\csp\test\05_19 Darisy\MATRIX_[8, 15]_robust_concat_01_calib.hdf","[8, 15]","[0, -2, -1]","[0, 54, 55]",3,lda,time_series_by_class,3,5,30,0.7666666666666667,0.7666666666666666,0.15716515478543577,"[0.4333544200667677, 0.061727590063505, 0.3995542857894615]",0.29821209863991144,0.4652004482279669,"[2.076655584845948, 0.2567721645836928, 1.6768528270632188]",1.3367601921642864,2.085299165943705,"[2.4317044831465497, 0.4917588095484698, 2.9545484393914827]",1.9593372440288341,3.0564976012343914,"[0.4333544200667677, 0.0, 0.1559804175517788]",0.19644494587284886,0.3064472477440164,"[2.4317044831465497, 0.0, 1.1534144811953742]",1.1950396547806414,1.8642200822490222
pr_Agency_EBCI,test,05_19 Darisy,01_calib,test/05_19 Darisy/01_calib,"MATRIX_[8, 15]_robust_concat_01_calib.hdf","C:\Users\hodor\Documents\lab-Shishkin\projects\BCI_classifier\data\pr_Agency_EBCI\features\csp\test\05_19 Darisy\MATRIX_[8, 15]_robust_concat_01_calib.hdf","[8, 15]","[1, 2, -3]","[1, 2, 53]",3,lda,time_series_by_class,3,5,30,0.8,0.8,0.18886864496024897,"[0.2240672773644739, 0.2608277798894821, 0.0660394722123664]",0.1836448431554408,0.2780956792079147,"[0.9425052143108824, 1.0884824110471685, 0.273894477701289]",0.7682940343531133,1.1634372500945882,"[1.6430156434297964, 1.9861697149844235, 0.5574757574244031]",1.395553705279541,2.113304402521895,"[0.0770917764850232, 0.0541377766792599, 0.0]",0.04374318438809436,0.06624085035062825,"[0.5652900157243982, 0.412252147844441, 0.0]",0.3258473878562797,0.49343476836600864
pr_Agency_EBCI,test,05_19 Darisy,01_calib,test/05_19 Darisy/01_calib,"MATRIX_[8, 15]_robust_concat_01_calib.hdf","C:\Users\hodor\Documents\lab-Shishkin\projects\BCI_classifier\data\pr_Agency_EBCI\features\csp\test\05_19 Darisy\MATRIX_[8, 15]_robust_concat_01_calib.hdf","[8, 15]","[1, 2, -2]","[1, 2, 54]",3,lda,time_series_by_class,3,5,30,0.8666666666666667,0.8666666666666667,0.1351787947045797,"[0.2240672773644739, 0.2608277798894821, 0.061727590063505]",0.18220754910582035,0.29093014849723753,"[0.9425052143108824, 1.0884824110471685, 0.2567721645836928]",0.7625865966472478,1.2176193187019813,"[1.6430156434297964, 1.9861697149844235, 0.4917588095484698]",1.3736480559875632,2.1932989871858037,"[0.0770917764850232, 0.0541377766792599, 0.0]",0.04374318438809436,0.06984458762671439,"[0.5652900157243982, 0.412252147844441, 0.0]",0.3258473878562797,0.5202793704305207
pr_Agency_EBCI,test,05_19 Darisy,01_calib,test/05_19 Darisy/01_calib,"MATRIX_[8, 15]_robust_concat_01_calib.hdf","C:\Users\hodor\Documents\lab-Shishkin\projects\BCI_classifier\data\pr_Agency_EBCI\features\csp\test\05_19 Darisy\MATRIX_[8, 15]_robust_concat_01_calib.hdf","[8, 15]","[1, 2, -1]","[1, 2, 55]",3,lda,time_series_by_class,3,5,30,0.8333333333333334,0.8333333333333333,0.15994834025197371,"[0.2240672773644739, 0.2608277798894821, 0.3995542857894615]",0.2948164476811392,0.45862686974046,"[0.9425052143108824, 1.0884824110471685, 1.6768528270632188]",1.2359468174737565,1.9226824843800463,"[1.6430156434297964, 1.9861697149844235, 2.9545484393914827]",2.194577932601901,3.413962876044416,"[0.0770917764850232, 0.0541377766792599, 0.1559804175517788]",0.09573665690535398,0.14893132191663627,"[0.5652900157243982, 0.412252147844441, 1.1534144811953742]",0.7103188815880711,1.1049971185210867
pr_Agency_EBCI,test,05_19 Darisy,01_calib,test/05_19 Darisy/01_calib,"MATRIX_[8, 15]_robust_concat_01_calib.hdf","C:\Users\hodor\Documents\lab-Shishkin\projects\BCI_classifier\data\pr_Agency_EBCI\features\csp\test\05_19 Darisy\MATRIX_[8, 15]_robust_concat_01_calib.hdf","[8, 15]","[1, -3, -2]","[1, 53, 54]",3,lda,time_series_by_class,3,5,30,0.7666666666666667,0.7666666666666666,0.19090652515500495,"[0.2240672773644739, 0.0660394722123664, 0.061727590063505]",0.11727811321344843,0.177281262645116,"[0.9425052143108824, 0.273894477701289, 0.2567721645836928]",0.49105728553195477,0.74229754576411,"[1.6430156434297964, 0.5574757574244031, 0.4917588095484698]",0.8974167368008898,1.3565631971701764,"[0.0770917764850232, 0.0, 0.0]",0.025697258828341066,0.038844779872228175,"[0.5652900157243982, 0.0, 0.0]",0.18843000524146605,0.2848366872055231
pr_Agency_EBCI,test,05_19 Darisy,01_calib,test/05_19 Darisy/01_calib,"MATRIX_[8, 15]_robust_concat_01_calib.hdf","C:\Users\hodor\Documents\lab-Shishkin\projects\BCI_classifier\data\pr_Agency_EBCI\features\csp\test\05_19 Darisy\MATRIX_[8, 15]_robust_concat_01_calib.hdf","[8, 15]","[1, -3, -1]","[1, 53, 55]",3,lda,time_series_by_class,3,5,30,0.8,0.8,0.16481320561730511,"[0.2240672773644739, 0.0660394722123664, 0.3995542857894615]",0.22988701178876725,0.35591699548947925,"[0.9425052143108824, 0.273894477701289, 1.6768528270632188]",0.9644175063584634,1.4931360349142266,"[1.6430156434297964, 0.5574757574244031, 2.9545484393914827]",1.7183466134152274,2.660388506064147,"[0.0770917764850232, 0.0, 0.1559804175517788]",0.07769073134560067,0.12028279224106041,"[0.5652900157243982, 0.0, 1.1534144811953742]",0.5729014989732574,0.8869808635093319
pr_Agency_EBCI,test,05_19 Darisy,01_calib,test/05_19 Darisy/01_calib,"MATRIX_[8, 15]_robust_concat_01_calib.hdf","C:\Users\hodor\Documents\lab-Shishkin\projects\BCI_classifier\data\pr_Agency_EBCI\features\csp\test\05_19 Darisy\MATRIX_[8, 15]_robust_concat_01_calib.hdf","[8, 15]","[1, -2, -1]","[1, 54, 55]",3,lda,time_series_by_class,3,5,30,0.8333333333333334,0.8333333333333333,0.14994201388326792,"[0.2240672773644739, 0.061727590063505, 0.3995542857894615]",0.2284497177391468,0.3590140447852568,"[0.9425052143108824, 0.2567721645836928, 1.6768528270632188]",0.9587100686525979,1.50663517087962,"[1.6430156434297964, 0.4917588095484698, 2.9545484393914827]",1.6964409641232496,2.6659964314979905,"[0.0770917764850232, 0.0, 0.1559804175517788]",0.07769073134560067,0.12209279126602875,"[0.5652900157243982, 0.0, 1.1534144811953742]",0.5729014989732574,0.9003280303667489
pr_Agency_EBCI,test,05_19 Darisy,01_calib,test/05_19 Darisy/01_calib,"MATRIX_[8, 15]_robust_concat_01_calib.hdf","C:\Users\hodor\Documents\lab-Shishkin\projects\BCI_classifier\data\pr_Agency_EBCI\features\csp\test\05_19 Darisy\MATRIX_[8, 15]_robust_concat_01_calib.hdf","[8, 15]","[2, -3, -2]","[2, 53, 54]",3,lda,time_series_by_class,3,5,30,0.8,0.8,0.17097213093185695,"[0.2608277798894821, 0.0660394722123664, 0.061727590063505]",0.12953161405511782,0.1993652232428178,"[1.0884824110471685, 0.273894477701289, 0.2567721645836928]",0.5397163511107168,0.8306904195697064,"[1.9861697149844235, 0.5574757574244031, 0.4917588095484698]",1.0118014273190987,1.5572879169793985,"[0.0541377766792599, 0.0, 0.0]",0.0180459255597533,0.027774918147106507,"[0.412252147844441, 0.0, 0.0]",0.13741738261481365,0.2115023993354123
pr_Agency_EBCI,test,05_19 Darisy,01_calib,test/05_19 Darisy/01_calib,"MATRIX_[8, 15]_robust_concat_01_calib.hdf","C:\Users\hodor\Documents\lab-Shishkin\projects\BCI_classifier\data\pr_Agency_EBCI\features\csp\test\05_19 Darisy\MATRIX_[8, 15]_robust_concat_01_calib.hdf","[8, 15]","[2, -3, -1]","[2, 53, 55]",3,lda,time_series_by_class,3,5,30,0.8333333333333334,0.8333333333333333,0.15169102805294296,"[0.2608277798894821, 0.0660394722123664, 0.3995542857894615]",0.24214051263043665,0.37984121769021156,"[1.0884824110471685, 0.273894477701289, 1.6768528270632188]",1.0130765719372254,1.5891939540301907,"[1.9861697149844235, 0.5574757574244031, 2.9545484393914827]",1.8327313039334363,2.8749707457980382,"[0.0541377766792599, 0.0, 0.1559804175517788]",0.0700393980770129,0.10986947191470506,"[0.412252147844441, 0.0, 1.1534144811953742]",0.5218888763466051,0.8186771562387158
pr_Agency_EBCI,test,05_19 Darisy,01_calib,test/05_19 Darisy/01_calib,"MATRIX_[8, 15]_robust_concat_01_calib.hdf","C:\Users\hodor\Documents\lab-Shishkin\projects\BCI_classifier\data\pr_Agency_EBCI\features\csp\test\05_19 Darisy\MATRIX_[8, 15]_robust_concat_01_calib.hdf","[8, 15]","[2, -2, -1]","[2, 54, 55]",3,lda,time_series_by_class,3,5,30,0.8333333333333334,0.8333333333333333,0.12576134110343598,"[0.2608277798894821, 0.061727590063505, 0.3995542857894615]",0.2407032185808162,0.3884820911539052,"[1.0884824110471685, 0.2567721645836928, 1.6768528270632188]",1.00736913423136,1.6258397795320862,"[1.9861697149844235, 0.4917588095484698, 2.9545484393914827]",1.8108256546414587,2.922575531718791,"[0.0541377766792599, 0.0, 0.1559804175517788]",0.0700393980770129,0.11303983381918646,"[0.412252147844441, 0.0, 1.1534144811953742]",0.5218888763466051,0.8423006689668318
pr_Agency_EBCI,test,05_19 Darisy,01_calib,test/05_19 Darisy/01_calib,"MATRIX_[8, 15]_robust_concat_01_calib.hdf","C:\Users\hodor\Documents\lab-Shishkin\projects\BCI_classifier\data\pr_Agency_EBCI\features\csp\test\05_19 Darisy\MATRIX_[8, 15]_robust_concat_01_calib.hdf","[8, 15]","[-3, -2, -1]","[53, 54, 55]",3,lda,time_series_by_class,3,5,30,0.8333333333333334,0.8333333333333333,0.15760478917832932,"[0.0660394722123664, 0.061727590063505, 0.3995542857894615]",0.17577378268844432,0.27407995084257936,"[0.273894477701289, 0.2567721645836928, 1.6768528270632188]",0.7358398231160669,1.1473778368025225,"[0.5574757574244031, 0.4917588095484698, 2.9545484393914827]",1.3345943354547851,2.0810017527163325,"[0.0, 0.0, 0.1559804175517788]",0.0519934725172596,0.0810722064104635,"[0.0, 0.0, 1.1534144811953742]",0.3844714937317914,0.5994974136112169
pr_Agency_EBCI,test,05_19 Darisy,01_calib,test/05_19 Darisy/01_calib,"MATRIX_[8, 15]_robust_concat_01_calib.hdf","C:\Users\hodor\Documents\lab-Shishkin\projects\BCI_classifier\data\pr_Agency_EBCI\features\csp\test\05_19 Darisy\MATRIX_[8, 15]_robust_concat_01_calib.hdf","[8, 15]","[0, 1, 2, -3]","[0, 1, 2, 53]",4,lda,time_series_by_class,3,5,30,0.8333333333333334,0.8333333333333333,0.13654998157421275,"[0.4333544200667677, 0.2240672773644739, 0.2608277798894821, 0.0660394722123664]",0.24607223738327252,0.39230444707306034,"[2.076655584845948, 0.9425052143108824, 1.0884824110471685, 0.273894477701289]",1.0953844219763218,1.7463334529955246,"[2.4317044831465497, 1.6430156434297964, 1.9861697149844235, 0.5574757574244031]",1.654591399746293,2.6378577734402926,"[0.4333544200667677, 0.0770917764850232, 0.0541377766792599, 0.0]",0.1411459933077627,0.22502416952845491,"[2.4317044831465497, 0.5652900157243982, 0.412252147844441, 0.0]",0.8523116616788473,1.358810968374488
pr_Agency_EBCI,test,05_19 Darisy,01_calib,test/05_19 Darisy/01_calib,"MATRIX_[8, 15]_robust_concat_01_calib.hdf","C:\Users\hodor\Documents\lab-Shishkin\projects\BCI_classifier\data\pr_Agency_EBCI\features\csp\test\05_19 Darisy\MATRIX_[8, 15]_robust_concat_01_calib.hdf","[8, 15]","[0, 1, 2, -2]","[0, 1, 2, 54]",4,lda,time_series_by_class,3,5,30,0.8666666666666667,0.8666666666666667,0.12546259389279732,"[0.4333544200667677, 0.2240672773644739, 0.2608277798894821, 0.061727590063505]",0.24499426684605718,0.39554567978462346,"[2.076655584845948, 0.9425052143108824, 1.0884824110471685, 0.2567721645836928]",1.091103843696923,1.761598004421468,"[2.4317044831465497, 1.6430156434297964, 1.9861697149844235, 0.4917588095484698]",1.6381621627773097,2.644829099941153,"[0.4333544200667677, 0.0770917764850232, 0.0541377766792599, 0.0]",0.1411459933077627,0.22788160960058568,"[2.4317044831465497, 0.5652900157243982, 0.412252147844441, 0.0]",0.8523116616788473,1.3760656522585368
pr_Agency_EBCI,test,05_19 Darisy,01_calib,test/05_19 Darisy/01_calib,"MATRIX_[8, 15]_robust_concat_01_calib.hdf","C:\Users\hodor\Documents\lab-Shishkin\projects\BCI_classifier\data\pr_Agency_EBCI\features\csp\test\05_19 Darisy\MATRIX_[8, 15]_robust_concat_01_calib.hdf","[8, 15]","[0, 1, 2, -1]","[0, 1, 2, 55]",4,lda,time_series_by_class,3,5,30,0.8666666666666667,0.8666666666666667,0.14205294314887343,"[0.4333544200667677, 0.2240672773644739, 0.2608277798894821, 0.3995542857894615]",0.32945094077754633,0.5220824894171718,"[2.076655584845948, 0.9425052143108824, 1.0884824110471685, 1.6768528270632188]",1.4461240093168044,2.2916796686273577,"[2.4317044831465497, 1.6430156434297964, 1.9861697149844235, 2.9545484393914827]",2.253859570238063,3.571702094549923,"[0.4333544200667677, 0.0770917764850232, 0.0541377766792599, 0.1559804175517788]",0.1801410976957074,0.2854704633999538,"[2.4317044831465497, 0.5652900157243982, 0.412252147844441, 1.1534144811953742]",1.1406652819776908,1.80761775516909
pr_Agency_EBCI,test,05_19 Darisy,01_calib,test/05_19 Darisy/01_calib,"MATRIX_[8, 15]_robust_concat_01_calib.hdf","C:\Users\hodor\Documents\lab-Shishkin\projects\BCI_classifier\data\pr_Agency_EBCI\features\csp\test\05_19 Darisy\MATRIX_[8, 15]_robust_concat_01_calib.hdf","[8, 15]","[0, 1, -3, -2]","[0, 1, 53, 54]",4,lda,time_series_by_class,3,5,30,0.8,0.8,0.16315166179325924,"[0.4333544200667677, 0.2240672773644739, 0.0660394722123664, 0.061727590063505]",0.19629718992677828,0.3044047441962281,"[2.076655584845948, 0.9425052143108824, 0.273894477701289, 0.2567721645836928]",0.887456860360453,1.376209606790499,"[2.4317044831465497, 1.6430156434297964, 0.5574757574244031, 0.4917588095484698]",1.2809886733873048,1.9864728047619076,"[0.4333544200667677, 0.0770917764850232, 0.0, 0.0]",0.12761154913794773,0.19789157952954564,"[2.4317044831465497, 0.5652900157243982, 0.0, 0.0]",0.749248624717737,1.1618853842566654
pr_Agency_EBCI,test,05_19 Darisy,01_calib,test/05_19 Darisy/01_calib,"MATRIX_[8, 15]_robust_concat_01_calib.hdf","C:\Users\hodor\Documents\lab-Shishkin\projects\BCI_classifier\data\pr_Agency_EBCI\features\csp\test\05_19 Darisy\MATRIX_[8, 15]_robust_concat_01_calib.hdf","[8, 15]","[0, 1, -3, -1]","[0, 1, 53, 55]",4,lda,time_series_by_class,3,5,30,0.8333333333333334,0.8333333333333333,0.15443461155844654,"[0.4333544200667677, 0.2240672773644739, 0.0660394722123664, 0.3995542857894615]",0.2807538638582674,0.4391773669263197,"[2.076655584845948, 0.9425052143108824, 0.273894477701289, 1.6768528270632188]",1.2424770259803346,1.943580691063816,"[2.4317044831465497, 1.6430156434297964, 0.5574757574244031, 2.9545484393914827]",1.896686080848058,2.966946162112888,"[0.4333544200667677, 0.0770917764850232, 0.0, 0.1559804175517788]",0.16660665352589243,0.26061928552778646,"[2.4317044831465497, 0.5652900157243982, 0.0, 1.1534144811953742]",1.0376022450165805,1.623099378298373
pr_Agency_EBCI,test,05_19 Darisy,01_calib,test/05_19 Darisy/01_calib,"MATRIX_[8, 15]_robust_concat_01_calib.hdf","C:\Users\hodor\Documents\lab-Shishkin\projects\BCI_classifier\data\pr_Agency_EBCI\features\csp\test\05_19 Darisy\MATRIX_[8, 15]_robust_concat_01_calib.hdf","[8, 15]","[0, 1, -2, -1]","[0, 1, 54, 55]",4,lda,time_series_by_class,3,5,30,0.8333333333333334,0.8333333333333333,0.13861692549749546,"[0.4333544200667677, 0.2240672773644739, 0.061727590063505, 0.3995542857894615]",0.279675893321052,0.4448630840736422,"[2.076655584845948, 0.9425052143108824, 0.2567721645836928, 1.6768528270632188]",1.2381964477009355,1.969522234728137,"[2.4317044831465497, 1.6430156434297964, 0.4917588095484698, 2.9545484393914827]",1.8802568438790748,2.9908078543559458,"[0.4333544200667677, 0.0770917764850232, 0.0, 0.1559804175517788]",0.16660665352589243,0.265010862518762,"[2.4317044831465497, 0.5652900157243982, 0.0, 1.1534144811953742]",1.0376022450165805,1.6504494873640425
pr_Agency_EBCI,test,05_19 Darisy,01_calib,test/05_19 Darisy/01_calib,"MATRIX_[8, 15]_robust_concat_01_calib.hdf","C:\Users\hodor\Documents\lab-Shishkin\projects\BCI_classifier\data\pr_Agency_EBCI\features\csp\test\05_19 Darisy\MATRIX_[8, 15]_robust_concat_01_calib.hdf","[8, 15]","[0, 2, -3, -2]","[0, 2, 53, 54]",4,lda,time_series_by_class,3,5,30,0.8333333333333334,0.8333333333333333,0.14659273057549324,"[0.4333544200667677, 0.2608277798894821, 0.0660394722123664, 0.061727590063505]",0.20548731555803032,0.3240629794023544,"[2.076655584845948, 1.0884824110471685, 0.273894477701289, 0.2567721645836928]",0.9239511595445244,1.457113616824207,"[2.4317044831465497, 1.9861697149844235, 0.5574757574244031, 0.4917588095484698]",1.3667771912759616,2.1554707042682986,"[0.4333544200667677, 0.0541377766792599, 0.0, 0.0]",0.1218730491865069,0.19219942272823998,"[2.4317044831465497, 0.412252147844441, 0.0, 0.0]",0.7109891577477476,1.1212627122837584
pr_Agency_EBCI,test,05_19 Darisy,01_calib,test/05_19 Darisy/01_calib,"MATRIX_[8, 15]_robust_concat_01_calib.hdf","C:\Users\hodor\Documents\lab-Shishkin\projects\BCI_classifier\data\pr_Agency_EBCI\features\csp\test\05_19 Darisy\MATRIX_[8, 15]_robust_concat_01_calib.hdf","[8, 15]","[0, 2, -3, -1]","[0, 2, 53, 55]",4,lda,time_series_by_class,3,5,30,0.8666666666666667,0.8666666666666667,0.1392863436033583,"[0.4333544200667677, 0.2608277798894821, 0.0660394722123664, 0.3995542857894615]",0.28994398948951944,0.4608580241719631,"[2.076655584845948, 1.0884824110471685, 0.273894477701289, 1.6768528270632188]",1.278971325164406,2.0328898658172436,"[2.4317044831465497, 1.9861697149844235, 0.5574757574244031, 2.9545484393914827]",1.9824745987367147,3.1510890367256015,"[0.4333544200667677, 0.0541377766792599, 0.0, 0.1559804175517788]",0.1608681535744516,0.25569552084539254,"[2.4317044831465497, 0.412252147844441, 0.0, 1.1534144811953742]",0.9993427780465911,1.5884279545574793
pr_Agency_EBCI,test,05_19 Darisy,01_calib,test/05_19 Darisy/01_calib,"MATRIX_[8, 15]_robust_concat_01_calib.hdf","C:\Users\hodor\Documents\lab-Shishkin\projects\BCI_classifier\data\pr_Agency_EBCI\features\csp\test\05_19 Darisy\MATRIX_[8, 15]_robust_concat_01_calib.hdf","[8, 15]","[0, 2, -2, -1]","[0, 2, 54, 55]",4,lda,time_series_by_class,3,5,30,0.8333333333333334,0.8333333333333333,0.12113084089029114,"[0.4333544200667677, 0.2608277798894821, 0.061727590063505, 0.3995542857894615]",0.2888660189523041,0.46877151675591766,"[2.076655584845948, 1.0884824110471685, 0.2567721645836928, 1.6768528270632188]",1.2746907468850068,2.068567002028301,"[2.4317044831465497, 1.9861697149844235, 0.4917588095484698, 2.9545484393914827]",1.9660453617677316,3.1904966516638633,"[0.4333544200667677, 0.0541377766792599, 0.0, 0.1559804175517788]",0.1608681535744516,0.2610566954961598,"[2.4317044831465497, 0.412252147844441, 0.0, 1.1534144811953742]",0.9993427780465911,1.6217325648861551
pr_Agency_EBCI,test,05_19 Darisy,01_calib,test/05_19 Darisy/01_calib,"MATRIX_[8, 15]_robust_concat_01_calib.hdf","C:\Users\hodor\Documents\lab-Shishkin\projects\BCI_classifier\data\pr_Agency_EBCI\features\csp\test\05_19 Darisy\MATRIX_[8, 15]_robust_concat_01_calib.hdf","[8, 15]","[0, -3, -2, -1]","[0, 53, 54, 55]",4,lda,time_series_by_class,3,5,30,0.8333333333333334,0.8333333333333333,0.16680363992518735,"[0.4333544200667677, 0.0660394722123664, 0.061727590063505, 0.3995542857894615]",0.24016894203302516,0.37112126414302904,"[2.076655584845948, 0.273894477701289, 0.2567721645836928, 1.6768528270632188]",1.071043763548537,1.6550312963696319,"[2.4317044831465497, 0.5574757574244031, 0.4917588095484698, 2.9545484393914827]",1.6088718723777262,2.4861106438936624,"[0.4333544200667677, 0.0, 0.0, 0.1559804175517788]",0.14733370940463664,0.22766754111616846,"[2.4317044831465497, 0.0, 0.0, 1.1534144811953742]",0.896279741085481,1.3849770404188706
pr_Agency_EBCI,test,05_19 Darisy,01_calib,test/05_19 Darisy/01_calib,"MATRIX_[8, 15]_robust_concat_01_calib.hdf","C:\Users\hodor\Documents\lab-Shishkin\projects\BCI_classifier\data\pr_Agency_EBCI\features\csp\test\05_19 Darisy\MATRIX_[8, 15]_robust_concat_01_calib.hdf","[8, 15]","[1, 2, -3, -2]","[1, 2, 53, 54]",4,lda,time_series_by_class,3,5,30,0.8,0.8,0.19193634871407805,"[0.2240672773644739, 0.2608277798894821, 0.0660394722123664, 0.061727590063505]",0.15316552988245685,0.23132389941617562,"[0.9425052143108824, 1.0884824110471685, 0.273894477701289, 0.2567721645836928]",0.6404135669107581,0.9672082462059653,"[1.6430156434297964, 1.9861697149844235, 0.5574757574244031, 0.4917588095484698]",1.1696049813467733,1.7664391281076868,"[0.0770917764850232, 0.0541377766792599, 0.0, 0.0]",0.03280738829107077,0.04954857006648407,"[0.5652900157243982, 0.412252147844441, 0.0, 0.0]",0.2443855408922098,0.3690922906968786
pr_Agency_EBCI,test,05_19 Darisy,01_calib,test/05_19 Darisy/01_calib,"MATRIX_[8, 15]_robust_concat_01_calib.hdf","C:\Users\hodor\Documents\lab-Shishkin\projects\BCI_classifier\data\pr_Agency_EBCI\features\csp\test\05_19 Darisy\MATRIX_[8, 15]_robust_concat_01_calib.hdf","[8, 15]","[1, 2, -3, -1]","[1, 2, 53, 55]",4,lda,time_series_by_class,3,5,30,0.8,0.8,0.18892900744833865,"[0.2240672773644739, 0.2608277798894821, 0.0660394722123664, 0.3995542857894615]",0.23762220381394597,0.35981530294683045,"[0.9425052143108824, 1.0884824110471685, 0.273894477701289, 1.6768528270632188]",0.9954337325306397,1.5073182736510977,"[1.6430156434297964, 1.9861697149844235, 0.5574757574244031, 2.9545484393914827]",1.7853023888075263,2.7033631940534133,"[0.0770917764850232, 0.0541377766792599, 0.0, 0.1559804175517788]",0.07180249267901548,0.10872567984373371,"[0.5652900157243982, 0.412252147844441, 0.0, 1.1534144811953742]",0.5327391611910534,0.8066910398057217
pr_Agency_EBCI,test,05_19 Darisy,01_calib,test/05_19 Darisy/01_calib,"MATRIX_[8, 15]_robust_concat_01_calib.hdf","C:\Users\hodor\Documents\lab-Shishkin\projects\BCI_classifier\data\pr_Agency_EBCI\features\csp\test\05_19 Darisy\MATRIX_[8, 15]_robust_concat_01_calib.hdf","[8, 15]","[1, 2, -2, -1]","[1, 2, 54, 55]",4,lda,time_series_by_class,3,5,30,0.8,0.8,0.150829947566677,"[0.2240672773644739, 0.2608277798894821, 0.061727590063505, 0.3995542857894615]",0.23654423327673063,0.3713926035013246,"[0.9425052143108824, 1.0884824110471685, 0.2567721645836928, 1.6768528270632188]",0.9911531542512406,1.5561865335997167,"[1.6430156434297964, 1.9861697149844235, 0.4917588095484698, 2.9545484393914827]",1.7688731518385432,2.777266627998306,"[0.0770917764850232, 0.0541377766792599, 0.0, 0.1559804175517788]",0.07180249267901548,0.1127354251022768,"[0.5652900157243982, 0.412252147844441, 0.0, 1.1534144811953742]",0.5327391611910534,0.8364413764016313
pr_Agency_EBCI,test,05_19 Darisy,01_calib,test/05_19 Darisy/01_calib,"MATRIX_[8, 15]_robust_concat_01_calib.hdf","C:\Users\hodor\Documents\lab-Shishkin\projects\BCI_classifier\data\pr_Agency_EBCI\features\csp\test\05_19 Darisy\MATRIX_[8, 15]_robust_concat_01_calib.hdf","[8, 15]","[1, -3, -2, -1]","[1, 53, 54, 55]",4,lda,time_series_by_class,3,5,30,0.8,0.8,0.18204880777487395,"[0.2240672773644739, 0.0660394722123664, 0.061727590063505, 0.3995542857894615]",0.1878471563574517,0.2861838884894061,"[0.9425052143108824, 0.273894477701289, 0.2567721645836928, 1.6768528270632188]",0.7875061709147708,1.1997603933537093,"[1.6430156434297964, 0.5574757574244031, 0.4917588095484698, 2.9545484393914827]",1.411699662448538,2.150715010079407,"[0.0770917764850232, 0.0, 0.0, 0.1559804175517788]",0.058268048509200504,0.08877098285864389,"[0.5652900157243982, 0.0, 0.0, 1.1534144811953742]",0.42967612422994306,0.654608706395274
pr_Agency_EBCI,test,05_19 Darisy,01_calib,test/05_19 Darisy/01_calib,"MATRIX_[8, 15]_robust_concat_01_calib.hdf","C:\Users\hodor\Documents\lab-Shishkin\projects\BCI_classifier\data\pr_Agency_EBCI\features\csp\test\05_19 Darisy\MATRIX_[8, 15]_robust_concat_01_calib.hdf","[8, 15]","[2, -3, -2, -1]","[2, 53, 54, 55]",4,lda,time_series_by_class,3,5,30,0.8,0.8,0.15476049014675117,"[0.2608277798894821, 0.0660394722123664, 0.061727590063505, 0.3995542857894615]",0.19703728198870374,0.3081191456467434,"[1.0884824110471685, 0.273894477701289, 0.2567721645836928, 1.6768528270632188]",0.8240004700988424,1.2885395002247644,"[1.9861697149844235, 0.5574757574244031, 0.4917588095484698, 2.9545484393914827]",1.4974881803371947,2.3417130711742433,"[0.0541377766792599, 0.0, 0.0, 0.1559804175517788]",0.052529548557759674,0.08214364032769164,"[0.412252147844441, 0.0, 0.0, 1.1534144811953742]",0.3914166572599538,0.6120819613912224
pr_Agency_EBCI,test,05_19 Darisy,01_calib,test/05_19 Darisy/01_calib,"MATRIX_[9, 13]_robust_concat_01_calib.hdf","C:\Users\hodor\Documents\lab-Shishkin\projects\BCI_classifier\data\pr_Agency_EBCI\features\csp\test\05_19 Darisy\MATRIX_[9, 13]_robust_concat_01_calib.hdf","[9, 13]","[0, 1]","[0, 1]",2,lda,time_series_by_class,3,5,30,0.8333333333333334,0.8333333333333333,0.15889280251263307,"[0.5095949333478689, 0.2317744521979455]",0.37068469277290717,0.5772559531479932,"[2.7125725134279324, 1.0085582857149096]",1.860565399571421,2.897401684136325,"[2.638040504061817, 1.4459632026064737]",2.0420018533341455,3.179947133394348,"[0.5095949333478689, 0.0858316154149939]",0.29771327438143136,0.463619791479083,"[2.638040504061817, 0.5354747097163108]",1.5867576068890639,2.4710091693500913
pr_Agency_EBCI,test,05_19 Darisy,01_calib,test/05_19 Darisy/01_calib,"MATRIX_[9, 13]_robust_concat_01_calib.hdf","C:\Users\hodor\Documents\lab-Shishkin\projects\BCI_classifier\data\pr_Agency_EBCI\features\csp\test\05_19 Darisy\MATRIX_[9, 13]_robust_concat_01_calib.hdf","[9, 13]","[0, 2]","[0, 2]",2,lda,time_series_by_class,3,5,30,0.8333333333333334,0.8333333333333333,0.1141262197674877,"[0.5095949333478689, 0.13849277242436]",0.3240438528861144,0.5303582784224277,"[2.7125725134279324, 0.5970577300072408]",1.6548151217175866,2.7084139731235344,"[2.638040504061817, 0.8957659335620427]",1.7669032188119298,2.891867075773485,"[0.5095949333478689, 0.0]",0.25479746667393444,0.41702363605421244,"[2.638040504061817, 0.0]",1.3190202520309084,2.158822961277676
pr_Agency_EBCI,test,05_19 Darisy,01_calib,test/05_19 Darisy/01_calib,"MATRIX_[9, 13]_robust_concat_01_calib.hdf","C:\Users\hodor\Documents\lab-Shishkin\projects\BCI_classifier\data\pr_Agency_EBCI\features\csp\test\05_19 Darisy\MATRIX_[9, 13]_robust_concat_01_calib.hdf","[9, 13]","[0, -3]","[0, 53]",2,lda,time_series_by_class,3,5,30,0.7666666666666667,0.7666666666666666,0.1941086523305553,"[0.5095949333478689, 0.0755720434981172]",0.29258348842299303,0.4410620801477903,"[2.7125725134279324, 0.320901977809739]",1.5167372456188357,2.286442369649802,"[2.638040504061817, 0.5250551094291201]",1.5815478067454685,2.3841426228668654,"[0.5095949333478689, 0.0]",0.25479746667393444,0.3841006246569899,"[2.638040504061817, 0.0]",1.3190202520309084,1.9883890893963927
pr_Agency_EBCI,test,05_19 Darisy,01_calib,test/05_19 Darisy/01_calib,"MATRIX_[9, 13]_robust_concat_01_calib.hdf","C:\Users\hodor\Documents\lab-Shishkin\projects\BCI_classifier\data\pr_Agency_EBCI\features\csp\test\05_19 Darisy\MATRIX_[9, 13]_robust_concat_01_calib.hdf","[9, 13]","[0, -2]","[0, 54]",2,lda,time_series_by_class,3,5,30,0.7666666666666667,0.7666666666666666,0.20126680752957685,"[0.5095949333478689, 0.2309537628961316]",0.3702743481220002,0.5548270403327596,"[2.7125725134279324, 0.9981219144293686]",1.8553472139286504,2.780092136316429,"[2.638040504061817, 1.490707389698371]",2.064373946880094,3.093302284905129,"[0.5095949333478689, 0.0]",0.25479746667393444,0.3817939996005477,"[2.638040504061817, 0.0]",1.3190202520309084,1.9764482910713344
pr_Agency_EBCI,test,05_19 Darisy,01_calib,test/05_19 Darisy/01_calib,"MATRIX_[9, 13]_robust_concat_01_calib.hdf","C:\Users\hodor\Documents\lab-Shishkin\projects\BCI_classifier\data\pr_Agency_EBCI\features\csp\test\05_19 Darisy\MATRIX_[9, 13]_robust_concat_01_calib.hdf","[9, 13]","[0, -1]","[0, 55]",2,lda,time_series_by_class,3,5,30,0.8,0.8,0.16887494099494432,"[0.5095949333478689, 0.3954432866163586]",0.45251910998211375,0.6978700729732895,"[2.7125725134279324, 1.7436869331115028]",2.2281297232697175,3.4361975401075413,"[2.638040504061817, 2.3860994129580635]",2.51206995850994,3.8740870972910586,"[0.5095949333478689, 0.2399361265234603]",0.3747655299356646,0.5779593434947162,"[2.638040504061817, 1.4477713240343495]",2.042905914048083,3.1505473865416467
pr_Agency_EBCI,test,05_19 Darisy,01_calib,test/05_19 Darisy/01_calib,"MATRIX_[9, 13]_robust_concat_01_calib.hdf","C:\Users\hodor\Documents\lab-Shishkin\projects\BCI_classifier\data\pr_Agency_EBCI\features\csp\test\05_19 Darisy\MATRIX_[9, 13]_robust_concat_01_calib.hdf","[9, 13]","[1, 2]","[1, 2]",2,lda,time_series_by_class,3,5,30,0.8666666666666667,0.8666666666666667,0.13118545120885508,"[0.2317744521979455, 0.13849277242436]",0.18513361231115277,0.2969341830399691,"[1.0085582857149096, 0.5970577300072408]",0.8028080078610752,1.2876167486621928,"[1.4459632026064737, 0.8957659335620427]",1.1708645680842582,1.8779394494297417,"[0.0858316154149939, 0.0]",0.04291580770749695,0.06883228897251062,"[0.5354747097163108, 0.0]",0.2677373548581554,0.42942160389801587
pr_Agency_EBCI,test,05_19 Darisy,01_calib,test/05_19 Darisy/01_calib,"MATRIX_[9, 13]_robust_concat_01_calib.hdf","C:\Users\hodor\Documents\lab-Shishkin\projects\BCI_classifier\data\pr_Agency_EBCI\features\csp\test\05_19 Darisy\MATRIX_[9, 13]_robust_concat_01_calib.hdf","[9, 13]","[1, -3]","[1, 53]",2,lda,time_series_by_class,3,5,30,0.8333333333333334,0.8333333333333333,0.11498555171293495,"[0.2317744521979455, 0.0755720434981172]",0.15367324784803135,0.25124803946138313,"[1.0085582857149096, 0.320901977809739]",0.6647301317623243,1.0868003684112308,"[1.4459632026064737, 0.5250551094291201]",0.9855091560177969,1.6112579566586274,"[0.0858316154149939, 0.0]",0.04291580770749695,0.07016518944841481,"[0.5354747097163108, 0.0]",0.2677373548581554,0.43773712367432027
pr_Agency_EBCI,test,05_19 Darisy,01_calib,test/05_19 Darisy/01_calib,"MATRIX_[9, 13]_robust_concat_01_calib.hdf","C:\Users\hodor\Documents\lab-Shishkin\projects\BCI_classifier\data\pr_Agency_EBCI\features\csp\test\05_19 Darisy\MATRIX_[9, 13]_robust_concat_01_calib.hdf","[9, 13]","[1, -2]","[1, 54]",2,lda,time_series_by_class,3,5,30,0.8,0.8,0.14844052038676672,"[0.2317744521979455, 0.2309537628961316]",0.23136410754703857,0.3641638791064576,"[1.0085582857149096, 0.9981219144293686]",1.0033401000721391,1.5792433268027375,"[1.4459632026064737, 1.490707389698371]",1.4683352961524223,2.3111392814768497,"[0.0858316154149939, 0.0]",0.04291580770749695,0.06754888290774098,"[0.5354747097163108, 0.0]",0.2677373548581554,0.42141486318064825
pr_Agency_EBCI,test,05_19 Darisy,01_calib,test/05_19 Darisy/01_calib,"MATRIX_[9, 13]_robust_concat_01_calib.hdf","C:\Users\hodor\Documents\lab-Shishkin\projects\BCI_classifier\data\pr_Agency_EBCI\features\csp\test\05_19 Darisy\MATRIX_[9, 13]_robust_concat_01_calib.hdf","[9, 13]","[1, -1]","[1, 55]",2,lda,time_series_by_class,3,5,30,0.8,0.8,0.1491473876734844,"[0.2317744521979455, 0.3954432866163586]",0.31360886940715205,0.4932515535451372,"[1.0085582857149096, 1.7436869331115028]",1.3761226094132062,2.164398654428401,"[1.4459632026064737, 2.3860994129580635]",1.9160313077822686,3.013580008088801,"[0.0858316154149939, 0.2399361265234603]",0.1628838709692271,0.2561876599819937,"[0.5354747097163108, 1.4477713240343495]",0.9916230168753302,1.5596484708149576
pr_Agency_EBCI,test,05_19 Darisy,01_calib,test/05_19 Darisy/01_calib,"MATRIX_[9, 13]_robust_concat_01_calib.hdf","C:\Users\hodor\Documents\lab-Shishkin\projects\BCI_classifier\data\pr_Agency_EBCI\features\csp\test\05_19 Darisy\MATRIX_[9, 13]_robust_concat_01_calib.hdf","[9, 13]","[2, -3]","[2, 53]",2,lda,time_series_by_class,3,5,30,0.9,0.9,0.11193395530130619,"[0.13849277242436, 0.0755720434981172]",0.10703240796123861,0.1756574525530355,"[0.5970577300072408, 0.320901977809739]",0.45897985390848994,0.7532600027080316,"[0.8957659335620427, 0.5250551094291201]",0.7104105214955814,1.1658982998680094,"[0.0, 0.0]",0.0,0.0,"[0.0, 0.0]",0.0,0.0
pr_Agency_EBCI,test,05_19 Darisy,01_calib,test/05_19 Darisy/01_calib,"MATRIX_[9, 13]_robust_concat_01_calib.hdf","C:\Users\hodor\Documents\lab-Shishkin\projects\BCI_classifier\data\pr_Agency_EBCI\features\csp\test\05_19 Darisy\MATRIX_[9, 13]_robust_concat_01_calib.hdf","[9, 13]","[2, -2]","[2, 54]",2,lda,time_series_by_class,3,5,30,0.8666666666666667,0.8666666666666667,0.12058963720275928,"[0.13849277242436, 0.2309537628961316]",0.1847232676602458,0.29996296740351364,"[0.5970577300072408, 0.9981219144293686]",0.7975898222183047,1.295166618010904,"[0.8957659335620427, 1.490707389698371]",1.1932366616302068,1.9376379292703927,"[0.0, 0.0]",0.0,0.0,"[0.0, 0.0]",0.0,0.0
pr_Agency_EBCI,test,05_19 Darisy,01_calib,test/05_19 Darisy/01_calib,"MATRIX_[9, 13]_robust_concat_01_calib.hdf","C:\Users\hodor\Documents\lab-Shishkin\projects\BCI_classifier\data\pr_Agency_EBCI\features\csp\test\05_19 Darisy\MATRIX_[9, 13]_robust_concat_01_calib.hdf","[9, 13]","[2, -1]","[2, 55]",2,lda,time_series_by_class,3,5,30,0.8333333333333334,0.8333333333333334,0.13007143989955183,"[0.13849277242436, 0.3954432866163586]",0.2669680295203593,0.4287318159307216,"[0.5970577300072408, 1.7436869331115028]",1.170372331559372,1.8795353733030273,"[0.8957659335620427, 2.3860994129580635]",1.640932673260053,2.6352220754327615,"[0.0, 0.2399361265234603]",0.11996806326173015,0.1926602436565193,"[0.0, 1.4477713240343495]",0.7238856620171747,1.1625092898217915
pr_Agency_EBCI,test,05_19 Darisy,01_calib,test/05_19 Darisy/01_calib,"MATRIX_[9, 13]_robust_concat_01_calib.hdf","C:\Users\hodor\Documents\lab-Shishkin\projects\BCI_classifier\data\pr_Agency_EBCI\features\csp\test\05_19 Darisy\MATRIX_[9, 13]_robust_concat_01_calib.hdf","[9, 13]","[-3, -2]","[53, 54]",2,lda,time_series_by_class,3,5,30,0.7666666666666667,0.7666666666666666,0.13264786937956033,"[0.0755720434981172, 0.2309537628961316]",0.1532629031971244,0.24541013593484398,"[0.320901977809739, 0.9981219144293686]",0.6595119461195538,1.056034519584188,"[0.5250551094291201, 1.490707389698371]",1.0078812495637455,1.6138561210959754,"[0.0, 0.0]",0.0,0.0,"[0.0, 0.0]",0.0,0.0
pr_Agency_EBCI,test,05_19 Darisy,01_calib,test/05_19 Darisy/01_calib,"MATRIX_[9, 13]_robust_concat_01_calib.hdf","C:\Users\hodor\Documents\lab-Shishkin\projects\BCI_classifier\data\pr_Agency_EBCI\features\csp\test\05_19 Darisy\MATRIX_[9, 13]_robust_concat_01_calib.hdf","[9, 13]","[-3, -1]","[53, 55]",2,lda,time_series_by_class,3,5,30,0.9,0.9,0.11081369269338306,"[0.0755720434981172, 0.3954432866163586]",0.23550766505723789,0.38705032266438877,"[0.320901977809739, 1.7436869331115028]",1.0322944554606208,1.6965473373173907,"[0.5250551094291201, 2.3860994129580635]",1.4555772611935918,2.3922009012785317,"[0.0, 0.2399361265234603]",0.11996806326173015,0.19716418819569714,"[0.0, 1.4477713240343495]",0.7238856620171747,1.1896860299123473
pr_Agency_EBCI,test,05_19 Darisy,01_calib,test/05_19 Darisy/01_calib,"MATRIX_[9, 13]_robust_concat_01_calib.hdf","C:\Users\hodor\Documents\lab-Shishkin\projects\BCI_classifier\data\pr_Agency_EBCI\features\csp\test\05_19 Darisy\MATRIX_[9, 13]_robust_concat_01_calib.hdf","[9, 13]","[-2, -1]","[54, 55]",2,lda,time_series_by_class,3,5,30,0.8333333333333334,0.8333333333333333,0.11924514766918531,"[0.2309537628961316, 0.3954432866163586]",0.3131985247562451,0.5094104496941264,"[0.9981219144293686, 1.7436869331115028]",1.3709044237704358,2.2297456207498945,"[1.490707389698371, 2.3860994129580635]",1.9384034013282172,3.1527701132300496,"[0.0, 0.2399361265234603]",0.11996806326173015,0.1951253924412771,"[0.0, 1.4477713240343495]",0.7238856620171747,1.1773839640601518
pr_Agency_EBCI,test,05_19 Darisy,01_calib,test/05_19 Darisy/01_calib,"MATRIX_[9, 13]_robust_concat_01_calib.hdf","C:\Users\hodor\Documents\lab-Shishkin\projects\BCI_classifier\data\pr_Agency_EBCI\features\csp\test\05_19 Darisy\MATRIX_[9, 13]_robust_concat_01_calib.hdf","[9, 13]","[0, 1, 2]","[0, 1, 2]",3,lda,time_series_by_class,3,5,30,0.9,0.9,0.0966845179387961,"[0.5095949333478689, 0.2317744521979455, 0.13849277242436]",0.2932873859900581,0.4909973224758988,"[2.7125725134279324, 1.0085582857149096, 0.5970577300072408]",1.439396176383361,2.409717234174653,"[2.638040504061817, 1.4459632026064737, 0.8957659335620427]",1.6599232134101112,2.778905238452983,"[0.5095949333478689, 0.0858316154149939, 0.0]",0.19847551625428758,0.3322711842137675,"[2.638040504061817, 0.5354747097163108, 0.0]",1.0578384045927092,1.7709449811960316
pr_Agency_EBCI,test,05_19 Darisy,01_calib,test/05_19 Darisy/01_calib,"MATRIX_[9, 13]_robust_concat_01_calib.hdf","C:\Users\hodor\Documents\lab-Shishkin\projects\BCI_classifier\data\pr_Agency_EBCI\features\csp\test\05_19 Darisy\MATRIX_[9, 13]_robust_concat_01_calib.hdf","[9, 13]","[0, 1, -3]","[0, 1, 53]",3,lda,time_series_by_class,3,5,30,0.8333333333333334,0.8333333333333333,0.15997793449356662,"[0.5095949333478689, 0.2317744521979455, 0.0755720434981172]",0.2723138096813105,0.42360853282283534,"[2.7125725134279324, 1.0085582857149096, 0.320901977809739]",1.3473442589841937,2.0959147294935594,"[2.638040504061817, 1.4459632026064737, 0.5250551094291201]",1.536352938699137,2.38993466773514,"[0.5095949333478689, 0.0858316154149939, 0.0]",0.19847551625428758,0.30874645079560165,"[2.638040504061817, 0.5354747097163108, 0.0]",1.0578384045927092,1.645562430556092
pr_Agency_EBCI,test,05_19 Darisy,01_calib,test/05_19 Darisy/01_calib,"MATRIX_[9, 13]_robust_concat_01_calib.hdf","C:\Users\hodor\Documents\lab-Shishkin\projects\BCI_classifier\data\pr_Agency_EBCI\features\csp\test\05_19 Darisy\MATRIX_[9, 13]_robust_concat_01_calib.hdf","[9, 13]","[0, 1, -2]","[0, 1, 54]",3,lda,time_series_by_class,3,5,30,0.8333333333333334,0.8333333333333333,0.1585669677245201,"[0.5095949333478689, 0.2317744521979455, 0.2309537628961316]",0.3241077161473153,0.5048871773476123,"[2.7125725134279324, 1.0085582857149096, 0.9981219144293686]",1.5730842378574037,2.450512656788605,"[2.638040504061817, 1.4459632026064737, 1.490707389698371]",1.8582370321222206,2.894716797068035,"[0.5095949333478689, 0.0858316154149939, 0.0]",0.19847551625428758,0.30918036869165566,"[2.638040504061817, 0.5354747097163108, 0.0]",1.0578384045927092,1.647875134024755
pr_Agency_EBCI,test,05_19 Darisy,01_calib,test/05_19 Darisy/01_calib,"MATRIX_[9, 13]_robust_concat_01_calib.hdf","C:\Users\hodor\Documents\lab-Shishkin\projects\BCI_classifier\data\pr_Agency_EBCI\features\csp\test\05_19 Darisy\MATRIX_[9, 13]_robust_concat_01_calib.hdf","[9, 13]","[0, 1, -1]","[0, 1, 55]",3,lda,time_series_by_class,3,5,30,0.8666666666666667,0.8666666666666667,0.14040229809816,"[0.5095949333478689, 0.2317744521979455, 0.3954432866163586]",0.378937557387391,0.6015785674537324,"[2.7125725134279324, 1.0085582857149096, 1.7436869331115028]",1.8216059107514484,2.891872428297791,"[2.638040504061817, 1.4459632026064737, 2.3860994129580635]",2.156701039875452,3.42384938283613,"[0.5095949333478689, 0.0858316154149939, 0.2399361265234603]",0.278454225095441,0.4420572481368099,"[2.638040504061817, 0.5354747097163108, 1.4477713240343495]",1.5404288459374922,2.4454925629240836
pr_Agency_EBCI,test,05_19 Darisy,01_calib,test/05_19 Darisy/01_calib,"MATRIX_[9, 13]_robust_concat_01_calib.hdf","C:\Users\hodor\Documents\lab-Shishkin\projects\BCI_classifier\data\pr_Agency_EBCI\features\csp\test\05_19 Darisy\MATRIX_[9, 13]_robust_concat_01_calib.hdf","[9, 13]","[0, 2, -3]","[0, 2, 53]",3,lda,time_series_by_class,3,5,30,0.8666666666666667,0.8666666666666667,0.10494531468999672,"[0.5095949333478689, 0.13849277242436, 0.0755720434981172]",0.24121991642344867,0.3994252764032664,"[2.7125725134279324, 0.5970577300072408, 0.320901977809739]",1.2101774070816373,2.003878670084735,"[2.638040504061817, 0.8957659335620427, 0.5250551094291201]",1.35295384901766,2.240295797781854,"[0.5095949333478689, 0.0, 0.0]",0.16986497778262297,0.281271823272481,"[2.638040504061817, 0.0, 0.0]",0.8793468346872723,1.4560711143052125
pr_Agency_EBCI,test,05_19 Darisy,01_calib,test/05_19 Darisy/01_calib,"MATRIX_[9, 13]_robust_concat_01_calib.hdf","C:\Users\hodor\Documents\lab-Shishkin\projects\BCI_classifier\data\pr_Agency_EBCI\features\csp\test\05_19 Darisy\MATRIX_[9, 13]_robust_concat_01_calib.hdf","[9, 13]","[0, 2, -2]","[0, 2, 54]",3,lda,time_series_by_class,3,5,30,0.8333333333333334,0.8333333333333333,0.11969310130131099,"[0.5095949333478689, 0.13849277242436, 0.2309537628961316]",0.2930138228894535,0.4763232666633357,"[2.7125725134279324, 0.5970577300072408, 0.9981219144293686]",1.4359173859548473,2.3342272838600224,"[2.638040504061817, 0.8957659335620427, 1.490707389698371]",1.6748379424407436,2.7226165373640088,"[0.5095949333478689, 0.0, 0.0]",0.16986497778262297,0.2761325056655754,"[2.638040504061817, 0.0, 0.0]",0.8793468346872723,1.4294662029863632
pr_Agency_EBCI,test,05_19 Darisy,01_calib,test/05_19 Darisy/01_calib,"MATRIX_[9, 13]_robust_concat_01_calib.hdf","C:\Users\hodor\Documents\lab-Shishkin\projects\BCI_classifier\data\pr_Agency_EBCI\features\csp\test\05_19 Darisy\MATRIX_[9, 13]_robust_concat_01_calib.hdf","[9, 13]","[0, 2, -1]","[0, 2, 55]",3,lda,time_series_by_class,3,5,30,0.9,0.9,0.08897652687761849,"[0.5095949333478689, 0.13849277242436, 0.3954432866163586]",0.3478436641295291,0.5885854765445152,"[2.7125725134279324, 0.5970577300072408, 1.7436869331115028]",1.684439058848892,2.850235517854887,"[2.638040504061817, 0.8957659335620427, 2.3860994129580635]",1.9733019501939744,3.339019762305176,"[0.5095949333478689, 0.0, 0.2399361265234603]",0.2498436866237764,0.42275993648208077,"[2.638040504061817, 0.0, 1.4477713240343495]",1.3619372760320554,2.3045309813047576
pr_Agency_EBCI,test,05_19 Darisy,01_calib,test/05_19 Darisy/01_calib,"MATRIX_[9, 13]_robust_concat_01_calib.hdf","C:\Users\hodor\Documents\lab-Shishkin\projects\BCI_classifier\data\pr_Agency_EBCI\features\csp\test\05_19 Darisy\MATRIX_[9, 13]_robust_concat_01_calib.hdf","[9, 13]","[0, -3, -2]","[0, 53, 54]",3,lda,time_series_by_class,3,5,30,0.7666666666666667,0.7666666666666666,0.1844563381277393,"[0.5095949333478689, 0.0755720434981172, 0.2309537628961316]",0.27204024658070586,0.41355969604823833,"[2.7125725134279324, 0.320901977809739, 0.9981219144293686]",1.34386546855568,2.0429646042859733,"[2.638040504061817, 0.5250551094291201, 1.490707389698371]",1.5512676677297694,2.3582605633518186,"[0.5095949333478689, 0.0, 0.0]",0.16986497778262297,0.2582313075509639,"[2.638040504061817, 0.0, 0.0]",0.8793468346872723,1.3367963536467444
pr_Agency_EBCI,test,05_19 Darisy,01_calib,test/05_19 Darisy/01_calib,"MATRIX_[9, 13]_robust_concat_01_calib.hdf","C:\Users\hodor\Documents\lab-Shishkin\projects\BCI_classifier\data\pr_Agency_EBCI\features\csp\test\05_19 Darisy\MATRIX_[9, 13]_robust_concat_01_calib.hdf","[9, 13]","[0, -3, -1]","[0, 53, 55]",3,lda,time_series_by_class,3,5,30,0.8,0.8,0.14873887693614313,"[0.5095949333478689, 0.0755720434981172, 0.3954432866163586]",0.32687008782078153,0.5143284467468121,"[2.7125725134279324, 0.320901977809739, 1.7436869331115028]",1.5923871414497246,2.5056131949598432,"[2.638040504061817, 0.5250551094291201, 2.3860994129580635]",1.8497316754830002,2.9105435308940626,"[0.5095949333478689, 0.0, 0.2399361265234603]",0.2498436866237764,0.3931277900875407,"[2.638040504061817, 0.0, 1.4477713240343495]",1.3619372760320554,2.1430014854470767
pr_Agency_EBCI,test,05_19 Darisy,01_calib,test/05_19 Darisy/01_calib,"MATRIX_[9, 13]_robust_concat_01_calib.hdf","C:\Users\hodor\Documents\lab-Shishkin\projects\BCI_classifier\data\pr_Agency_EBCI\features\csp\test\05_19 Darisy\MATRIX_[9, 13]_robust_concat_01_calib.hdf","[9, 13]","[0, -2, -1]","[0, 54, 55]",3,lda,time_series_by_class,3,5,30,0.8,0.8,0.16087968481828246,"[0.5095949333478689, 0.2309537628961316, 0.3954432866163586]",0.3786639942867864,0.588520082183482,"[2.7125725134279324, 0.9981219144293686, 1.7436869331115028]",1.8181271203229346,2.8257355819842966,"[2.638040504061817, 1.490707389698371, 2.3860994129580635]",2.171615768906084,3.3751281084824063,"[0.5095949333478689, 0.0, 0.2399361265234603]",0.2498436866237764,0.38830738914534274,"[2.638040504061817, 0.0, 1.4477713240343495]",1.3619372760320554,2.116724720893545
pr_Agency_EBCI,test,05_19 Darisy,01_calib,test/05_19 Darisy/01_calib,"MATRIX_[9, 13]_robust_concat_01_calib.hdf","C:\Users\hodor\Documents\lab-Shishkin\projects\BCI_classifier\data\pr_Agency_EBCI\features\csp\test\05_19 Darisy\MATRIX_[9, 13]_robust_concat_01_calib.hdf","[9, 13]","[1, 2, -3]","[1, 2, 53]",3,lda,time_series_by_class,3,5,30,0.8666666666666667,0.8666666666666667,0.11504715147823091,"[0.2317744521979455, 0.13849277242436, 0.0755720434981172]",0.14861308937347426,0.24295648443428827,"[1.0085582857149096, 0.5970577300072408, 0.320901977809739]",0.6421726645106298,1.0498403177476106,"[1.4459632026064737, 0.8957659335620427, 0.5250551094291201]",0.9555947485325454,1.5622307673308777,"[0.0858316154149939, 0.0, 0.0]",0.028610538471664632,0.04677324099883956,"[0.5354747097163108, 0.0, 0.0]",0.17849156990543694,0.2918025895848327
pr_Agency_EBCI,test,05_19 Darisy,01_calib,test/05_19 Darisy/01_calib,"MATRIX_[9, 13]_robust_concat_01_calib.hdf","C:\Users\hodor\Documents\lab-Shishkin\projects\BCI_classifier\data\pr_Agency_EBCI\features\csp\test\05_19 Darisy\MATRIX_[9, 13]_robust_concat_01_calib.hdf","[9, 13]","[1, 2, -2]","[1, 2, 54]",3,lda,time_series_by_class,3,5,30,0.8,0.8,0.11498722458498227,"[0.2317744521979455, 0.13849277242436, 0.2309537628961316]",0.20040699583947905,0.3276546936491469,"[1.0085582857149096, 0.5970577300072408, 0.9981219144293686]",0.8679126433838397,1.4189906399771144,"[1.4459632026064737, 0.8957659335620427, 1.490707389698371]",1.277478841955629,2.0886094163075235,"[0.0858316154149939, 0.0, 0.0]",0.028610538471664632,0.04677669648607999,"[0.5354747097163108, 0.0, 0.0]",0.17849156990543694,0.29182414721273064
pr_Agency_EBCI,test,05_19 Darisy,01_calib,test/05_19 Darisy/01_calib,"MATRIX_[9, 13]_robust_concat_01_calib.hdf","C:\Users\hodor\Documents\lab-Shishkin\projects\BCI_classifier\data\pr_Agency_EBCI\features\csp\test\05_19 Darisy\MATRIX_[9, 13]_robust_concat_01_calib.hdf","[9, 13]","[1, 2, -1]","[1, 2, 55]",3,lda,time_series_by_class,3,5,30,0.8666666666666667,0.8666666666666667,0.11282215559069084,"[0.2317744521979455, 0.13849277242436, 0.3954432866163586]",0.25523683707955475,0.41842018743886683,"[1.0085582857149096, 0.5970577300072408, 1.7436869331115028]",1.1164343162778845,1.830216442208039,"[1.4459632026064737, 0.8957659335620427, 2.3860994129580635]",1.57594284970886,2.5835075771707388,"[0.0858316154149939, 0.0, 0.2399361265234603]",0.10858924731281806,0.17801479494244352,"[0.5354747097163108, 0.0, 1.4477713240343495]",0.6610820112502201,1.0837387824766205
pr_Agency_EBCI,test,05_19 Darisy,01_calib,test/05_19 Darisy/01_calib,"MATRIX_[9, 13]_robust_concat_01_calib.hdf","C:\Users\hodor\Documents\lab-Shishkin\projects\BCI_classifier\data\pr_Agency_EBCI\features\csp\test\05_19 Darisy\MATRIX_[9, 13]_robust_concat_01_calib.hdf","[9, 13]","[1, -3, -2]","[1, 53, 54]",3,lda,time_series_by_class,3,5,30,0.8666666666666667,0.8666666666666667,0.1296764490429542,"[0.2317744521979455, 0.0755720434981172, 0.2309537628961316]",0.17943341953073144,0.28828767348282536,"[1.0085582857149096, 0.320901977809739, 0.9981219144293686]",0.7758607259846725,1.2465408296056528,"[1.4459632026064737, 0.5250551094291201, 1.490707389698371]",1.153908567244655,1.8539334374435632,"[0.0858316154149939, 0.0, 0.0]",0.028610538471664632,0.04596727630035734,"[0.5354747097163108, 0.0, 0.0]",0.17849156990543694,0.2867744456908291
pr_Agency_EBCI,test,05_19 Darisy,01_calib,test/05_19 Darisy/01_calib,"MATRIX_[9, 13]_robust_concat_01_calib.hdf","C:\Users\hodor\Documents\lab-Shishkin\projects\BCI_classifier\data\pr_Agency_EBCI\features\csp\test\05_19 Darisy\MATRIX_[9, 13]_robust_concat_01_calib.hdf","[9, 13]","[1, -3, -1]","[1, 53, 55]",3,lda,time_series_by_class,3,5,30,0.8333333333333334,0.8333333333333334,0.12429627326750678,"[0.2317744521979455, 0.0755720434981172, 0.3954432866163586]",0.23426326077080709,0.3787381006512932,"[1.0085582857149096, 0.320901977809739, 1.7436869331115028]",1.024382398878717,1.6561395193398087,"[1.4459632026064737, 0.5250551094291201, 2.3860994129580635]",1.4523725749978855,2.348079799977216,"[0.0858316154149939, 0.0, 0.2399361265234603]",0.10858924731281806,0.17555840870262196,"[0.5354747097163108, 0.0, 1.4477713240343495]",0.6610820112502201,1.0687845140199046
pr_Agency_EBCI,test,05_19 Darisy,01_calib,test/05_19 Darisy/01_calib,"MATRIX_[9, 13]_robust_concat_01_calib.hdf","C:\Users\hodor\Documents\lab-Shishkin\projects\BCI_classifier\data\pr_Agency_EBCI\features\csp\test\05_19 Darisy\MATRIX_[9, 13]_robust_concat_01_calib.hdf","[9, 13]","[1, -2, -1]","[1, 54, 55]",3,lda,time_series_by_class,3,5,30,0.8333333333333334,0.8333333333333333,0.12651634236460602,"[0.2317744521979455, 0.2309537628961316, 0.3954432866163586]",0.2860571672368119,0.461274839445932,"[1.0085582857149096, 0.9981219144293686, 1.7436869331115028]",1.250122377751927,2.0158557978304676,"[1.4459632026064737, 1.490707389698371, 2.3860994129580635]",1.7742566684209695,2.8610363717411404,"[0.0858316154149939, 0.0, 0.2399361265234603]",0.10858924731281806,0.17510306804621423,"[0.5354747097163108, 0.0, 1.4477713240343495]",0.6610820112502201,1.0660124392114765
pr_Agency_EBCI,test,05_19 Darisy,01_calib,test/05_19 Darisy/01_calib,"MATRIX_[9, 13]_robust_concat_01_calib.hdf","C:\Users\hodor\Documents\lab-Shishkin\projects\BCI_classifier\data\pr_Agency_EBCI\features\csp\test\05_19 Darisy\MATRIX_[9, 13]_robust_concat_01_calib.hdf","[9, 13]","[2, -3, -2]","[2, 53, 54]",3,lda,time_series_by_class,3,5,30,0.8666666666666667,0.8666666666666667,0.08229075597651365,"[0.13849277242436, 0.0755720434981172, 0.2309537628961316]",0.14833952627286962,0.25343650386232447,"[0.5970577300072408, 0.320901977809739, 0.9981219144293686]",0.6386938740821161,1.0912016948732828,"[0.8957659335620427, 0.5250551094291201, 1.490707389698371]",0.9705094775631778,1.6581051263869908,"[0.0, 0.0, 0.0]",0.0,0.0,"[0.0, 0.0, 0.0]",0.0,0.0
pr_Agency_EBCI,test,05_19 Darisy,01_calib,test/05_19 Darisy/01_calib,"MATRIX_[9, 13]_robust_concat_01_calib.hdf","C:\Users\hodor\Documents\lab-Shishkin\projects\BCI_classifier\data\pr_Agency_EBCI\features\csp\test\05_19 Darisy\MATRIX_[9, 13]_robust_concat_01_calib.hdf","[9, 13]","[2, -3, -1]","[2, 53, 55]",3,lda,time_series_by_class,3,5,30,0.8333333333333334,0.8333333333333334,0.11170410138875683,"[0.13849277242436, 0.0755720434981172, 0.3954432866163586]",0.20316936751294526,0.33352977445513865,"[0.5970577300072408, 0.320901977809739, 1.7436869331115028]",0.887215546976161,1.456483351296533,"[0.8957659335620427, 0.5250551094291201, 2.3860994129580635]",1.2689734853164087,2.083190224629535,"[0.0, 0.0, 0.2399361265234603]",0.07997870884115343,0.1312957806954016,"[0.0, 0.0, 1.4477713240343495]",0.4825904413447832,0.7922369549419188
pr_Agency_EBCI,test,05_19 Darisy,01_calib,test/05_19 Darisy/01_calib,"MATRIX_[9, 13]_robust_concat_01_calib.hdf","C:\Users\hodor\Documents\lab-Shishkin\projects\BCI_classifier\data\pr_Agency_EBCI\features\csp\test\05_19 Darisy\MATRIX_[9, 13]_robust_concat_01_calib.hdf","[9, 13]","[2, -2, -1]","[2, 54, 55]",3,lda,time_series_by_class,3,5,30,0.9,0.9,0.08745139312291574,"[0.13849277242436, 0.2309537628961316, 0.3954432866163586]",0.2549632739789501,0.4323590216279632,"[0.5970577300072408, 0.9981219144293686, 1.7436869331115028]",1.1129555258493706,1.8873163760495053,"[0.8957659335620427, 1.490707389698371, 2.3860994129580635]",1.5908575787394923,2.6977282475201676,"[0.0, 0.0, 0.2399361265234603]",0.07997870884115343,0.1356254795680249,"[0.0, 0.0, 1.4477713240343495]",0.4825904413447832,0.8183622990504267
pr_Agency_EBCI,test,05_19 Darisy,01_calib,test/05_19 Darisy/01_calib,"MATRIX_[9, 13]_robust_concat_01_calib.hdf","C:\Users\hodor\Documents\lab-Shishkin\projects\BCI_classifier\data\pr_Agency_EBCI\features\csp\test\05_19 Darisy\MATRIX_[9, 13]_robust_concat_01_calib.hdf","[9, 13]","[-3, -2, -1]","[53, 54, 55]",3,lda,time_series_by_class,3,5,30,0.9,0.9,0.11479212109095016,"[0.0755720434981172, 0.2309537628961316, 0.3954432866163586]",0.23398969767020247,0.38265269270278646,"[0.320901977809739, 0.9981219144293686, 1.7436869331115028]",1.0209036084502034,1.6695244220284713,"[0.5250551094291201, 1.490707389698371, 2.3860994129580635]",1.467287304028518,2.399513497583462,"[0.0, 0.0, 0.2399361265234603]",0.07997870884115343,0.13079237505616387,"[0.0, 0.0, 1.4477713240343495]",0.4825904413447832,0.789199412161656
pr_Agency_EBCI,test,05_19 Darisy,01_calib,test/05_19 Darisy/01_calib,"MATRIX_[9, 13]_robust_concat_01_calib.hdf","C:\Users\hodor\Documents\lab-Shishkin\projects\BCI_classifier\data\pr_Agency_EBCI\features\csp\test\05_19 Darisy\MATRIX_[9, 13]_robust_concat_01_calib.hdf","[9, 13]","[0, 1, 2, -3]","[0, 1, 2, 53]",4,lda,time_series_by_class,3,5,30,0.9,0.9,0.09669558195292809,"[0.5095949333478689, 0.2317744521979455, 0.13849277242436, 0.0755720434981172]",0.23885855036707287,0.3998710931186995,"[2.7125725134279324, 1.0085582857149096, 0.5970577300072408, 0.320901977809739]",1.1597726267399555,1.9415656140881514,"[2.638040504061817, 1.4459632026064737, 0.8957659335620427, 0.5250551094291201]",1.3762061874148634,2.3038952202992182,"[0.5095949333478689, 0.0858316154149939, 0.0, 0.0]",0.14885663719071568,0.24919964615020357,"[2.638040504061817, 0.5354747097163108, 0.0, 0.0]",0.7933788034445319,1.3281887916636383
pr_Agency_EBCI,test,05_19 Darisy,01_calib,test/05_19 Darisy/01_calib,"MATRIX_[9, 13]_robust_concat_01_calib.hdf","C:\Users\hodor\Documents\lab-Shishkin\projects\BCI_classifier\data\pr_Agency_EBCI\features\csp\test\05_19 Darisy\MATRIX_[9, 13]_robust_concat_01_calib.hdf","[9, 13]","[0, 1, 2, -2]","[0, 1, 2, 54]",4,lda,time_series_by_class,3,5,30,0.9,0.9,0.09686466445060779,"[0.5095949333478689, 0.2317744521979455, 0.13849277242436, 0.2309537628961316]",0.2777039802165765,0.4647952803755287,"[2.7125725134279324, 1.0085582857149096, 0.5970577300072408, 0.9981219144293686]",1.329077610894863,2.224487385146385,"[2.638040504061817, 1.4459632026064737, 0.8957659335620427, 1.490707389698371]",1.6176192574821762,2.707421750800686,"[0.5095949333478689, 0.0858316154149939, 0.0, 0.0]",0.14885663719071568,0.2491424946983426,"[2.638040504061817, 0.5354747097163108, 0.0, 0.0]",0.7933788034445319,1.3278841848194405
pr_Agency_EBCI,test,05_19 Darisy,01_calib,test/05_19 Darisy/01_calib,"MATRIX_[9, 13]_robust_concat_01_calib.hdf","C:\Users\hodor\Documents\lab-Shishkin\projects\BCI_classifier\data\pr_Agency_EBCI\features\csp\test\05_19 Darisy\MATRIX_[9, 13]_robust_concat_01_calib.hdf","[9, 13]","[0, 1, 2, -1]","[0, 1, 2, 55]",4,lda,time_series_by_class,3,5,30,0.9,0.9,0.09596817343192801,"[0.5095949333478689, 0.2317744521979455, 0.13849277242436, 0.3954432866163586]",0.3188263611466332,0.5342727434043272,"[2.7125725134279324, 1.0085582857149096, 0.5970577300072408, 1.7436869331115028]",1.5154688655653965,2.53954442611816,"[2.638040504061817, 1.4459632026064737, 0.8957659335620427, 2.3860994129580635]",1.8414672632970994,3.085835697878551,"[0.5095949333478689, 0.0858316154149939, 0.0, 0.2399361265234603]",0.20884066882158075,0.34996440276901725,"[2.638040504061817, 0.5354747097163108, 0.0, 1.4477713240343495]",1.1553216344531192,1.936028303725341
pr_Agency_EBCI,test,05_19 Darisy,01_calib,test/05_19 Darisy/01_calib,"MATRIX_[9, 13]_robust_concat_01_calib.hdf","C:\Users\hodor\Documents\lab-Shishkin\projects\BCI_classifier\data\pr_Agency_EBCI\features\csp\test\05_19 Darisy\MATRIX_[9, 13]_robust_concat_01_calib.hdf","[9, 13]","[0, 1, -3, -2]","[0, 1, 53, 54]",4,lda,time_series_by_class,3,5,30,0.8333333333333334,0.8333333333333333,0.15961615727150882,"[0.5095949333478689, 0.2317744521979455, 0.0755720434981172, 0.2309537628961316]",0.2619737979850158,0.407670142650212,"[2.7125725134279324, 1.0085582857149096, 0.320901977809739, 0.9981219144293686]",1.2600386728454875,1.9608073381945046,"[2.638040504061817, 1.4459632026064737, 0.5250551094291201, 1.490707389698371]",1.5249415514489455,2.373035565365912,"[0.5095949333478689, 0.0858316154149939, 0.0, 0.0]",0.14885663719071568,0.23164303829133667,"[2.638040504061817, 0.5354747097163108, 0.0, 0.0]",0.7933788034445319,1.2346152648227307
pr_Agency_EBCI,test,05_19 Darisy,01_calib,test/05_19 Darisy/01_calib,"MATRIX_[9, 13]_robust_concat_01_calib.hdf","C:\Users\hodor\Documents\lab-Shishkin\projects\BCI_classifier\data\pr_Agency_EBCI\features\csp\test\05_19 Darisy\MATRIX_[9, 13]_robust_concat_01_calib.hdf","[9, 13]","[0, 1, -3, -1]","[0, 1, 53, 55]",4,lda,time_series_by_class,3,5,30,0.8666666666666667,0.8666666666666667,0.13645646451707485,"[0.5095949333478689, 0.2317744521979455, 0.0755720434981172, 0.3954432866163586]",0.3030961789150725,0.4832658061208477,"[2.7125725134279324, 1.0085582857149096, 0.320901977809739, 1.7436869331115028]",1.446429927516021,2.3062320594751267,"[2.638040504061817, 1.4459632026064737, 0.5250551094291201, 2.3860994129580635]",1.7487895572638688,2.7883234891049193,"[0.5095949333478689, 0.0858316154149939, 0.0, 0.2399361265234603]",0.20884066882158075,0.33298194167323214,"[2.638040504061817, 0.5354747097163108, 0.0, 1.4477713240343495]",1.1553216344531192,1.842080104742215
pr_Agency_EBCI,test,05_19 Darisy,01_calib,test/05_19 Darisy/01_calib,"MATRIX_[9, 13]_robust_concat_01_calib.hdf","C:\Users\hodor\Documents\lab-Shishkin\projects\BCI_classifier\data\pr_Agency_EBCI\features\csp\test\05_19 Darisy\MATRIX_[9, 13]_robust_concat_01_calib.hdf","[9, 13]","[0, 1, -2, -1]","[0, 1, 54, 55]",4,lda,time_series_by_class,3,5,30,0.8666666666666667,0.8666666666666667,0.1389117191761896,"[0.5095949333478689, 0.2317744521979455, 0.2309537628961316, 0.3954432866163586]",0.34194160876457613,0.5437296198700944,"[2.7125725134279324, 1.0085582857149096, 0.9981219144293686, 1.7436869331115028]",1.6157349116709285,2.5692191497482546,"[2.638040504061817, 1.4459632026064737, 1.490707389698371, 2.3860994129580635]",1.9902026273311813,3.1646693186388,"[0.5095949333478689, 0.0858316154149939, 0.0, 0.2399361265234603]",0.20884066882158075,0.33208259703180654,"[2.638040504061817, 0.5354747097163108, 0.0, 1.4477713240343495]",1.1553216344531192,1.8371048653555029
pr_Agency_EBCI,test,05_19 Darisy,01_calib,test/05_19 Darisy/01_calib,"MATRIX_[9, 13]_robust_concat_01_calib.hdf","C:\Users\hodor\Documents\lab-Shishkin\projects\BCI_classifier\data\pr_Agency_EBCI\features\csp\test\05_19 Darisy\MATRIX_[9, 13]_robust_concat_01_calib.hdf","[9, 13]","[0, 2, -3, -2]","[0, 2, 53, 54]",4,lda,time_series_by_class,3,5,30,0.8666666666666667,0.8666666666666667,0.11265546395396177,"[0.5095949333478689, 0.13849277242436, 0.0755720434981172, 0.2309537628961316]",0.2386533780416194,0.39131559287933027,"[2.7125725134279324, 0.5970577300072408, 0.320901977809739, 0.9981219144293686]",1.1571635339185702,1.8973799493201329,"[2.638040504061817, 0.8957659335620427, 0.5250551094291201, 1.490707389698371]",1.3873922341878377,2.2748817516537025,"[0.5095949333478689, 0.0, 0.0, 0.0]",0.12739873333696722,0.20889338033646862,"[2.638040504061817, 0.0, 0.0, 0.0]",0.6595101260154542,1.0813867295297728
pr_Agency_EBCI,test,05_19 Darisy,01_calib,test/05_19 Darisy/01_calib,"MATRIX_[9, 13]_robust_concat_01_calib.hdf","C:\Users\hodor\Documents\lab-Shishkin\projects\BCI_classifier\data\pr_Agency_EBCI\features\csp\test\05_19 Darisy\MATRIX_[9, 13]_robust_concat_01_calib.hdf","[9, 13]","[0, 2, -3, -1]","[0, 2, 53, 55]",4,lda,time_series_by_class,3,5,30,0.9333333333333333,0.9333333333333333,0.0706719848343241,"[0.5095949333478689, 0.13849277242436, 0.0755720434981172, 0.3954432866163586]",0.27977575897167617,0.48650255350338534,"[2.7125725134279324, 0.5970577300072408, 0.320901977809739, 1.7436869331115028]",1.3435547885891037,2.336309756866653,"[2.638040504061817, 0.8957659335620427, 0.5250551094291201, 2.3860994129580635]",1.6112402400027608,2.8017884535454267,"[0.5095949333478689, 0.0, 0.0, 0.2399361265234603]",0.1873827649678323,0.32584021565858445,"[2.638040504061817, 0.0, 0.0, 1.4477713240343495]",1.0214529570240416,1.7762063221713535
pr_Agency_EBCI,test,05_19 Darisy,01_calib,test/05_19 Darisy/01_calib,"MATRIX_[9, 13]_robust_concat_01_calib.hdf","C:\Users\hodor\Documents\lab-Shishkin\projects\BCI_classifier\data\pr_Agency_EBCI\features\csp\test\05_19 Darisy\MATRIX_[9, 13]_robust_concat_01_calib.hdf","[9, 13]","[0, 2, -2, -1]","[0, 2, 54, 55]",4,lda,time_series_by_class,3,5,30,0.8666666666666667,0.8666666666666667,0.11158243721259985,"[0.5095949333478689, 0.13849277242436, 0.2309537628961316, 0.3954432866163586]",0.31862118882117973,0.5231392558030984,"[2.7125725134279324, 0.5970577300072408, 0.9981219144293686, 1.7436869331115028]",1.5128597727440112,2.483941317825933,"[2.638040504061817, 0.8957659335620427, 1.490707389698371, 2.3860994129580635]",1.8526533100700737,3.041843128754216,"[0.5095949333478689, 0.0, 0.0, 0.2399361265234603]",0.1873827649678323,0.3076608953041559,"[2.638040504061817, 0.0, 0.0, 1.4477713240343495]",1.0214529570240416,1.6771079844138432
pr_Agency_EBCI,test,05_19 Darisy,01_calib,test/05_19 Darisy/01_calib,"MATRIX_[9, 13]_robust_concat_01_calib.hdf","C:\Users\hodor\Documents\lab-Shishkin\projects\BCI_classifier\data\pr_Agency_EBCI\features\csp\test\05_19 Darisy\MATRIX_[9, 13]_robust_concat_01_calib.hdf","[9, 13]","[0, -3, -2, -1]","[0, 53, 54, 55]",4,lda,time_series_by_class,3,5,30,0.8666666666666667,0.8666666666666667,0.11814199157628152,"[0.5095949333478689, 0.0755720434981172, 0.2309537628961316, 0.3954432866163586]",0.30289100658961904,0.4933034731042723,"[2.7125725134279324, 0.320901977809739, 0.9981219144293686, 1.7436869331115028]",1.4438208346946357,2.3514789703220718,"[2.638040504061817, 0.5250551094291201, 1.490707389698371, 2.3860994129580635]",1.759975604036843,2.8663844721757417,"[0.5095949333478689, 0.0, 0.0, 0.2399361265234603]",0.1873827649678323,0.3051809619549177,"[2.638040504061817, 0.0, 0.0, 1.4477713240343495]",1.0214529570240416,1.6635894772382402
pr_Agency_EBCI,test,05_19 Darisy,01_calib,test/05_19 Darisy/01_calib,"MATRIX_[9, 13]_robust_concat_01_calib.hdf","C:\Users\hodor\Documents\lab-Shishkin\projects\BCI_classifier\data\pr_Agency_EBCI\features\csp\test\05_19 Darisy\MATRIX_[9, 13]_robust_concat_01_calib.hdf","[9, 13]","[1, 2, -3, -2]","[1, 2, 53, 54]",4,lda,time_series_by_class,3,5,30,0.9,0.9,0.0943180992592078,"[0.2317744521979455, 0.13849277242436, 0.0755720434981172, 0.2309537628961316]",0.16919825775413858,0.28417471226373675,"[1.0085582857149096, 0.5970577300072408, 0.320901977809739, 0.9981219144293686]",0.7311599769903145,1.228010139335497,"[1.4459632026064737, 0.8957659335620427, 0.5250551094291201, 1.490707389698371]",1.0893729088240018,1.8296419657157998,"[0.0858316154149939, 0.0, 0.0, 0.0]",0.021457903853748475,0.036039340678570016,"[0.5354747097163108, 0.0, 0.0, 0.0]",0.1338686774290777,0.22483737950076288
pr_Agency_EBCI,test,05_19 Darisy,01_calib,test/05_19 Darisy/01_calib,"MATRIX_[9, 13]_robust_concat_01_calib.hdf","C:\Users\hodor\Documents\lab-Shishkin\projects\BCI_classifier\data\pr_Agency_EBCI\features\csp\test\05_19 Darisy\MATRIX_[9, 13]_robust_concat_01_calib.hdf","[9, 13]","[1, 2, -3, -1]","[1, 2, 53, 55]",4,lda,time_series_by_class,3,5,30,0.8333333333333334,0.8333333333333334,0.1095804902374436,"[0.2317744521979455, 0.13849277242436, 0.0755720434981172, 0.3954432866163586]",0.21032063868419532,0.34619524662404483,"[1.0085582857149096, 0.5970577300072408, 0.320901977809739, 1.7436869331115028]",0.9175512316608481,1.5103219395029992,"[1.4459632026064737, 0.8957659335620427, 0.5250551094291201, 2.3860994129580635]",1.3132209146389249,2.1616083008283478,"[0.0858316154149939, 0.0, 0.0, 0.2399361265234603]",0.08144193548461355,0.13405632046872468,"[0.5354747097163108, 0.0, 0.0, 1.4477713240343495]",0.4958115084376651,0.8161233653362604
pr_Agency_EBCI,test,05_19 Darisy,01_calib,test/05_19 Darisy/01_calib,"MATRIX_[9, 13]_robust_concat_01_calib.hdf","C:\Users\hodor\Documents\lab-Shishkin\projects\BCI_classifier\data\pr_Agency_EBCI\features\csp\test\05_19 Darisy\MATRIX_[9, 13]_robust_concat_01_calib.hdf","[9, 13]","[1, 2, -2, -1]","[1, 2, 54, 55]",4,lda,time_series_by_class,3,5,30,0.8666666666666667,0.8666666666666667,0.10762262620650462,"[0.2317744521979455, 0.13849277242436, 0.2309537628961316, 0.3954432866163586]",0.24916606853369894,0.4111606991669058,"[1.0085582857149096, 0.5970577300072408, 0.9981219144293686, 1.7436869331115028]",1.0868562158157555,1.7934727798952503,"[1.4459632026064737, 0.8957659335620427, 1.490707389698371, 2.3860994129580635]",1.5546339847062378,2.5653749720500127,"[0.0858316154149939, 0.0, 0.0, 0.2399361265234603]",0.08144193548461355,0.13439118469227243,"[0.5354747097163108, 0.0, 0.0, 1.4477713240343495]",0.4958115084376651,0.8181619899687802
pr_Agency_EBCI,test,05_19 Darisy,01_calib,test/05_19 Darisy/01_calib,"MATRIX_[9, 13]_robust_concat_01_calib.hdf","C:\Users\hodor\Documents\lab-Shishkin\projects\BCI_classifier\data\pr_Agency_EBCI\features\csp\test\05_19 Darisy\MATRIX_[9, 13]_robust_concat_01_calib.hdf","[9, 13]","[1, -3, -2, -1]","[1, 53, 54, 55]",4,lda,time_series_by_class,3,5,30,0.8333333333333334,0.8333333333333333,0.11764902413339136,"[0.2317744521979455, 0.0755720434981172, 0.2309537628961316, 0.3954432866163586]",0.23343588630213824,0.38041312757589757,"[1.0085582857149096, 0.320901977809739, 0.9981219144293686, 1.7436869331115028]",1.01781727776638,1.6586612284400426,"[1.4459632026064737, 0.5250551094291201, 1.490707389698371, 2.3860994129580635]",1.4619562786730071,2.382441573826367,"[0.0858316154149939, 0.0, 0.0, 0.2399361265234603]",0.08144193548461355,0.13271987389906523,"[0.5354747097163108, 0.0, 0.0, 1.4477713240343495]",0.4958115084376651,0.8079871934033821
pr_Agency_EBCI,test,05_19 Darisy,01_calib,test/05_19 Darisy/01_calib,"MATRIX_[9, 13]_robust_concat_01_calib.hdf","C:\Users\hodor\Documents\lab-Shishkin\projects\BCI_classifier\data\pr_Agency_EBCI\features\csp\test\05_19 Darisy\MATRIX_[9, 13]_robust_concat_01_calib.hdf","[9, 13]","[2, -3, -2, -1]","[2, 53, 54, 55]",4,lda,time_series_by_class,3,5,30,0.9,0.9,0.09613054419738686,"[0.13849277242436, 0.0755720434981172, 0.2309537628961316, 0.3954432866163586]",0.21011546635874184,0.3520227910004638,"[0.5970577300072408, 0.320901977809739, 0.9981219144293686, 1.7436869331115028]",0.9149421388394627,1.532873761745342,"[0.8957659335620427, 0.5250551094291201, 1.490707389698371, 2.3860994129580635]",1.3244069614118992,2.218882041651586,"[0.0, 0.0, 0.0, 0.2399361265234603]",0.059984031630865076,0.10049591586992047,"[0.0, 0.0, 0.0, 1.4477713240343495]",0.3619428310085874,0.6063909894986708
