project,stage,subject,record,file,matrix,matrix_path,band,components,absolute_components,n_components,classifier,cv_method,cv_splits,cv_test_size,cv_tested_epochs,accuracy,balanced_accuracy,brier_score,component_score_values,mean_score,comp_set_score,final_score_method,rank_within_file,rank_global,probability_plot
pr_Agency_EBCI,test,05_19 Darisy,01_calib,test/05_19 Darisy/01_calib,"MATRIX_[10, 14]_robust_concat_01_calib.hdf","C:\Users\hodor\Documents\lab-Shishkin\projects\BCI_classifier\data\pr_Agency_EBCI\features\csp\test\05_19 Darisy\MATRIX_[10, 14]_robust_concat_01_calib.hdf","[10, 14]","[0, -1]","[0, 55]",2,lda,time_series_by_class,3,5,30,0.7333333333333333,0.7333333333333334,0.18499754162247348,"[3.231301247361277, 2.084855168726934]",2.658078208044105,4.038906873516781,final_score_2,1,1,"results\algorithm\_cv_smoke_05_19_Darisy\probability_plots\final_score_2\test_05_19_Darisy_01_calib\top_01_[10,_14]_[0,_-1].png"
pr_Agency_EBCI,test,05_19 Darisy,01_calib,test/05_19 Darisy/01_calib,"MATRIX_[9, 13]_robust_concat_01_calib.hdf","C:\Users\hodor\Documents\lab-Shishkin\projects\BCI_classifier\data\pr_Agency_EBCI\features\csp\test\05_19 Darisy\MATRIX_[9, 13]_robust_concat_01_calib.hdf","[9, 13]","[0, -1]","[0, 55]",2,lda,time_series_by_class,3,5,30,0.8,0.8,0.16887494099494432,"[2.7125725134279324, 1.7436869331115028]",2.2281297232697175,3.4361975401075413,final_score_2,2,2,
pr_Agency_EBCI,test,05_19 Darisy,01_calib,test/05_19 Darisy/01_calib,"MATRIX_[10, 14]_robust_concat_01_calib.hdf","C:\Users\hodor\Documents\lab-Shishkin\projects\BCI_classifier\data\pr_Agency_EBCI\features\csp\test\05_19 Darisy\MATRIX_[10, 14]_robust_concat_01_calib.hdf","[10, 14]","[0, 2]","[0, 2]",2,lda,time_series_by_class,3,5,30,0.7666666666666667,0.7666666666666666,0.16238986906617212,"[3.231301247361277, 1.128199543764763]",2.17975039556302,3.382736782119538,final_score_2,3,3,
pr_Agency_EBCI,test,05_19 Darisy,01_calib,test/05_19 Darisy/01_calib,"MATRIX_[10, 14]_robust_concat_01_calib.hdf","C:\Users\hodor\Documents\lab-Shishkin\projects\BCI_classifier\data\pr_Agency_EBCI\features\csp\test\05_19 Darisy\MATRIX_[10, 14]_robust_concat_01_calib.hdf","[10, 14]","[0, 1, -1]","[0, 1, 55]",3,lda,time_series_by_class,3,5,30,0.9,0.9,0.06427985768336437,"[3.231301247361277, 0.4491556461467016, 2.084855168726934]",1.9217706874116374,3.376115868506842,final_score_2,4,4,
pr_Agency_EBCI,test,05_19 Darisy,01_calib,test/05_19 Darisy/01_calib,"MATRIX_[10, 14]_robust_concat_01_calib.hdf","C:\Users\hodor\Documents\lab-Shishkin\projects\BCI_classifier\data\pr_Agency_EBCI\features\csp\test\05_19 Darisy\MATRIX_[10, 14]_robust_concat_01_calib.hdf","[10, 14]","[0, 1]","[0, 1]",2,lda,time_series_by_class,3,5,30,0.9,0.9,0.05255202167572278,"[3.231301247361277, 0.4491556461467016]",1.8402284467539893,3.297534893595144,final_score_2,5,5,
pr_Agency_EBCI,test,05_19 Darisy,01_calib,test/05_19 Darisy/01_calib,"MATRIX_[10, 14]_robust_concat_01_calib.hdf","C:\Users\hodor\Documents\lab-Shishkin\projects\BCI_classifier\data\pr_Agency_EBCI\features\csp\test\05_19 Darisy\MATRIX_[10, 14]_robust_concat_01_calib.hdf","[10, 14]","[0, 2, -1]","[0, 2, 55]",3,lda,time_series_by_class,3,5,30,0.7666666666666667,0.7666666666666666,0.17513899533448324,"[3.231301247361277, 1.128199543764763, 2.084855168726934]",2.1481186532843246,3.293357447437947,final_score_2,6,6,
pr_Agency_EBCI,test,05_19 Darisy,01_calib,test/05_19 Darisy/01_calib,"MATRIX_[8, 12]_robust_concat_01_calib.hdf","C:\Users\hodor\Documents\lab-Shishkin\projects\BCI_classifier\data\pr_Agency_EBCI\features\csp\test\05_19 Darisy\MATRIX_[8, 12]_robust_concat_01_calib.hdf","[8, 12]","[0, -1]","[0, 55]",2,lda,time_series_by_class,3,5,30,0.7666666666666667,0.7666666666666666,0.19938847596505266,"[2.460065315994436, 1.7318814937937523]",2.095973404894094,3.145564733151395,final_score_2,7,7,
pr_Agency_EBCI,test,05_19 Darisy,01_calib,test/05_19 Darisy/01_calib,"MATRIX_[10, 14]_robust_concat_01_calib.hdf","C:\Users\hodor\Documents\lab-Shishkin\projects\BCI_classifier\data\pr_Agency_EBCI\features\csp\test\05_19 Darisy\MATRIX_[10, 14]_robust_concat_01_calib.hdf","[10, 14]","[0, -2, -1]","[0, 54, 55]",3,lda,time_series_by_class,3,5,30,0.8,0.8,0.16868844899205945,"[3.231301247361277, 0.6062528737298105, 2.084855168726934]",1.9741364299393405,3.045033245576685,final_score_2,8,8,
pr_Agency_EBCI,test,05_19 Darisy,01_calib,test/05_19 Darisy/01_calib,"MATRIX_[10, 14]_robust_concat_01_calib.hdf","C:\Users\hodor\Documents\lab-Shishkin\projects\BCI_classifier\data\pr_Agency_EBCI\features\csp\test\05_19 Darisy\MATRIX_[10, 14]_robust_concat_01_calib.hdf","[10, 14]","[0, -2]","[0, 54]",2,lda,time_series_by_class,3,5,30,0.7666666666666667,0.7666666666666666,0.16176972218561775,"[3.231301247361277, 0.6062528737298105]",1.9187770605455436,2.979549669681171,final_score_2,9,9,
pr_Agency_EBCI,test,05_19 Darisy,01_calib,test/05_19 Darisy/01_calib,"MATRIX_[10, 14]_robust_concat_01_calib.hdf","C:\Users\hodor\Documents\lab-Shishkin\projects\BCI_classifier\data\pr_Agency_EBCI\features\csp\test\05_19 Darisy\MATRIX_[10, 14]_robust_concat_01_calib.hdf","[10, 14]","[0, -3, -1]","[0, 53, 55]",3,lda,time_series_by_class,3,5,30,0.8,0.8,0.15962554913671945,"[3.231301247361277, 0.3988898286090431, 2.084855168726934]",1.9050154148990845,2.9644592833739862,final_score_2,10,10,
pr_Agency_EBCI,test,05_19 Darisy,01_calib,test/05_19 Darisy/01_calib,"MATRIX_[8, 12]_robust_concat_01_calib.hdf","C:\Users\hodor\Documents\lab-Shishkin\projects\BCI_classifier\data\pr_Agency_EBCI\features\csp\test\05_19 Darisy\MATRIX_[8, 12]_robust_concat_01_calib.hdf","[8, 12]","[0, 1]","[0, 1]",2,lda,time_series_by_class,3,5,30,0.8333333333333334,0.8333333333333333,0.16595926687677762,"[2.460065315994436, 1.3199709886265507]",1.8900181523104935,2.922929912376339,final_score_2,11,11,
pr_Agency_EBCI,test,05_19 Darisy,01_calib,test/05_19 Darisy/01_calib,"MATRIX_[10, 14]_robust_concat_01_calib.hdf","C:\Users\hodor\Documents\lab-Shishkin\projects\BCI_classifier\data\pr_Agency_EBCI\features\csp\test\05_19 Darisy\MATRIX_[10, 14]_robust_concat_01_calib.hdf","[10, 14]","[0, 1, 2, -1]","[0, 1, 2, 55]",4,lda,time_series_by_class,3,5,30,0.8666666666666667,0.8666666666666667,0.09269816209597329,"[3.231301247361277, 0.4491556461467016, 1.128199543764763, 2.084855168726934]",1.7233779014999189,2.9009581699642197,final_score_2,12,12,
pr_Agency_EBCI,test,05_19 Darisy,01_calib,test/05_19 Darisy/01_calib,"MATRIX_[9, 13]_robust_concat_01_calib.hdf","C:\Users\hodor\Documents\lab-Shishkin\projects\BCI_classifier\data\pr_Agency_EBCI\features\csp\test\05_19 Darisy\MATRIX_[9, 13]_robust_concat_01_calib.hdf","[9, 13]","[0, 1]","[0, 1]",2,lda,time_series_by_class,3,5,30,0.8333333333333334,0.8333333333333333,0.15889280251263307,"[2.7125725134279324, 1.0085582857149096]",1.860565399571421,2.897401684136325,final_score_2,13,13,
pr_Agency_EBCI,test,05_19 Darisy,01_calib,test/05_19 Darisy/01_calib,"MATRIX_[9, 13]_robust_concat_01_calib.hdf","C:\Users\hodor\Documents\lab-Shishkin\projects\BCI_classifier\data\pr_Agency_EBCI\features\csp\test\05_19 Darisy\MATRIX_[9, 13]_robust_concat_01_calib.hdf","[9, 13]","[0, 1, -1]","[0, 1, 55]",3,lda,time_series_by_class,3,5,30,0.8666666666666667,0.8666666666666667,0.14040229809816,"[2.7125725134279324, 1.0085582857149096, 1.7436869331115028]",1.8216059107514484,2.891872428297791,final_score_2,14,14,
pr_Agency_EBCI,test,05_19 Darisy,01_calib,test/05_19 Darisy/01_calib,"MATRIX_[8, 15]_robust_concat_01_calib.hdf","C:\Users\hodor\Documents\lab-Shishkin\projects\BCI_classifier\data\pr_Agency_EBCI\features\csp\test\05_19 Darisy\MATRIX_[8, 15]_robust_concat_01_calib.hdf","[8, 15]","[0, -1]","[0, 55]",2,lda,time_series_by_class,3,5,30,0.7333333333333333,0.7333333333333334,0.17414250031890566,"[2.076655584845948, 1.6768528270632188]",1.8767542059545832,2.8799838333585295,final_score_2,15,15,
pr_Agency_EBCI,test,05_19 Darisy,01_calib,test/05_19 Darisy/01_calib,"MATRIX_[9, 13]_robust_concat_01_calib.hdf","C:\Users\hodor\Documents\lab-Shishkin\projects\BCI_classifier\data\pr_Agency_EBCI\features\csp\test\05_19 Darisy\MATRIX_[9, 13]_robust_concat_01_calib.hdf","[9, 13]","[0, 2, -1]","[0, 2, 55]",3,lda,time_series_by_class,3,5,30,0.9,0.9,0.08897652687761849,"[2.7125725134279324, 0.5970577300072408, 1.7436869331115028]",1.684439058848892,2.850235517854887,final_score_2,16,16,
pr_Agency_EBCI,test,05_19 Darisy,01_calib,test/05_19 Darisy/01_calib,"MATRIX_[9, 13]_robust_concat_01_calib.hdf","C:\Users\hodor\Documents\lab-Shishkin\projects\BCI_classifier\data\pr_Agency_EBCI\features\csp\test\05_19 Darisy\MATRIX_[9, 13]_robust_concat_01_calib.hdf","[9, 13]","[0, -2, -1]","[0, 54, 55]",3,lda,time_series_by_class,3,5,30,0.8,0.8,0.16087968481828246,"[2.7125725134279324, 0.9981219144293686, 1.7436869331115028]",1.8181271203229346,2.8257355819842966,final_score_2,17,17,
pr_Agency_EBCI,test,05_19 Darisy,01_calib,test/05_19 Darisy/01_calib,"MATRIX_[8, 12]_robust_concat_01_calib.hdf","C:\Users\hodor\Documents\lab-Shishkin\projects\BCI_classifier\data\pr_Agency_EBCI\features\csp\test\05_19 Darisy\MATRIX_[8, 12]_robust_concat_01_calib.hdf","[8, 12]","[0, 1, -1]","[0, 1, 55]",3,lda,time_series_by_class,3,5,30,0.8333333333333334,0.8333333333333333,0.17405664566008244,"[2.460065315994436, 1.3199709886265507, 1.7318814937937523]",1.837305932804913,2.8196736859898324,final_score_2,18,18,
pr_Agency_EBCI,test,05_19 Darisy,01_calib,test/05_19 Darisy/01_calib,"MATRIX_[10, 14]_robust_concat_01_calib.hdf","C:\Users\hodor\Documents\lab-Shishkin\projects\BCI_classifier\data\pr_Agency_EBCI\features\csp\test\05_19 Darisy\MATRIX_[10, 14]_robust_concat_01_calib.hdf","[10, 14]","[0, -3]","[0, 53]",2,lda,time_series_by_class,3,5,30,0.8333333333333334,0.8333333333333333,0.16515315546240922,"[3.231301247361277, 0.3988898286090431]",1.81509553798516,2.8092512837771557,final_score_2,19,19,
pr_Agency_EBCI,test,05_19 Darisy,01_calib,test/05_19 Darisy/01_calib,"MATRIX_[9, 13]_robust_concat_01_calib.hdf","C:\Users\hodor\Documents\lab-Shishkin\projects\BCI_classifier\data\pr_Agency_EBCI\features\csp\test\05_19 Darisy\MATRIX_[9, 13]_robust_concat_01_calib.hdf","[9, 13]","[0, -2]","[0, 54]",2,lda,time_series_by_class,3,5,30,0.7666666666666667,0.7666666666666666,0.20126680752957685,"[2.7125725134279324, 0.9981219144293686]",1.8553472139286504,2.780092136316429,final_score_2,20,20,
pr_Agency_EBCI,test,05_19 Darisy,01_calib,test/05_19 Darisy/01_calib,"MATRIX_[10, 14]_robust_concat_01_calib.hdf","C:\Users\hodor\Documents\lab-Shishkin\projects\BCI_classifier\data\pr_Agency_EBCI\features\csp\test\05_19 Darisy\MATRIX_[10, 14]_robust_concat_01_calib.hdf","[10, 14]","[0, 1, 2]","[0, 1, 2]",3,lda,time_series_by_class,3,5,30,0.9,0.9,0.0744732994539882,"[3.231301247361277, 0.4491556461467016, 1.128199543764763]",1.602885479090914,2.770857359983916,final_score_2,21,21,
pr_Agency_EBCI,test,05_19 Darisy,01_calib,test/05_19 Darisy/01_calib,"MATRIX_[10, 14]_robust_concat_01_calib.hdf","C:\Users\hodor\Documents\lab-Shishkin\projects\BCI_classifier\data\pr_Agency_EBCI\features\csp\test\05_19 Darisy\MATRIX_[10, 14]_robust_concat_01_calib.hdf","[10, 14]","[0, 1, -2, -1]","[0, 1, 54, 55]",4,lda,time_series_by_class,3,5,30,0.9,0.9,0.08125891453534297,"[3.231301247361277, 0.4491556461467016, 0.6062528737298105, 2.084855168726934]",1.5928912339911807,2.7255779874921213,final_score_2,22,22,
pr_Agency_EBCI,test,05_19 Darisy,01_calib,test/05_19 Darisy/01_calib,"MATRIX_[9, 13]_robust_concat_01_calib.hdf","C:\Users\hodor\Documents\lab-Shishkin\projects\BCI_classifier\data\pr_Agency_EBCI\features\csp\test\05_19 Darisy\MATRIX_[9, 13]_robust_concat_01_calib.hdf","[9, 13]","[0, 2]","[0, 2]",2,lda,time_series_by_class,3,5,30,0.8333333333333334,0.8333333333333333,0.1141262197674877,"[2.7125725134279324, 0.5970577300072408]",1.6548151217175866,2.7084139731235344,final_score_2,23,23,
pr_Agency_EBCI,test,05_19 Darisy,01_calib,test/05_19 Darisy/01_calib,"MATRIX_[10, 14]_robust_concat_01_calib.hdf","C:\Users\hodor\Documents\lab-Shishkin\projects\BCI_classifier\data\pr_Agency_EBCI\features\csp\test\05_19 Darisy\MATRIX_[10, 14]_robust_concat_01_calib.hdf","[10, 14]","[0, 2, -2, -1]","[0, 2, 54, 55]",4,lda,time_series_by_class,3,5,30,0.7666666666666667,0.7666666666666666,0.190088842246312,"[3.231301247361277, 1.128199543764763, 0.6062528737298105, 2.084855168726934]",1.7626522083956961,2.666370550220358,final_score_2,24,24,
pr_Agency_EBCI,test,05_19 Darisy,01_calib,test/05_19 Darisy/01_calib,"MATRIX_[10, 14]_robust_concat_01_calib.hdf","C:\Users\hodor\Documents\lab-Shishkin\projects\BCI_classifier\data\pr_Agency_EBCI\features\csp\test\05_19 Darisy\MATRIX_[10, 14]_robust_concat_01_calib.hdf","[10, 14]","[0, 2, -3, -1]","[0, 2, 53, 55]",4,lda,time_series_by_class,3,5,30,0.7666666666666667,0.7666666666666666,0.16142194089914866,"[3.231301247361277, 1.128199543764763, 0.3988898286090431, 2.084855168726934]",1.7108114471155043,2.657522896265123,final_score_2,25,25,
pr_Agency_EBCI,test,05_19 Darisy,01_calib,test/05_19 Darisy/01_calib,"MATRIX_[8, 12]_robust_concat_01_calib.hdf","C:\Users\hodor\Documents\lab-Shishkin\projects\BCI_classifier\data\pr_Agency_EBCI\features\csp\test\05_19 Darisy\MATRIX_[8, 12]_robust_concat_01_calib.hdf","[8, 12]","[0, 2, -1]","[0, 2, 55]",3,lda,time_series_by_class,3,5,30,0.9,0.9,0.07813467748135798,"[2.460065315994436, 0.4009546945385446, 1.7318814937937523]",1.530967168108911,2.631849073215134,final_score_2,26,26,
pr_Agency_EBCI,test,05_19 Darisy,01_calib,test/05_19 Darisy/01_calib,"MATRIX_[10, 14]_robust_concat_01_calib.hdf","C:\Users\hodor\Documents\lab-Shishkin\projects\BCI_classifier\data\pr_Agency_EBCI\features\csp\test\05_19 Darisy\MATRIX_[10, 14]_robust_concat_01_calib.hdf","[10, 14]","[2, -1]","[2, 55]",2,lda,time_series_by_class,3,5,30,0.8666666666666667,0.8666666666666667,0.11509212008384964,"[1.128199543764763, 2.084855168726934]",1.6065273562458484,2.626246513816868,final_score_2,27,27,
pr_Agency_EBCI,test,05_19 Darisy,01_calib,test/05_19 Darisy/01_calib,"MATRIX_[10, 14]_robust_concat_01_calib.hdf","C:\Users\hodor\Documents\lab-Shishkin\projects\BCI_classifier\data\pr_Agency_EBCI\features\csp\test\05_19 Darisy\MATRIX_[10, 14]_robust_concat_01_calib.hdf","[10, 14]","[0, 1, -3, -1]","[0, 1, 53, 55]",4,lda,time_series_by_class,3,5,30,0.9,0.9,0.08596985227055871,"[3.231301247361277, 0.4491556461467016, 0.3988898286090431, 2.084855168726934]",1.5410504727109888,2.61882175557544,final_score_2,28,28,
pr_Agency_EBCI,test,05_19 Darisy,01_calib,test/05_19 Darisy/01_calib,"MATRIX_[8, 15]_robust_concat_01_calib.hdf","C:\Users\hodor\Documents\lab-Shishkin\projects\BCI_classifier\data\pr_Agency_EBCI\features\csp\test\05_19 Darisy\MATRIX_[8, 15]_robust_concat_01_calib.hdf","[8, 15]","[0, 2, -1]","[0, 2, 55]",3,lda,time_series_by_class,3,5,30,0.8666666666666667,0.8666666666666667,0.1301825268772082,"[2.076655584845948, 1.0884824110471685, 1.6768528270632188]",1.613996940985445,2.5916361614797965,final_score_2,29,29,
pr_Agency_EBCI,test,05_19 Darisy,01_calib,test/05_19 Darisy/01_calib,"MATRIX_[8, 12]_robust_concat_01_calib.hdf","C:\Users\hodor\Documents\lab-Shishkin\projects\BCI_classifier\data\pr_Agency_EBCI\features\csp\test\05_19 Darisy\MATRIX_[8, 12]_robust_concat_01_calib.hdf","[8, 12]","[0, -3, -1]","[0, 53, 55]",3,lda,time_series_by_class,3,5,30,0.7666666666666667,0.7666666666666666,0.18370995724237835,"[2.460065315994436, 0.8803661791448005, 1.7318814937937523]",1.6907709963109963,2.572046534981985,final_score_2,30,30,
pr_Agency_EBCI,test,05_19 Darisy,01_calib,test/05_19 Darisy/01_calib,"MATRIX_[9, 13]_robust_concat_01_calib.hdf","C:\Users\hodor\Documents\lab-Shishkin\projects\BCI_classifier\data\pr_Agency_EBCI\features\csp\test\05_19 Darisy\MATRIX_[9, 13]_robust_concat_01_calib.hdf","[9, 13]","[0, 1, -2, -1]","[0, 1, 54, 55]",4,lda,time_series_by_class,3,5,30,0.8666666666666667,0.8666666666666667,0.1389117191761896,"[2.7125725134279324, 1.0085582857149096, 0.9981219144293686, 1.7436869331115028]",1.6157349116709285,2.5692191497482546,final_score_2,31,31,
pr_Agency_EBCI,test,05_19 Darisy,01_calib,test/05_19 Darisy/01_calib,"MATRIX_[9, 13]_robust_concat_01_calib.hdf","C:\Users\hodor\Documents\lab-Shishkin\projects\BCI_classifier\data\pr_Agency_EBCI\features\csp\test\05_19 Darisy\MATRIX_[9, 13]_robust_concat_01_calib.hdf","[9, 13]","[0, 1, 2, -1]","[0, 1, 2, 55]",4,lda,time_series_by_class,3,5,30,0.9,0.9,0.09596817343192801,"[2.7125725134279324, 1.0085582857149096, 0.5970577300072408, 1.7436869331115028]",1.5154688655653965,2.53954442611816,final_score_2,32,32,
pr_Agency_EBCI,test,05_19 Darisy,01_calib,test/05_19 Darisy/01_calib,"MATRIX_[8, 15]_robust_concat_01_calib.hdf","C:\Users\hodor\Documents\lab-Shishkin\projects\BCI_classifier\data\pr_Agency_EBCI\features\csp\test\05_19 Darisy\MATRIX_[8, 15]_robust_concat_01_calib.hdf","[8, 15]","[0, 2]","[0, 2]",2,lda,time_series_by_class,3,5,30,0.8333333333333334,0.8333333333333333,0.13091822336355666,"[2.076655584845948, 1.0884824110471685]",1.582568997946558,2.539040347188573,final_score_2,33,33,
pr_Agency_EBCI,test,05_19 Darisy,01_calib,test/05_19 Darisy/01_calib,"MATRIX_[8, 15]_robust_concat_01_calib.hdf","C:\Users\hodor\Documents\lab-Shishkin\projects\BCI_classifier\data\pr_Agency_EBCI\features\csp\test\05_19 Darisy\MATRIX_[8, 15]_robust_concat_01_calib.hdf","[8, 15]","[0, 1, -1]","[0, 1, 55]",3,lda,time_series_by_class,3,5,30,0.8666666666666667,0.8666666666666667,0.12437932965850679,"[2.076655584845948, 0.9425052143108824, 1.6768528270632188]",1.565337875406683,2.5304658797432147,final_score_2,34,34,
pr_Agency_EBCI,test,05_19 Darisy,01_calib,test/05_19 Darisy/01_calib,"MATRIX_[10, 14]_robust_concat_01_calib.hdf","C:\Users\hodor\Documents\lab-Shishkin\projects\BCI_classifier\data\pr_Agency_EBCI\features\csp\test\05_19 Darisy\MATRIX_[10, 14]_robust_concat_01_calib.hdf","[10, 14]","[0, 2, -2]","[0, 2, 54]",3,lda,time_series_by_class,3,5,30,0.7666666666666667,0.7666666666666666,0.1804524101905089,"[3.231301247361277, 1.128199543764763, 0.6062528737298105]",1.6552512216186168,2.525400116609063,final_score_2,35,35,
pr_Agency_EBCI,test,05_19 Darisy,01_calib,test/05_19 Darisy/01_calib,"MATRIX_[8, 12]_robust_concat_01_calib.hdf","C:\Users\hodor\Documents\lab-Shishkin\projects\BCI_classifier\data\pr_Agency_EBCI\features\csp\test\05_19 Darisy\MATRIX_[8, 12]_robust_concat_01_calib.hdf","[8, 12]","[0, 1, 2, -1]","[0, 1, 2, 55]",4,lda,time_series_by_class,3,5,30,0.8666666666666667,0.8666666666666667,0.08491853463136485,"[2.460065315994436, 1.3199709886265507, 0.4009546945385446, 1.7318814937937523]",1.478218123238321,2.5158607779367093,final_score_2,36,36,
pr_Agency_EBCI,test,05_19 Darisy,01_calib,test/05_19 Darisy/01_calib,"MATRIX_[8, 12]_robust_concat_01_calib.hdf","C:\Users\hodor\Documents\lab-Shishkin\projects\BCI_classifier\data\pr_Agency_EBCI\features\csp\test\05_19 Darisy\MATRIX_[8, 12]_robust_concat_01_calib.hdf","[8, 12]","[0, -3]","[0, 53]",2,lda,time_series_by_class,3,5,30,0.7666666666666667,0.7666666666666666,0.19901633693442547,"[2.460065315994436, 0.8803661791448005]",1.6702157475696184,2.507382346010976,final_score_2,37,37,
pr_Agency_EBCI,test,05_19 Darisy,01_calib,test/05_19 Darisy/01_calib,"MATRIX_[9, 13]_robust_concat_01_calib.hdf","C:\Users\hodor\Documents\lab-Shishkin\projects\BCI_classifier\data\pr_Agency_EBCI\features\csp\test\05_19 Darisy\MATRIX_[9, 13]_robust_concat_01_calib.hdf","[9, 13]","[0, -3, -1]","[0, 53, 55]",3,lda,time_series_by_class,3,5,30,0.8,0.8,0.14873887693614313,"[2.7125725134279324, 0.320901977809739, 1.7436869331115028]",1.5923871414497246,2.5056131949598432,final_score_2,38,38,
pr_Agency_EBCI,test,05_19 Darisy,01_calib,test/05_19 Darisy/01_calib,"MATRIX_[10, 14]_robust_concat_01_calib.hdf","C:\Users\hodor\Documents\lab-Shishkin\projects\BCI_classifier\data\pr_Agency_EBCI\features\csp\test\05_19 Darisy\MATRIX_[10, 14]_robust_concat_01_calib.hdf","[10, 14]","[0, 1, -2]","[0, 1, 54]",3,lda,time_series_by_class,3,5,30,0.9333333333333333,0.9333333333333333,0.06717583980479432,"[3.231301247361277, 0.4491556461467016, 0.6062528737298105]",1.4289032557459296,2.4985383371140086,final_score_2,39,39,
pr_Agency_EBCI,test,05_19 Darisy,01_calib,test/05_19 Darisy/01_calib,"MATRIX_[9, 13]_robust_concat_01_calib.hdf","C:\Users\hodor\Documents\lab-Shishkin\projects\BCI_classifier\data\pr_Agency_EBCI\features\csp\test\05_19 Darisy\MATRIX_[9, 13]_robust_concat_01_calib.hdf","[9, 13]","[0, 2, -2, -1]","[0, 2, 54, 55]",4,lda,time_series_by_class,3,5,30,0.8666666666666667,0.8666666666666667,0.11158243721259985,"[2.7125725134279324, 0.5970577300072408, 0.9981219144293686, 1.7436869331115028]",1.5128597727440112,2.483941317825933,final_score_2,40,40,
pr_Agency_EBCI,test,05_19 Darisy,01_calib,test/05_19 Darisy/01_calib,"MATRIX_[10, 14]_robust_concat_01_calib.hdf","C:\Users\hodor\Documents\lab-Shishkin\projects\BCI_classifier\data\pr_Agency_EBCI\features\csp\test\05_19 Darisy\MATRIX_[10, 14]_robust_concat_01_calib.hdf","[10, 14]","[0, 2, -3]","[0, 2, 53]",3,lda,time_series_by_class,3,5,30,0.7666666666666667,0.7666666666666666,0.1571310373582829,"[3.231301247361277, 1.128199543764763, 0.3988898286090431]",1.5861302065783611,2.474392519655964,final_score_2,41,41,
pr_Agency_EBCI,test,05_19 Darisy,01_calib,test/05_19 Darisy/01_calib,"MATRIX_[8, 12]_robust_concat_01_calib.hdf","C:\Users\hodor\Documents\lab-Shishkin\projects\BCI_classifier\data\pr_Agency_EBCI\features\csp\test\05_19 Darisy\MATRIX_[8, 12]_robust_concat_01_calib.hdf","[8, 12]","[0, 2]","[0, 2]",2,lda,time_series_by_class,3,5,30,0.9333333333333333,0.9333333333333333,0.07640362496193062,"[2.460065315994436, 0.4009546945385446]",1.4305100052664903,2.4655977364520103,final_score_2,42,42,
pr_Agency_EBCI,test,05_19 Darisy,01_calib,test/05_19 Darisy/01_calib,"MATRIX_[8, 12]_robust_concat_01_calib.hdf","C:\Users\hodor\Documents\lab-Shishkin\projects\BCI_classifier\data\pr_Agency_EBCI\features\csp\test\05_19 Darisy\MATRIX_[8, 12]_robust_concat_01_calib.hdf","[8, 12]","[0, 1, -3, -1]","[0, 1, 53, 55]",4,lda,time_series_by_class,3,5,30,0.8,0.8,0.1740491107804573,"[2.460065315994436, 1.3199709886265507, 0.8803661791448005, 1.7318814937937523]",1.598070994389885,2.4525422113140443,final_score_2,43,43,
pr_Agency_EBCI,test,05_19 Darisy,01_calib,test/05_19 Darisy/01_calib,"MATRIX_[9, 13]_robust_concat_01_calib.hdf","C:\Users\hodor\Documents\lab-Shishkin\projects\BCI_classifier\data\pr_Agency_EBCI\features\csp\test\05_19 Darisy\MATRIX_[9, 13]_robust_concat_01_calib.hdf","[9, 13]","[0, 1, -2]","[0, 1, 54]",3,lda,time_series_by_class,3,5,30,0.8333333333333334,0.8333333333333333,0.1585669677245201,"[2.7125725134279324, 1.0085582857149096, 0.9981219144293686]",1.5730842378574037,2.450512656788605,final_score_2,44,44,
pr_Agency_EBCI,test,05_19 Darisy,01_calib,test/05_19 Darisy/01_calib,"MATRIX_[10, 14]_robust_concat_01_calib.hdf","C:\Users\hodor\Documents\lab-Shishkin\projects\BCI_classifier\data\pr_Agency_EBCI\features\csp\test\05_19 Darisy\MATRIX_[10, 14]_robust_concat_01_calib.hdf","[10, 14]","[0, -3, -2, -1]","[0, 53, 54, 55]",4,lda,time_series_by_class,3,5,30,0.8,0.8,0.16336851014557016,"[3.231301247361277, 0.3988898286090431, 0.6062528737298105, 2.084855168726934]",1.580324779606766,2.4501441147900307,final_score_2,45,45,
pr_Agency_EBCI,test,05_19 Darisy,01_calib,test/05_19 Darisy/01_calib,"MATRIX_[9, 13]_robust_concat_01_calib.hdf","C:\Users\hodor\Documents\lab-Shishkin\projects\BCI_classifier\data\pr_Agency_EBCI\features\csp\test\05_19 Darisy\MATRIX_[9, 13]_robust_concat_01_calib.hdf","[9, 13]","[0, 1, 2]","[0, 1, 2]",3,lda,time_series_by_class,3,5,30,0.9,0.9,0.0966845179387961,"[2.7125725134279324, 1.0085582857149096, 0.5970577300072408]",1.439396176383361,2.409717234174653,final_score_2,46,46,
pr_Agency_EBCI,test,05_19 Darisy,01_calib,test/05_19 Darisy/01_calib,"MATRIX_[8, 12]_robust_concat_01_calib.hdf","C:\Users\hodor\Documents\lab-Shishkin\projects\BCI_classifier\data\pr_Agency_EBCI\features\csp\test\05_19 Darisy\MATRIX_[8, 12]_robust_concat_01_calib.hdf","[8, 12]","[0, 1, 2]","[0, 1, 2]",3,lda,time_series_by_class,3,5,30,0.9,0.9,0.07956324256490427,"[2.460065315994436, 1.3199709886265507, 0.4009546945385446]",1.3936636663865105,2.390692927887477,final_score_2,47,47,
pr_Agency_EBCI,test,05_19 Darisy,01_calib,test/05_19 Darisy/01_calib,"MATRIX_[8, 15]_robust_concat_01_calib.hdf","C:\Users\hodor\Documents\lab-Shishkin\projects\BCI_classifier\data\pr_Agency_EBCI\features\csp\test\05_19 Darisy\MATRIX_[8, 15]_robust_concat_01_calib.hdf","[8, 15]","[0, 1]","[0, 1]",2,lda,time_series_by_class,3,5,30,0.8333333333333334,0.8333333333333333,0.14406951078648406,"[2.076655584845948, 0.9425052143108824]",1.5095803995784152,2.387066112350682,final_score_2,48,48,
pr_Agency_EBCI,test,05_19 Darisy,01_calib,test/05_19 Darisy/01_calib,"MATRIX_[8, 12]_robust_concat_01_calib.hdf","C:\Users\hodor\Documents\lab-Shishkin\projects\BCI_classifier\data\pr_Agency_EBCI\features\csp\test\05_19 Darisy\MATRIX_[8, 12]_robust_concat_01_calib.hdf","[8, 12]","[0, 1, -3]","[0, 1, 53]",3,lda,time_series_by_class,3,5,30,0.8333333333333334,0.8333333333333333,0.17354339659662013,"[2.460065315994436, 1.3199709886265507, 0.8803661791448005]",1.553467494588596,2.385214225352596,final_score_2,49,49,
pr_Agency_EBCI,test,05_19 Darisy,01_calib,test/05_19 Darisy/01_calib,"MATRIX_[10, 14]_robust_concat_01_calib.hdf","C:\Users\hodor\Documents\lab-Shishkin\projects\BCI_classifier\data\pr_Agency_EBCI\features\csp\test\05_19 Darisy\MATRIX_[10, 14]_robust_concat_01_calib.hdf","[10, 14]","[0, 1, 2, -2]","[0, 1, 2, 54]",4,lda,time_series_by_class,3,5,30,0.9333333333333333,0.9333333333333333,0.0657589901570915,"[3.231301247361277, 0.4491556461467016, 1.128199543764763, 0.6062528737298105]",1.353727327750638,2.3724904762337378,final_score_2,50,50,
pr_Agency_EBCI,test,05_19 Darisy,01_calib,test/05_19 Darisy/01_calib,"MATRIX_[8, 12]_robust_concat_01_calib.hdf","C:\Users\hodor\Documents\lab-Shishkin\projects\BCI_classifier\data\pr_Agency_EBCI\features\csp\test\05_19 Darisy\MATRIX_[8, 12]_robust_concat_01_calib.hdf","[8, 12]","[0, 2, -3, -1]","[0, 2, 53, 55]",4,lda,time_series_by_class,3,5,30,0.9,0.9,0.07510662253327877,"[2.460065315994436, 0.4009546945385446, 0.8803661791448005, 1.7318814937937523]",1.3683169208678834,2.3630708153891704,final_score_2,51,51,
pr_Agency_EBCI,test,05_19 Darisy,01_calib,test/05_19 Darisy/01_calib,"MATRIX_[10, 14]_robust_concat_01_calib.hdf","C:\Users\hodor\Documents\lab-Shishkin\projects\BCI_classifier\data\pr_Agency_EBCI\features\csp\test\05_19 Darisy\MATRIX_[10, 14]_robust_concat_01_calib.hdf","[10, 14]","[0, 1, -3]","[0, 1, 53]",3,lda,time_series_by_class,3,5,30,0.9333333333333333,0.9333333333333333,0.07170187584815338,"[3.231301247361277, 0.4491556461467016, 0.3988898286090431]",1.3597822407056739,2.360719195197382,final_score_2,52,52,
pr_Agency_EBCI,test,05_19 Darisy,01_calib,test/05_19 Darisy/01_calib,"MATRIX_[9, 13]_robust_concat_01_calib.hdf","C:\Users\hodor\Documents\lab-Shishkin\projects\BCI_classifier\data\pr_Agency_EBCI\features\csp\test\05_19 Darisy\MATRIX_[9, 13]_robust_concat_01_calib.hdf","[9, 13]","[0, -3, -2, -1]","[0, 53, 54, 55]",4,lda,time_series_by_class,3,5,30,0.8666666666666667,0.8666666666666667,0.11814199157628152,"[2.7125725134279324, 0.320901977809739, 0.9981219144293686, 1.7436869331115028]",1.4438208346946357,2.3514789703220718,final_score_2,53,53,
pr_Agency_EBCI,test,05_19 Darisy,01_calib,test/05_19 Darisy/01_calib,"MATRIX_[9, 13]_robust_concat_01_calib.hdf","C:\Users\hodor\Documents\lab-Shishkin\projects\BCI_classifier\data\pr_Agency_EBCI\features\csp\test\05_19 Darisy\MATRIX_[9, 13]_robust_concat_01_calib.hdf","[9, 13]","[0, 2, -3, -1]","[0, 2, 53, 55]",4,lda,time_series_by_class,3,5,30,0.9333333333333333,0.9333333333333333,0.0706719848343241,"[2.7125725134279324, 0.5970577300072408, 0.320901977809739, 1.7436869331115028]",1.3435547885891037,2.336309756866653,final_score_2,54,54,
pr_Agency_EBCI,test,05_19 Darisy,01_calib,test/05_19 Darisy/01_calib,"MATRIX_[9, 13]_robust_concat_01_calib.hdf","C:\Users\hodor\Documents\lab-Shishkin\projects\BCI_classifier\data\pr_Agency_EBCI\features\csp\test\05_19 Darisy\MATRIX_[9, 13]_robust_concat_01_calib.hdf","[9, 13]","[0, 2, -2]","[0, 2, 54]",3,lda,time_series_by_class,3,5,30,0.8333333333333334,0.8333333333333333,0.11969310130131099,"[2.7125725134279324, 0.5970577300072408, 0.9981219144293686]",1.4359173859548473,2.3342272838600224,final_score_2,55,55,
pr_Agency_EBCI,test,05_19 Darisy,01_calib,test/05_19 Darisy/01_calib,"MATRIX_[8, 12]_robust_concat_01_calib.hdf","C:\Users\hodor\Documents\lab-Shishkin\projects\BCI_classifier\data\pr_Agency_EBCI\features\csp\test\05_19 Darisy\MATRIX_[8, 12]_robust_concat_01_calib.hdf","[8, 12]","[1, -1]","[1, 55]",2,lda,time_series_by_class,3,5,30,0.7666666666666667,0.7666666666666666,0.18173235699214216,"[1.3199709886265507, 1.7318814937937523]",1.5259262412101515,2.3254006442886213,final_score_2,56,56,
pr_Agency_EBCI,test,05_19 Darisy,01_calib,test/05_19 Darisy/01_calib,"MATRIX_[9, 13]_robust_concat_01_calib.hdf","C:\Users\hodor\Documents\lab-Shishkin\projects\BCI_classifier\data\pr_Agency_EBCI\features\csp\test\05_19 Darisy\MATRIX_[9, 13]_robust_concat_01_calib.hdf","[9, 13]","[0, 1, -3, -1]","[0, 1, 53, 55]",4,lda,time_series_by_class,3,5,30,0.8666666666666667,0.8666666666666667,0.13645646451707485,"[2.7125725134279324, 1.0085582857149096, 0.320901977809739, 1.7436869331115028]",1.446429927516021,2.3062320594751267,final_score_2,57,57,
pr_Agency_EBCI,test,05_19 Darisy,01_calib,test/05_19 Darisy/01_calib,"MATRIX_[8, 15]_robust_concat_01_calib.hdf","C:\Users\hodor\Documents\lab-Shishkin\projects\BCI_classifier\data\pr_Agency_EBCI\features\csp\test\05_19 Darisy\MATRIX_[8, 15]_robust_concat_01_calib.hdf","[8, 15]","[0, 1, 2, -1]","[0, 1, 2, 55]",4,lda,time_series_by_class,3,5,30,0.8666666666666667,0.8666666666666667,0.14205294314887343,"[2.076655584845948, 0.9425052143108824, 1.0884824110471685, 1.6768528270632188]",1.4461240093168044,2.2916796686273577,final_score_2,58,58,
pr_Agency_EBCI,test,05_19 Darisy,01_calib,test/05_19 Darisy/01_calib,"MATRIX_[9, 13]_robust_concat_01_calib.hdf","C:\Users\hodor\Documents\lab-Shishkin\projects\BCI_classifier\data\pr_Agency_EBCI\features\csp\test\05_19 Darisy\MATRIX_[9, 13]_robust_concat_01_calib.hdf","[9, 13]","[0, -3]","[0, 53]",2,lda,time_series_by_class,3,5,30,0.7666666666666667,0.7666666666666666,0.1941086523305553,"[2.7125725134279324, 0.320901977809739]",1.5167372456188357,2.286442369649802,final_score_2,59,59,
pr_Agency_EBCI,test,05_19 Darisy,01_calib,test/05_19 Darisy/01_calib,"MATRIX_[8, 12]_robust_concat_01_calib.hdf","C:\Users\hodor\Documents\lab-Shishkin\projects\BCI_classifier\data\pr_Agency_EBCI\features\csp\test\05_19 Darisy\MATRIX_[8, 12]_robust_concat_01_calib.hdf","[8, 12]","[0, -2, -1]","[0, 54, 55]",3,lda,time_series_by_class,3,5,30,0.7666666666666667,0.7666666666666666,0.18923658604622118,"[2.460065315994436, 0.2502399947955129, 1.7318814937937523]",1.4807289348612338,2.241566424421067,final_score_2,60,60,
pr_Agency_EBCI,test,05_19 Darisy,01_calib,test/05_19 Darisy/01_calib,"MATRIX_[9, 13]_robust_concat_01_calib.hdf","C:\Users\hodor\Documents\lab-Shishkin\projects\BCI_classifier\data\pr_Agency_EBCI\features\csp\test\05_19 Darisy\MATRIX_[9, 13]_robust_concat_01_calib.hdf","[9, 13]","[-2, -1]","[54, 55]",2,lda,time_series_by_class,3,5,30,0.8333333333333334,0.8333333333333333,0.11924514766918531,"[0.9981219144293686, 1.7436869331115028]",1.3709044237704358,2.2297456207498945,final_score_2,61,61,
pr_Agency_EBCI,test,05_19 Darisy,01_calib,test/05_19 Darisy/01_calib,"MATRIX_[9, 13]_robust_concat_01_calib.hdf","C:\Users\hodor\Documents\lab-Shishkin\projects\BCI_classifier\data\pr_Agency_EBCI\features\csp\test\05_19 Darisy\MATRIX_[9, 13]_robust_concat_01_calib.hdf","[9, 13]","[0, 1, 2, -2]","[0, 1, 2, 54]",4,lda,time_series_by_class,3,5,30,0.9,0.9,0.09686466445060779,"[2.7125725134279324, 1.0085582857149096, 0.5970577300072408, 0.9981219144293686]",1.329077610894863,2.224487385146385,final_score_2,62,62,
pr_Agency_EBCI,test,05_19 Darisy,01_calib,test/05_19 Darisy/01_calib,"MATRIX_[8, 12]_robust_concat_01_calib.hdf","C:\Users\hodor\Documents\lab-Shishkin\projects\BCI_classifier\data\pr_Agency_EBCI\features\csp\test\05_19 Darisy\MATRIX_[8, 12]_robust_concat_01_calib.hdf","[8, 12]","[0, 1, -2, -1]","[0, 1, 54, 55]",4,lda,time_series_by_class,3,5,30,0.8,0.8,0.17283526494005688,"[2.460065315994436, 1.3199709886265507, 0.2502399947955129, 1.7318814937937523]",1.440539448302563,2.213287942753144,final_score_2,63,63,
pr_Agency_EBCI,test,05_19 Darisy,01_calib,test/05_19 Darisy/01_calib,"MATRIX_[10, 14]_robust_concat_01_calib.hdf","C:\Users\hodor\Documents\lab-Shishkin\projects\BCI_classifier\data\pr_Agency_EBCI\features\csp\test\05_19 Darisy\MATRIX_[10, 14]_robust_concat_01_calib.hdf","[10, 14]","[0, 1, 2, -3]","[0, 1, 2, 53]",4,lda,time_series_by_class,3,5,30,0.9,0.9,0.09008915980799309,"[3.231301247361277, 0.4491556461467016, 1.128199543764763, 0.3988898286090431]",1.3018865664704462,2.1994634130731603,final_score_2,64,64,
pr_Agency_EBCI,test,05_19 Darisy,01_calib,test/05_19 Darisy/01_calib,"MATRIX_[8, 15]_robust_concat_01_calib.hdf","C:\Users\hodor\Documents\lab-Shishkin\projects\BCI_classifier\data\pr_Agency_EBCI\features\csp\test\05_19 Darisy\MATRIX_[8, 15]_robust_concat_01_calib.hdf","[8, 15]","[0, 1, 2]","[0, 1, 2]",3,lda,time_series_by_class,3,5,30,0.8666666666666667,0.8666666666666667,0.13232623914940814,"[2.076655584845948, 0.9425052143108824, 1.0884824110471685]",1.369214403401333,2.193232637354721,final_score_2,65,65,
pr_Agency_EBCI,test,05_19 Darisy,01_calib,test/05_19 Darisy/01_calib,"MATRIX_[10, 14]_robust_concat_01_calib.hdf","C:\Users\hodor\Documents\lab-Shishkin\projects\BCI_classifier\data\pr_Agency_EBCI\features\csp\test\05_19 Darisy\MATRIX_[10, 14]_robust_concat_01_calib.hdf","[10, 14]","[1, -1]","[1, 55]",2,lda,time_series_by_class,3,5,30,0.9,0.9,0.07415531225328106,"[0.4491556461467016, 2.084855168726934]",1.2670054074368178,2.1913029503319796,final_score_2,66,66,
pr_Agency_EBCI,test,05_19 Darisy,01_calib,test/05_19 Darisy/01_calib,"MATRIX_[10, 14]_robust_concat_01_calib.hdf","C:\Users\hodor\Documents\lab-Shishkin\projects\BCI_classifier\data\pr_Agency_EBCI\features\csp\test\05_19 Darisy\MATRIX_[10, 14]_robust_concat_01_calib.hdf","[10, 14]","[0, -3, -2]","[0, 53, 54]",3,lda,time_series_by_class,3,5,30,0.8,0.8,0.16278576332863817,"[3.231301247361277, 0.3988898286090431, 0.6062528737298105]",1.4121479832333768,2.1906504086188785,final_score_2,67,67,
pr_Agency_EBCI,test,05_19 Darisy,01_calib,test/05_19 Darisy/01_calib,"MATRIX_[8, 12]_robust_concat_01_calib.hdf","C:\Users\hodor\Documents\lab-Shishkin\projects\BCI_classifier\data\pr_Agency_EBCI\features\csp\test\05_19 Darisy\MATRIX_[8, 12]_robust_concat_01_calib.hdf","[8, 12]","[0, 1, 2, -3]","[0, 1, 2, 53]",4,lda,time_series_by_class,3,5,30,0.9333333333333333,0.9333333333333333,0.07681073260539677,"[2.460065315994436, 1.3199709886265507, 0.4009546945385446, 0.8803661791448005]",1.265339294576083,2.179566342542368,final_score_2,68,68,
pr_Agency_EBCI,test,05_19 Darisy,01_calib,test/05_19 Darisy/01_calib,"MATRIX_[9, 13]_robust_concat_01_calib.hdf","C:\Users\hodor\Documents\lab-Shishkin\projects\BCI_classifier\data\pr_Agency_EBCI\features\csp\test\05_19 Darisy\MATRIX_[9, 13]_robust_concat_01_calib.hdf","[9, 13]","[1, -1]","[1, 55]",2,lda,time_series_by_class,3,5,30,0.8,0.8,0.1491473876734844,"[1.0085582857149096, 1.7436869331115028]",1.3761226094132062,2.164398654428401,final_score_2,69,69,
pr_Agency_EBCI,test,05_19 Darisy,01_calib,test/05_19 Darisy/01_calib,"MATRIX_[10, 14]_robust_concat_01_calib.hdf","C:\Users\hodor\Documents\lab-Shishkin\projects\BCI_classifier\data\pr_Agency_EBCI\features\csp\test\05_19 Darisy\MATRIX_[10, 14]_robust_concat_01_calib.hdf","[10, 14]","[-2, -1]","[54, 55]",2,lda,time_series_by_class,3,5,30,0.8666666666666667,0.8666666666666667,0.12923973327388008,"[0.6062528737298105, 2.084855168726934]",1.3455540212283723,2.162924396212284,final_score_2,70,70,
pr_Agency_EBCI,test,05_19 Darisy,01_calib,test/05_19 Darisy/01_calib,"MATRIX_[8, 12]_robust_concat_01_calib.hdf","C:\Users\hodor\Documents\lab-Shishkin\projects\BCI_classifier\data\pr_Agency_EBCI\features\csp\test\05_19 Darisy\MATRIX_[8, 12]_robust_concat_01_calib.hdf","[8, 12]","[0, 2, -3]","[0, 2, 53]",3,lda,time_series_by_class,3,5,30,0.9333333333333333,0.9333333333333333,0.07575117851224618,"[2.460065315994436, 0.4009546945385446, 0.8803661791448005]",1.2471287298925937,2.151660660904601,final_score_2,71,71,
pr_Agency_EBCI,test,05_19 Darisy,01_calib,test/05_19 Darisy/01_calib,"MATRIX_[8, 15]_robust_concat_01_calib.hdf","C:\Users\hodor\Documents\lab-Shishkin\projects\BCI_classifier\data\pr_Agency_EBCI\features\csp\test\05_19 Darisy\MATRIX_[8, 15]_robust_concat_01_calib.hdf","[8, 15]","[2, -1]","[2, 55]",2,lda,time_series_by_class,3,5,30,0.8,0.8,0.16673506895886936,"[1.0884824110471685, 1.6768528270632188]",1.3826676190551936,2.136709288961741,final_score_2,72,72,
pr_Agency_EBCI,test,05_19 Darisy,01_calib,test/05_19 Darisy/01_calib,"MATRIX_[8, 12]_robust_concat_01_calib.hdf","C:\Users\hodor\Documents\lab-Shishkin\projects\BCI_classifier\data\pr_Agency_EBCI\features\csp\test\05_19 Darisy\MATRIX_[8, 12]_robust_concat_01_calib.hdf","[8, 12]","[1, -3, -1]","[1, 53, 55]",3,lda,time_series_by_class,3,5,30,0.8333333333333334,0.8333333333333333,0.1199033355851731,"[1.3199709886265507, 0.8803661791448005, 1.7318814937937523]",1.3107395538550346,2.1301993143838867,final_score_2,73,73,
pr_Agency_EBCI,test,05_19 Darisy,01_calib,test/05_19 Darisy/01_calib,"MATRIX_[8, 12]_robust_concat_01_calib.hdf","C:\Users\hodor\Documents\lab-Shishkin\projects\BCI_classifier\data\pr_Agency_EBCI\features\csp\test\05_19 Darisy\MATRIX_[8, 12]_robust_concat_01_calib.hdf","[8, 12]","[-3, -1]","[53, 55]",2,lda,time_series_by_class,3,5,30,0.8333333333333334,0.8333333333333333,0.12386517004425145,"[0.8803661791448005, 1.7318814937937523]",1.3061238364692764,2.1127087719785895,final_score_2,74,74,
pr_Agency_EBCI,test,05_19 Darisy,01_calib,test/05_19 Darisy/01_calib,"MATRIX_[10, 14]_robust_concat_01_calib.hdf","C:\Users\hodor\Documents\lab-Shishkin\projects\BCI_classifier\data\pr_Agency_EBCI\features\csp\test\05_19 Darisy\MATRIX_[10, 14]_robust_concat_01_calib.hdf","[10, 14]","[1, 2, -1]","[1, 2, 55]",3,lda,time_series_by_class,3,5,30,0.9333333333333333,0.9333333333333333,0.07709971267757809,"[0.4491556461467016, 1.128199543764763, 2.084855168726934]",1.2207367862127996,2.101818021856807,final_score_2,75,75,
pr_Agency_EBCI,test,05_19 Darisy,01_calib,test/05_19 Darisy/01_calib,"MATRIX_[9, 13]_robust_concat_01_calib.hdf","C:\Users\hodor\Documents\lab-Shishkin\projects\BCI_classifier\data\pr_Agency_EBCI\features\csp\test\05_19 Darisy\MATRIX_[9, 13]_robust_concat_01_calib.hdf","[9, 13]","[0, 1, -3]","[0, 1, 53]",3,lda,time_series_by_class,3,5,30,0.8333333333333334,0.8333333333333333,0.15997793449356662,"[2.7125725134279324, 1.0085582857149096, 0.320901977809739]",1.3473442589841937,2.0959147294935594,final_score_2,76,76,
pr_Agency_EBCI,test,05_19 Darisy,01_calib,test/05_19 Darisy/01_calib,"MATRIX_[8, 12]_robust_concat_01_calib.hdf","C:\Users\hodor\Documents\lab-Shishkin\projects\BCI_classifier\data\pr_Agency_EBCI\features\csp\test\05_19 Darisy\MATRIX_[8, 12]_robust_concat_01_calib.hdf","[8, 12]","[0, -2]","[0, 54]",2,lda,time_series_by_class,3,5,30,0.7666666666666667,0.7666666666666666,0.16723277847243967,"[2.460065315994436, 0.2502399947955129]",1.3551526553949744,2.093187348829442,final_score_2,77,77,
pr_Agency_EBCI,test,05_19 Darisy,01_calib,test/05_19 Darisy/01_calib,"MATRIX_[8, 12]_robust_concat_01_calib.hdf","C:\Users\hodor\Documents\lab-Shishkin\projects\BCI_classifier\data\pr_Agency_EBCI\features\csp\test\05_19 Darisy\MATRIX_[8, 12]_robust_concat_01_calib.hdf","[8, 12]","[0, 1, -2]","[0, 1, 54]",3,lda,time_series_by_class,3,5,30,0.8333333333333334,0.8333333333333333,0.16125031243415425,"[2.460065315994436, 1.3199709886265507, 0.2502399947955129]",1.3434254331388333,2.0871897355620743,final_score_2,78,78,
pr_Agency_EBCI,test,05_19 Darisy,01_calib,test/05_19 Darisy/01_calib,"MATRIX_[8, 15]_robust_concat_01_calib.hdf","C:\Users\hodor\Documents\lab-Shishkin\projects\BCI_classifier\data\pr_Agency_EBCI\features\csp\test\05_19 Darisy\MATRIX_[8, 15]_robust_concat_01_calib.hdf","[8, 15]","[0, -2, -1]","[0, 54, 55]",3,lda,time_series_by_class,3,5,30,0.7666666666666667,0.7666666666666666,0.15716515478543577,"[2.076655584845948, 0.2567721645836928, 1.6768528270632188]",1.3367601921642864,2.085299165943705,final_score_2,79,79,
pr_Agency_EBCI,test,05_19 Darisy,01_calib,test/05_19 Darisy/01_calib,"MATRIX_[8, 15]_robust_concat_01_calib.hdf","C:\Users\hodor\Documents\lab-Shishkin\projects\BCI_classifier\data\pr_Agency_EBCI\features\csp\test\05_19 Darisy\MATRIX_[8, 15]_robust_concat_01_calib.hdf","[8, 15]","[0, 2, -2, -1]","[0, 2, 54, 55]",4,lda,time_series_by_class,3,5,30,0.8333333333333334,0.8333333333333333,0.12113084089029114,"[2.076655584845948, 1.0884824110471685, 0.2567721645836928, 1.6768528270632188]",1.2746907468850068,2.068567002028301,final_score_2,80,80,
pr_Agency_EBCI,test,05_19 Darisy,01_calib,test/05_19 Darisy/01_calib,"MATRIX_[10, 14]_robust_concat_01_calib.hdf","C:\Users\hodor\Documents\lab-Shishkin\projects\BCI_classifier\data\pr_Agency_EBCI\features\csp\test\05_19 Darisy\MATRIX_[10, 14]_robust_concat_01_calib.hdf","[10, 14]","[0, 2, -3, -2]","[0, 2, 53, 54]",4,lda,time_series_by_class,3,5,30,0.8,0.8,0.17276421868245712,"[3.231301247361277, 1.128199543764763, 0.3988898286090431, 0.6062528737298105]",1.3411608733662235,2.06073684452922,final_score_2,81,81,
pr_Agency_EBCI,test,05_19 Darisy,01_calib,test/05_19 Darisy/01_calib,"MATRIX_[8, 12]_robust_concat_01_calib.hdf","C:\Users\hodor\Documents\lab-Shishkin\projects\BCI_classifier\data\pr_Agency_EBCI\features\csp\test\05_19 Darisy\MATRIX_[8, 12]_robust_concat_01_calib.hdf","[8, 12]","[0, 2, -2, -1]","[0, 2, 54, 55]",4,lda,time_series_by_class,3,5,30,0.9,0.9,0.08493782392895849,"[2.460065315994436, 0.4009546945385446, 0.2502399947955129, 1.7318814937937523]",1.2107853747805615,2.0606447287162735,final_score_2,82,82,
pr_Agency_EBCI,test,05_19 Darisy,01_calib,test/05_19 Darisy/01_calib,"MATRIX_[8, 15]_robust_concat_01_calib.hdf","C:\Users\hodor\Documents\lab-Shishkin\projects\BCI_classifier\data\pr_Agency_EBCI\features\csp\test\05_19 Darisy\MATRIX_[8, 15]_robust_concat_01_calib.hdf","[8, 15]","[0, -3, -1]","[0, 53, 55]",3,lda,time_series_by_class,3,5,30,0.7666666666666667,0.7666666666666666,0.1773916613163373,"[2.076655584845948, 0.273894477701289, 1.6768528270632188]",1.342467629870152,2.0539129358886483,final_score_2,83,83,
pr_Agency_EBCI,test,05_19 Darisy,01_calib,test/05_19 Darisy/01_calib,"MATRIX_[10, 14]_robust_concat_01_calib.hdf","C:\Users\hodor\Documents\lab-Shishkin\projects\BCI_classifier\data\pr_Agency_EBCI\features\csp\test\05_19 Darisy\MATRIX_[10, 14]_robust_concat_01_calib.hdf","[10, 14]","[2, -2, -1]","[2, 54, 55]",3,lda,time_series_by_class,3,5,30,0.8333333333333334,0.8333333333333333,0.13033154955535983,"[1.128199543764763, 0.6062528737298105, 2.084855168726934]",1.2731025287405024,2.043905396619245,final_score_2,84,84,
pr_Agency_EBCI,test,05_19 Darisy,01_calib,test/05_19 Darisy/01_calib,"MATRIX_[9, 13]_robust_concat_01_calib.hdf","C:\Users\hodor\Documents\lab-Shishkin\projects\BCI_classifier\data\pr_Agency_EBCI\features\csp\test\05_19 Darisy\MATRIX_[9, 13]_robust_concat_01_calib.hdf","[9, 13]","[0, -3, -2]","[0, 53, 54]",3,lda,time_series_by_class,3,5,30,0.7666666666666667,0.7666666666666666,0.1844563381277393,"[2.7125725134279324, 0.320901977809739, 0.9981219144293686]",1.34386546855568,2.0429646042859733,final_score_2,85,85,
pr_Agency_EBCI,test,05_19 Darisy,01_calib,test/05_19 Darisy/01_calib,"MATRIX_[8, 12]_robust_concat_01_calib.hdf","C:\Users\hodor\Documents\lab-Shishkin\projects\BCI_classifier\data\pr_Agency_EBCI\features\csp\test\05_19 Darisy\MATRIX_[8, 12]_robust_concat_01_calib.hdf","[8, 12]","[0, -3, -2, -1]","[0, 53, 54, 55]",4,lda,time_series_by_class,3,5,30,0.8,0.8,0.17411835180786608,"[2.460065315994436, 0.8803661791448005, 0.2502399947955129, 1.7318814937937523]",1.3306382459321255,2.041984395888166,final_score_2,86,86,
pr_Agency_EBCI,test,05_19 Darisy,01_calib,test/05_19 Darisy/01_calib,"MATRIX_[8, 15]_robust_concat_01_calib.hdf","C:\Users\hodor\Documents\lab-Shishkin\projects\BCI_classifier\data\pr_Agency_EBCI\features\csp\test\05_19 Darisy\MATRIX_[8, 15]_robust_concat_01_calib.hdf","[8, 15]","[0, 2, -3, -1]","[0, 2, 53, 55]",4,lda,time_series_by_class,3,5,30,0.8666666666666667,0.8666666666666667,0.1392863436033583,"[2.076655584845948, 1.0884824110471685, 0.273894477701289, 1.6768528270632188]",1.278971325164406,2.0328898658172436,final_score_2,87,87,
pr_Agency_EBCI,test,05_19 Darisy,01_calib,test/05_19 Darisy/01_calib,"MATRIX_[8, 15]_robust_concat_01_calib.hdf","C:\Users\hodor\Documents\lab-Shishkin\projects\BCI_classifier\data\pr_Agency_EBCI\features\csp\test\05_19 Darisy\MATRIX_[8, 15]_robust_concat_01_calib.hdf","[8, 15]","[1, -1]","[1, 55]",2,lda,time_series_by_class,3,5,30,0.8333333333333334,0.8333333333333333,0.1623166490621351,"[0.9425052143108824, 1.6768528270632188]",1.3096790206870506,2.0326262129163806,final_score_2,88,88,
pr_Agency_EBCI,test,05_19 Darisy,01_calib,test/05_19 Darisy/01_calib,"MATRIX_[10, 14]_robust_concat_01_calib.hdf","C:\Users\hodor\Documents\lab-Shishkin\projects\BCI_classifier\data\pr_Agency_EBCI\features\csp\test\05_19 Darisy\MATRIX_[10, 14]_robust_concat_01_calib.hdf","[10, 14]","[0, 1, -3, -2]","[0, 1, 53, 54]",4,lda,time_series_by_class,3,5,30,0.9,0.9,0.07352727911206346,"[3.231301247361277, 0.4491556461467016, 0.3988898286090431, 0.6062528737298105]",1.171399898961708,2.0279140300307255,final_score_2,89,89,
pr_Agency_EBCI,test,05_19 Darisy,01_calib,test/05_19 Darisy/01_calib,"MATRIX_[9, 13]_robust_concat_01_calib.hdf","C:\Users\hodor\Documents\lab-Shishkin\projects\BCI_classifier\data\pr_Agency_EBCI\features\csp\test\05_19 Darisy\MATRIX_[9, 13]_robust_concat_01_calib.hdf","[9, 13]","[1, -2, -1]","[1, 54, 55]",3,lda,time_series_by_class,3,5,30,0.8333333333333334,0.8333333333333333,0.12651634236460602,"[1.0085582857149096, 0.9981219144293686, 1.7436869331115028]",1.250122377751927,2.0158557978304676,final_score_2,90,90,
pr_Agency_EBCI,test,05_19 Darisy,01_calib,test/05_19 Darisy/01_calib,"MATRIX_[9, 13]_robust_concat_01_calib.hdf","C:\Users\hodor\Documents\lab-Shishkin\projects\BCI_classifier\data\pr_Agency_EBCI\features\csp\test\05_19 Darisy\MATRIX_[9, 13]_robust_concat_01_calib.hdf","[9, 13]","[0, 2, -3]","[0, 2, 53]",3,lda,time_series_by_class,3,5,30,0.8666666666666667,0.8666666666666667,0.10494531468999672,"[2.7125725134279324, 0.5970577300072408, 0.320901977809739]",1.2101774070816373,2.003878670084735,final_score_2,91,91,
pr_Agency_EBCI,test,05_19 Darisy,01_calib,test/05_19 Darisy/01_calib,"MATRIX_[10, 14]_robust_concat_01_calib.hdf","C:\Users\hodor\Documents\lab-Shishkin\projects\BCI_classifier\data\pr_Agency_EBCI\features\csp\test\05_19 Darisy\MATRIX_[10, 14]_robust_concat_01_calib.hdf","[10, 14]","[-3, -1]","[53, 55]",2,lda,time_series_by_class,3,5,30,0.8,0.8,0.13979907303670366,"[0.3988898286090431, 2.084855168726934]",1.2418724986679885,1.9728176937620592,final_score_2,92,92,
pr_Agency_EBCI,test,05_19 Darisy,01_calib,test/05_19 Darisy/01_calib,"MATRIX_[8, 15]_robust_concat_01_calib.hdf","C:\Users\hodor\Documents\lab-Shishkin\projects\BCI_classifier\data\pr_Agency_EBCI\features\csp\test\05_19 Darisy\MATRIX_[8, 15]_robust_concat_01_calib.hdf","[8, 15]","[0, 1, -2, -1]","[0, 1, 54, 55]",4,lda,time_series_by_class,3,5,30,0.8333333333333334,0.8333333333333333,0.13861692549749546,"[2.076655584845948, 0.9425052143108824, 0.2567721645836928, 1.6768528270632188]",1.2381964477009355,1.969522234728137,final_score_2,93,93,
pr_Agency_EBCI,test,05_19 Darisy,01_calib,test/05_19 Darisy/01_calib,"MATRIX_[9, 13]_robust_concat_01_calib.hdf","C:\Users\hodor\Documents\lab-Shishkin\projects\BCI_classifier\data\pr_Agency_EBCI\features\csp\test\05_19 Darisy\MATRIX_[9, 13]_robust_concat_01_calib.hdf","[9, 13]","[0, 1, -3, -2]","[0, 1, 53, 54]",4,lda,time_series_by_class,3,5,30,0.8333333333333334,0.8333333333333333,0.15961615727150882,"[2.7125725134279324, 1.0085582857149096, 0.320901977809739, 0.9981219144293686]",1.2600386728454875,1.9608073381945046,final_score_2,94,94,
pr_Agency_EBCI,test,05_19 Darisy,01_calib,test/05_19 Darisy/01_calib,"MATRIX_[8, 15]_robust_concat_01_calib.hdf","C:\Users\hodor\Documents\lab-Shishkin\projects\BCI_classifier\data\pr_Agency_EBCI\features\csp\test\05_19 Darisy\MATRIX_[8, 15]_robust_concat_01_calib.hdf","[8, 15]","[0, 1, -3, -1]","[0, 1, 53, 55]",4,lda,time_series_by_class,3,5,30,0.8333333333333334,0.8333333333333333,0.15443461155844654,"[2.076655584845948, 0.9425052143108824, 0.273894477701289, 1.6768528270632188]",1.2424770259803346,1.943580691063816,final_score_2,95,95,
pr_Agency_EBCI,test,05_19 Darisy,01_calib,test/05_19 Darisy/01_calib,"MATRIX_[9, 13]_robust_concat_01_calib.hdf","C:\Users\hodor\Documents\lab-Shishkin\projects\BCI_classifier\data\pr_Agency_EBCI\features\csp\test\05_19 Darisy\MATRIX_[9, 13]_robust_concat_01_calib.hdf","[9, 13]","[0, 1, 2, -3]","[0, 1, 2, 53]",4,lda,time_series_by_class,3,5,30,0.9,0.9,0.09669558195292809,"[2.7125725134279324, 1.0085582857149096, 0.5970577300072408, 0.320901977809739]",1.1597726267399555,1.9415656140881514,final_score_2,96,96,
pr_Agency_EBCI,test,05_19 Darisy,01_calib,test/05_19 Darisy/01_calib,"MATRIX_[10, 14]_robust_concat_01_calib.hdf","C:\Users\hodor\Documents\lab-Shishkin\projects\BCI_classifier\data\pr_Agency_EBCI\features\csp\test\05_19 Darisy\MATRIX_[10, 14]_robust_concat_01_calib.hdf","[10, 14]","[2, -3, -1]","[2, 53, 55]",3,lda,time_series_by_class,3,5,30,0.8333333333333334,0.8333333333333333,0.13067854177801083,"[1.128199543764763, 0.3988898286090431, 2.084855168726934]",1.2039815137002468,1.9321699877552077,final_score_2,97,97,
pr_Agency_EBCI,test,05_19 Darisy,01_calib,test/05_19 Darisy/01_calib,"MATRIX_[8, 15]_robust_concat_01_calib.hdf","C:\Users\hodor\Documents\lab-Shishkin\projects\BCI_classifier\data\pr_Agency_EBCI\features\csp\test\05_19 Darisy\MATRIX_[8, 15]_robust_concat_01_calib.hdf","[8, 15]","[1, 2, -1]","[1, 2, 55]",3,lda,time_series_by_class,3,5,30,0.8333333333333334,0.8333333333333333,0.15994834025197371,"[0.9425052143108824, 1.0884824110471685, 1.6768528270632188]",1.2359468174737565,1.9226824843800463,final_score_2,98,98,
pr_Agency_EBCI,test,05_19 Darisy,01_calib,test/05_19 Darisy/01_calib,"MATRIX_[9, 13]_robust_concat_01_calib.hdf","C:\Users\hodor\Documents\lab-Shishkin\projects\BCI_classifier\data\pr_Agency_EBCI\features\csp\test\05_19 Darisy\MATRIX_[9, 13]_robust_concat_01_calib.hdf","[9, 13]","[0, 2, -3, -2]","[0, 2, 53, 54]",4,lda,time_series_by_class,3,5,30,0.8666666666666667,0.8666666666666667,0.11265546395396177,"[2.7125725134279324, 0.5970577300072408, 0.320901977809739, 0.9981219144293686]",1.1571635339185702,1.8973799493201329,final_score_2,99,99,
pr_Agency_EBCI,test,05_19 Darisy,01_calib,test/05_19 Darisy/01_calib,"MATRIX_[8, 12]_robust_concat_01_calib.hdf","C:\Users\hodor\Documents\lab-Shishkin\projects\BCI_classifier\data\pr_Agency_EBCI\features\csp\test\05_19 Darisy\MATRIX_[8, 12]_robust_concat_01_calib.hdf","[8, 12]","[0, 1, -3, -2]","[0, 1, 53, 54]",4,lda,time_series_by_class,3,5,30,0.8333333333333334,0.8333333333333333,0.17101627509620215,"[2.460065315994436, 1.3199709886265507, 0.8803661791448005, 0.2502399947955129]",1.2276606196403252,1.889443243231164,final_score_2,100,100,
pr_Agency_EBCI,test,05_19 Darisy,01_calib,test/05_19 Darisy/01_calib,"MATRIX_[9, 13]_robust_concat_01_calib.hdf","C:\Users\hodor\Documents\lab-Shishkin\projects\BCI_classifier\data\pr_Agency_EBCI\features\csp\test\05_19 Darisy\MATRIX_[9, 13]_robust_concat_01_calib.hdf","[9, 13]","[2, -2, -1]","[2, 54, 55]",3,lda,time_series_by_class,3,5,30,0.9,0.9,0.08745139312291574,"[0.5970577300072408, 0.9981219144293686, 1.7436869331115028]",1.1129555258493706,1.8873163760495053,final_score_2,101,101,
pr_Agency_EBCI,test,05_19 Darisy,01_calib,test/05_19 Darisy/01_calib,"MATRIX_[8, 12]_robust_concat_01_calib.hdf","C:\Users\hodor\Documents\lab-Shishkin\projects\BCI_classifier\data\pr_Agency_EBCI\features\csp\test\05_19 Darisy\MATRIX_[8, 12]_robust_concat_01_calib.hdf","[8, 12]","[0, 1, 2, -2]","[0, 1, 2, 54]",4,lda,time_series_by_class,3,5,30,0.8666666666666667,0.8666666666666667,0.08585937937036008,"[2.460065315994436, 1.3199709886265507, 0.4009546945385446, 0.2502399947955129]",1.1078077484887612,1.882879569416129,final_score_2,102,102,
pr_Agency_EBCI,test,05_19 Darisy,01_calib,test/05_19 Darisy/01_calib,"MATRIX_[9, 13]_robust_concat_01_calib.hdf","C:\Users\hodor\Documents\lab-Shishkin\projects\BCI_classifier\data\pr_Agency_EBCI\features\csp\test\05_19 Darisy\MATRIX_[9, 13]_robust_concat_01_calib.hdf","[9, 13]","[2, -1]","[2, 55]",2,lda,time_series_by_class,3,5,30,0.8333333333333334,0.8333333333333334,0.13007143989955183,"[0.5970577300072408, 1.7436869331115028]",1.170372331559372,1.8795353733030273,final_score_2,103,103,
pr_Agency_EBCI,test,05_19 Darisy,01_calib,test/05_19 Darisy/01_calib,"MATRIX_[8, 12]_robust_concat_01_calib.hdf","C:\Users\hodor\Documents\lab-Shishkin\projects\BCI_classifier\data\pr_Agency_EBCI\features\csp\test\05_19 Darisy\MATRIX_[8, 12]_robust_concat_01_calib.hdf","[8, 12]","[1, 2, -3, -1]","[1, 2, 53, 55]",4,lda,time_series_by_class,3,5,30,0.9,0.9,0.08507403552598831,"[1.3199709886265507, 0.4009546945385446, 0.8803661791448005, 1.7318814937937523]",1.083293339025912,1.843301760716884,final_score_2,104,104,
pr_Agency_EBCI,test,05_19 Darisy,01_calib,test/05_19 Darisy/01_calib,"MATRIX_[8, 12]_robust_concat_01_calib.hdf","C:\Users\hodor\Documents\lab-Shishkin\projects\BCI_classifier\data\pr_Agency_EBCI\features\csp\test\05_19 Darisy\MATRIX_[8, 12]_robust_concat_01_calib.hdf","[8, 12]","[0, -3, -2]","[0, 53, 54]",3,lda,time_series_by_class,3,5,30,0.7666666666666667,0.7666666666666666,0.1705860885002111,"[2.460065315994436, 0.8803661791448005, 0.2502399947955129]",1.1968904966449165,1.8428351415120887,final_score_2,105,105,
pr_Agency_EBCI,test,05_19 Darisy,01_calib,test/05_19 Darisy/01_calib,"MATRIX_[8, 12]_robust_concat_01_calib.hdf","C:\Users\hodor\Documents\lab-Shishkin\projects\BCI_classifier\data\pr_Agency_EBCI\features\csp\test\05_19 Darisy\MATRIX_[8, 12]_robust_concat_01_calib.hdf","[8, 12]","[1, 2, -1]","[1, 2, 55]",3,lda,time_series_by_class,3,5,30,0.8,0.8,0.1357449518216344,"[1.3199709886265507, 0.4009546945385446, 1.7318814937937523]",1.150935725652949,1.836536935385739,final_score_2,106,106,
pr_Agency_EBCI,test,05_19 Darisy,01_calib,test/05_19 Darisy/01_calib,"MATRIX_[9, 13]_robust_concat_01_calib.hdf","C:\Users\hodor\Documents\lab-Shishkin\projects\BCI_classifier\data\pr_Agency_EBCI\features\csp\test\05_19 Darisy\MATRIX_[9, 13]_robust_concat_01_calib.hdf","[9, 13]","[1, 2, -1]","[1, 2, 55]",3,lda,time_series_by_class,3,5,30,0.8666666666666667,0.8666666666666667,0.11282215559069084,"[1.0085582857149096, 0.5970577300072408, 1.7436869331115028]",1.1164343162778845,1.830216442208039,final_score_2,107,107,
pr_Agency_EBCI,test,05_19 Darisy,01_calib,test/05_19 Darisy/01_calib,"MATRIX_[8, 15]_robust_concat_01_calib.hdf","C:\Users\hodor\Documents\lab-Shishkin\projects\BCI_classifier\data\pr_Agency_EBCI\features\csp\test\05_19 Darisy\MATRIX_[8, 15]_robust_concat_01_calib.hdf","[8, 15]","[0, 2, -2]","[0, 2, 54]",3,lda,time_series_by_class,3,5,30,0.8333333333333334,0.8333333333333333,0.13425649671178125,"[2.076655584845948, 1.0884824110471685, 0.2567721645836928]",1.1406367201589362,1.8231285977319074,final_score_2,108,108,
pr_Agency_EBCI,test,05_19 Darisy,01_calib,test/05_19 Darisy/01_calib,"MATRIX_[8, 15]_robust_concat_01_calib.hdf","C:\Users\hodor\Documents\lab-Shishkin\projects\BCI_classifier\data\pr_Agency_EBCI\features\csp\test\05_19 Darisy\MATRIX_[8, 15]_robust_concat_01_calib.hdf","[8, 15]","[0, 2, -3]","[0, 2, 53]",3,lda,time_series_by_class,3,5,30,0.8333333333333334,0.8333333333333333,0.141550364285609,"[2.076655584845948, 1.0884824110471685, 0.273894477701289]",1.1463441578648017,1.817603379187847,final_score_2,109,109,
pr_Agency_EBCI,test,05_19 Darisy,01_calib,test/05_19 Darisy/01_calib,"MATRIX_[8, 12]_robust_concat_01_calib.hdf","C:\Users\hodor\Documents\lab-Shishkin\projects\BCI_classifier\data\pr_Agency_EBCI\features\csp\test\05_19 Darisy\MATRIX_[8, 12]_robust_concat_01_calib.hdf","[8, 12]","[1, -2, -1]","[1, 54, 55]",3,lda,time_series_by_class,3,5,30,0.8333333333333334,0.8333333333333333,0.11431011433543506,"[1.3199709886265507, 0.2502399947955129, 1.7318814937937523]",1.1006974924052721,1.8010869754052345,final_score_2,110,110,
pr_Agency_EBCI,test,05_19 Darisy,01_calib,test/05_19 Darisy/01_calib,"MATRIX_[8, 15]_robust_concat_01_calib.hdf","C:\Users\hodor\Documents\lab-Shishkin\projects\BCI_classifier\data\pr_Agency_EBCI\features\csp\test\05_19 Darisy\MATRIX_[8, 15]_robust_concat_01_calib.hdf","[8, 15]","[0, -2]","[0, 54]",2,lda,time_series_by_class,3,5,30,0.8,0.8,0.17141313337024558,"[2.076655584845948, 0.2567721645836928]",1.1667138747148202,1.794970535500035,final_score_2,111,111,
pr_Agency_EBCI,test,05_19 Darisy,01_calib,test/05_19 Darisy/01_calib,"MATRIX_[9, 13]_robust_concat_01_calib.hdf","C:\Users\hodor\Documents\lab-Shishkin\projects\BCI_classifier\data\pr_Agency_EBCI\features\csp\test\05_19 Darisy\MATRIX_[9, 13]_robust_concat_01_calib.hdf","[9, 13]","[1, 2, -2, -1]","[1, 2, 54, 55]",4,lda,time_series_by_class,3,5,30,0.8666666666666667,0.8666666666666667,0.10762262620650462,"[1.0085582857149096, 0.5970577300072408, 0.9981219144293686, 1.7436869331115028]",1.0868562158157555,1.7934727798952503,final_score_2,112,112,
pr_Agency_EBCI,test,05_19 Darisy,01_calib,test/05_19 Darisy/01_calib,"MATRIX_[10, 14]_robust_concat_01_calib.hdf","C:\Users\hodor\Documents\lab-Shishkin\projects\BCI_classifier\data\pr_Agency_EBCI\features\csp\test\05_19 Darisy\MATRIX_[10, 14]_robust_concat_01_calib.hdf","[10, 14]","[1, 2, -2, -1]","[1, 2, 54, 55]",4,lda,time_series_by_class,3,5,30,0.9,0.9,0.09830603002630654,"[0.4491556461467016, 1.128199543764763, 0.6062528737298105, 2.084855168726934]",1.0671158080920522,1.7825661850072938,final_score_2,113,113,
pr_Agency_EBCI,test,05_19 Darisy,01_calib,test/05_19 Darisy/01_calib,"MATRIX_[8, 12]_robust_concat_01_calib.hdf","C:\Users\hodor\Documents\lab-Shishkin\projects\BCI_classifier\data\pr_Agency_EBCI\features\csp\test\05_19 Darisy\MATRIX_[8, 12]_robust_concat_01_calib.hdf","[8, 12]","[0, 2, -2]","[0, 2, 54]",3,lda,time_series_by_class,3,5,30,0.9333333333333333,0.9333333333333333,0.0788142806780436,"[2.460065315994436, 0.4009546945385446, 0.2502399947955129]",1.037086668442831,1.7810131745893298,final_score_2,114,114,
pr_Agency_EBCI,test,05_19 Darisy,01_calib,test/05_19 Darisy/01_calib,"MATRIX_[8, 15]_robust_concat_01_calib.hdf","C:\Users\hodor\Documents\lab-Shishkin\projects\BCI_classifier\data\pr_Agency_EBCI\features\csp\test\05_19 Darisy\MATRIX_[8, 15]_robust_concat_01_calib.hdf","[8, 15]","[0, -3]","[0, 53]",2,lda,time_series_by_class,3,5,30,0.7666666666666667,0.7666666666666666,0.1913837219677532,"[2.076655584845948, 0.273894477701289]",1.1752750312736184,1.7758493348571749,final_score_2,115,115,
pr_Agency_EBCI,test,05_19 Darisy,01_calib,test/05_19 Darisy/01_calib,"MATRIX_[8, 15]_robust_concat_01_calib.hdf","C:\Users\hodor\Documents\lab-Shishkin\projects\BCI_classifier\data\pr_Agency_EBCI\features\csp\test\05_19 Darisy\MATRIX_[8, 15]_robust_concat_01_calib.hdf","[8, 15]","[0, 1, 2, -2]","[0, 1, 2, 54]",4,lda,time_series_by_class,3,5,30,0.8666666666666667,0.8666666666666667,0.12546259389279732,"[2.076655584845948, 0.9425052143108824, 1.0884824110471685, 0.2567721645836928]",1.091103843696923,1.761598004421468,final_score_2,116,116,
pr_Agency_EBCI,test,05_19 Darisy,01_calib,test/05_19 Darisy/01_calib,"MATRIX_[8, 12]_robust_concat_01_calib.hdf","C:\Users\hodor\Documents\lab-Shishkin\projects\BCI_classifier\data\pr_Agency_EBCI\features\csp\test\05_19 Darisy\MATRIX_[8, 12]_robust_concat_01_calib.hdf","[8, 12]","[1, -3]","[1, 53]",2,lda,time_series_by_class,3,5,30,0.8333333333333334,0.8333333333333333,0.13624289790709568,"[1.3199709886265507, 0.8803661791448005]",1.1001685838856756,1.7545577714245326,final_score_2,117,117,
pr_Agency_EBCI,test,05_19 Darisy,01_calib,test/05_19 Darisy/01_calib,"MATRIX_[10, 14]_robust_concat_01_calib.hdf","C:\Users\hodor\Documents\lab-Shishkin\projects\BCI_classifier\data\pr_Agency_EBCI\features\csp\test\05_19 Darisy\MATRIX_[10, 14]_robust_concat_01_calib.hdf","[10, 14]","[1, -2, -1]","[1, 54, 55]",3,lda,time_series_by_class,3,5,30,0.9,0.9,0.09812578976277674,"[0.4491556461467016, 0.6062528737298105, 2.084855168726934]",1.0467545628678154,1.7489779858737446,final_score_2,118,118,
pr_Agency_EBCI,test,05_19 Darisy,01_calib,test/05_19 Darisy/01_calib,"MATRIX_[8, 15]_robust_concat_01_calib.hdf","C:\Users\hodor\Documents\lab-Shishkin\projects\BCI_classifier\data\pr_Agency_EBCI\features\csp\test\05_19 Darisy\MATRIX_[8, 15]_robust_concat_01_calib.hdf","[8, 15]","[0, 1, 2, -3]","[0, 1, 2, 53]",4,lda,time_series_by_class,3,5,30,0.8333333333333334,0.8333333333333333,0.13654998157421275,"[2.076655584845948, 0.9425052143108824, 1.0884824110471685, 0.273894477701289]",1.0953844219763218,1.7463334529955246,final_score_2,119,119,
pr_Agency_EBCI,test,05_19 Darisy,01_calib,test/05_19 Darisy/01_calib,"MATRIX_[8, 12]_robust_concat_01_calib.hdf","C:\Users\hodor\Documents\lab-Shishkin\projects\BCI_classifier\data\pr_Agency_EBCI\features\csp\test\05_19 Darisy\MATRIX_[8, 12]_robust_concat_01_calib.hdf","[8, 12]","[1, -3, -2, -1]","[1, 53, 54, 55]",4,lda,time_series_by_class,3,5,30,0.8666666666666667,0.8666666666666667,0.10042013695596338,"[1.3199709886265507, 0.8803661791448005, 0.2502399947955129, 1.7318814937937523]",1.045614664090154,1.7417162468168965,final_score_2,120,120,
pr_Agency_EBCI,test,05_19 Darisy,01_calib,test/05_19 Darisy/01_calib,"MATRIX_[8, 15]_robust_concat_01_calib.hdf","C:\Users\hodor\Documents\lab-Shishkin\projects\BCI_classifier\data\pr_Agency_EBCI\features\csp\test\05_19 Darisy\MATRIX_[8, 15]_robust_concat_01_calib.hdf","[8, 15]","[0, 1, -3]","[0, 1, 53]",3,lda,time_series_by_class,3,5,30,0.8333333333333334,0.8333333333333333,0.14588691648155755,"[2.076655584845948, 0.9425052143108824, 0.273894477701289]",1.0976850922860397,1.732392587702142,final_score_2,121,121,
pr_Agency_EBCI,test,05_19 Darisy,01_calib,test/05_19 Darisy/01_calib,"MATRIX_[10, 14]_robust_concat_01_calib.hdf","C:\Users\hodor\Documents\lab-Shishkin\projects\BCI_classifier\data\pr_Agency_EBCI\features\csp\test\05_19 Darisy\MATRIX_[10, 14]_robust_concat_01_calib.hdf","[10, 14]","[1, 2, -3, -1]","[1, 2, 53, 55]",4,lda,time_series_by_class,3,5,30,0.9,0.9,0.08800672014492697,"[0.4491556461467016, 1.128199543764763, 0.3988898286090431, 2.084855168726934]",1.0152750468118605,1.720310711466468,final_score_2,122,122,
pr_Agency_EBCI,test,05_19 Darisy,01_calib,test/05_19 Darisy/01_calib,"MATRIX_[8, 12]_robust_concat_01_calib.hdf","C:\Users\hodor\Documents\lab-Shishkin\projects\BCI_classifier\data\pr_Agency_EBCI\features\csp\test\05_19 Darisy\MATRIX_[8, 12]_robust_concat_01_calib.hdf","[8, 12]","[0, 2, -3, -2]","[0, 2, 53, 54]",4,lda,time_series_by_class,3,5,30,0.9333333333333333,0.9333333333333333,0.07671458129307356,"[2.460065315994436, 0.4009546945385446, 0.8803661791448005, 0.2502399947955129]",0.9979065461183235,1.7191598616864123,final_score_2,123,123,
pr_Agency_EBCI,test,05_19 Darisy,01_calib,test/05_19 Darisy/01_calib,"MATRIX_[8, 15]_robust_concat_01_calib.hdf","C:\Users\hodor\Documents\lab-Shishkin\projects\BCI_classifier\data\pr_Agency_EBCI\features\csp\test\05_19 Darisy\MATRIX_[8, 15]_robust_concat_01_calib.hdf","[8, 15]","[0, 1, -2]","[0, 1, 54]",3,lda,time_series_by_class,3,5,30,0.8,0.8,0.1572655010985575,"[2.076655584845948, 0.9425052143108824, 0.2567721645836928]",1.0919776545801743,1.703275219680889,final_score_2,124,124,
pr_Agency_EBCI,test,05_19 Darisy,01_calib,test/05_19 Darisy/01_calib,"MATRIX_[8, 12]_robust_concat_01_calib.hdf","C:\Users\hodor\Documents\lab-Shishkin\projects\BCI_classifier\data\pr_Agency_EBCI\features\csp\test\05_19 Darisy\MATRIX_[8, 12]_robust_concat_01_calib.hdf","[8, 12]","[2, -3, -1]","[2, 53, 55]",3,lda,time_series_by_class,3,5,30,0.9,0.9,0.08793138129487413,"[0.4009546945385446, 0.8803661791448005, 1.7318814937937523]",1.0044007891590325,1.702067562848013,final_score_2,125,125,
pr_Agency_EBCI,test,05_19 Darisy,01_calib,test/05_19 Darisy/01_calib,"MATRIX_[9, 13]_robust_concat_01_calib.hdf","C:\Users\hodor\Documents\lab-Shishkin\projects\BCI_classifier\data\pr_Agency_EBCI\features\csp\test\05_19 Darisy\MATRIX_[9, 13]_robust_concat_01_calib.hdf","[9, 13]","[-3, -1]","[53, 55]",2,lda,time_series_by_class,3,5,30,0.9,0.9,0.11081369269338306,"[0.320901977809739, 1.7436869331115028]",1.0322944554606208,1.6965473373173907,final_score_2,126,126,
pr_Agency_EBCI,test,05_19 Darisy,01_calib,test/05_19 Darisy/01_calib,"MATRIX_[8, 12]_robust_concat_01_calib.hdf","C:\Users\hodor\Documents\lab-Shishkin\projects\BCI_classifier\data\pr_Agency_EBCI\features\csp\test\05_19 Darisy\MATRIX_[8, 12]_robust_concat_01_calib.hdf","[8, 12]","[2, -1]","[2, 55]",2,lda,time_series_by_class,3,5,30,0.8,0.8,0.14183079744102536,"[0.4009546945385446, 1.7318814937937523]",1.0664180941661485,1.69036309979434,final_score_2,127,127,
pr_Agency_EBCI,test,05_19 Darisy,01_calib,test/05_19 Darisy/01_calib,"MATRIX_[10, 14]_robust_concat_01_calib.hdf","C:\Users\hodor\Documents\lab-Shishkin\projects\BCI_classifier\data\pr_Agency_EBCI\features\csp\test\05_19 Darisy\MATRIX_[10, 14]_robust_concat_01_calib.hdf","[10, 14]","[2, -3, -2, -1]","[2, 53, 54, 55]",4,lda,time_series_by_class,3,5,30,0.8333333333333334,0.8333333333333333,0.13825682550469773,"[1.128199543764763, 0.3988898286090431, 0.6062528737298105, 2.084855168726934]",1.0545493537076376,1.6780692795120569,final_score_2,128,128,
pr_Agency_EBCI,test,05_19 Darisy,01_calib,test/05_19 Darisy/01_calib,"MATRIX_[9, 13]_robust_concat_01_calib.hdf","C:\Users\hodor\Documents\lab-Shishkin\projects\BCI_classifier\data\pr_Agency_EBCI\features\csp\test\05_19 Darisy\MATRIX_[9, 13]_robust_concat_01_calib.hdf","[9, 13]","[-3, -2, -1]","[53, 54, 55]",3,lda,time_series_by_class,3,5,30,0.9,0.9,0.11479212109095016,"[0.320901977809739, 0.9981219144293686, 1.7436869331115028]",1.0209036084502034,1.6695244220284713,final_score_2,129,129,
pr_Agency_EBCI,test,05_19 Darisy,01_calib,test/05_19 Darisy/01_calib,"MATRIX_[9, 13]_robust_concat_01_calib.hdf","C:\Users\hodor\Documents\lab-Shishkin\projects\BCI_classifier\data\pr_Agency_EBCI\features\csp\test\05_19 Darisy\MATRIX_[9, 13]_robust_concat_01_calib.hdf","[9, 13]","[1, -3, -2, -1]","[1, 53, 54, 55]",4,lda,time_series_by_class,3,5,30,0.8333333333333334,0.8333333333333333,0.11764902413339136,"[1.0085582857149096, 0.320901977809739, 0.9981219144293686, 1.7436869331115028]",1.01781727776638,1.6586612284400426,final_score_2,130,130,
pr_Agency_EBCI,test,05_19 Darisy,01_calib,test/05_19 Darisy/01_calib,"MATRIX_[9, 13]_robust_concat_01_calib.hdf","C:\Users\hodor\Documents\lab-Shishkin\projects\BCI_classifier\data\pr_Agency_EBCI\features\csp\test\05_19 Darisy\MATRIX_[9, 13]_robust_concat_01_calib.hdf","[9, 13]","[1, -3, -1]","[1, 53, 55]",3,lda,time_series_by_class,3,5,30,0.8333333333333334,0.8333333333333334,0.12429627326750678,"[1.0085582857149096, 0.320901977809739, 1.7436869331115028]",1.024382398878717,1.6561395193398087,final_score_2,131,131,
pr_Agency_EBCI,test,05_19 Darisy,01_calib,test/05_19 Darisy/01_calib,"MATRIX_[8, 15]_robust_concat_01_calib.hdf","C:\Users\hodor\Documents\lab-Shishkin\projects\BCI_classifier\data\pr_Agency_EBCI\features\csp\test\05_19 Darisy\MATRIX_[8, 15]_robust_concat_01_calib.hdf","[8, 15]","[0, -3, -2, -1]","[0, 53, 54, 55]",4,lda,time_series_by_class,3,5,30,0.8333333333333334,0.8333333333333333,0.16680363992518735,"[2.076655584845948, 0.273894477701289, 0.2567721645836928, 1.6768528270632188]",1.071043763548537,1.6550312963696319,final_score_2,132,132,
pr_Agency_EBCI,test,05_19 Darisy,01_calib,test/05_19 Darisy/01_calib,"MATRIX_[10, 14]_robust_concat_01_calib.hdf","C:\Users\hodor\Documents\lab-Shishkin\projects\BCI_classifier\data\pr_Agency_EBCI\features\csp\test\05_19 Darisy\MATRIX_[10, 14]_robust_concat_01_calib.hdf","[10, 14]","[1, -3, -1]","[1, 53, 55]",3,lda,time_series_by_class,3,5,30,0.9,0.9,0.0897477182845164,"[0.4491556461467016, 0.3988898286090431, 2.084855168726934]",0.9776335478275596,1.6524506291255574,final_score_2,133,133,
pr_Agency_EBCI,test,05_19 Darisy,01_calib,test/05_19 Darisy/01_calib,"MATRIX_[10, 14]_robust_concat_01_calib.hdf","C:\Users\hodor\Documents\lab-Shishkin\projects\BCI_classifier\data\pr_Agency_EBCI\features\csp\test\05_19 Darisy\MATRIX_[10, 14]_robust_concat_01_calib.hdf","[10, 14]","[-3, -2, -1]","[53, 54, 55]",3,lda,time_series_by_class,3,5,30,0.8,0.8,0.13855805584635766,"[0.3988898286090431, 0.6062528737298105, 2.084855168726934]",1.0299992903552624,1.63846172246628,final_score_2,134,134,
pr_Agency_EBCI,test,05_19 Darisy,01_calib,test/05_19 Darisy/01_calib,"MATRIX_[8, 12]_robust_concat_01_calib.hdf","C:\Users\hodor\Documents\lab-Shishkin\projects\BCI_classifier\data\pr_Agency_EBCI\features\csp\test\05_19 Darisy\MATRIX_[8, 12]_robust_concat_01_calib.hdf","[8, 12]","[-2, -1]","[54, 55]",2,lda,time_series_by_class,3,5,30,0.8333333333333334,0.8333333333333333,0.11173265925529646,"[0.2502399947955129, 1.7318814937937523]",0.9910607442946326,1.6269009200799962,final_score_2,135,135,
pr_Agency_EBCI,test,05_19 Darisy,01_calib,test/05_19 Darisy/01_calib,"MATRIX_[8, 15]_robust_concat_01_calib.hdf","C:\Users\hodor\Documents\lab-Shishkin\projects\BCI_classifier\data\pr_Agency_EBCI\features\csp\test\05_19 Darisy\MATRIX_[8, 15]_robust_concat_01_calib.hdf","[8, 15]","[2, -2, -1]","[2, 54, 55]",3,lda,time_series_by_class,3,5,30,0.8333333333333334,0.8333333333333333,0.12576134110343598,"[1.0884824110471685, 0.2567721645836928, 1.6768528270632188]",1.00736913423136,1.6258397795320862,final_score_2,136,136,
pr_Agency_EBCI,test,05_19 Darisy,01_calib,test/05_19 Darisy/01_calib,"MATRIX_[8, 15]_robust_concat_01_calib.hdf","C:\Users\hodor\Documents\lab-Shishkin\projects\BCI_classifier\data\pr_Agency_EBCI\features\csp\test\05_19 Darisy\MATRIX_[8, 15]_robust_concat_01_calib.hdf","[8, 15]","[1, 2]","[1, 2]",2,lda,time_series_by_class,3,5,30,0.8333333333333334,0.8333333333333333,0.145634414912839,"[0.9425052143108824, 1.0884824110471685]",1.0154938126790254,1.6031053286995636,final_score_2,137,137,
pr_Agency_EBCI,test,05_19 Darisy,01_calib,test/05_19 Darisy/01_calib,"MATRIX_[8, 12]_robust_concat_01_calib.hdf","C:\Users\hodor\Documents\lab-Shishkin\projects\BCI_classifier\data\pr_Agency_EBCI\features\csp\test\05_19 Darisy\MATRIX_[8, 12]_robust_concat_01_calib.hdf","[8, 12]","[-3, -2, -1]","[53, 54, 55]",3,lda,time_series_by_class,3,5,30,0.8666666666666667,0.8666666666666667,0.0941420173470932,"[0.8803661791448005, 0.2502399947955129, 1.7318814937937523]",0.9541625559113553,1.6029393369486769,final_score_2,138,138,
pr_Agency_EBCI,test,05_19 Darisy,01_calib,test/05_19 Darisy/01_calib,"MATRIX_[8, 15]_robust_concat_01_calib.hdf","C:\Users\hodor\Documents\lab-Shishkin\projects\BCI_classifier\data\pr_Agency_EBCI\features\csp\test\05_19 Darisy\MATRIX_[8, 15]_robust_concat_01_calib.hdf","[8, 15]","[2, -3, -1]","[2, 53, 55]",3,lda,time_series_by_class,3,5,30,0.8333333333333334,0.8333333333333333,0.15169102805294296,"[1.0884824110471685, 0.273894477701289, 1.6768528270632188]",1.0130765719372254,1.5891939540301907,final_score_2,139,139,
pr_Agency_EBCI,test,05_19 Darisy,01_calib,test/05_19 Darisy/01_calib,"MATRIX_[9, 13]_robust_concat_01_calib.hdf","C:\Users\hodor\Documents\lab-Shishkin\projects\BCI_classifier\data\pr_Agency_EBCI\features\csp\test\05_19 Darisy\MATRIX_[9, 13]_robust_concat_01_calib.hdf","[9, 13]","[1, -2]","[1, 54]",2,lda,time_series_by_class,3,5,30,0.8,0.8,0.14844052038676672,"[1.0085582857149096, 0.9981219144293686]",1.0033401000721391,1.5792433268027375,final_score_2,140,140,
pr_Agency_EBCI,test,05_19 Darisy,01_calib,test/05_19 Darisy/01_calib,"MATRIX_[8, 12]_robust_concat_01_calib.hdf","C:\Users\hodor\Documents\lab-Shishkin\projects\BCI_classifier\data\pr_Agency_EBCI\features\csp\test\05_19 Darisy\MATRIX_[8, 12]_robust_concat_01_calib.hdf","[8, 12]","[1, 2, -2, -1]","[1, 2, 54, 55]",4,lda,time_series_by_class,3,5,30,0.9,0.9,0.08363528764857027,"[1.3199709886265507, 0.4009546945385446, 0.2502399947955129, 1.7318814937937523]",0.9257617929385902,1.578545020733312,final_score_2,141,141,
pr_Agency_EBCI,test,05_19 Darisy,01_calib,test/05_19 Darisy/01_calib,"MATRIX_[8, 15]_robust_concat_01_calib.hdf","C:\Users\hodor\Documents\lab-Shishkin\projects\BCI_classifier\data\pr_Agency_EBCI\features\csp\test\05_19 Darisy\MATRIX_[8, 15]_robust_concat_01_calib.hdf","[8, 15]","[1, 2, -2, -1]","[1, 2, 54, 55]",4,lda,time_series_by_class,3,5,30,0.8,0.8,0.150829947566677,"[0.9425052143108824, 1.0884824110471685, 0.2567721645836928, 1.6768528270632188]",0.9911531542512406,1.5561865335997167,final_score_2,142,142,
pr_Agency_EBCI,test,05_19 Darisy,01_calib,test/05_19 Darisy/01_calib,"MATRIX_[8, 15]_robust_concat_01_calib.hdf","C:\Users\hodor\Documents\lab-Shishkin\projects\BCI_classifier\data\pr_Agency_EBCI\features\csp\test\05_19 Darisy\MATRIX_[8, 15]_robust_concat_01_calib.hdf","[8, 15]","[-2, -1]","[54, 55]",2,lda,time_series_by_class,3,5,30,0.8666666666666667,0.8666666666666667,0.13514364395704279,"[0.2567721645836928, 1.6768528270632188]",0.9668124958234559,1.543766594912608,final_score_2,143,143,
pr_Agency_EBCI,test,05_19 Darisy,01_calib,test/05_19 Darisy/01_calib,"MATRIX_[9, 13]_robust_concat_01_calib.hdf","C:\Users\hodor\Documents\lab-Shishkin\projects\BCI_classifier\data\pr_Agency_EBCI\features\csp\test\05_19 Darisy\MATRIX_[9, 13]_robust_concat_01_calib.hdf","[9, 13]","[2, -3, -2, -1]","[2, 53, 54, 55]",4,lda,time_series_by_class,3,5,30,0.9,0.9,0.09613054419738686,"[0.5970577300072408, 0.320901977809739, 0.9981219144293686, 1.7436869331115028]",0.9149421388394627,1.532873761745342,final_score_2,144,144,
pr_Agency_EBCI,test,05_19 Darisy,01_calib,test/05_19 Darisy/01_calib,"MATRIX_[8, 15]_robust_concat_01_calib.hdf","C:\Users\hodor\Documents\lab-Shishkin\projects\BCI_classifier\data\pr_Agency_EBCI\features\csp\test\05_19 Darisy\MATRIX_[8, 15]_robust_concat_01_calib.hdf","[8, 15]","[-3, -1]","[53, 55]",2,lda,time_series_by_class,3,5,30,0.7666666666666667,0.7666666666666666,0.1550915401411282,"[0.273894477701289, 1.6768528270632188]",0.9753736523822539,1.52473827649839,final_score_2,145,145,
pr_Agency_EBCI,test,05_19 Darisy,01_calib,test/05_19 Darisy/01_calib,"MATRIX_[9, 13]_robust_concat_01_calib.hdf","C:\Users\hodor\Documents\lab-Shishkin\projects\BCI_classifier\data\pr_Agency_EBCI\features\csp\test\05_19 Darisy\MATRIX_[9, 13]_robust_concat_01_calib.hdf","[9, 13]","[1, 2, -3, -1]","[1, 2, 53, 55]",4,lda,time_series_by_class,3,5,30,0.8333333333333334,0.8333333333333334,0.1095804902374436,"[1.0085582857149096, 0.5970577300072408, 0.320901977809739, 1.7436869331115028]",0.9175512316608481,1.5103219395029992,final_score_2,146,146,
pr_Agency_EBCI,test,05_19 Darisy,01_calib,test/05_19 Darisy/01_calib,"MATRIX_[8, 15]_robust_concat_01_calib.hdf","C:\Users\hodor\Documents\lab-Shishkin\projects\BCI_classifier\data\pr_Agency_EBCI\features\csp\test\05_19 Darisy\MATRIX_[8, 15]_robust_concat_01_calib.hdf","[8, 15]","[1, 2, -3, -1]","[1, 2, 53, 55]",4,lda,time_series_by_class,3,5,30,0.8,0.8,0.18892900744833865,"[0.9425052143108824, 1.0884824110471685, 0.273894477701289, 1.6768528270632188]",0.9954337325306397,1.5073182736510977,final_score_2,147,147,
pr_Agency_EBCI,test,05_19 Darisy,01_calib,test/05_19 Darisy/01_calib,"MATRIX_[8, 15]_robust_concat_01_calib.hdf","C:\Users\hodor\Documents\lab-Shishkin\projects\BCI_classifier\data\pr_Agency_EBCI\features\csp\test\05_19 Darisy\MATRIX_[8, 15]_robust_concat_01_calib.hdf","[8, 15]","[1, -2, -1]","[1, 54, 55]",3,lda,time_series_by_class,3,5,30,0.8333333333333334,0.8333333333333333,0.14994201388326792,"[0.9425052143108824, 0.2567721645836928, 1.6768528270632188]",0.9587100686525979,1.50663517087962,final_score_2,148,148,
pr_Agency_EBCI,test,05_19 Darisy,01_calib,test/05_19 Darisy/01_calib,"MATRIX_[10, 14]_robust_concat_01_calib.hdf","C:\Users\hodor\Documents\lab-Shishkin\projects\BCI_classifier\data\pr_Agency_EBCI\features\csp\test\05_19 Darisy\MATRIX_[10, 14]_robust_concat_01_calib.hdf","[10, 14]","[1, -3, -2, -1]","[1, 53, 54, 55]",4,lda,time_series_by_class,3,5,30,0.9,0.9,0.08824138643967502,"[0.4491556461467016, 0.3988898286090431, 0.6062528737298105, 2.084855168726934]",0.8847883793031223,1.4987101968685512,final_score_2,149,149,
pr_Agency_EBCI,test,05_19 Darisy,01_calib,test/05_19 Darisy/01_calib,"MATRIX_[8, 15]_robust_concat_01_calib.hdf","C:\Users\hodor\Documents\lab-Shishkin\projects\BCI_classifier\data\pr_Agency_EBCI\features\csp\test\05_19 Darisy\MATRIX_[8, 15]_robust_concat_01_calib.hdf","[8, 15]","[1, -3, -1]","[1, 53, 55]",3,lda,time_series_by_class,3,5,30,0.8,0.8,0.16481320561730511,"[0.9425052143108824, 0.273894477701289, 1.6768528270632188]",0.9644175063584634,1.4931360349142266,final_score_2,150,150,
pr_Agency_EBCI,test,05_19 Darisy,01_calib,test/05_19 Darisy/01_calib,"MATRIX_[8, 12]_robust_concat_01_calib.hdf","C:\Users\hodor\Documents\lab-Shishkin\projects\BCI_classifier\data\pr_Agency_EBCI\features\csp\test\05_19 Darisy\MATRIX_[8, 12]_robust_concat_01_calib.hdf","[8, 12]","[1, 2, -3]","[1, 2, 53]",3,lda,time_series_by_class,3,5,30,0.8666666666666667,0.8666666666666667,0.09378052695932064,"[1.3199709886265507, 0.4009546945385446, 0.8803661791448005]",0.8670972874366321,1.4574000528453808,final_score_2,151,151,
pr_Agency_EBCI,test,05_19 Darisy,01_calib,test/05_19 Darisy/01_calib,"MATRIX_[8, 15]_robust_concat_01_calib.hdf","C:\Users\hodor\Documents\lab-Shishkin\projects\BCI_classifier\data\pr_Agency_EBCI\features\csp\test\05_19 Darisy\MATRIX_[8, 15]_robust_concat_01_calib.hdf","[8, 15]","[0, 2, -3, -2]","[0, 2, 53, 54]",4,lda,time_series_by_class,3,5,30,0.8333333333333334,0.8333333333333333,0.14659273057549324,"[2.076655584845948, 1.0884824110471685, 0.273894477701289, 0.2567721645836928]",0.9239511595445244,1.457113616824207,final_score_2,152,152,
pr_Agency_EBCI,test,05_19 Darisy,01_calib,test/05_19 Darisy/01_calib,"MATRIX_[9, 13]_robust_concat_01_calib.hdf","C:\Users\hodor\Documents\lab-Shishkin\projects\BCI_classifier\data\pr_Agency_EBCI\features\csp\test\05_19 Darisy\MATRIX_[9, 13]_robust_concat_01_calib.hdf","[9, 13]","[2, -3, -1]","[2, 53, 55]",3,lda,time_series_by_class,3,5,30,0.8333333333333334,0.8333333333333334,0.11170410138875683,"[0.5970577300072408, 0.320901977809739, 1.7436869331115028]",0.887215546976161,1.456483351296533,final_score_2,153,153,
pr_Agency_EBCI,test,05_19 Darisy,01_calib,test/05_19 Darisy/01_calib,"MATRIX_[8, 12]_robust_concat_01_calib.hdf","C:\Users\hodor\Documents\lab-Shishkin\projects\BCI_classifier\data\pr_Agency_EBCI\features\csp\test\05_19 Darisy\MATRIX_[8, 12]_robust_concat_01_calib.hdf","[8, 12]","[2, -3, -2, -1]","[2, 53, 54, 55]",4,lda,time_series_by_class,3,5,30,0.9333333333333333,0.9333333333333333,0.06003664973762199,"[0.4009546945385446, 0.8803661791448005, 0.2502399947955129, 1.7318814937937523]",0.8158605905681526,1.4433572079806283,final_score_2,154,154,
pr_Agency_EBCI,test,05_19 Darisy,01_calib,test/05_19 Darisy/01_calib,"MATRIX_[9, 13]_robust_concat_01_calib.hdf","C:\Users\hodor\Documents\lab-Shishkin\projects\BCI_classifier\data\pr_Agency_EBCI\features\csp\test\05_19 Darisy\MATRIX_[9, 13]_robust_concat_01_calib.hdf","[9, 13]","[1, 2, -2]","[1, 2, 54]",3,lda,time_series_by_class,3,5,30,0.8,0.8,0.11498722458498227,"[1.0085582857149096, 0.5970577300072408, 0.9981219144293686]",0.8679126433838397,1.4189906399771144,final_score_2,155,155,
pr_Agency_EBCI,test,05_19 Darisy,01_calib,test/05_19 Darisy/01_calib,"MATRIX_[8, 12]_robust_concat_01_calib.hdf","C:\Users\hodor\Documents\lab-Shishkin\projects\BCI_classifier\data\pr_Agency_EBCI\features\csp\test\05_19 Darisy\MATRIX_[8, 12]_robust_concat_01_calib.hdf","[8, 12]","[2, -2, -1]","[2, 54, 55]",3,lda,time_series_by_class,3,5,30,0.9,0.9,0.069316629864736,"[0.4009546945385446, 0.2502399947955129, 1.7318814937937523]",0.79435872770927,1.384265654814541,final_score_2,156,156,
pr_Agency_EBCI,test,05_19 Darisy,01_calib,test/05_19 Darisy/01_calib,"MATRIX_[8, 12]_robust_concat_01_calib.hdf","C:\Users\hodor\Documents\lab-Shishkin\projects\BCI_classifier\data\pr_Agency_EBCI\features\csp\test\05_19 Darisy\MATRIX_[8, 12]_robust_concat_01_calib.hdf","[8, 12]","[1, 2]","[1, 2]",2,lda,time_series_by_class,3,5,30,0.8,0.8,0.13151147491875492,"[1.3199709886265507, 0.4009546945385446]",0.8604628415825477,1.3795778084436043,final_score_2,157,157,
pr_Agency_EBCI,test,05_19 Darisy,01_calib,test/05_19 Darisy/01_calib,"MATRIX_[10, 14]_robust_concat_01_calib.hdf","C:\Users\hodor\Documents\lab-Shishkin\projects\BCI_classifier\data\pr_Agency_EBCI\features\csp\test\05_19 Darisy\MATRIX_[10, 14]_robust_concat_01_calib.hdf","[10, 14]","[2, -2]","[2, 54]",2,lda,time_series_by_class,3,5,30,0.8666666666666667,0.8666666666666667,0.13947554113018232,"[1.128199543764763, 0.6062528737298105]",0.8672262087472867,1.378147381954709,final_score_2,158,158,
pr_Agency_EBCI,test,05_19 Darisy,01_calib,test/05_19 Darisy/01_calib,"MATRIX_[8, 15]_robust_concat_01_calib.hdf","C:\Users\hodor\Documents\lab-Shishkin\projects\BCI_classifier\data\pr_Agency_EBCI\features\csp\test\05_19 Darisy\MATRIX_[8, 15]_robust_concat_01_calib.hdf","[8, 15]","[0, 1, -3, -2]","[0, 1, 53, 54]",4,lda,time_series_by_class,3,5,30,0.8,0.8,0.16315166179325924,"[2.076655584845948, 0.9425052143108824, 0.273894477701289, 0.2567721645836928]",0.887456860360453,1.376209606790499,final_score_2,159,159,
pr_Agency_EBCI,test,05_19 Darisy,01_calib,test/05_19 Darisy/01_calib,"MATRIX_[8, 15]_robust_concat_01_calib.hdf","C:\Users\hodor\Documents\lab-Shishkin\projects\BCI_classifier\data\pr_Agency_EBCI\features\csp\test\05_19 Darisy\MATRIX_[8, 15]_robust_concat_01_calib.hdf","[8, 15]","[0, -3, -2]","[0, 53, 54]",3,lda,time_series_by_class,3,5,30,0.8,0.8,0.18406160914307587,"[2.076655584845948, 0.273894477701289, 0.2567721645836928]",0.8691074090436431,1.3216949045669832,final_score_2,160,160,
pr_Agency_EBCI,test,05_19 Darisy,01_calib,test/05_19 Darisy/01_calib,"MATRIX_[10, 14]_robust_concat_01_calib.hdf","C:\Users\hodor\Documents\lab-Shishkin\projects\BCI_classifier\data\pr_Agency_EBCI\features\csp\test\05_19 Darisy\MATRIX_[10, 14]_robust_concat_01_calib.hdf","[10, 14]","[1, 2]","[1, 2]",2,lda,time_series_by_class,3,5,30,0.8,0.8,0.09758033137882591,"[0.4491556461467016, 1.128199543764763]",0.7886775949557323,1.3187378924904705,final_score_2,161,161,
pr_Agency_EBCI,test,05_19 Darisy,01_calib,test/05_19 Darisy/01_calib,"MATRIX_[8, 12]_robust_concat_01_calib.hdf","C:\Users\hodor\Documents\lab-Shishkin\projects\BCI_classifier\data\pr_Agency_EBCI\features\csp\test\05_19 Darisy\MATRIX_[8, 12]_robust_concat_01_calib.hdf","[8, 12]","[1, -3, -2]","[1, 53, 54]",3,lda,time_series_by_class,3,5,30,0.8333333333333334,0.8333333333333333,0.13250064043363108,"[1.3199709886265507, 0.8803661791448005, 0.2502399947955129]",0.8168590541889547,1.3082018997989042,final_score_2,162,162,
pr_Agency_EBCI,test,05_19 Darisy,01_calib,test/05_19 Darisy/01_calib,"MATRIX_[9, 13]_robust_concat_01_calib.hdf","C:\Users\hodor\Documents\lab-Shishkin\projects\BCI_classifier\data\pr_Agency_EBCI\features\csp\test\05_19 Darisy\MATRIX_[9, 13]_robust_concat_01_calib.hdf","[9, 13]","[2, -2]","[2, 54]",2,lda,time_series_by_class,3,5,30,0.8666666666666667,0.8666666666666667,0.12058963720275928,"[0.5970577300072408, 0.9981219144293686]",0.7975898222183047,1.295166618010904,final_score_2,163,163,
pr_Agency_EBCI,test,05_19 Darisy,01_calib,test/05_19 Darisy/01_calib,"MATRIX_[8, 15]_robust_concat_01_calib.hdf","C:\Users\hodor\Documents\lab-Shishkin\projects\BCI_classifier\data\pr_Agency_EBCI\features\csp\test\05_19 Darisy\MATRIX_[8, 15]_robust_concat_01_calib.hdf","[8, 15]","[2, -3, -2, -1]","[2, 53, 54, 55]",4,lda,time_series_by_class,3,5,30,0.8,0.8,0.15476049014675117,"[1.0884824110471685, 0.273894477701289, 0.2567721645836928, 1.6768528270632188]",0.8240004700988424,1.2885395002247644,final_score_2,164,164,
pr_Agency_EBCI,test,05_19 Darisy,01_calib,test/05_19 Darisy/01_calib,"MATRIX_[9, 13]_robust_concat_01_calib.hdf","C:\Users\hodor\Documents\lab-Shishkin\projects\BCI_classifier\data\pr_Agency_EBCI\features\csp\test\05_19 Darisy\MATRIX_[9, 13]_robust_concat_01_calib.hdf","[9, 13]","[1, 2]","[1, 2]",2,lda,time_series_by_class,3,5,30,0.8666666666666667,0.8666666666666667,0.13118545120885508,"[1.0085582857149096, 0.5970577300072408]",0.8028080078610752,1.2876167486621928,final_score_2,165,165,
pr_Agency_EBCI,test,05_19 Darisy,01_calib,test/05_19 Darisy/01_calib,"MATRIX_[9, 13]_robust_concat_01_calib.hdf","C:\Users\hodor\Documents\lab-Shishkin\projects\BCI_classifier\data\pr_Agency_EBCI\features\csp\test\05_19 Darisy\MATRIX_[9, 13]_robust_concat_01_calib.hdf","[9, 13]","[1, -3, -2]","[1, 53, 54]",3,lda,time_series_by_class,3,5,30,0.8666666666666667,0.8666666666666667,0.1296764490429542,"[1.0085582857149096, 0.320901977809739, 0.9981219144293686]",0.7758607259846725,1.2465408296056528,final_score_2,166,166,
pr_Agency_EBCI,test,05_19 Darisy,01_calib,test/05_19 Darisy/01_calib,"MATRIX_[8, 12]_robust_concat_01_calib.hdf","C:\Users\hodor\Documents\lab-Shishkin\projects\BCI_classifier\data\pr_Agency_EBCI\features\csp\test\05_19 Darisy\MATRIX_[8, 12]_robust_concat_01_calib.hdf","[8, 12]","[1, -2]","[1, 54]",2,lda,time_series_by_class,3,5,30,0.7333333333333333,0.7333333333333334,0.14677245589746063,"[1.3199709886265507, 0.2502399947955129]",0.7851054917110318,1.237912788460797,final_score_2,167,167,
pr_Agency_EBCI,test,05_19 Darisy,01_calib,test/05_19 Darisy/01_calib,"MATRIX_[9, 13]_robust_concat_01_calib.hdf","C:\Users\hodor\Documents\lab-Shishkin\projects\BCI_classifier\data\pr_Agency_EBCI\features\csp\test\05_19 Darisy\MATRIX_[9, 13]_robust_concat_01_calib.hdf","[9, 13]","[1, 2, -3, -2]","[1, 2, 53, 54]",4,lda,time_series_by_class,3,5,30,0.9,0.9,0.0943180992592078,"[1.0085582857149096, 0.5970577300072408, 0.320901977809739, 0.9981219144293686]",0.7311599769903145,1.228010139335497,final_score_2,168,168,
pr_Agency_EBCI,test,05_19 Darisy,01_calib,test/05_19 Darisy/01_calib,"MATRIX_[8, 12]_robust_concat_01_calib.hdf","C:\Users\hodor\Documents\lab-Shishkin\projects\BCI_classifier\data\pr_Agency_EBCI\features\csp\test\05_19 Darisy\MATRIX_[8, 12]_robust_concat_01_calib.hdf","[8, 12]","[1, 2, -3, -2]","[1, 2, 53, 54]",4,lda,time_series_by_class,3,5,30,0.9,0.9,0.07760897088902784,"[1.3199709886265507, 0.4009546945385446, 0.8803661791448005, 0.2502399947955129]",0.7128829642763522,1.2264708083531362,final_score_2,169,169,
pr_Agency_EBCI,test,05_19 Darisy,01_calib,test/05_19 Darisy/01_calib,"MATRIX_[10, 14]_robust_concat_01_calib.hdf","C:\Users\hodor\Documents\lab-Shishkin\projects\BCI_classifier\data\pr_Agency_EBCI\features\csp\test\05_19 Darisy\MATRIX_[10, 14]_robust_concat_01_calib.hdf","[10, 14]","[2, -3]","[2, 53]",2,lda,time_series_by_class,3,5,30,0.8333333333333334,0.8333333333333333,0.1335973997446933,"[1.128199543764763, 0.3988898286090431]",0.7635446861869031,1.2213088574731628,final_score_2,170,170,
pr_Agency_EBCI,test,05_19 Darisy,01_calib,test/05_19 Darisy/01_calib,"MATRIX_[10, 14]_robust_concat_01_calib.hdf","C:\Users\hodor\Documents\lab-Shishkin\projects\BCI_classifier\data\pr_Agency_EBCI\features\csp\test\05_19 Darisy\MATRIX_[10, 14]_robust_concat_01_calib.hdf","[10, 14]","[1, 2, -2]","[1, 2, 54]",3,lda,time_series_by_class,3,5,30,0.9,0.9,0.0967311616501429,"[0.4491556461467016, 1.128199543764763, 0.6062528737298105]",0.7278693545470917,1.21846114173881,final_score_2,171,171,
pr_Agency_EBCI,test,05_19 Darisy,01_calib,test/05_19 Darisy/01_calib,"MATRIX_[8, 15]_robust_concat_01_calib.hdf","C:\Users\hodor\Documents\lab-Shishkin\projects\BCI_classifier\data\pr_Agency_EBCI\features\csp\test\05_19 Darisy\MATRIX_[8, 15]_robust_concat_01_calib.hdf","[8, 15]","[1, 2, -2]","[1, 2, 54]",3,lda,time_series_by_class,3,5,30,0.8666666666666667,0.8666666666666667,0.1351787947045797,"[0.9425052143108824, 1.0884824110471685, 0.2567721645836928]",0.7625865966472478,1.2176193187019813,final_score_2,172,172,
pr_Agency_EBCI,test,05_19 Darisy,01_calib,test/05_19 Darisy/01_calib,"MATRIX_[8, 15]_robust_concat_01_calib.hdf","C:\Users\hodor\Documents\lab-Shishkin\projects\BCI_classifier\data\pr_Agency_EBCI\features\csp\test\05_19 Darisy\MATRIX_[8, 15]_robust_concat_01_calib.hdf","[8, 15]","[1, -3, -2, -1]","[1, 53, 54, 55]",4,lda,time_series_by_class,3,5,30,0.8,0.8,0.18204880777487395,"[0.9425052143108824, 0.273894477701289, 0.2567721645836928, 1.6768528270632188]",0.7875061709147708,1.1997603933537093,final_score_2,173,173,
pr_Agency_EBCI,test,05_19 Darisy,01_calib,test/05_19 Darisy/01_calib,"MATRIX_[8, 15]_robust_concat_01_calib.hdf","C:\Users\hodor\Documents\lab-Shishkin\projects\BCI_classifier\data\pr_Agency_EBCI\features\csp\test\05_19 Darisy\MATRIX_[8, 15]_robust_concat_01_calib.hdf","[8, 15]","[1, 2, -3]","[1, 2, 53]",3,lda,time_series_by_class,3,5,30,0.8,0.8,0.18886864496024897,"[0.9425052143108824, 1.0884824110471685, 0.273894477701289]",0.7682940343531133,1.1634372500945882,final_score_2,174,174,
pr_Agency_EBCI,test,05_19 Darisy,01_calib,test/05_19 Darisy/01_calib,"MATRIX_[10, 14]_robust_concat_01_calib.hdf","C:\Users\hodor\Documents\lab-Shishkin\projects\BCI_classifier\data\pr_Agency_EBCI\features\csp\test\05_19 Darisy\MATRIX_[10, 14]_robust_concat_01_calib.hdf","[10, 14]","[2, -3, -2]","[2, 53, 54]",3,lda,time_series_by_class,3,5,30,0.8333333333333334,0.8333333333333333,0.12193529476343785,"[1.128199543764763, 0.3988898286090431, 0.6062528737298105]",0.7111140820345389,1.1528886209567621,final_score_2,175,175,
pr_Agency_EBCI,test,05_19 Darisy,01_calib,test/05_19 Darisy/01_calib,"MATRIX_[8, 15]_robust_concat_01_calib.hdf","C:\Users\hodor\Documents\lab-Shishkin\projects\BCI_classifier\data\pr_Agency_EBCI\features\csp\test\05_19 Darisy\MATRIX_[8, 15]_robust_concat_01_calib.hdf","[8, 15]","[-3, -2, -1]","[53, 54, 55]",3,lda,time_series_by_class,3,5,30,0.8333333333333334,0.8333333333333333,0.15760478917832932,"[0.273894477701289, 0.2567721645836928, 1.6768528270632188]",0.7358398231160669,1.1473778368025225,final_score_2,176,176,
pr_Agency_EBCI,test,05_19 Darisy,01_calib,test/05_19 Darisy/01_calib,"MATRIX_[10, 14]_robust_concat_01_calib.hdf","C:\Users\hodor\Documents\lab-Shishkin\projects\BCI_classifier\data\pr_Agency_EBCI\features\csp\test\05_19 Darisy\MATRIX_[10, 14]_robust_concat_01_calib.hdf","[10, 14]","[1, 2, -3, -2]","[1, 2, 53, 54]",4,lda,time_series_by_class,3,5,30,0.8666666666666667,0.8666666666666667,0.0726274334154284,"[0.4491556461467016, 1.128199543764763, 0.3988898286090431, 0.6062528737298105]",0.6456244730625795,1.1192558057383195,final_score_2,177,177,
pr_Agency_EBCI,test,05_19 Darisy,01_calib,test/05_19 Darisy/01_calib,"MATRIX_[10, 14]_robust_concat_01_calib.hdf","C:\Users\hodor\Documents\lab-Shishkin\projects\BCI_classifier\data\pr_Agency_EBCI\features\csp\test\05_19 Darisy\MATRIX_[10, 14]_robust_concat_01_calib.hdf","[10, 14]","[1, 2, -3]","[1, 2, 53]",3,lda,time_series_by_class,3,5,30,0.8666666666666667,0.8666666666666667,0.09179318571451858,"[0.4491556461467016, 1.128199543764763, 0.3988898286090431]",0.658748339506836,1.110265627611936,final_score_2,178,178,
pr_Agency_EBCI,test,05_19 Darisy,01_calib,test/05_19 Darisy/01_calib,"MATRIX_[9, 13]_robust_concat_01_calib.hdf","C:\Users\hodor\Documents\lab-Shishkin\projects\BCI_classifier\data\pr_Agency_EBCI\features\csp\test\05_19 Darisy\MATRIX_[9, 13]_robust_concat_01_calib.hdf","[9, 13]","[2, -3, -2]","[2, 53, 54]",3,lda,time_series_by_class,3,5,30,0.8666666666666667,0.8666666666666667,0.08229075597651365,"[0.5970577300072408, 0.320901977809739, 0.9981219144293686]",0.6386938740821161,1.0912016948732828,final_score_2,179,179,
pr_Agency_EBCI,test,05_19 Darisy,01_calib,test/05_19 Darisy/01_calib,"MATRIX_[8, 12]_robust_concat_01_calib.hdf","C:\Users\hodor\Documents\lab-Shishkin\projects\BCI_classifier\data\pr_Agency_EBCI\features\csp\test\05_19 Darisy\MATRIX_[8, 12]_robust_concat_01_calib.hdf","[8, 12]","[1, 2, -2]","[1, 2, 54]",3,lda,time_series_by_class,3,5,30,0.8333333333333334,0.8333333333333334,0.10333198389190718,"[1.3199709886265507, 0.4009546945385446, 0.2502399947955129]",0.6570552259868695,1.0902803792044822,final_score_2,180,180,
pr_Agency_EBCI,test,05_19 Darisy,01_calib,test/05_19 Darisy/01_calib,"MATRIX_[9, 13]_robust_concat_01_calib.hdf","C:\Users\hodor\Documents\lab-Shishkin\projects\BCI_classifier\data\pr_Agency_EBCI\features\csp\test\05_19 Darisy\MATRIX_[9, 13]_robust_concat_01_calib.hdf","[9, 13]","[1, -3]","[1, 53]",2,lda,time_series_by_class,3,5,30,0.8333333333333334,0.8333333333333333,0.11498555171293495,"[1.0085582857149096, 0.320901977809739]",0.6647301317623243,1.0868003684112308,final_score_2,181,181,
pr_Agency_EBCI,test,05_19 Darisy,01_calib,test/05_19 Darisy/01_calib,"MATRIX_[8, 15]_robust_concat_01_calib.hdf","C:\Users\hodor\Documents\lab-Shishkin\projects\BCI_classifier\data\pr_Agency_EBCI\features\csp\test\05_19 Darisy\MATRIX_[8, 15]_robust_concat_01_calib.hdf","[8, 15]","[2, -2]","[2, 54]",2,lda,time_series_by_class,3,5,30,0.8333333333333334,0.8333333333333333,0.13756049493487868,"[1.0884824110471685, 0.2567721645836928]",0.6726272878154307,1.0711498032805133,final_score_2,182,182,
pr_Agency_EBCI,test,05_19 Darisy,01_calib,test/05_19 Darisy/01_calib,"MATRIX_[8, 12]_robust_concat_01_calib.hdf","C:\Users\hodor\Documents\lab-Shishkin\projects\BCI_classifier\data\pr_Agency_EBCI\features\csp\test\05_19 Darisy\MATRIX_[8, 12]_robust_concat_01_calib.hdf","[8, 12]","[2, -3]","[2, 53]",2,lda,time_series_by_class,3,5,30,0.9,0.9,0.10162578907128283,"[0.4009546945385446, 0.8803661791448005]",0.6406604368416726,1.0654652513200964,final_score_2,183,183,
pr_Agency_EBCI,test,05_19 Darisy,01_calib,test/05_19 Darisy/01_calib,"MATRIX_[9, 13]_robust_concat_01_calib.hdf","C:\Users\hodor\Documents\lab-Shishkin\projects\BCI_classifier\data\pr_Agency_EBCI\features\csp\test\05_19 Darisy\MATRIX_[9, 13]_robust_concat_01_calib.hdf","[9, 13]","[-3, -2]","[53, 54]",2,lda,time_series_by_class,3,5,30,0.7666666666666667,0.7666666666666666,0.13264786937956033,"[0.320901977809739, 0.9981219144293686]",0.6595119461195538,1.056034519584188,final_score_2,184,184,
pr_Agency_EBCI,test,05_19 Darisy,01_calib,test/05_19 Darisy/01_calib,"MATRIX_[9, 13]_robust_concat_01_calib.hdf","C:\Users\hodor\Documents\lab-Shishkin\projects\BCI_classifier\data\pr_Agency_EBCI\features\csp\test\05_19 Darisy\MATRIX_[9, 13]_robust_concat_01_calib.hdf","[9, 13]","[1, 2, -3]","[1, 2, 53]",3,lda,time_series_by_class,3,5,30,0.8666666666666667,0.8666666666666667,0.11504715147823091,"[1.0085582857149096, 0.5970577300072408, 0.320901977809739]",0.6421726645106298,1.0498403177476106,final_score_2,185,185,
pr_Agency_EBCI,test,05_19 Darisy,01_calib,test/05_19 Darisy/01_calib,"MATRIX_[8, 15]_robust_concat_01_calib.hdf","C:\Users\hodor\Documents\lab-Shishkin\projects\BCI_classifier\data\pr_Agency_EBCI\features\csp\test\05_19 Darisy\MATRIX_[8, 15]_robust_concat_01_calib.hdf","[8, 15]","[2, -3]","[2, 53]",2,lda,time_series_by_class,3,5,30,0.7666666666666667,0.7666666666666666,0.1812497974078222,"[1.0884824110471685, 0.273894477701289]",0.6811884443742288,1.0385333919680306,final_score_2,186,186,
pr_Agency_EBCI,test,05_19 Darisy,01_calib,test/05_19 Darisy/01_calib,"MATRIX_[8, 15]_robust_concat_01_calib.hdf","C:\Users\hodor\Documents\lab-Shishkin\projects\BCI_classifier\data\pr_Agency_EBCI\features\csp\test\05_19 Darisy\MATRIX_[8, 15]_robust_concat_01_calib.hdf","[8, 15]","[1, 2, -3, -2]","[1, 2, 53, 54]",4,lda,time_series_by_class,3,5,30,0.8,0.8,0.19193634871407805,"[0.9425052143108824, 1.0884824110471685, 0.273894477701289, 0.2567721645836928]",0.6404135669107581,0.9672082462059653,final_score_2,187,187,
pr_Agency_EBCI,test,05_19 Darisy,01_calib,test/05_19 Darisy/01_calib,"MATRIX_[8, 15]_robust_concat_01_calib.hdf","C:\Users\hodor\Documents\lab-Shishkin\projects\BCI_classifier\data\pr_Agency_EBCI\features\csp\test\05_19 Darisy\MATRIX_[8, 15]_robust_concat_01_calib.hdf","[8, 15]","[1, -2]","[1, 54]",2,lda,time_series_by_class,3,5,30,0.8333333333333334,0.8333333333333333,0.1359221979817067,"[0.9425052143108824, 0.2567721645836928]",0.5996386894472876,0.9566491478510766,final_score_2,188,188,
pr_Agency_EBCI,test,05_19 Darisy,01_calib,test/05_19 Darisy/01_calib,"MATRIX_[8, 15]_robust_concat_01_calib.hdf","C:\Users\hodor\Documents\lab-Shishkin\projects\BCI_classifier\data\pr_Agency_EBCI\features\csp\test\05_19 Darisy\MATRIX_[8, 15]_robust_concat_01_calib.hdf","[8, 15]","[1, -3]","[1, 53]",2,lda,time_series_by_class,3,5,30,0.8,0.8,0.17637448140995268,"[0.9425052143108824, 0.273894477701289]",0.6081998460060857,0.9313885190147774,final_score_2,189,189,
pr_Agency_EBCI,test,05_19 Darisy,01_calib,test/05_19 Darisy/01_calib,"MATRIX_[8, 12]_robust_concat_01_calib.hdf","C:\Users\hodor\Documents\lab-Shishkin\projects\BCI_classifier\data\pr_Agency_EBCI\features\csp\test\05_19 Darisy\MATRIX_[8, 12]_robust_concat_01_calib.hdf","[8, 12]","[-3, -2]","[53, 54]",2,lda,time_series_by_class,3,5,30,0.8333333333333334,0.8333333333333333,0.13445328106349674,"[0.8803661791448005, 0.2502399947955129]",0.5653030869701567,0.9033491573645641,final_score_2,190,190,
pr_Agency_EBCI,test,05_19 Darisy,01_calib,test/05_19 Darisy/01_calib,"MATRIX_[8, 12]_robust_concat_01_calib.hdf","C:\Users\hodor\Documents\lab-Shishkin\projects\BCI_classifier\data\pr_Agency_EBCI\features\csp\test\05_19 Darisy\MATRIX_[8, 12]_robust_concat_01_calib.hdf","[8, 12]","[2, -3, -2]","[2, 53, 54]",3,lda,time_series_by_class,3,5,30,0.9,0.9,0.06411721171265848,"[0.4009546945385446, 0.8803661791448005, 0.2502399947955129]",0.5105202894929527,0.8971064465877534,final_score_2,191,191,
pr_Agency_EBCI,test,05_19 Darisy,01_calib,test/05_19 Darisy/01_calib,"MATRIX_[10, 14]_robust_concat_01_calib.hdf","C:\Users\hodor\Documents\lab-Shishkin\projects\BCI_classifier\data\pr_Agency_EBCI\features\csp\test\05_19 Darisy\MATRIX_[10, 14]_robust_concat_01_calib.hdf","[10, 14]","[1, -2]","[1, 54]",2,lda,time_series_by_class,3,5,30,0.9,0.9,0.09537247488166484,"[0.4491556461467016, 0.6062528737298105]",0.5277042599382561,0.8850187051313435,final_score_2,192,192,
pr_Agency_EBCI,test,05_19 Darisy,01_calib,test/05_19 Darisy/01_calib,"MATRIX_[10, 14]_robust_concat_01_calib.hdf","C:\Users\hodor\Documents\lab-Shishkin\projects\BCI_classifier\data\pr_Agency_EBCI\features\csp\test\05_19 Darisy\MATRIX_[10, 14]_robust_concat_01_calib.hdf","[10, 14]","[1, -3, -2]","[1, 53, 54]",3,lda,time_series_by_class,3,5,30,0.9333333333333333,0.9333333333333333,0.060778605210964405,"[0.4491556461467016, 0.3988898286090431, 0.6062528737298105]",0.4847661161618517,0.8565497720869121,final_score_2,193,193,
pr_Agency_EBCI,test,05_19 Darisy,01_calib,test/05_19 Darisy/01_calib,"MATRIX_[8, 15]_robust_concat_01_calib.hdf","C:\Users\hodor\Documents\lab-Shishkin\projects\BCI_classifier\data\pr_Agency_EBCI\features\csp\test\05_19 Darisy\MATRIX_[8, 15]_robust_concat_01_calib.hdf","[8, 15]","[2, -3, -2]","[2, 53, 54]",3,lda,time_series_by_class,3,5,30,0.8,0.8,0.17097213093185695,"[1.0884824110471685, 0.273894477701289, 0.2567721645836928]",0.5397163511107168,0.8306904195697064,final_score_2,194,194,
pr_Agency_EBCI,test,05_19 Darisy,01_calib,test/05_19 Darisy/01_calib,"MATRIX_[10, 14]_robust_concat_01_calib.hdf","C:\Users\hodor\Documents\lab-Shishkin\projects\BCI_classifier\data\pr_Agency_EBCI\features\csp\test\05_19 Darisy\MATRIX_[10, 14]_robust_concat_01_calib.hdf","[10, 14]","[-3, -2]","[53, 54]",2,lda,time_series_by_class,3,5,30,0.8333333333333334,0.8333333333333333,0.1163348021719612,"[0.3988898286090431, 0.6062528737298105]",0.5025713511694267,0.8203178322513448,final_score_2,195,195,
pr_Agency_EBCI,test,05_19 Darisy,01_calib,test/05_19 Darisy/01_calib,"MATRIX_[9, 13]_robust_concat_01_calib.hdf","C:\Users\hodor\Documents\lab-Shishkin\projects\BCI_classifier\data\pr_Agency_EBCI\features\csp\test\05_19 Darisy\MATRIX_[9, 13]_robust_concat_01_calib.hdf","[9, 13]","[2, -3]","[2, 53]",2,lda,time_series_by_class,3,5,30,0.9,0.9,0.11193395530130619,"[0.5970577300072408, 0.320901977809739]",0.45897985390848994,0.7532600027080316,final_score_2,196,196,
pr_Agency_EBCI,test,05_19 Darisy,01_calib,test/05_19 Darisy/01_calib,"MATRIX_[8, 15]_robust_concat_01_calib.hdf","C:\Users\hodor\Documents\lab-Shishkin\projects\BCI_classifier\data\pr_Agency_EBCI\features\csp\test\05_19 Darisy\MATRIX_[8, 15]_robust_concat_01_calib.hdf","[8, 15]","[1, -3, -2]","[1, 53, 54]",3,lda,time_series_by_class,3,5,30,0.7666666666666667,0.7666666666666666,0.19090652515500495,"[0.9425052143108824, 0.273894477701289, 0.2567721645836928]",0.49105728553195477,0.74229754576411,final_score_2,197,197,
pr_Agency_EBCI,test,05_19 Darisy,01_calib,test/05_19 Darisy/01_calib,"MATRIX_[10, 14]_robust_concat_01_calib.hdf","C:\Users\hodor\Documents\lab-Shishkin\projects\BCI_classifier\data\pr_Agency_EBCI\features\csp\test\05_19 Darisy\MATRIX_[10, 14]_robust_concat_01_calib.hdf","[10, 14]","[1, -3]","[1, 53]",2,lda,time_series_by_class,3,5,30,0.9,0.9,0.08185872705491928,"[0.4491556461467016, 0.3988898286090431]",0.4240227373778723,0.7248988122884448,final_score_2,198,198,
pr_Agency_EBCI,test,05_19 Darisy,01_calib,test/05_19 Darisy/01_calib,"MATRIX_[8, 12]_robust_concat_01_calib.hdf","C:\Users\hodor\Documents\lab-Shishkin\projects\BCI_classifier\data\pr_Agency_EBCI\features\csp\test\05_19 Darisy\MATRIX_[8, 12]_robust_concat_01_calib.hdf","[8, 12]","[2, -2]","[2, 54]",2,lda,time_series_by_class,3,5,30,0.9,0.9,0.07540407455318877,"[0.4009546945385446, 0.2502399947955129]",0.3255973446670287,0.5620479819317625,final_score_2,199,199,
pr_Agency_EBCI,test,05_19 Darisy,01_calib,test/05_19 Darisy/01_calib,"MATRIX_[8, 15]_robust_concat_01_calib.hdf","C:\Users\hodor\Documents\lab-Shishkin\projects\BCI_classifier\data\pr_Agency_EBCI\features\csp\test\05_19 Darisy\MATRIX_[8, 15]_robust_concat_01_calib.hdf","[8, 15]","[-3, -2]","[53, 54]",2,lda,time_series_by_class,3,5,30,0.7333333333333333,0.7333333333333334,0.1959305240791112,"[0.273894477701289, 0.2567721645836928]",0.26533332114249086,0.3993635638269243,final_score_2,200,200,
