project,stage,subject,record,file,matrix,matrix_path,band,components,absolute_components,n_components,classifier,cv_method,cv_splits,cv_test_size,cv_tested_epochs,accuracy,balanced_accuracy,brier_score,component_score_values,mean_score,comp_set_score,final_score_method,rank_within_file,rank_global,probability_plot
pr_Agency_EBCI,test,05_19 Darisy,01_calib,test/05_19 Darisy/01_calib,"MATRIX_[10, 14]_robust_concat_01_calib.hdf","C:\Users\hodor\Documents\lab-Shishkin\projects\BCI_classifier\data\pr_Agency_EBCI\features\csp\test\05_19 Darisy\MATRIX_[10, 14]_robust_concat_01_calib.hdf","[10, 14]","[0, -1]","[0, 55]",2,lda,time_series_by_class,3,5,30,0.7333333333333333,0.7333333333333334,0.18499754162247348,"[0.6155628876223234, 0.4765943612423753]",0.5460786244323493,0.8297576433325952,final_score_1,1,1,"results\algorithm\_cv_smoke_05_19_Darisy\probability_plots\final_score_1\test_05_19_Darisy_01_calib\top_01_[10,_14]_[0,_-1].png"
pr_Agency_EBCI,test,05_19 Darisy,01_calib,test/05_19 Darisy/01_calib,"MATRIX_[10, 14]_robust_concat_01_calib.hdf","C:\Users\hodor\Documents\lab-Shishkin\projects\BCI_classifier\data\pr_Agency_EBCI\features\csp\test\05_19 Darisy\MATRIX_[10, 14]_robust_concat_01_calib.hdf","[10, 14]","[0, 1, -1]","[0, 1, 55]",3,lda,time_series_by_class,3,5,30,0.9,0.9,0.06427985768336437,"[0.6155628876223234, 0.1041059139348124, 0.4765943612423753]",0.398754387599837,0.7005211518892196,final_score_1,2,2,
pr_Agency_EBCI,test,05_19 Darisy,01_calib,test/05_19 Darisy/01_calib,"MATRIX_[9, 13]_robust_concat_01_calib.hdf","C:\Users\hodor\Documents\lab-Shishkin\projects\BCI_classifier\data\pr_Agency_EBCI\features\csp\test\05_19 Darisy\MATRIX_[9, 13]_robust_concat_01_calib.hdf","[9, 13]","[0, -1]","[0, 55]",2,lda,time_series_by_class,3,5,30,0.8,0.8,0.16887494099494432,"[0.5095949333478689, 0.3954432866163586]",0.45251910998211375,0.6978700729732895,final_score_1,3,3,
pr_Agency_EBCI,test,05_19 Darisy,01_calib,test/05_19 Darisy/01_calib,"MATRIX_[10, 14]_robust_concat_01_calib.hdf","C:\Users\hodor\Documents\lab-Shishkin\projects\BCI_classifier\data\pr_Agency_EBCI\features\csp\test\05_19 Darisy\MATRIX_[10, 14]_robust_concat_01_calib.hdf","[10, 14]","[0, 2, -1]","[0, 2, 55]",3,lda,time_series_by_class,3,5,30,0.7666666666666667,0.7666666666666666,0.17513899533448324,"[0.6155628876223234, 0.2627644236546135, 0.4765943612423753]",0.45164055750643745,0.692426273266935,final_score_1,4,4,
pr_Agency_EBCI,test,05_19 Darisy,01_calib,test/05_19 Darisy/01_calib,"MATRIX_[10, 14]_robust_concat_01_calib.hdf","C:\Users\hodor\Documents\lab-Shishkin\projects\BCI_classifier\data\pr_Agency_EBCI\features\csp\test\05_19 Darisy\MATRIX_[10, 14]_robust_concat_01_calib.hdf","[10, 14]","[0, 2]","[0, 2]",2,lda,time_series_by_class,3,5,30,0.7666666666666667,0.7666666666666666,0.16238986906617212,"[0.6155628876223234, 0.2627644236546135]",0.43916365563846843,0.6815344795084247,final_score_1,5,5,
pr_Agency_EBCI,test,05_19 Darisy,01_calib,test/05_19 Darisy/01_calib,"MATRIX_[10, 14]_robust_concat_01_calib.hdf","C:\Users\hodor\Documents\lab-Shishkin\projects\BCI_classifier\data\pr_Agency_EBCI\features\csp\test\05_19 Darisy\MATRIX_[10, 14]_robust_concat_01_calib.hdf","[10, 14]","[0, 1]","[0, 1]",2,lda,time_series_by_class,3,5,30,0.9,0.9,0.05255202167572278,"[0.6155628876223234, 0.1041059139348124]",0.3598344007785679,0.6447930389165716,final_score_1,6,6,
pr_Agency_EBCI,test,05_19 Darisy,01_calib,test/05_19 Darisy/01_calib,"MATRIX_[8, 12]_robust_concat_01_calib.hdf","C:\Users\hodor\Documents\lab-Shishkin\projects\BCI_classifier\data\pr_Agency_EBCI\features\csp\test\05_19 Darisy\MATRIX_[8, 12]_robust_concat_01_calib.hdf","[8, 12]","[0, -1]","[0, 55]",2,lda,time_series_by_class,3,5,30,0.7666666666666667,0.7666666666666666,0.19938847596505266,"[0.4626070346403531, 0.3958124682644303]",0.4292097514523917,0.6441432196328548,final_score_1,7,7,
pr_Agency_EBCI,test,05_19 Darisy,01_calib,test/05_19 Darisy/01_calib,"MATRIX_[8, 15]_robust_concat_01_calib.hdf","C:\Users\hodor\Documents\lab-Shishkin\projects\BCI_classifier\data\pr_Agency_EBCI\features\csp\test\05_19 Darisy\MATRIX_[8, 15]_robust_concat_01_calib.hdf","[8, 15]","[0, -1]","[0, 55]",2,lda,time_series_by_class,3,5,30,0.7333333333333333,0.7333333333333334,0.17414250031890566,"[0.4333544200667677, 0.3995542857894615]",0.4164543529281146,0.6390723942215489,final_score_1,8,8,
pr_Agency_EBCI,test,05_19 Darisy,01_calib,test/05_19 Darisy/01_calib,"MATRIX_[10, 14]_robust_concat_01_calib.hdf","C:\Users\hodor\Documents\lab-Shishkin\projects\BCI_classifier\data\pr_Agency_EBCI\features\csp\test\05_19 Darisy\MATRIX_[10, 14]_robust_concat_01_calib.hdf","[10, 14]","[0, -2, -1]","[0, 54, 55]",3,lda,time_series_by_class,3,5,30,0.8,0.8,0.16868844899205945,"[0.6155628876223234, 0.1403250639595052, 0.4765943612423753]",0.410827437608068,0.6336862978361062,final_score_1,9,9,
pr_Agency_EBCI,test,05_19 Darisy,01_calib,test/05_19 Darisy/01_calib,"MATRIX_[10, 14]_robust_concat_01_calib.hdf","C:\Users\hodor\Documents\lab-Shishkin\projects\BCI_classifier\data\pr_Agency_EBCI\features\csp\test\05_19 Darisy\MATRIX_[10, 14]_robust_concat_01_calib.hdf","[10, 14]","[0, -3, -1]","[0, 53, 55]",3,lda,time_series_by_class,3,5,30,0.8,0.8,0.15962554913671945,"[0.6155628876223234, 0.0933943362388788, 0.4765943612423753]",0.39518386170119246,0.6149590487811041,final_score_1,10,10,
pr_Agency_EBCI,test,05_19 Darisy,01_calib,test/05_19 Darisy/01_calib,"MATRIX_[10, 14]_robust_concat_01_calib.hdf","C:\Users\hodor\Documents\lab-Shishkin\projects\BCI_classifier\data\pr_Agency_EBCI\features\csp\test\05_19 Darisy\MATRIX_[10, 14]_robust_concat_01_calib.hdf","[10, 14]","[0, 1, 2, -1]","[0, 1, 2, 55]",4,lda,time_series_by_class,3,5,30,0.8666666666666667,0.8666666666666667,0.09269816209597329,"[0.6155628876223234, 0.1041059139348124, 0.2627644236546135, 0.4765943612423753]",0.36475689661353117,0.6139944688630832,final_score_1,11,11,
pr_Agency_EBCI,test,05_19 Darisy,01_calib,test/05_19 Darisy/01_calib,"MATRIX_[10, 14]_robust_concat_01_calib.hdf","C:\Users\hodor\Documents\lab-Shishkin\projects\BCI_classifier\data\pr_Agency_EBCI\features\csp\test\05_19 Darisy\MATRIX_[10, 14]_robust_concat_01_calib.hdf","[10, 14]","[2, -1]","[2, 55]",2,lda,time_series_by_class,3,5,30,0.8666666666666667,0.8666666666666667,0.11509212008384964,"[0.2627644236546135, 0.4765943612423753]",0.3696793924484944,0.6043278453200663,final_score_1,12,12,
pr_Agency_EBCI,test,05_19 Darisy,01_calib,test/05_19 Darisy/01_calib,"MATRIX_[9, 13]_robust_concat_01_calib.hdf","C:\Users\hodor\Documents\lab-Shishkin\projects\BCI_classifier\data\pr_Agency_EBCI\features\csp\test\05_19 Darisy\MATRIX_[9, 13]_robust_concat_01_calib.hdf","[9, 13]","[0, 1, -1]","[0, 1, 55]",3,lda,time_series_by_class,3,5,30,0.8666666666666667,0.8666666666666667,0.14040229809816,"[0.5095949333478689, 0.2317744521979455, 0.3954432866163586]",0.378937557387391,0.6015785674537324,final_score_1,13,13,
pr_Agency_EBCI,test,05_19 Darisy,01_calib,test/05_19 Darisy/01_calib,"MATRIX_[8, 12]_robust_concat_01_calib.hdf","C:\Users\hodor\Documents\lab-Shishkin\projects\BCI_classifier\data\pr_Agency_EBCI\features\csp\test\05_19 Darisy\MATRIX_[8, 12]_robust_concat_01_calib.hdf","[8, 12]","[0, 1, -1]","[0, 1, 55]",3,lda,time_series_by_class,3,5,30,0.8333333333333334,0.8333333333333333,0.17405664566008244,"[0.4626070346403531, 0.3023887911207212, 0.3958124682644303]",0.38693609800850154,0.5938224626796552,final_score_1,14,14,
pr_Agency_EBCI,test,05_19 Darisy,01_calib,test/05_19 Darisy/01_calib,"MATRIX_[8, 12]_robust_concat_01_calib.hdf","C:\Users\hodor\Documents\lab-Shishkin\projects\BCI_classifier\data\pr_Agency_EBCI\features\csp\test\05_19 Darisy\MATRIX_[8, 12]_robust_concat_01_calib.hdf","[8, 12]","[0, 1]","[0, 1]",2,lda,time_series_by_class,3,5,30,0.8333333333333334,0.8333333333333333,0.16595926687677762,"[0.4626070346403531, 0.3023887911207212]",0.38249791288053714,0.5915364302788837,final_score_1,15,15,
pr_Agency_EBCI,test,05_19 Darisy,01_calib,test/05_19 Darisy/01_calib,"MATRIX_[9, 13]_robust_concat_01_calib.hdf","C:\Users\hodor\Documents\lab-Shishkin\projects\BCI_classifier\data\pr_Agency_EBCI\features\csp\test\05_19 Darisy\MATRIX_[9, 13]_robust_concat_01_calib.hdf","[9, 13]","[0, 2, -1]","[0, 2, 55]",3,lda,time_series_by_class,3,5,30,0.9,0.9,0.08897652687761849,"[0.5095949333478689, 0.13849277242436, 0.3954432866163586]",0.3478436641295291,0.5885854765445152,final_score_1,16,16,
pr_Agency_EBCI,test,05_19 Darisy,01_calib,test/05_19 Darisy/01_calib,"MATRIX_[9, 13]_robust_concat_01_calib.hdf","C:\Users\hodor\Documents\lab-Shishkin\projects\BCI_classifier\data\pr_Agency_EBCI\features\csp\test\05_19 Darisy\MATRIX_[9, 13]_robust_concat_01_calib.hdf","[9, 13]","[0, -2, -1]","[0, 54, 55]",3,lda,time_series_by_class,3,5,30,0.8,0.8,0.16087968481828246,"[0.5095949333478689, 0.2309537628961316, 0.3954432866163586]",0.3786639942867864,0.588520082183482,final_score_1,17,17,
pr_Agency_EBCI,test,05_19 Darisy,01_calib,test/05_19 Darisy/01_calib,"MATRIX_[10, 14]_robust_concat_01_calib.hdf","C:\Users\hodor\Documents\lab-Shishkin\projects\BCI_classifier\data\pr_Agency_EBCI\features\csp\test\05_19 Darisy\MATRIX_[10, 14]_robust_concat_01_calib.hdf","[10, 14]","[0, -2]","[0, 54]",2,lda,time_series_by_class,3,5,30,0.7666666666666667,0.7666666666666666,0.16176972218561775,"[0.6155628876223234, 0.1403250639595052]",0.37794397579091427,0.5868857155847148,final_score_1,18,18,
pr_Agency_EBCI,test,05_19 Darisy,01_calib,test/05_19 Darisy/01_calib,"MATRIX_[8, 15]_robust_concat_01_calib.hdf","C:\Users\hodor\Documents\lab-Shishkin\projects\BCI_classifier\data\pr_Agency_EBCI\features\csp\test\05_19 Darisy\MATRIX_[8, 15]_robust_concat_01_calib.hdf","[8, 15]","[0, 2, -1]","[0, 2, 55]",3,lda,time_series_by_class,3,5,30,0.8666666666666667,0.8666666666666667,0.1301825268772082,"[0.4333544200667677, 0.2608277798894821, 0.3995542857894615]",0.3645788285819038,0.585413548111134,final_score_1,19,19,
pr_Agency_EBCI,test,05_19 Darisy,01_calib,test/05_19 Darisy/01_calib,"MATRIX_[9, 13]_robust_concat_01_calib.hdf","C:\Users\hodor\Documents\lab-Shishkin\projects\BCI_classifier\data\pr_Agency_EBCI\features\csp\test\05_19 Darisy\MATRIX_[9, 13]_robust_concat_01_calib.hdf","[9, 13]","[0, 1]","[0, 1]",2,lda,time_series_by_class,3,5,30,0.8333333333333334,0.8333333333333333,0.15889280251263307,"[0.5095949333478689, 0.2317744521979455]",0.37068469277290717,0.5772559531479932,final_score_1,20,20,
pr_Agency_EBCI,test,05_19 Darisy,01_calib,test/05_19 Darisy/01_calib,"MATRIX_[10, 14]_robust_concat_01_calib.hdf","C:\Users\hodor\Documents\lab-Shishkin\projects\BCI_classifier\data\pr_Agency_EBCI\features\csp\test\05_19 Darisy\MATRIX_[10, 14]_robust_concat_01_calib.hdf","[10, 14]","[0, 1, -2, -1]","[0, 1, 54, 55]",4,lda,time_series_by_class,3,5,30,0.9,0.9,0.08125891453534297,"[0.6155628876223234, 0.1041059139348124, 0.1403250639595052, 0.4765943612423753]",0.3341470566897541,0.5717552101890205,final_score_1,21,21,
pr_Agency_EBCI,test,05_19 Darisy,01_calib,test/05_19 Darisy/01_calib,"MATRIX_[8, 15]_robust_concat_01_calib.hdf","C:\Users\hodor\Documents\lab-Shishkin\projects\BCI_classifier\data\pr_Agency_EBCI\features\csp\test\05_19 Darisy\MATRIX_[8, 15]_robust_concat_01_calib.hdf","[8, 15]","[0, 1, -1]","[0, 1, 55]",3,lda,time_series_by_class,3,5,30,0.8666666666666667,0.8666666666666667,0.12437932965850679,"[0.4333544200667677, 0.2240672773644739, 0.3995542857894615]",0.35232532774023434,0.5695557709445828,final_score_1,22,22,
pr_Agency_EBCI,test,05_19 Darisy,01_calib,test/05_19 Darisy/01_calib,"MATRIX_[10, 14]_robust_concat_01_calib.hdf","C:\Users\hodor\Documents\lab-Shishkin\projects\BCI_classifier\data\pr_Agency_EBCI\features\csp\test\05_19 Darisy\MATRIX_[10, 14]_robust_concat_01_calib.hdf","[10, 14]","[0, 1, 2]","[0, 1, 2]",3,lda,time_series_by_class,3,5,30,0.9,0.9,0.0744732994539882,"[0.6155628876223234, 0.1041059139348124, 0.2627644236546135]",0.32747774173724975,0.5661004000349448,final_score_1,23,23,
pr_Agency_EBCI,test,05_19 Darisy,01_calib,test/05_19 Darisy/01_calib,"MATRIX_[10, 14]_robust_concat_01_calib.hdf","C:\Users\hodor\Documents\lab-Shishkin\projects\BCI_classifier\data\pr_Agency_EBCI\features\csp\test\05_19 Darisy\MATRIX_[10, 14]_robust_concat_01_calib.hdf","[10, 14]","[0, 2, -2, -1]","[0, 2, 54, 55]",4,lda,time_series_by_class,3,5,30,0.7666666666666667,0.7666666666666666,0.190088842246312,"[0.6155628876223234, 0.2627644236546135, 0.1403250639595052, 0.4765943612423753]",0.37381168411970433,0.5654663246201215,final_score_1,24,24,
pr_Agency_EBCI,test,05_19 Darisy,01_calib,test/05_19 Darisy/01_calib,"MATRIX_[10, 14]_robust_concat_01_calib.hdf","C:\Users\hodor\Documents\lab-Shishkin\projects\BCI_classifier\data\pr_Agency_EBCI\features\csp\test\05_19 Darisy\MATRIX_[10, 14]_robust_concat_01_calib.hdf","[10, 14]","[0, 2, -3, -1]","[0, 2, 53, 55]",4,lda,time_series_by_class,3,5,30,0.7666666666666667,0.7666666666666666,0.16142194089914866,"[0.6155628876223234, 0.2627644236546135, 0.0933943362388788, 0.4765943612423753]",0.36207900218954775,0.562442600087763,final_score_1,25,25,
pr_Agency_EBCI,test,05_19 Darisy,01_calib,test/05_19 Darisy/01_calib,"MATRIX_[8, 15]_robust_concat_01_calib.hdf","C:\Users\hodor\Documents\lab-Shishkin\projects\BCI_classifier\data\pr_Agency_EBCI\features\csp\test\05_19 Darisy\MATRIX_[8, 15]_robust_concat_01_calib.hdf","[8, 15]","[0, 2]","[0, 2]",2,lda,time_series_by_class,3,5,30,0.8333333333333334,0.8333333333333333,0.13091822336355666,"[0.4333544200667677, 0.2608277798894821]",0.34709109997812493,0.5568656457557385,final_score_1,26,26,
pr_Agency_EBCI,test,05_19 Darisy,01_calib,test/05_19 Darisy/01_calib,"MATRIX_[9, 13]_robust_concat_01_calib.hdf","C:\Users\hodor\Documents\lab-Shishkin\projects\BCI_classifier\data\pr_Agency_EBCI\features\csp\test\05_19 Darisy\MATRIX_[9, 13]_robust_concat_01_calib.hdf","[9, 13]","[0, -2]","[0, 54]",2,lda,time_series_by_class,3,5,30,0.7666666666666667,0.7666666666666666,0.20126680752957685,"[0.5095949333478689, 0.2309537628961316]",0.3702743481220002,0.5548270403327596,final_score_1,27,27,
pr_Agency_EBCI,test,05_19 Darisy,01_calib,test/05_19 Darisy/01_calib,"MATRIX_[10, 14]_robust_concat_01_calib.hdf","C:\Users\hodor\Documents\lab-Shishkin\projects\BCI_classifier\data\pr_Agency_EBCI\features\csp\test\05_19 Darisy\MATRIX_[10, 14]_robust_concat_01_calib.hdf","[10, 14]","[0, -3]","[0, 53]",2,lda,time_series_by_class,3,5,30,0.8333333333333334,0.8333333333333333,0.16515315546240922,"[0.6155628876223234, 0.0933943362388788]",0.3544786119306011,0.5486320002433541,final_score_1,28,28,
pr_Agency_EBCI,test,05_19 Darisy,01_calib,test/05_19 Darisy/01_calib,"MATRIX_[10, 14]_robust_concat_01_calib.hdf","C:\Users\hodor\Documents\lab-Shishkin\projects\BCI_classifier\data\pr_Agency_EBCI\features\csp\test\05_19 Darisy\MATRIX_[10, 14]_robust_concat_01_calib.hdf","[10, 14]","[0, 1, -3, -1]","[0, 1, 53, 55]",4,lda,time_series_by_class,3,5,30,0.9,0.9,0.08596985227055871,"[0.6155628876223234, 0.1041059139348124, 0.0933943362388788, 0.4765943612423753]",0.32241437475959744,0.5479027415924468,final_score_1,29,29,
pr_Agency_EBCI,test,05_19 Darisy,01_calib,test/05_19 Darisy/01_calib,"MATRIX_[8, 12]_robust_concat_01_calib.hdf","C:\Users\hodor\Documents\lab-Shishkin\projects\BCI_classifier\data\pr_Agency_EBCI\features\csp\test\05_19 Darisy\MATRIX_[8, 12]_robust_concat_01_calib.hdf","[8, 12]","[0, 2, -1]","[0, 2, 55]",3,lda,time_series_by_class,3,5,30,0.9,0.9,0.07813467748135798,"[0.4626070346403531, 0.0925280064319718, 0.3958124682644303]",0.31698250311225173,0.544917046177992,final_score_1,30,30,
pr_Agency_EBCI,test,05_19 Darisy,01_calib,test/05_19 Darisy/01_calib,"MATRIX_[9, 13]_robust_concat_01_calib.hdf","C:\Users\hodor\Documents\lab-Shishkin\projects\BCI_classifier\data\pr_Agency_EBCI\features\csp\test\05_19 Darisy\MATRIX_[9, 13]_robust_concat_01_calib.hdf","[9, 13]","[0, 1, -2, -1]","[0, 1, 54, 55]",4,lda,time_series_by_class,3,5,30,0.8666666666666667,0.8666666666666667,0.1389117191761896,"[0.5095949333478689, 0.2317744521979455, 0.2309537628961316, 0.3954432866163586]",0.34194160876457613,0.5437296198700944,final_score_1,31,31,
pr_Agency_EBCI,test,05_19 Darisy,01_calib,test/05_19 Darisy/01_calib,"MATRIX_[8, 12]_robust_concat_01_calib.hdf","C:\Users\hodor\Documents\lab-Shishkin\projects\BCI_classifier\data\pr_Agency_EBCI\features\csp\test\05_19 Darisy\MATRIX_[8, 12]_robust_concat_01_calib.hdf","[8, 12]","[0, -3, -1]","[0, 53, 55]",3,lda,time_series_by_class,3,5,30,0.7666666666666667,0.7666666666666666,0.18370995724237835,"[0.4626070346403531, 0.2070244099967982, 0.3958124682644303]",0.35514797096719386,0.5402606917939079,final_score_1,32,32,
pr_Agency_EBCI,test,05_19 Darisy,01_calib,test/05_19 Darisy/01_calib,"MATRIX_[9, 13]_robust_concat_01_calib.hdf","C:\Users\hodor\Documents\lab-Shishkin\projects\BCI_classifier\data\pr_Agency_EBCI\features\csp\test\05_19 Darisy\MATRIX_[9, 13]_robust_concat_01_calib.hdf","[9, 13]","[0, 1, 2, -1]","[0, 1, 2, 55]",4,lda,time_series_by_class,3,5,30,0.9,0.9,0.09596817343192801,"[0.5095949333478689, 0.2317744521979455, 0.13849277242436, 0.3954432866163586]",0.3188263611466332,0.5342727434043272,final_score_1,33,33,
pr_Agency_EBCI,test,05_19 Darisy,01_calib,test/05_19 Darisy/01_calib,"MATRIX_[8, 12]_robust_concat_01_calib.hdf","C:\Users\hodor\Documents\lab-Shishkin\projects\BCI_classifier\data\pr_Agency_EBCI\features\csp\test\05_19 Darisy\MATRIX_[8, 12]_robust_concat_01_calib.hdf","[8, 12]","[0, 1, 2, -1]","[0, 1, 2, 55]",4,lda,time_series_by_class,3,5,30,0.8666666666666667,0.8666666666666667,0.08491853463136485,"[0.4626070346403531, 0.3023887911207212, 0.0925280064319718, 0.3958124682644303]",0.31333407511436906,0.5332805068337158,final_score_1,34,34,
pr_Agency_EBCI,test,05_19 Darisy,01_calib,test/05_19 Darisy/01_calib,"MATRIX_[8, 12]_robust_concat_01_calib.hdf","C:\Users\hodor\Documents\lab-Shishkin\projects\BCI_classifier\data\pr_Agency_EBCI\features\csp\test\05_19 Darisy\MATRIX_[8, 12]_robust_concat_01_calib.hdf","[8, 12]","[1, -1]","[1, 55]",2,lda,time_series_by_class,3,5,30,0.7666666666666667,0.7666666666666666,0.18173235699214216,"[0.3023887911207212, 0.3958124682644303]",0.3491006296925757,0.532003977181016,final_score_1,35,35,
pr_Agency_EBCI,test,05_19 Darisy,01_calib,test/05_19 Darisy/01_calib,"MATRIX_[9, 13]_robust_concat_01_calib.hdf","C:\Users\hodor\Documents\lab-Shishkin\projects\BCI_classifier\data\pr_Agency_EBCI\features\csp\test\05_19 Darisy\MATRIX_[9, 13]_robust_concat_01_calib.hdf","[9, 13]","[0, 2]","[0, 2]",2,lda,time_series_by_class,3,5,30,0.8333333333333334,0.8333333333333333,0.1141262197674877,"[0.5095949333478689, 0.13849277242436]",0.3240438528861144,0.5303582784224277,final_score_1,36,36,
pr_Agency_EBCI,test,05_19 Darisy,01_calib,test/05_19 Darisy/01_calib,"MATRIX_[8, 12]_robust_concat_01_calib.hdf","C:\Users\hodor\Documents\lab-Shishkin\projects\BCI_classifier\data\pr_Agency_EBCI\features\csp\test\05_19 Darisy\MATRIX_[8, 12]_robust_concat_01_calib.hdf","[8, 12]","[0, 1, -3, -1]","[0, 1, 53, 55]",4,lda,time_series_by_class,3,5,30,0.8,0.8,0.1740491107804573,"[0.4626070346403531, 0.3023887911207212, 0.2070244099967982, 0.3958124682644303]",0.34195817600557565,0.5247995014625866,final_score_1,37,37,
pr_Agency_EBCI,test,05_19 Darisy,01_calib,test/05_19 Darisy/01_calib,"MATRIX_[9, 13]_robust_concat_01_calib.hdf","C:\Users\hodor\Documents\lab-Shishkin\projects\BCI_classifier\data\pr_Agency_EBCI\features\csp\test\05_19 Darisy\MATRIX_[9, 13]_robust_concat_01_calib.hdf","[9, 13]","[0, 2, -2, -1]","[0, 2, 54, 55]",4,lda,time_series_by_class,3,5,30,0.8666666666666667,0.8666666666666667,0.11158243721259985,"[0.5095949333478689, 0.13849277242436, 0.2309537628961316, 0.3954432866163586]",0.31862118882117973,0.5231392558030984,final_score_1,38,38,
pr_Agency_EBCI,test,05_19 Darisy,01_calib,test/05_19 Darisy/01_calib,"MATRIX_[8, 15]_robust_concat_01_calib.hdf","C:\Users\hodor\Documents\lab-Shishkin\projects\BCI_classifier\data\pr_Agency_EBCI\features\csp\test\05_19 Darisy\MATRIX_[8, 15]_robust_concat_01_calib.hdf","[8, 15]","[0, 1, 2, -1]","[0, 1, 2, 55]",4,lda,time_series_by_class,3,5,30,0.8666666666666667,0.8666666666666667,0.14205294314887343,"[0.4333544200667677, 0.2240672773644739, 0.2608277798894821, 0.3995542857894615]",0.32945094077754633,0.5220824894171718,final_score_1,39,39,
pr_Agency_EBCI,test,05_19 Darisy,01_calib,test/05_19 Darisy/01_calib,"MATRIX_[8, 15]_robust_concat_01_calib.hdf","C:\Users\hodor\Documents\lab-Shishkin\projects\BCI_classifier\data\pr_Agency_EBCI\features\csp\test\05_19 Darisy\MATRIX_[8, 15]_robust_concat_01_calib.hdf","[8, 15]","[0, 1]","[0, 1]",2,lda,time_series_by_class,3,5,30,0.8333333333333334,0.8333333333333333,0.14406951078648406,"[0.4333544200667677, 0.2240672773644739]",0.32871084871562084,0.5197831980000687,final_score_1,40,40,
pr_Agency_EBCI,test,05_19 Darisy,01_calib,test/05_19 Darisy/01_calib,"MATRIX_[10, 14]_robust_concat_01_calib.hdf","C:\Users\hodor\Documents\lab-Shishkin\projects\BCI_classifier\data\pr_Agency_EBCI\features\csp\test\05_19 Darisy\MATRIX_[10, 14]_robust_concat_01_calib.hdf","[10, 14]","[0, 2, -2]","[0, 2, 54]",3,lda,time_series_by_class,3,5,30,0.7666666666666667,0.7666666666666666,0.1804524101905089,"[0.6155628876223234, 0.2627644236546135, 0.1403250639595052]",0.3395507917454807,0.5180492229029824,final_score_1,41,41,
pr_Agency_EBCI,test,05_19 Darisy,01_calib,test/05_19 Darisy/01_calib,"MATRIX_[9, 13]_robust_concat_01_calib.hdf","C:\Users\hodor\Documents\lab-Shishkin\projects\BCI_classifier\data\pr_Agency_EBCI\features\csp\test\05_19 Darisy\MATRIX_[9, 13]_robust_concat_01_calib.hdf","[9, 13]","[0, -3, -1]","[0, 53, 55]",3,lda,time_series_by_class,3,5,30,0.8,0.8,0.14873887693614313,"[0.5095949333478689, 0.0755720434981172, 0.3954432866163586]",0.32687008782078153,0.5143284467468121,final_score_1,42,42,
pr_Agency_EBCI,test,05_19 Darisy,01_calib,test/05_19 Darisy/01_calib,"MATRIX_[10, 14]_robust_concat_01_calib.hdf","C:\Users\hodor\Documents\lab-Shishkin\projects\BCI_classifier\data\pr_Agency_EBCI\features\csp\test\05_19 Darisy\MATRIX_[10, 14]_robust_concat_01_calib.hdf","[10, 14]","[0, -3, -2, -1]","[0, 53, 54, 55]",4,lda,time_series_by_class,3,5,30,0.8,0.8,0.16336851014557016,"[0.6155628876223234, 0.0933943362388788, 0.1403250639595052, 0.4765943612423753]",0.33146916226577067,0.5139115880736536,final_score_1,43,43,
pr_Agency_EBCI,test,05_19 Darisy,01_calib,test/05_19 Darisy/01_calib,"MATRIX_[8, 15]_robust_concat_01_calib.hdf","C:\Users\hodor\Documents\lab-Shishkin\projects\BCI_classifier\data\pr_Agency_EBCI\features\csp\test\05_19 Darisy\MATRIX_[8, 15]_robust_concat_01_calib.hdf","[8, 15]","[2, -1]","[2, 55]",2,lda,time_series_by_class,3,5,30,0.8,0.8,0.16673506895886936,"[0.2608277798894821, 0.3995542857894615]",0.3301910328394718,0.5102616400911082,final_score_1,44,44,
pr_Agency_EBCI,test,05_19 Darisy,01_calib,test/05_19 Darisy/01_calib,"MATRIX_[9, 13]_robust_concat_01_calib.hdf","C:\Users\hodor\Documents\lab-Shishkin\projects\BCI_classifier\data\pr_Agency_EBCI\features\csp\test\05_19 Darisy\MATRIX_[9, 13]_robust_concat_01_calib.hdf","[9, 13]","[-2, -1]","[54, 55]",2,lda,time_series_by_class,3,5,30,0.8333333333333334,0.8333333333333333,0.11924514766918531,"[0.2309537628961316, 0.3954432866163586]",0.3131985247562451,0.5094104496941264,final_score_1,45,45,
pr_Agency_EBCI,test,05_19 Darisy,01_calib,test/05_19 Darisy/01_calib,"MATRIX_[10, 14]_robust_concat_01_calib.hdf","C:\Users\hodor\Documents\lab-Shishkin\projects\BCI_classifier\data\pr_Agency_EBCI\features\csp\test\05_19 Darisy\MATRIX_[10, 14]_robust_concat_01_calib.hdf","[10, 14]","[0, 2, -3]","[0, 2, 53]",3,lda,time_series_by_class,3,5,30,0.7666666666666667,0.7666666666666666,0.1571310373582829,"[0.6155628876223234, 0.2627644236546135, 0.0933943362388788]",0.3239072158386052,0.5053012600160948,final_score_1,46,46,
pr_Agency_EBCI,test,05_19 Darisy,01_calib,test/05_19 Darisy/01_calib,"MATRIX_[9, 13]_robust_concat_01_calib.hdf","C:\Users\hodor\Documents\lab-Shishkin\projects\BCI_classifier\data\pr_Agency_EBCI\features\csp\test\05_19 Darisy\MATRIX_[9, 13]_robust_concat_01_calib.hdf","[9, 13]","[0, 1, -2]","[0, 1, 54]",3,lda,time_series_by_class,3,5,30,0.8333333333333334,0.8333333333333333,0.1585669677245201,"[0.5095949333478689, 0.2317744521979455, 0.2309537628961316]",0.3241077161473153,0.5048871773476123,final_score_1,47,47,
pr_Agency_EBCI,test,05_19 Darisy,01_calib,test/05_19 Darisy/01_calib,"MATRIX_[8, 12]_robust_concat_01_calib.hdf","C:\Users\hodor\Documents\lab-Shishkin\projects\BCI_classifier\data\pr_Agency_EBCI\features\csp\test\05_19 Darisy\MATRIX_[8, 12]_robust_concat_01_calib.hdf","[8, 12]","[0, -3]","[0, 53]",2,lda,time_series_by_class,3,5,30,0.7666666666666667,0.7666666666666666,0.19901633693442547,"[0.4626070346403531, 0.2070244099967982]",0.33481572231857565,0.502636280690149,final_score_1,48,48,
pr_Agency_EBCI,test,05_19 Darisy,01_calib,test/05_19 Darisy/01_calib,"MATRIX_[10, 14]_robust_concat_01_calib.hdf","C:\Users\hodor\Documents\lab-Shishkin\projects\BCI_classifier\data\pr_Agency_EBCI\features\csp\test\05_19 Darisy\MATRIX_[10, 14]_robust_concat_01_calib.hdf","[10, 14]","[1, -1]","[1, 55]",2,lda,time_series_by_class,3,5,30,0.9,0.9,0.07415531225328106,"[0.1041059139348124, 0.4765943612423753]",0.29035013758859385,0.5021644812190036,final_score_1,49,49,
pr_Agency_EBCI,test,05_19 Darisy,01_calib,test/05_19 Darisy/01_calib,"MATRIX_[10, 14]_robust_concat_01_calib.hdf","C:\Users\hodor\Documents\lab-Shishkin\projects\BCI_classifier\data\pr_Agency_EBCI\features\csp\test\05_19 Darisy\MATRIX_[10, 14]_robust_concat_01_calib.hdf","[10, 14]","[0, 1, -2]","[0, 1, 54]",3,lda,time_series_by_class,3,5,30,0.9333333333333333,0.9333333333333333,0.06717583980479432,"[0.6155628876223234, 0.1041059139348124, 0.1403250639595052]",0.2866646218388803,0.5012533526525086,final_score_1,50,50,
pr_Agency_EBCI,test,05_19 Darisy,01_calib,test/05_19 Darisy/01_calib,"MATRIX_[8, 12]_robust_concat_01_calib.hdf","C:\Users\hodor\Documents\lab-Shishkin\projects\BCI_classifier\data\pr_Agency_EBCI\features\csp\test\05_19 Darisy\MATRIX_[8, 12]_robust_concat_01_calib.hdf","[8, 12]","[0, 2, -3, -1]","[0, 2, 53, 55]",4,lda,time_series_by_class,3,5,30,0.9,0.9,0.07510662253327877,"[0.4626070346403531, 0.0925280064319718, 0.2070244099967982, 0.3958124682644303]",0.28949297983338834,0.4999517300936583,final_score_1,51,51,
pr_Agency_EBCI,test,05_19 Darisy,01_calib,test/05_19 Darisy/01_calib,"MATRIX_[8, 12]_robust_concat_01_calib.hdf","C:\Users\hodor\Documents\lab-Shishkin\projects\BCI_classifier\data\pr_Agency_EBCI\features\csp\test\05_19 Darisy\MATRIX_[8, 12]_robust_concat_01_calib.hdf","[8, 12]","[0, 1, -3]","[0, 1, 53]",3,lda,time_series_by_class,3,5,30,0.8333333333333334,0.8333333333333333,0.17354339659662013,"[0.4626070346403531, 0.3023887911207212, 0.2070244099967982]",0.32400674525262413,0.49748417690028385,final_score_1,52,52,
pr_Agency_EBCI,test,05_19 Darisy,01_calib,test/05_19 Darisy/01_calib,"MATRIX_[10, 14]_robust_concat_01_calib.hdf","C:\Users\hodor\Documents\lab-Shishkin\projects\BCI_classifier\data\pr_Agency_EBCI\features\csp\test\05_19 Darisy\MATRIX_[10, 14]_robust_concat_01_calib.hdf","[10, 14]","[-2, -1]","[54, 55]",2,lda,time_series_by_class,3,5,30,0.8666666666666667,0.8666666666666667,0.12923973327388008,"[0.1403250639595052, 0.4765943612423753]",0.30845971260094024,0.4958366792469107,final_score_1,53,53,
pr_Agency_EBCI,test,05_19 Darisy,01_calib,test/05_19 Darisy/01_calib,"MATRIX_[9, 13]_robust_concat_01_calib.hdf","C:\Users\hodor\Documents\lab-Shishkin\projects\BCI_classifier\data\pr_Agency_EBCI\features\csp\test\05_19 Darisy\MATRIX_[9, 13]_robust_concat_01_calib.hdf","[9, 13]","[0, -3, -2, -1]","[0, 53, 54, 55]",4,lda,time_series_by_class,3,5,30,0.8666666666666667,0.8666666666666667,0.11814199157628152,"[0.5095949333478689, 0.0755720434981172, 0.2309537628961316, 0.3954432866163586]",0.30289100658961904,0.4933034731042723,final_score_1,54,54,
pr_Agency_EBCI,test,05_19 Darisy,01_calib,test/05_19 Darisy/01_calib,"MATRIX_[9, 13]_robust_concat_01_calib.hdf","C:\Users\hodor\Documents\lab-Shishkin\projects\BCI_classifier\data\pr_Agency_EBCI\features\csp\test\05_19 Darisy\MATRIX_[9, 13]_robust_concat_01_calib.hdf","[9, 13]","[1, -1]","[1, 55]",2,lda,time_series_by_class,3,5,30,0.8,0.8,0.1491473876734844,"[0.2317744521979455, 0.3954432866163586]",0.31360886940715205,0.4932515535451372,final_score_1,55,55,
pr_Agency_EBCI,test,05_19 Darisy,01_calib,test/05_19 Darisy/01_calib,"MATRIX_[10, 14]_robust_concat_01_calib.hdf","C:\Users\hodor\Documents\lab-Shishkin\projects\BCI_classifier\data\pr_Agency_EBCI\features\csp\test\05_19 Darisy\MATRIX_[10, 14]_robust_concat_01_calib.hdf","[10, 14]","[0, 1, 2, -2]","[0, 1, 2, 54]",4,lda,time_series_by_class,3,5,30,0.9333333333333333,0.9333333333333333,0.0657589901570915,"[0.6155628876223234, 0.1041059139348124, 0.2627644236546135, 0.1403250639595052]",0.2806895722928136,0.49192575446440945,final_score_1,56,56,
pr_Agency_EBCI,test,05_19 Darisy,01_calib,test/05_19 Darisy/01_calib,"MATRIX_[9, 13]_robust_concat_01_calib.hdf","C:\Users\hodor\Documents\lab-Shishkin\projects\BCI_classifier\data\pr_Agency_EBCI\features\csp\test\05_19 Darisy\MATRIX_[9, 13]_robust_concat_01_calib.hdf","[9, 13]","[0, 1, 2]","[0, 1, 2]",3,lda,time_series_by_class,3,5,30,0.9,0.9,0.0966845179387961,"[0.5095949333478689, 0.2317744521979455, 0.13849277242436]",0.2932873859900581,0.4909973224758988,final_score_1,57,57,
pr_Agency_EBCI,test,05_19 Darisy,01_calib,test/05_19 Darisy/01_calib,"MATRIX_[8, 12]_robust_concat_01_calib.hdf","C:\Users\hodor\Documents\lab-Shishkin\projects\BCI_classifier\data\pr_Agency_EBCI\features\csp\test\05_19 Darisy\MATRIX_[8, 12]_robust_concat_01_calib.hdf","[8, 12]","[1, -3, -1]","[1, 53, 55]",3,lda,time_series_by_class,3,5,30,0.8333333333333334,0.8333333333333333,0.1199033355851731,"[0.3023887911207212, 0.2070244099967982, 0.3958124682644303]",0.30174188979398325,0.4903875562994803,final_score_1,58,58,
pr_Agency_EBCI,test,05_19 Darisy,01_calib,test/05_19 Darisy/01_calib,"MATRIX_[8, 12]_robust_concat_01_calib.hdf","C:\Users\hodor\Documents\lab-Shishkin\projects\BCI_classifier\data\pr_Agency_EBCI\features\csp\test\05_19 Darisy\MATRIX_[8, 12]_robust_concat_01_calib.hdf","[8, 12]","[0, 1, 2]","[0, 1, 2]",3,lda,time_series_by_class,3,5,30,0.9,0.9,0.07956324256490427,"[0.4626070346403531, 0.3023887911207212, 0.0925280064319718]",0.285841277397682,0.49033259376329486,final_score_1,59,59,
pr_Agency_EBCI,test,05_19 Darisy,01_calib,test/05_19 Darisy/01_calib,"MATRIX_[8, 15]_robust_concat_01_calib.hdf","C:\Users\hodor\Documents\lab-Shishkin\projects\BCI_classifier\data\pr_Agency_EBCI\features\csp\test\05_19 Darisy\MATRIX_[8, 15]_robust_concat_01_calib.hdf","[8, 15]","[0, 1, 2]","[0, 1, 2]",3,lda,time_series_by_class,3,5,30,0.8666666666666667,0.8666666666666667,0.13232623914940814,"[0.4333544200667677, 0.2240672773644739, 0.2608277798894821]",0.3060831591069079,0.49028959425950397,final_score_1,60,60,
pr_Agency_EBCI,test,05_19 Darisy,01_calib,test/05_19 Darisy/01_calib,"MATRIX_[8, 12]_robust_concat_01_calib.hdf","C:\Users\hodor\Documents\lab-Shishkin\projects\BCI_classifier\data\pr_Agency_EBCI\features\csp\test\05_19 Darisy\MATRIX_[8, 12]_robust_concat_01_calib.hdf","[8, 12]","[-3, -1]","[53, 55]",2,lda,time_series_by_class,3,5,30,0.8333333333333334,0.8333333333333333,0.12386517004425145,"[0.2070244099967982, 0.3958124682644303]",0.3014184391306142,0.4875566639291807,final_score_1,61,61,
pr_Agency_EBCI,test,05_19 Darisy,01_calib,test/05_19 Darisy/01_calib,"MATRIX_[9, 13]_robust_concat_01_calib.hdf","C:\Users\hodor\Documents\lab-Shishkin\projects\BCI_classifier\data\pr_Agency_EBCI\features\csp\test\05_19 Darisy\MATRIX_[9, 13]_robust_concat_01_calib.hdf","[9, 13]","[0, 2, -3, -1]","[0, 2, 53, 55]",4,lda,time_series_by_class,3,5,30,0.9333333333333333,0.9333333333333333,0.0706719848343241,"[0.5095949333478689, 0.13849277242436, 0.0755720434981172, 0.3954432866163586]",0.27977575897167617,0.48650255350338534,final_score_1,62,62,
pr_Agency_EBCI,test,05_19 Darisy,01_calib,test/05_19 Darisy/01_calib,"MATRIX_[10, 14]_robust_concat_01_calib.hdf","C:\Users\hodor\Documents\lab-Shishkin\projects\BCI_classifier\data\pr_Agency_EBCI\features\csp\test\05_19 Darisy\MATRIX_[10, 14]_robust_concat_01_calib.hdf","[10, 14]","[1, 2, -1]","[1, 2, 55]",3,lda,time_series_by_class,3,5,30,0.9333333333333333,0.9333333333333333,0.07709971267757809,"[0.1041059139348124, 0.2627644236546135, 0.4765943612423753]",0.2811548996106004,0.48408177881508435,final_score_1,63,63,
pr_Agency_EBCI,test,05_19 Darisy,01_calib,test/05_19 Darisy/01_calib,"MATRIX_[8, 15]_robust_concat_01_calib.hdf","C:\Users\hodor\Documents\lab-Shishkin\projects\BCI_classifier\data\pr_Agency_EBCI\features\csp\test\05_19 Darisy\MATRIX_[8, 15]_robust_concat_01_calib.hdf","[8, 15]","[1, -1]","[1, 55]",2,lda,time_series_by_class,3,5,30,0.8333333333333334,0.8333333333333333,0.1623166490621351,"[0.2240672773644739, 0.3995542857894615]",0.31181078157696773,0.48393137409409165,final_score_1,64,64,
pr_Agency_EBCI,test,05_19 Darisy,01_calib,test/05_19 Darisy/01_calib,"MATRIX_[9, 13]_robust_concat_01_calib.hdf","C:\Users\hodor\Documents\lab-Shishkin\projects\BCI_classifier\data\pr_Agency_EBCI\features\csp\test\05_19 Darisy\MATRIX_[9, 13]_robust_concat_01_calib.hdf","[9, 13]","[0, 1, -3, -1]","[0, 1, 53, 55]",4,lda,time_series_by_class,3,5,30,0.8666666666666667,0.8666666666666667,0.13645646451707485,"[0.5095949333478689, 0.2317744521979455, 0.0755720434981172, 0.3954432866163586]",0.3030961789150725,0.4832658061208477,final_score_1,65,65,
pr_Agency_EBCI,test,05_19 Darisy,01_calib,test/05_19 Darisy/01_calib,"MATRIX_[8, 12]_robust_concat_01_calib.hdf","C:\Users\hodor\Documents\lab-Shishkin\projects\BCI_classifier\data\pr_Agency_EBCI\features\csp\test\05_19 Darisy\MATRIX_[8, 12]_robust_concat_01_calib.hdf","[8, 12]","[0, 2]","[0, 2]",2,lda,time_series_by_class,3,5,30,0.9333333333333333,0.9333333333333333,0.07640362496193062,"[0.4626070346403531, 0.0925280064319718]",0.27756752053616246,0.47840969152751045,final_score_1,66,66,
pr_Agency_EBCI,test,05_19 Darisy,01_calib,test/05_19 Darisy/01_calib,"MATRIX_[9, 13]_robust_concat_01_calib.hdf","C:\Users\hodor\Documents\lab-Shishkin\projects\BCI_classifier\data\pr_Agency_EBCI\features\csp\test\05_19 Darisy\MATRIX_[9, 13]_robust_concat_01_calib.hdf","[9, 13]","[0, 2, -2]","[0, 2, 54]",3,lda,time_series_by_class,3,5,30,0.8333333333333334,0.8333333333333333,0.11969310130131099,"[0.5095949333478689, 0.13849277242436, 0.2309537628961316]",0.2930138228894535,0.4763232666633357,final_score_1,67,67,
pr_Agency_EBCI,test,05_19 Darisy,01_calib,test/05_19 Darisy/01_calib,"MATRIX_[10, 14]_robust_concat_01_calib.hdf","C:\Users\hodor\Documents\lab-Shishkin\projects\BCI_classifier\data\pr_Agency_EBCI\features\csp\test\05_19 Darisy\MATRIX_[10, 14]_robust_concat_01_calib.hdf","[10, 14]","[2, -2, -1]","[2, 54, 55]",3,lda,time_series_by_class,3,5,30,0.8333333333333334,0.8333333333333333,0.13033154955535983,"[0.2627644236546135, 0.1403250639595052, 0.4765943612423753]",0.2932279496188313,0.470763489299209,final_score_1,68,68,
pr_Agency_EBCI,test,05_19 Darisy,01_calib,test/05_19 Darisy/01_calib,"MATRIX_[10, 14]_robust_concat_01_calib.hdf","C:\Users\hodor\Documents\lab-Shishkin\projects\BCI_classifier\data\pr_Agency_EBCI\features\csp\test\05_19 Darisy\MATRIX_[10, 14]_robust_concat_01_calib.hdf","[10, 14]","[0, 1, -3]","[0, 1, 53]",3,lda,time_series_by_class,3,5,30,0.9333333333333333,0.9333333333333333,0.07170187584815338,"[0.6155628876223234, 0.1041059139348124, 0.0933943362388788]",0.2710210459320049,0.4705198864063128,final_score_1,69,69,
pr_Agency_EBCI,test,05_19 Darisy,01_calib,test/05_19 Darisy/01_calib,"MATRIX_[8, 15]_robust_concat_01_calib.hdf","C:\Users\hodor\Documents\lab-Shishkin\projects\BCI_classifier\data\pr_Agency_EBCI\features\csp\test\05_19 Darisy\MATRIX_[8, 15]_robust_concat_01_calib.hdf","[8, 15]","[0, 2, -2, -1]","[0, 2, 54, 55]",4,lda,time_series_by_class,3,5,30,0.8333333333333334,0.8333333333333333,0.12113084089029114,"[0.4333544200667677, 0.2608277798894821, 0.061727590063505, 0.3995542857894615]",0.2888660189523041,0.46877151675591766,final_score_1,70,70,
pr_Agency_EBCI,test,05_19 Darisy,01_calib,test/05_19 Darisy/01_calib,"MATRIX_[8, 12]_robust_concat_01_calib.hdf","C:\Users\hodor\Documents\lab-Shishkin\projects\BCI_classifier\data\pr_Agency_EBCI\features\csp\test\05_19 Darisy\MATRIX_[8, 12]_robust_concat_01_calib.hdf","[8, 12]","[0, 1, -2, -1]","[0, 1, 54, 55]",4,lda,time_series_by_class,3,5,30,0.8,0.8,0.17283526494005688,"[0.4626070346403531, 0.3023887911207212, 0.0586022629321345, 0.3958124682644303]",0.30485263923940975,0.46838472319526775,final_score_1,71,71,
pr_Agency_EBCI,test,05_19 Darisy,01_calib,test/05_19 Darisy/01_calib,"MATRIX_[8, 15]_robust_concat_01_calib.hdf","C:\Users\hodor\Documents\lab-Shishkin\projects\BCI_classifier\data\pr_Agency_EBCI\features\csp\test\05_19 Darisy\MATRIX_[8, 15]_robust_concat_01_calib.hdf","[8, 15]","[0, -2, -1]","[0, 54, 55]",3,lda,time_series_by_class,3,5,30,0.7666666666666667,0.7666666666666666,0.15716515478543577,"[0.4333544200667677, 0.061727590063505, 0.3995542857894615]",0.29821209863991144,0.4652004482279669,final_score_1,72,72,
pr_Agency_EBCI,test,05_19 Darisy,01_calib,test/05_19 Darisy/01_calib,"MATRIX_[9, 13]_robust_concat_01_calib.hdf","C:\Users\hodor\Documents\lab-Shishkin\projects\BCI_classifier\data\pr_Agency_EBCI\features\csp\test\05_19 Darisy\MATRIX_[9, 13]_robust_concat_01_calib.hdf","[9, 13]","[0, 1, 2, -2]","[0, 1, 2, 54]",4,lda,time_series_by_class,3,5,30,0.9,0.9,0.09686466445060779,"[0.5095949333478689, 0.2317744521979455, 0.13849277242436, 0.2309537628961316]",0.2777039802165765,0.4647952803755287,final_score_1,73,73,
pr_Agency_EBCI,test,05_19 Darisy,01_calib,test/05_19 Darisy/01_calib,"MATRIX_[8, 12]_robust_concat_01_calib.hdf","C:\Users\hodor\Documents\lab-Shishkin\projects\BCI_classifier\data\pr_Agency_EBCI\features\csp\test\05_19 Darisy\MATRIX_[8, 12]_robust_concat_01_calib.hdf","[8, 12]","[0, -2, -1]","[0, 54, 55]",3,lda,time_series_by_class,3,5,30,0.7666666666666667,0.7666666666666666,0.18923658604622118,"[0.4626070346403531, 0.0586022629321345, 0.3958124682644303]",0.3056739219456393,0.4627372263233738,final_score_1,74,74,
pr_Agency_EBCI,test,05_19 Darisy,01_calib,test/05_19 Darisy/01_calib,"MATRIX_[9, 13]_robust_concat_01_calib.hdf","C:\Users\hodor\Documents\lab-Shishkin\projects\BCI_classifier\data\pr_Agency_EBCI\features\csp\test\05_19 Darisy\MATRIX_[9, 13]_robust_concat_01_calib.hdf","[9, 13]","[1, -2, -1]","[1, 54, 55]",3,lda,time_series_by_class,3,5,30,0.8333333333333334,0.8333333333333333,0.12651634236460602,"[0.2317744521979455, 0.2309537628961316, 0.3954432866163586]",0.2860571672368119,0.461274839445932,final_score_1,75,75,
pr_Agency_EBCI,test,05_19 Darisy,01_calib,test/05_19 Darisy/01_calib,"MATRIX_[8, 15]_robust_concat_01_calib.hdf","C:\Users\hodor\Documents\lab-Shishkin\projects\BCI_classifier\data\pr_Agency_EBCI\features\csp\test\05_19 Darisy\MATRIX_[8, 15]_robust_concat_01_calib.hdf","[8, 15]","[0, 2, -3, -1]","[0, 2, 53, 55]",4,lda,time_series_by_class,3,5,30,0.8666666666666667,0.8666666666666667,0.1392863436033583,"[0.4333544200667677, 0.2608277798894821, 0.0660394722123664, 0.3995542857894615]",0.28994398948951944,0.4608580241719631,final_score_1,76,76,
pr_Agency_EBCI,test,05_19 Darisy,01_calib,test/05_19 Darisy/01_calib,"MATRIX_[8, 15]_robust_concat_01_calib.hdf","C:\Users\hodor\Documents\lab-Shishkin\projects\BCI_classifier\data\pr_Agency_EBCI\features\csp\test\05_19 Darisy\MATRIX_[8, 15]_robust_concat_01_calib.hdf","[8, 15]","[1, 2, -1]","[1, 2, 55]",3,lda,time_series_by_class,3,5,30,0.8333333333333334,0.8333333333333333,0.15994834025197371,"[0.2240672773644739, 0.2608277798894821, 0.3995542857894615]",0.2948164476811392,0.45862686974046,final_score_1,77,77,
pr_Agency_EBCI,test,05_19 Darisy,01_calib,test/05_19 Darisy/01_calib,"MATRIX_[8, 15]_robust_concat_01_calib.hdf","C:\Users\hodor\Documents\lab-Shishkin\projects\BCI_classifier\data\pr_Agency_EBCI\features\csp\test\05_19 Darisy\MATRIX_[8, 15]_robust_concat_01_calib.hdf","[8, 15]","[0, -3, -1]","[0, 53, 55]",3,lda,time_series_by_class,3,5,30,0.7666666666666667,0.7666666666666666,0.1773916613163373,"[0.4333544200667677, 0.0660394722123664, 0.3995542857894615]",0.2996493926895319,0.4584496118805753,final_score_1,78,78,
pr_Agency_EBCI,test,05_19 Darisy,01_calib,test/05_19 Darisy/01_calib,"MATRIX_[8, 12]_robust_concat_01_calib.hdf","C:\Users\hodor\Documents\lab-Shishkin\projects\BCI_classifier\data\pr_Agency_EBCI\features\csp\test\05_19 Darisy\MATRIX_[8, 12]_robust_concat_01_calib.hdf","[8, 12]","[0, 1, 2, -3]","[0, 1, 2, 53]",4,lda,time_series_by_class,3,5,30,0.9333333333333333,0.9333333333333333,0.07681073260539677,"[0.4626070346403531, 0.3023887911207212, 0.0925280064319718, 0.2070244099967982]",0.26613706054746106,0.4584251687739933,final_score_1,79,79,
pr_Agency_EBCI,test,05_19 Darisy,01_calib,test/05_19 Darisy/01_calib,"MATRIX_[10, 14]_robust_concat_01_calib.hdf","C:\Users\hodor\Documents\lab-Shishkin\projects\BCI_classifier\data\pr_Agency_EBCI\features\csp\test\05_19 Darisy\MATRIX_[10, 14]_robust_concat_01_calib.hdf","[10, 14]","[0, 1, 2, -3]","[0, 1, 2, 53]",4,lda,time_series_by_class,3,5,30,0.9,0.9,0.09008915980799309,"[0.6155628876223234, 0.1041059139348124, 0.2627644236546135, 0.0933943362388788]",0.268956890362657,0.4543873907927157,final_score_1,80,80,
pr_Agency_EBCI,test,05_19 Darisy,01_calib,test/05_19 Darisy/01_calib,"MATRIX_[10, 14]_robust_concat_01_calib.hdf","C:\Users\hodor\Documents\lab-Shishkin\projects\BCI_classifier\data\pr_Agency_EBCI\features\csp\test\05_19 Darisy\MATRIX_[10, 14]_robust_concat_01_calib.hdf","[10, 14]","[-3, -1]","[53, 55]",2,lda,time_series_by_class,3,5,30,0.8,0.8,0.13979907303670366,"[0.0933943362388788, 0.4765943612423753]",0.28499434874062707,0.45273721289484636,final_score_1,81,81,
pr_Agency_EBCI,test,05_19 Darisy,01_calib,test/05_19 Darisy/01_calib,"MATRIX_[10, 14]_robust_concat_01_calib.hdf","C:\Users\hodor\Documents\lab-Shishkin\projects\BCI_classifier\data\pr_Agency_EBCI\features\csp\test\05_19 Darisy\MATRIX_[10, 14]_robust_concat_01_calib.hdf","[10, 14]","[2, -3, -1]","[2, 53, 55]",3,lda,time_series_by_class,3,5,30,0.8333333333333334,0.8333333333333333,0.13067854177801083,"[0.2627644236546135, 0.0933943362388788, 0.4765943612423753]",0.2775843737119559,0.44547211884317894,final_score_1,82,82,
pr_Agency_EBCI,test,05_19 Darisy,01_calib,test/05_19 Darisy/01_calib,"MATRIX_[8, 15]_robust_concat_01_calib.hdf","C:\Users\hodor\Documents\lab-Shishkin\projects\BCI_classifier\data\pr_Agency_EBCI\features\csp\test\05_19 Darisy\MATRIX_[8, 15]_robust_concat_01_calib.hdf","[8, 15]","[0, 1, -2, -1]","[0, 1, 54, 55]",4,lda,time_series_by_class,3,5,30,0.8333333333333334,0.8333333333333333,0.13861692549749546,"[0.4333544200667677, 0.2240672773644739, 0.061727590063505, 0.3995542857894615]",0.279675893321052,0.4448630840736422,final_score_1,83,83,
pr_Agency_EBCI,test,05_19 Darisy,01_calib,test/05_19 Darisy/01_calib,"MATRIX_[9, 13]_robust_concat_01_calib.hdf","C:\Users\hodor\Documents\lab-Shishkin\projects\BCI_classifier\data\pr_Agency_EBCI\features\csp\test\05_19 Darisy\MATRIX_[9, 13]_robust_concat_01_calib.hdf","[9, 13]","[0, -3]","[0, 53]",2,lda,time_series_by_class,3,5,30,0.7666666666666667,0.7666666666666666,0.1941086523305553,"[0.5095949333478689, 0.0755720434981172]",0.29258348842299303,0.4410620801477903,final_score_1,84,84,
pr_Agency_EBCI,test,05_19 Darisy,01_calib,test/05_19 Darisy/01_calib,"MATRIX_[8, 15]_robust_concat_01_calib.hdf","C:\Users\hodor\Documents\lab-Shishkin\projects\BCI_classifier\data\pr_Agency_EBCI\features\csp\test\05_19 Darisy\MATRIX_[8, 15]_robust_concat_01_calib.hdf","[8, 15]","[0, 1, -3, -1]","[0, 1, 53, 55]",4,lda,time_series_by_class,3,5,30,0.8333333333333334,0.8333333333333333,0.15443461155844654,"[0.4333544200667677, 0.2240672773644739, 0.0660394722123664, 0.3995542857894615]",0.2807538638582674,0.4391773669263197,final_score_1,85,85,
pr_Agency_EBCI,test,05_19 Darisy,01_calib,test/05_19 Darisy/01_calib,"MATRIX_[10, 14]_robust_concat_01_calib.hdf","C:\Users\hodor\Documents\lab-Shishkin\projects\BCI_classifier\data\pr_Agency_EBCI\features\csp\test\05_19 Darisy\MATRIX_[10, 14]_robust_concat_01_calib.hdf","[10, 14]","[0, -3, -2]","[0, 53, 54]",3,lda,time_series_by_class,3,5,30,0.8,0.8,0.16278576332863817,"[0.6155628876223234, 0.0933943362388788, 0.1403250639595052]",0.28309409594023577,0.4391609125334703,final_score_1,86,86,
pr_Agency_EBCI,test,05_19 Darisy,01_calib,test/05_19 Darisy/01_calib,"MATRIX_[8, 12]_robust_concat_01_calib.hdf","C:\Users\hodor\Documents\lab-Shishkin\projects\BCI_classifier\data\pr_Agency_EBCI\features\csp\test\05_19 Darisy\MATRIX_[8, 12]_robust_concat_01_calib.hdf","[8, 12]","[0, 2, -3]","[0, 2, 53]",3,lda,time_series_by_class,3,5,30,0.9333333333333333,0.9333333333333333,0.07575117851224618,"[0.4626070346403531, 0.0925280064319718, 0.2070244099967982]",0.2540531503563744,0.4383157538578799,final_score_1,87,87,
pr_Agency_EBCI,test,05_19 Darisy,01_calib,test/05_19 Darisy/01_calib,"MATRIX_[9, 13]_robust_concat_01_calib.hdf","C:\Users\hodor\Documents\lab-Shishkin\projects\BCI_classifier\data\pr_Agency_EBCI\features\csp\test\05_19 Darisy\MATRIX_[9, 13]_robust_concat_01_calib.hdf","[9, 13]","[2, -2, -1]","[2, 54, 55]",3,lda,time_series_by_class,3,5,30,0.9,0.9,0.08745139312291574,"[0.13849277242436, 0.2309537628961316, 0.3954432866163586]",0.2549632739789501,0.4323590216279632,final_score_1,88,88,
pr_Agency_EBCI,test,05_19 Darisy,01_calib,test/05_19 Darisy/01_calib,"MATRIX_[8, 12]_robust_concat_01_calib.hdf","C:\Users\hodor\Documents\lab-Shishkin\projects\BCI_classifier\data\pr_Agency_EBCI\features\csp\test\05_19 Darisy\MATRIX_[8, 12]_robust_concat_01_calib.hdf","[8, 12]","[0, -3, -2, -1]","[0, 53, 54, 55]",4,lda,time_series_by_class,3,5,30,0.8,0.8,0.17411835180786608,"[0.4626070346403531, 0.2070244099967982, 0.0586022629321345, 0.3958124682644303]",0.281011543958429,0.43123755805289204,final_score_1,89,89,
pr_Agency_EBCI,test,05_19 Darisy,01_calib,test/05_19 Darisy/01_calib,"MATRIX_[8, 12]_robust_concat_01_calib.hdf","C:\Users\hodor\Documents\lab-Shishkin\projects\BCI_classifier\data\pr_Agency_EBCI\features\csp\test\05_19 Darisy\MATRIX_[8, 12]_robust_concat_01_calib.hdf","[8, 12]","[0, 2, -2, -1]","[0, 2, 54, 55]",4,lda,time_series_by_class,3,5,30,0.9,0.9,0.08493782392895849,"[0.4626070346403531, 0.0925280064319718, 0.0586022629321345, 0.3958124682644303]",0.2523874430672224,0.4295400861155166,final_score_1,90,90,
pr_Agency_EBCI,test,05_19 Darisy,01_calib,test/05_19 Darisy/01_calib,"MATRIX_[9, 13]_robust_concat_01_calib.hdf","C:\Users\hodor\Documents\lab-Shishkin\projects\BCI_classifier\data\pr_Agency_EBCI\features\csp\test\05_19 Darisy\MATRIX_[9, 13]_robust_concat_01_calib.hdf","[9, 13]","[2, -1]","[2, 55]",2,lda,time_series_by_class,3,5,30,0.8333333333333334,0.8333333333333334,0.13007143989955183,"[0.13849277242436, 0.3954432866163586]",0.2669680295203593,0.4287318159307216,final_score_1,91,91,
pr_Agency_EBCI,test,05_19 Darisy,01_calib,test/05_19 Darisy/01_calib,"MATRIX_[10, 14]_robust_concat_01_calib.hdf","C:\Users\hodor\Documents\lab-Shishkin\projects\BCI_classifier\data\pr_Agency_EBCI\features\csp\test\05_19 Darisy\MATRIX_[10, 14]_robust_concat_01_calib.hdf","[10, 14]","[0, 2, -3, -2]","[0, 2, 53, 54]",4,lda,time_series_by_class,3,5,30,0.8,0.8,0.17276421868245712,"[0.6155628876223234, 0.2627644236546135, 0.0933943362388788, 0.1403250639595052]",0.27801167786883024,0.42717389029977026,final_score_1,92,92,
pr_Agency_EBCI,test,05_19 Darisy,01_calib,test/05_19 Darisy/01_calib,"MATRIX_[8, 12]_robust_concat_01_calib.hdf","C:\Users\hodor\Documents\lab-Shishkin\projects\BCI_classifier\data\pr_Agency_EBCI\features\csp\test\05_19 Darisy\MATRIX_[8, 12]_robust_concat_01_calib.hdf","[8, 12]","[0, 1, -2]","[0, 1, 54]",3,lda,time_series_by_class,3,5,30,0.8333333333333334,0.8333333333333333,0.16125031243415425,"[0.4626070346403531, 0.3023887911207212, 0.0586022629321345]",0.27453269623106963,0.42652298483800843,final_score_1,93,93,
pr_Agency_EBCI,test,05_19 Darisy,01_calib,test/05_19 Darisy/01_calib,"MATRIX_[8, 12]_robust_concat_01_calib.hdf","C:\Users\hodor\Documents\lab-Shishkin\projects\BCI_classifier\data\pr_Agency_EBCI\features\csp\test\05_19 Darisy\MATRIX_[8, 12]_robust_concat_01_calib.hdf","[8, 12]","[1, 2, -3, -1]","[1, 2, 53, 55]",4,lda,time_series_by_class,3,5,30,0.9,0.9,0.08507403552598831,"[0.3023887911207212, 0.0925280064319718, 0.2070244099967982, 0.3958124682644303]",0.24943841895348037,0.42443746331979254,final_score_1,94,94,
pr_Agency_EBCI,test,05_19 Darisy,01_calib,test/05_19 Darisy/01_calib,"MATRIX_[9, 13]_robust_concat_01_calib.hdf","C:\Users\hodor\Documents\lab-Shishkin\projects\BCI_classifier\data\pr_Agency_EBCI\features\csp\test\05_19 Darisy\MATRIX_[9, 13]_robust_concat_01_calib.hdf","[9, 13]","[0, 1, -3]","[0, 1, 53]",3,lda,time_series_by_class,3,5,30,0.8333333333333334,0.8333333333333333,0.15997793449356662,"[0.5095949333478689, 0.2317744521979455, 0.0755720434981172]",0.2723138096813105,0.42360853282283534,final_score_1,95,95,
pr_Agency_EBCI,test,05_19 Darisy,01_calib,test/05_19 Darisy/01_calib,"MATRIX_[8, 12]_robust_concat_01_calib.hdf","C:\Users\hodor\Documents\lab-Shishkin\projects\BCI_classifier\data\pr_Agency_EBCI\features\csp\test\05_19 Darisy\MATRIX_[8, 12]_robust_concat_01_calib.hdf","[8, 12]","[1, 2, -1]","[1, 2, 55]",3,lda,time_series_by_class,3,5,30,0.8,0.8,0.1357449518216344,"[0.3023887911207212, 0.0925280064319718, 0.3958124682644303]",0.2635764219390411,0.4205863311031061,final_score_1,96,96,
pr_Agency_EBCI,test,05_19 Darisy,01_calib,test/05_19 Darisy/01_calib,"MATRIX_[9, 13]_robust_concat_01_calib.hdf","C:\Users\hodor\Documents\lab-Shishkin\projects\BCI_classifier\data\pr_Agency_EBCI\features\csp\test\05_19 Darisy\MATRIX_[9, 13]_robust_concat_01_calib.hdf","[9, 13]","[1, 2, -1]","[1, 2, 55]",3,lda,time_series_by_class,3,5,30,0.8666666666666667,0.8666666666666667,0.11282215559069084,"[0.2317744521979455, 0.13849277242436, 0.3954432866163586]",0.25523683707955475,0.41842018743886683,final_score_1,97,97,
pr_Agency_EBCI,test,05_19 Darisy,01_calib,test/05_19 Darisy/01_calib,"MATRIX_[9, 13]_robust_concat_01_calib.hdf","C:\Users\hodor\Documents\lab-Shishkin\projects\BCI_classifier\data\pr_Agency_EBCI\features\csp\test\05_19 Darisy\MATRIX_[9, 13]_robust_concat_01_calib.hdf","[9, 13]","[0, -3, -2]","[0, 53, 54]",3,lda,time_series_by_class,3,5,30,0.7666666666666667,0.7666666666666666,0.1844563381277393,"[0.5095949333478689, 0.0755720434981172, 0.2309537628961316]",0.27204024658070586,0.41355969604823833,final_score_1,98,98,
pr_Agency_EBCI,test,05_19 Darisy,01_calib,test/05_19 Darisy/01_calib,"MATRIX_[8, 12]_robust_concat_01_calib.hdf","C:\Users\hodor\Documents\lab-Shishkin\projects\BCI_classifier\data\pr_Agency_EBCI\features\csp\test\05_19 Darisy\MATRIX_[8, 12]_robust_concat_01_calib.hdf","[8, 12]","[1, -2, -1]","[1, 54, 55]",3,lda,time_series_by_class,3,5,30,0.8333333333333334,0.8333333333333333,0.11431011433543506,"[0.3023887911207212, 0.0586022629321345, 0.3958124682644303]",0.25226784077242864,0.41278945892386093,final_score_1,99,99,
pr_Agency_EBCI,test,05_19 Darisy,01_calib,test/05_19 Darisy/01_calib,"MATRIX_[10, 14]_robust_concat_01_calib.hdf","C:\Users\hodor\Documents\lab-Shishkin\projects\BCI_classifier\data\pr_Agency_EBCI\features\csp\test\05_19 Darisy\MATRIX_[10, 14]_robust_concat_01_calib.hdf","[10, 14]","[0, 1, -3, -2]","[0, 1, 53, 54]",4,lda,time_series_by_class,3,5,30,0.9,0.9,0.07352727911206346,"[0.6155628876223234, 0.1041059139348124, 0.0933943362388788, 0.1403250639595052]",0.23834705043887994,0.4126236719243953,final_score_1,100,100,
pr_Agency_EBCI,test,05_19 Darisy,01_calib,test/05_19 Darisy/01_calib,"MATRIX_[9, 13]_robust_concat_01_calib.hdf","C:\Users\hodor\Documents\lab-Shishkin\projects\BCI_classifier\data\pr_Agency_EBCI\features\csp\test\05_19 Darisy\MATRIX_[9, 13]_robust_concat_01_calib.hdf","[9, 13]","[1, 2, -2, -1]","[1, 2, 54, 55]",4,lda,time_series_by_class,3,5,30,0.8666666666666667,0.8666666666666667,0.10762262620650462,"[0.2317744521979455, 0.13849277242436, 0.2309537628961316, 0.3954432866163586]",0.24916606853369894,0.4111606991669058,final_score_1,101,101,
pr_Agency_EBCI,test,05_19 Darisy,01_calib,test/05_19 Darisy/01_calib,"MATRIX_[10, 14]_robust_concat_01_calib.hdf","C:\Users\hodor\Documents\lab-Shishkin\projects\BCI_classifier\data\pr_Agency_EBCI\features\csp\test\05_19 Darisy\MATRIX_[10, 14]_robust_concat_01_calib.hdf","[10, 14]","[1, 2, -2, -1]","[1, 2, 54, 55]",4,lda,time_series_by_class,3,5,30,0.9,0.9,0.09830603002630654,"[0.1041059139348124, 0.2627644236546135, 0.1403250639595052, 0.4765943612423753]",0.2459474406978266,0.4108434977276743,final_score_1,102,102,
pr_Agency_EBCI,test,05_19 Darisy,01_calib,test/05_19 Darisy/01_calib,"MATRIX_[9, 13]_robust_concat_01_calib.hdf","C:\Users\hodor\Documents\lab-Shishkin\projects\BCI_classifier\data\pr_Agency_EBCI\features\csp\test\05_19 Darisy\MATRIX_[9, 13]_robust_concat_01_calib.hdf","[9, 13]","[0, 1, -3, -2]","[0, 1, 53, 54]",4,lda,time_series_by_class,3,5,30,0.8333333333333334,0.8333333333333333,0.15961615727150882,"[0.5095949333478689, 0.2317744521979455, 0.0755720434981172, 0.2309537628961316]",0.2619737979850158,0.407670142650212,final_score_1,103,103,
pr_Agency_EBCI,test,05_19 Darisy,01_calib,test/05_19 Darisy/01_calib,"MATRIX_[8, 12]_robust_concat_01_calib.hdf","C:\Users\hodor\Documents\lab-Shishkin\projects\BCI_classifier\data\pr_Agency_EBCI\features\csp\test\05_19 Darisy\MATRIX_[8, 12]_robust_concat_01_calib.hdf","[8, 12]","[1, -3]","[1, 53]",2,lda,time_series_by_class,3,5,30,0.8333333333333334,0.8333333333333333,0.13624289790709568,"[0.3023887911207212, 0.2070244099967982]",0.2547066005587597,0.40620815026830065,final_score_1,104,104,
pr_Agency_EBCI,test,05_19 Darisy,01_calib,test/05_19 Darisy/01_calib,"MATRIX_[8, 15]_robust_concat_01_calib.hdf","C:\Users\hodor\Documents\lab-Shishkin\projects\BCI_classifier\data\pr_Agency_EBCI\features\csp\test\05_19 Darisy\MATRIX_[8, 15]_robust_concat_01_calib.hdf","[8, 15]","[0, 2, -2]","[0, 2, 54]",3,lda,time_series_by_class,3,5,30,0.8333333333333334,0.8333333333333333,0.13425649671178125,"[0.4333544200667677, 0.2608277798894821, 0.061727590063505]",0.25196993000658496,0.402734347443683,final_score_1,105,105,
pr_Agency_EBCI,test,05_19 Darisy,01_calib,test/05_19 Darisy/01_calib,"MATRIX_[8, 12]_robust_concat_01_calib.hdf","C:\Users\hodor\Documents\lab-Shishkin\projects\BCI_classifier\data\pr_Agency_EBCI\features\csp\test\05_19 Darisy\MATRIX_[8, 12]_robust_concat_01_calib.hdf","[8, 12]","[0, -2]","[0, 54]",2,lda,time_series_by_class,3,5,30,0.7666666666666667,0.7666666666666666,0.16723277847243967,"[0.4626070346403531, 0.0586022629321345]",0.2606046487862438,0.4025335092056585,final_score_1,106,106,
pr_Agency_EBCI,test,05_19 Darisy,01_calib,test/05_19 Darisy/01_calib,"MATRIX_[8, 15]_robust_concat_01_calib.hdf","C:\Users\hodor\Documents\lab-Shishkin\projects\BCI_classifier\data\pr_Agency_EBCI\features\csp\test\05_19 Darisy\MATRIX_[8, 15]_robust_concat_01_calib.hdf","[8, 15]","[0, 2, -3]","[0, 2, 53]",3,lda,time_series_by_class,3,5,30,0.8333333333333334,0.8333333333333333,0.141550364285609,"[0.4333544200667677, 0.2608277798894821, 0.0660394722123664]",0.2534072240562054,0.40179367042187397,final_score_1,107,107,
pr_Agency_EBCI,test,05_19 Darisy,01_calib,test/05_19 Darisy/01_calib,"MATRIX_[10, 14]_robust_concat_01_calib.hdf","C:\Users\hodor\Documents\lab-Shishkin\projects\BCI_classifier\data\pr_Agency_EBCI\features\csp\test\05_19 Darisy\MATRIX_[10, 14]_robust_concat_01_calib.hdf","[10, 14]","[1, -2, -1]","[1, 54, 55]",3,lda,time_series_by_class,3,5,30,0.9,0.9,0.09812578976277674,"[0.1041059139348124, 0.1403250639595052, 0.4765943612423753]",0.240341779712231,0.40157692807257556,final_score_1,108,108,
pr_Agency_EBCI,test,05_19 Darisy,01_calib,test/05_19 Darisy/01_calib,"MATRIX_[8, 12]_robust_concat_01_calib.hdf","C:\Users\hodor\Documents\lab-Shishkin\projects\BCI_classifier\data\pr_Agency_EBCI\features\csp\test\05_19 Darisy\MATRIX_[8, 12]_robust_concat_01_calib.hdf","[8, 12]","[1, -3, -2, -1]","[1, 53, 54, 55]",4,lda,time_series_by_class,3,5,30,0.8666666666666667,0.8666666666666667,0.10042013695596338,"[0.3023887911207212, 0.2070244099967982, 0.0586022629321345, 0.3958124682644303]",0.24095698307852106,0.40137031989411637,final_score_1,109,109,
pr_Agency_EBCI,test,05_19 Darisy,01_calib,test/05_19 Darisy/01_calib,"MATRIX_[9, 13]_robust_concat_01_calib.hdf","C:\Users\hodor\Documents\lab-Shishkin\projects\BCI_classifier\data\pr_Agency_EBCI\features\csp\test\05_19 Darisy\MATRIX_[9, 13]_robust_concat_01_calib.hdf","[9, 13]","[0, 1, 2, -3]","[0, 1, 2, 53]",4,lda,time_series_by_class,3,5,30,0.9,0.9,0.09669558195292809,"[0.5095949333478689, 0.2317744521979455, 0.13849277242436, 0.0755720434981172]",0.23885855036707287,0.3998710931186995,final_score_1,110,110,
pr_Agency_EBCI,test,05_19 Darisy,01_calib,test/05_19 Darisy/01_calib,"MATRIX_[9, 13]_robust_concat_01_calib.hdf","C:\Users\hodor\Documents\lab-Shishkin\projects\BCI_classifier\data\pr_Agency_EBCI\features\csp\test\05_19 Darisy\MATRIX_[9, 13]_robust_concat_01_calib.hdf","[9, 13]","[0, 2, -3]","[0, 2, 53]",3,lda,time_series_by_class,3,5,30,0.8666666666666667,0.8666666666666667,0.10494531468999672,"[0.5095949333478689, 0.13849277242436, 0.0755720434981172]",0.24121991642344867,0.3994252764032664,final_score_1,111,111,
pr_Agency_EBCI,test,05_19 Darisy,01_calib,test/05_19 Darisy/01_calib,"MATRIX_[10, 14]_robust_concat_01_calib.hdf","C:\Users\hodor\Documents\lab-Shishkin\projects\BCI_classifier\data\pr_Agency_EBCI\features\csp\test\05_19 Darisy\MATRIX_[10, 14]_robust_concat_01_calib.hdf","[10, 14]","[1, 2, -3, -1]","[1, 2, 53, 55]",4,lda,time_series_by_class,3,5,30,0.9,0.9,0.08800672014492697,"[0.1041059139348124, 0.2627644236546135, 0.0933943362388788, 0.4765943612423753]",0.23421475876767,0.39686010166092717,final_score_1,112,112,
pr_Agency_EBCI,test,05_19 Darisy,01_calib,test/05_19 Darisy/01_calib,"MATRIX_[8, 12]_robust_concat_01_calib.hdf","C:\Users\hodor\Documents\lab-Shishkin\projects\BCI_classifier\data\pr_Agency_EBCI\features\csp\test\05_19 Darisy\MATRIX_[8, 12]_robust_concat_01_calib.hdf","[8, 12]","[0, 1, -3, -2]","[0, 1, 53, 54]",4,lda,time_series_by_class,3,5,30,0.8333333333333334,0.8333333333333333,0.17101627509620215,"[0.4626070346403531, 0.3023887911207212, 0.2070244099967982, 0.0586022629321345]",0.25765562467250175,0.3965474426153633,final_score_1,113,113,
pr_Agency_EBCI,test,05_19 Darisy,01_calib,test/05_19 Darisy/01_calib,"MATRIX_[8, 15]_robust_concat_01_calib.hdf","C:\Users\hodor\Documents\lab-Shishkin\projects\BCI_classifier\data\pr_Agency_EBCI\features\csp\test\05_19 Darisy\MATRIX_[8, 15]_robust_concat_01_calib.hdf","[8, 15]","[0, 1, 2, -2]","[0, 1, 2, 54]",4,lda,time_series_by_class,3,5,30,0.8666666666666667,0.8666666666666667,0.12546259389279732,"[0.4333544200667677, 0.2240672773644739, 0.2608277798894821, 0.061727590063505]",0.24499426684605718,0.39554567978462346,final_score_1,114,114,
pr_Agency_EBCI,test,05_19 Darisy,01_calib,test/05_19 Darisy/01_calib,"MATRIX_[8, 12]_robust_concat_01_calib.hdf","C:\Users\hodor\Documents\lab-Shishkin\projects\BCI_classifier\data\pr_Agency_EBCI\features\csp\test\05_19 Darisy\MATRIX_[8, 12]_robust_concat_01_calib.hdf","[8, 12]","[2, -3, -1]","[2, 53, 55]",3,lda,time_series_by_class,3,5,30,0.9,0.9,0.08793138129487413,"[0.0925280064319718, 0.2070244099967982, 0.3958124682644303]",0.23178829489773345,0.39279074892365023,final_score_1,115,115,
pr_Agency_EBCI,test,05_19 Darisy,01_calib,test/05_19 Darisy/01_calib,"MATRIX_[8, 15]_robust_concat_01_calib.hdf","C:\Users\hodor\Documents\lab-Shishkin\projects\BCI_classifier\data\pr_Agency_EBCI\features\csp\test\05_19 Darisy\MATRIX_[8, 15]_robust_concat_01_calib.hdf","[8, 15]","[0, 1, 2, -3]","[0, 1, 2, 53]",4,lda,time_series_by_class,3,5,30,0.8333333333333334,0.8333333333333333,0.13654998157421275,"[0.4333544200667677, 0.2240672773644739, 0.2608277798894821, 0.0660394722123664]",0.24607223738327252,0.39230444707306034,final_score_1,116,116,
pr_Agency_EBCI,test,05_19 Darisy,01_calib,test/05_19 Darisy/01_calib,"MATRIX_[9, 13]_robust_concat_01_calib.hdf","C:\Users\hodor\Documents\lab-Shishkin\projects\BCI_classifier\data\pr_Agency_EBCI\features\csp\test\05_19 Darisy\MATRIX_[9, 13]_robust_concat_01_calib.hdf","[9, 13]","[0, 2, -3, -2]","[0, 2, 53, 54]",4,lda,time_series_by_class,3,5,30,0.8666666666666667,0.8666666666666667,0.11265546395396177,"[0.5095949333478689, 0.13849277242436, 0.0755720434981172, 0.2309537628961316]",0.2386533780416194,0.39131559287933027,final_score_1,117,117,
pr_Agency_EBCI,test,05_19 Darisy,01_calib,test/05_19 Darisy/01_calib,"MATRIX_[8, 12]_robust_concat_01_calib.hdf","C:\Users\hodor\Documents\lab-Shishkin\projects\BCI_classifier\data\pr_Agency_EBCI\features\csp\test\05_19 Darisy\MATRIX_[8, 12]_robust_concat_01_calib.hdf","[8, 12]","[0, 1, 2, -2]","[0, 1, 2, 54]",4,lda,time_series_by_class,3,5,30,0.8666666666666667,0.8666666666666667,0.08585937937036008,"[0.4626070346403531, 0.3023887911207212, 0.0925280064319718, 0.0586022629321345]",0.22903152378129515,0.3892722157507277,final_score_1,118,118,
pr_Agency_EBCI,test,05_19 Darisy,01_calib,test/05_19 Darisy/01_calib,"MATRIX_[8, 15]_robust_concat_01_calib.hdf","C:\Users\hodor\Documents\lab-Shishkin\projects\BCI_classifier\data\pr_Agency_EBCI\features\csp\test\05_19 Darisy\MATRIX_[8, 15]_robust_concat_01_calib.hdf","[8, 15]","[2, -2, -1]","[2, 54, 55]",3,lda,time_series_by_class,3,5,30,0.8333333333333334,0.8333333333333333,0.12576134110343598,"[0.2608277798894821, 0.061727590063505, 0.3995542857894615]",0.2407032185808162,0.3884820911539052,final_score_1,119,119,
pr_Agency_EBCI,test,05_19 Darisy,01_calib,test/05_19 Darisy/01_calib,"MATRIX_[10, 14]_robust_concat_01_calib.hdf","C:\Users\hodor\Documents\lab-Shishkin\projects\BCI_classifier\data\pr_Agency_EBCI\features\csp\test\05_19 Darisy\MATRIX_[10, 14]_robust_concat_01_calib.hdf","[10, 14]","[2, -3, -2, -1]","[2, 53, 54, 55]",4,lda,time_series_by_class,3,5,30,0.8333333333333334,0.8333333333333333,0.13825682550469773,"[0.2627644236546135, 0.0933943362388788, 0.1403250639595052, 0.4765943612423753]",0.2432695462738432,0.3871067302897883,final_score_1,120,120,
pr_Agency_EBCI,test,05_19 Darisy,01_calib,test/05_19 Darisy/01_calib,"MATRIX_[9, 13]_robust_concat_01_calib.hdf","C:\Users\hodor\Documents\lab-Shishkin\projects\BCI_classifier\data\pr_Agency_EBCI\features\csp\test\05_19 Darisy\MATRIX_[9, 13]_robust_concat_01_calib.hdf","[9, 13]","[-3, -1]","[53, 55]",2,lda,time_series_by_class,3,5,30,0.9,0.9,0.11081369269338306,"[0.0755720434981172, 0.3954432866163586]",0.23550766505723789,0.38705032266438877,final_score_1,121,121,
pr_Agency_EBCI,test,05_19 Darisy,01_calib,test/05_19 Darisy/01_calib,"MATRIX_[8, 12]_robust_concat_01_calib.hdf","C:\Users\hodor\Documents\lab-Shishkin\projects\BCI_classifier\data\pr_Agency_EBCI\features\csp\test\05_19 Darisy\MATRIX_[8, 12]_robust_concat_01_calib.hdf","[8, 12]","[2, -1]","[2, 55]",2,lda,time_series_by_class,3,5,30,0.8,0.8,0.14183079744102536,"[0.0925280064319718, 0.3958124682644303]",0.24417023734820104,0.3870305291510932,final_score_1,122,122,
pr_Agency_EBCI,test,05_19 Darisy,01_calib,test/05_19 Darisy/01_calib,"MATRIX_[8, 15]_robust_concat_01_calib.hdf","C:\Users\hodor\Documents\lab-Shishkin\projects\BCI_classifier\data\pr_Agency_EBCI\features\csp\test\05_19 Darisy\MATRIX_[8, 15]_robust_concat_01_calib.hdf","[8, 15]","[1, 2]","[1, 2]",2,lda,time_series_by_class,3,5,30,0.8333333333333334,0.8333333333333333,0.145634414912839,"[0.2240672773644739, 0.2608277798894821]",0.242447528626978,0.3827388411619972,final_score_1,123,123,
pr_Agency_EBCI,test,05_19 Darisy,01_calib,test/05_19 Darisy/01_calib,"MATRIX_[9, 13]_robust_concat_01_calib.hdf","C:\Users\hodor\Documents\lab-Shishkin\projects\BCI_classifier\data\pr_Agency_EBCI\features\csp\test\05_19 Darisy\MATRIX_[9, 13]_robust_concat_01_calib.hdf","[9, 13]","[-3, -2, -1]","[53, 54, 55]",3,lda,time_series_by_class,3,5,30,0.9,0.9,0.11479212109095016,"[0.0755720434981172, 0.2309537628961316, 0.3954432866163586]",0.23398969767020247,0.38265269270278646,final_score_1,124,124,
pr_Agency_EBCI,test,05_19 Darisy,01_calib,test/05_19 Darisy/01_calib,"MATRIX_[8, 15]_robust_concat_01_calib.hdf","C:\Users\hodor\Documents\lab-Shishkin\projects\BCI_classifier\data\pr_Agency_EBCI\features\csp\test\05_19 Darisy\MATRIX_[8, 15]_robust_concat_01_calib.hdf","[8, 15]","[0, -2]","[0, 54]",2,lda,time_series_by_class,3,5,30,0.8,0.8,0.17141313337024558,"[0.4333544200667677, 0.061727590063505]",0.24754100506513635,0.38083785583555513,final_score_1,125,125,
pr_Agency_EBCI,test,05_19 Darisy,01_calib,test/05_19 Darisy/01_calib,"MATRIX_[8, 15]_robust_concat_01_calib.hdf","C:\Users\hodor\Documents\lab-Shishkin\projects\BCI_classifier\data\pr_Agency_EBCI\features\csp\test\05_19 Darisy\MATRIX_[8, 15]_robust_concat_01_calib.hdf","[8, 15]","[0, 1, -3]","[0, 1, 53]",3,lda,time_series_by_class,3,5,30,0.8333333333333334,0.8333333333333333,0.14588691648155755,"[0.4333544200667677, 0.2240672773644739, 0.0660394722123664]",0.24115372321453601,0.38059451251504384,final_score_1,126,126,
pr_Agency_EBCI,test,05_19 Darisy,01_calib,test/05_19 Darisy/01_calib,"MATRIX_[9, 13]_robust_concat_01_calib.hdf","C:\Users\hodor\Documents\lab-Shishkin\projects\BCI_classifier\data\pr_Agency_EBCI\features\csp\test\05_19 Darisy\MATRIX_[9, 13]_robust_concat_01_calib.hdf","[9, 13]","[1, -3, -2, -1]","[1, 53, 54, 55]",4,lda,time_series_by_class,3,5,30,0.8333333333333334,0.8333333333333333,0.11764902413339136,"[0.2317744521979455, 0.0755720434981172, 0.2309537628961316, 0.3954432866163586]",0.23343588630213824,0.38041312757589757,final_score_1,127,127,
pr_Agency_EBCI,test,05_19 Darisy,01_calib,test/05_19 Darisy/01_calib,"MATRIX_[8, 15]_robust_concat_01_calib.hdf","C:\Users\hodor\Documents\lab-Shishkin\projects\BCI_classifier\data\pr_Agency_EBCI\features\csp\test\05_19 Darisy\MATRIX_[8, 15]_robust_concat_01_calib.hdf","[8, 15]","[2, -3, -1]","[2, 53, 55]",3,lda,time_series_by_class,3,5,30,0.8333333333333334,0.8333333333333333,0.15169102805294296,"[0.2608277798894821, 0.0660394722123664, 0.3995542857894615]",0.24214051263043665,0.37984121769021156,final_score_1,128,128,
pr_Agency_EBCI,test,05_19 Darisy,01_calib,test/05_19 Darisy/01_calib,"MATRIX_[10, 14]_robust_concat_01_calib.hdf","C:\Users\hodor\Documents\lab-Shishkin\projects\BCI_classifier\data\pr_Agency_EBCI\features\csp\test\05_19 Darisy\MATRIX_[10, 14]_robust_concat_01_calib.hdf","[10, 14]","[1, -3, -1]","[1, 53, 55]",3,lda,time_series_by_class,3,5,30,0.9,0.9,0.0897477182845164,"[0.1041059139348124, 0.0933943362388788, 0.4765943612423753]",0.22469820380535552,0.37979740882115764,final_score_1,129,129,
pr_Agency_EBCI,test,05_19 Darisy,01_calib,test/05_19 Darisy/01_calib,"MATRIX_[9, 13]_robust_concat_01_calib.hdf","C:\Users\hodor\Documents\lab-Shishkin\projects\BCI_classifier\data\pr_Agency_EBCI\features\csp\test\05_19 Darisy\MATRIX_[9, 13]_robust_concat_01_calib.hdf","[9, 13]","[1, -3, -1]","[1, 53, 55]",3,lda,time_series_by_class,3,5,30,0.8333333333333334,0.8333333333333334,0.12429627326750678,"[0.2317744521979455, 0.0755720434981172, 0.3954432866163586]",0.23426326077080709,0.3787381006512932,final_score_1,130,130,
pr_Agency_EBCI,test,05_19 Darisy,01_calib,test/05_19 Darisy/01_calib,"MATRIX_[8, 15]_robust_concat_01_calib.hdf","C:\Users\hodor\Documents\lab-Shishkin\projects\BCI_classifier\data\pr_Agency_EBCI\features\csp\test\05_19 Darisy\MATRIX_[8, 15]_robust_concat_01_calib.hdf","[8, 15]","[0, -3]","[0, 53]",2,lda,time_series_by_class,3,5,30,0.7666666666666667,0.7666666666666666,0.1913837219677532,"[0.4333544200667677, 0.0660394722123664]",0.24969694613956706,0.3772939473046487,final_score_1,131,131,
pr_Agency_EBCI,test,05_19 Darisy,01_calib,test/05_19 Darisy/01_calib,"MATRIX_[10, 14]_robust_concat_01_calib.hdf","C:\Users\hodor\Documents\lab-Shishkin\projects\BCI_classifier\data\pr_Agency_EBCI\features\csp\test\05_19 Darisy\MATRIX_[10, 14]_robust_concat_01_calib.hdf","[10, 14]","[-3, -2, -1]","[53, 54, 55]",3,lda,time_series_by_class,3,5,30,0.8,0.8,0.13855805584635766,"[0.0933943362388788, 0.1403250639595052, 0.4765943612423753]",0.23677125381358644,0.3766416540152207,final_score_1,132,132,
pr_Agency_EBCI,test,05_19 Darisy,01_calib,test/05_19 Darisy/01_calib,"MATRIX_[8, 15]_robust_concat_01_calib.hdf","C:\Users\hodor\Documents\lab-Shishkin\projects\BCI_classifier\data\pr_Agency_EBCI\features\csp\test\05_19 Darisy\MATRIX_[8, 15]_robust_concat_01_calib.hdf","[8, 15]","[0, 1, -2]","[0, 1, 54]",3,lda,time_series_by_class,3,5,30,0.8,0.8,0.1572655010985575,"[0.4333544200667677, 0.2240672773644739, 0.061727590063505]",0.23971642916491556,0.37391154648120295,final_score_1,133,133,
pr_Agency_EBCI,test,05_19 Darisy,01_calib,test/05_19 Darisy/01_calib,"MATRIX_[8, 12]_robust_concat_01_calib.hdf","C:\Users\hodor\Documents\lab-Shishkin\projects\BCI_classifier\data\pr_Agency_EBCI\features\csp\test\05_19 Darisy\MATRIX_[8, 12]_robust_concat_01_calib.hdf","[8, 12]","[0, -3, -2]","[0, 53, 54]",3,lda,time_series_by_class,3,5,30,0.7666666666666667,0.7666666666666666,0.1705860885002111,"[0.4626070346403531, 0.2070244099967982, 0.0586022629321345]",0.24274456918976192,0.3737503336922379,final_score_1,134,134,
pr_Agency_EBCI,test,05_19 Darisy,01_calib,test/05_19 Darisy/01_calib,"MATRIX_[8, 12]_robust_concat_01_calib.hdf","C:\Users\hodor\Documents\lab-Shishkin\projects\BCI_classifier\data\pr_Agency_EBCI\features\csp\test\05_19 Darisy\MATRIX_[8, 12]_robust_concat_01_calib.hdf","[8, 12]","[-2, -1]","[54, 55]",2,lda,time_series_by_class,3,5,30,0.8333333333333334,0.8333333333333333,0.11173265925529646,"[0.0586022629321345, 0.3958124682644303]",0.2272073655982824,0.37297801801632674,final_score_1,135,135,
pr_Agency_EBCI,test,05_19 Darisy,01_calib,test/05_19 Darisy/01_calib,"MATRIX_[8, 15]_robust_concat_01_calib.hdf","C:\Users\hodor\Documents\lab-Shishkin\projects\BCI_classifier\data\pr_Agency_EBCI\features\csp\test\05_19 Darisy\MATRIX_[8, 15]_robust_concat_01_calib.hdf","[8, 15]","[1, 2, -2, -1]","[1, 2, 54, 55]",4,lda,time_series_by_class,3,5,30,0.8,0.8,0.150829947566677,"[0.2240672773644739, 0.2608277798894821, 0.061727590063505, 0.3995542857894615]",0.23654423327673063,0.3713926035013246,final_score_1,136,136,
pr_Agency_EBCI,test,05_19 Darisy,01_calib,test/05_19 Darisy/01_calib,"MATRIX_[8, 15]_robust_concat_01_calib.hdf","C:\Users\hodor\Documents\lab-Shishkin\projects\BCI_classifier\data\pr_Agency_EBCI\features\csp\test\05_19 Darisy\MATRIX_[8, 15]_robust_concat_01_calib.hdf","[8, 15]","[0, -3, -2, -1]","[0, 53, 54, 55]",4,lda,time_series_by_class,3,5,30,0.8333333333333334,0.8333333333333333,0.16680363992518735,"[0.4333544200667677, 0.0660394722123664, 0.061727590063505, 0.3995542857894615]",0.24016894203302516,0.37112126414302904,final_score_1,137,137,
pr_Agency_EBCI,test,05_19 Darisy,01_calib,test/05_19 Darisy/01_calib,"MATRIX_[8, 12]_robust_concat_01_calib.hdf","C:\Users\hodor\Documents\lab-Shishkin\projects\BCI_classifier\data\pr_Agency_EBCI\features\csp\test\05_19 Darisy\MATRIX_[8, 12]_robust_concat_01_calib.hdf","[8, 12]","[-3, -2, -1]","[53, 54, 55]",3,lda,time_series_by_class,3,5,30,0.8666666666666667,0.8666666666666667,0.0941420173470932,"[0.2070244099967982, 0.0586022629321345, 0.3958124682644303]",0.220479713731121,0.37039349736506594,final_score_1,138,138,
pr_Agency_EBCI,test,05_19 Darisy,01_calib,test/05_19 Darisy/01_calib,"MATRIX_[8, 15]_robust_concat_01_calib.hdf","C:\Users\hodor\Documents\lab-Shishkin\projects\BCI_classifier\data\pr_Agency_EBCI\features\csp\test\05_19 Darisy\MATRIX_[8, 15]_robust_concat_01_calib.hdf","[8, 15]","[-2, -1]","[54, 55]",2,lda,time_series_by_class,3,5,30,0.8666666666666667,0.8666666666666667,0.13514364395704279,"[0.061727590063505, 0.3995542857894615]",0.23064093792648324,0.3682780031581579,final_score_1,139,139,
pr_Agency_EBCI,test,05_19 Darisy,01_calib,test/05_19 Darisy/01_calib,"MATRIX_[9, 13]_robust_concat_01_calib.hdf","C:\Users\hodor\Documents\lab-Shishkin\projects\BCI_classifier\data\pr_Agency_EBCI\features\csp\test\05_19 Darisy\MATRIX_[9, 13]_robust_concat_01_calib.hdf","[9, 13]","[1, -2]","[1, 54]",2,lda,time_series_by_class,3,5,30,0.8,0.8,0.14844052038676672,"[0.2317744521979455, 0.2309537628961316]",0.23136410754703857,0.3641638791064576,final_score_1,140,140,
pr_Agency_EBCI,test,05_19 Darisy,01_calib,test/05_19 Darisy/01_calib,"MATRIX_[8, 15]_robust_concat_01_calib.hdf","C:\Users\hodor\Documents\lab-Shishkin\projects\BCI_classifier\data\pr_Agency_EBCI\features\csp\test\05_19 Darisy\MATRIX_[8, 15]_robust_concat_01_calib.hdf","[8, 15]","[-3, -1]","[53, 55]",2,lda,time_series_by_class,3,5,30,0.7666666666666667,0.7666666666666666,0.1550915401411282,"[0.0660394722123664, 0.3995542857894615]",0.23279687900091395,0.36391623988931515,final_score_1,141,141,
pr_Agency_EBCI,test,05_19 Darisy,01_calib,test/05_19 Darisy/01_calib,"MATRIX_[8, 12]_robust_concat_01_calib.hdf","C:\Users\hodor\Documents\lab-Shishkin\projects\BCI_classifier\data\pr_Agency_EBCI\features\csp\test\05_19 Darisy\MATRIX_[8, 12]_robust_concat_01_calib.hdf","[8, 12]","[1, 2, -2, -1]","[1, 2, 54, 55]",4,lda,time_series_by_class,3,5,30,0.9,0.9,0.08363528764857027,"[0.3023887911207212, 0.0925280064319718, 0.0586022629321345, 0.3958124682644303]",0.21233288218731444,0.36205535427294516,final_score_1,142,142,
pr_Agency_EBCI,test,05_19 Darisy,01_calib,test/05_19 Darisy/01_calib,"MATRIX_[8, 15]_robust_concat_01_calib.hdf","C:\Users\hodor\Documents\lab-Shishkin\projects\BCI_classifier\data\pr_Agency_EBCI\features\csp\test\05_19 Darisy\MATRIX_[8, 15]_robust_concat_01_calib.hdf","[8, 15]","[1, 2, -3, -1]","[1, 2, 53, 55]",4,lda,time_series_by_class,3,5,30,0.8,0.8,0.18892900744833865,"[0.2240672773644739, 0.2608277798894821, 0.0660394722123664, 0.3995542857894615]",0.23762220381394597,0.35981530294683045,final_score_1,143,143,
pr_Agency_EBCI,test,05_19 Darisy,01_calib,test/05_19 Darisy/01_calib,"MATRIX_[8, 15]_robust_concat_01_calib.hdf","C:\Users\hodor\Documents\lab-Shishkin\projects\BCI_classifier\data\pr_Agency_EBCI\features\csp\test\05_19 Darisy\MATRIX_[8, 15]_robust_concat_01_calib.hdf","[8, 15]","[1, -2, -1]","[1, 54, 55]",3,lda,time_series_by_class,3,5,30,0.8333333333333334,0.8333333333333333,0.14994201388326792,"[0.2240672773644739, 0.061727590063505, 0.3995542857894615]",0.2284497177391468,0.3590140447852568,final_score_1,144,144,
pr_Agency_EBCI,test,05_19 Darisy,01_calib,test/05_19 Darisy/01_calib,"MATRIX_[8, 15]_robust_concat_01_calib.hdf","C:\Users\hodor\Documents\lab-Shishkin\projects\BCI_classifier\data\pr_Agency_EBCI\features\csp\test\05_19 Darisy\MATRIX_[8, 15]_robust_concat_01_calib.hdf","[8, 15]","[1, -3, -1]","[1, 53, 55]",3,lda,time_series_by_class,3,5,30,0.8,0.8,0.16481320561730511,"[0.2240672773644739, 0.0660394722123664, 0.3995542857894615]",0.22988701178876725,0.35591699548947925,final_score_1,145,145,
pr_Agency_EBCI,test,05_19 Darisy,01_calib,test/05_19 Darisy/01_calib,"MATRIX_[8, 12]_robust_concat_01_calib.hdf","C:\Users\hodor\Documents\lab-Shishkin\projects\BCI_classifier\data\pr_Agency_EBCI\features\csp\test\05_19 Darisy\MATRIX_[8, 12]_robust_concat_01_calib.hdf","[8, 12]","[0, 2, -3, -2]","[0, 2, 53, 54]",4,lda,time_series_by_class,3,5,30,0.9333333333333333,0.9333333333333333,0.07671458129307356,"[0.4626070346403531, 0.0925280064319718, 0.2070244099967982, 0.0586022629321345]",0.20519042850031438,0.35349517452523993,final_score_1,146,146,
pr_Agency_EBCI,test,05_19 Darisy,01_calib,test/05_19 Darisy/01_calib,"MATRIX_[9, 13]_robust_concat_01_calib.hdf","C:\Users\hodor\Documents\lab-Shishkin\projects\BCI_classifier\data\pr_Agency_EBCI\features\csp\test\05_19 Darisy\MATRIX_[9, 13]_robust_concat_01_calib.hdf","[9, 13]","[2, -3, -2, -1]","[2, 53, 54, 55]",4,lda,time_series_by_class,3,5,30,0.9,0.9,0.09613054419738686,"[0.13849277242436, 0.0755720434981172, 0.2309537628961316, 0.3954432866163586]",0.21011546635874184,0.3520227910004638,final_score_1,147,147,
pr_Agency_EBCI,test,05_19 Darisy,01_calib,test/05_19 Darisy/01_calib,"MATRIX_[8, 12]_robust_concat_01_calib.hdf","C:\Users\hodor\Documents\lab-Shishkin\projects\BCI_classifier\data\pr_Agency_EBCI\features\csp\test\05_19 Darisy\MATRIX_[8, 12]_robust_concat_01_calib.hdf","[8, 12]","[0, 2, -2]","[0, 2, 54]",3,lda,time_series_by_class,3,5,30,0.9333333333333333,0.9333333333333333,0.0788142806780436,"[0.4626070346403531, 0.0925280064319718, 0.0586022629321345]",0.2045791013348198,0.35132847216138396,final_score_1,148,148,
pr_Agency_EBCI,test,05_19 Darisy,01_calib,test/05_19 Darisy/01_calib,"MATRIX_[9, 13]_robust_concat_01_calib.hdf","C:\Users\hodor\Documents\lab-Shishkin\projects\BCI_classifier\data\pr_Agency_EBCI\features\csp\test\05_19 Darisy\MATRIX_[9, 13]_robust_concat_01_calib.hdf","[9, 13]","[1, 2, -3, -1]","[1, 2, 53, 55]",4,lda,time_series_by_class,3,5,30,0.8333333333333334,0.8333333333333334,0.1095804902374436,"[0.2317744521979455, 0.13849277242436, 0.0755720434981172, 0.3954432866163586]",0.21032063868419532,0.34619524662404483,final_score_1,149,149,
pr_Agency_EBCI,test,05_19 Darisy,01_calib,test/05_19 Darisy/01_calib,"MATRIX_[10, 14]_robust_concat_01_calib.hdf","C:\Users\hodor\Documents\lab-Shishkin\projects\BCI_classifier\data\pr_Agency_EBCI\features\csp\test\05_19 Darisy\MATRIX_[10, 14]_robust_concat_01_calib.hdf","[10, 14]","[1, -3, -2, -1]","[1, 53, 54, 55]",4,lda,time_series_by_class,3,5,30,0.9,0.9,0.08824138643967502,"[0.1041059139348124, 0.0933943362388788, 0.1403250639595052, 0.4765943612423753]",0.20360491884389292,0.34487881525328634,final_score_1,150,150,
pr_Agency_EBCI,test,05_19 Darisy,01_calib,test/05_19 Darisy/01_calib,"MATRIX_[8, 12]_robust_concat_01_calib.hdf","C:\Users\hodor\Documents\lab-Shishkin\projects\BCI_classifier\data\pr_Agency_EBCI\features\csp\test\05_19 Darisy\MATRIX_[8, 12]_robust_concat_01_calib.hdf","[8, 12]","[1, 2, -3]","[1, 2, 53]",3,lda,time_series_by_class,3,5,30,0.8666666666666667,0.8666666666666667,0.09378052695932064,"[0.3023887911207212, 0.0925280064319718, 0.2070244099967982]",0.20064706918316375,0.3372436443611687,final_score_1,151,151,
pr_Agency_EBCI,test,05_19 Darisy,01_calib,test/05_19 Darisy/01_calib,"MATRIX_[9, 13]_robust_concat_01_calib.hdf","C:\Users\hodor\Documents\lab-Shishkin\projects\BCI_classifier\data\pr_Agency_EBCI\features\csp\test\05_19 Darisy\MATRIX_[9, 13]_robust_concat_01_calib.hdf","[9, 13]","[2, -3, -1]","[2, 53, 55]",3,lda,time_series_by_class,3,5,30,0.8333333333333334,0.8333333333333334,0.11170410138875683,"[0.13849277242436, 0.0755720434981172, 0.3954432866163586]",0.20316936751294526,0.33352977445513865,final_score_1,152,152,
pr_Agency_EBCI,test,05_19 Darisy,01_calib,test/05_19 Darisy/01_calib,"MATRIX_[8, 12]_robust_concat_01_calib.hdf","C:\Users\hodor\Documents\lab-Shishkin\projects\BCI_classifier\data\pr_Agency_EBCI\features\csp\test\05_19 Darisy\MATRIX_[8, 12]_robust_concat_01_calib.hdf","[8, 12]","[2, -3, -2, -1]","[2, 53, 54, 55]",4,lda,time_series_by_class,3,5,30,0.9333333333333333,0.9333333333333333,0.06003664973762199,"[0.0925280064319718, 0.2070244099967982, 0.0586022629321345, 0.3958124682644303]",0.1884917869063337,0.33346503363637936,final_score_1,153,153,
pr_Agency_EBCI,test,05_19 Darisy,01_calib,test/05_19 Darisy/01_calib,"MATRIX_[9, 13]_robust_concat_01_calib.hdf","C:\Users\hodor\Documents\lab-Shishkin\projects\BCI_classifier\data\pr_Agency_EBCI\features\csp\test\05_19 Darisy\MATRIX_[9, 13]_robust_concat_01_calib.hdf","[9, 13]","[1, 2, -2]","[1, 2, 54]",3,lda,time_series_by_class,3,5,30,0.8,0.8,0.11498722458498227,"[0.2317744521979455, 0.13849277242436, 0.2309537628961316]",0.20040699583947905,0.3276546936491469,final_score_1,154,154,
pr_Agency_EBCI,test,05_19 Darisy,01_calib,test/05_19 Darisy/01_calib,"MATRIX_[8, 15]_robust_concat_01_calib.hdf","C:\Users\hodor\Documents\lab-Shishkin\projects\BCI_classifier\data\pr_Agency_EBCI\features\csp\test\05_19 Darisy\MATRIX_[8, 15]_robust_concat_01_calib.hdf","[8, 15]","[0, 2, -3, -2]","[0, 2, 53, 54]",4,lda,time_series_by_class,3,5,30,0.8333333333333334,0.8333333333333333,0.14659273057549324,"[0.4333544200667677, 0.2608277798894821, 0.0660394722123664, 0.061727590063505]",0.20548731555803032,0.3240629794023544,final_score_1,155,155,
pr_Agency_EBCI,test,05_19 Darisy,01_calib,test/05_19 Darisy/01_calib,"MATRIX_[10, 14]_robust_concat_01_calib.hdf","C:\Users\hodor\Documents\lab-Shishkin\projects\BCI_classifier\data\pr_Agency_EBCI\features\csp\test\05_19 Darisy\MATRIX_[10, 14]_robust_concat_01_calib.hdf","[10, 14]","[2, -2]","[2, 54]",2,lda,time_series_by_class,3,5,30,0.8666666666666667,0.8666666666666667,0.13947554113018232,"[0.2627644236546135, 0.1403250639595052]",0.20154474380705933,0.32028363329292703,final_score_1,156,156,
pr_Agency_EBCI,test,05_19 Darisy,01_calib,test/05_19 Darisy/01_calib,"MATRIX_[8, 12]_robust_concat_01_calib.hdf","C:\Users\hodor\Documents\lab-Shishkin\projects\BCI_classifier\data\pr_Agency_EBCI\features\csp\test\05_19 Darisy\MATRIX_[8, 12]_robust_concat_01_calib.hdf","[8, 12]","[2, -2, -1]","[2, 54, 55]",3,lda,time_series_by_class,3,5,30,0.9,0.9,0.069316629864736,"[0.0925280064319718, 0.0586022629321345, 0.3958124682644303]",0.18231424587617884,0.3177045082359492,final_score_1,157,157,
pr_Agency_EBCI,test,05_19 Darisy,01_calib,test/05_19 Darisy/01_calib,"MATRIX_[8, 12]_robust_concat_01_calib.hdf","C:\Users\hodor\Documents\lab-Shishkin\projects\BCI_classifier\data\pr_Agency_EBCI\features\csp\test\05_19 Darisy\MATRIX_[8, 12]_robust_concat_01_calib.hdf","[8, 12]","[1, 2]","[1, 2]",2,lda,time_series_by_class,3,5,30,0.8,0.8,0.13151147491875492,"[0.3023887911207212, 0.0925280064319718]",0.1974583987763465,0.3165845308806657,final_score_1,158,158,
pr_Agency_EBCI,test,05_19 Darisy,01_calib,test/05_19 Darisy/01_calib,"MATRIX_[8, 15]_robust_concat_01_calib.hdf","C:\Users\hodor\Documents\lab-Shishkin\projects\BCI_classifier\data\pr_Agency_EBCI\features\csp\test\05_19 Darisy\MATRIX_[8, 15]_robust_concat_01_calib.hdf","[8, 15]","[2, -3, -2, -1]","[2, 53, 54, 55]",4,lda,time_series_by_class,3,5,30,0.8,0.8,0.15476049014675117,"[0.2608277798894821, 0.0660394722123664, 0.061727590063505, 0.3995542857894615]",0.19703728198870374,0.3081191456467434,final_score_1,159,159,
pr_Agency_EBCI,test,05_19 Darisy,01_calib,test/05_19 Darisy/01_calib,"MATRIX_[10, 14]_robust_concat_01_calib.hdf","C:\Users\hodor\Documents\lab-Shishkin\projects\BCI_classifier\data\pr_Agency_EBCI\features\csp\test\05_19 Darisy\MATRIX_[10, 14]_robust_concat_01_calib.hdf","[10, 14]","[1, 2]","[1, 2]",2,lda,time_series_by_class,3,5,30,0.8,0.8,0.09758033137882591,"[0.1041059139348124, 0.2627644236546135]",0.18343516879471294,0.3067196398783856,final_score_1,160,160,
pr_Agency_EBCI,test,05_19 Darisy,01_calib,test/05_19 Darisy/01_calib,"MATRIX_[8, 15]_robust_concat_01_calib.hdf","C:\Users\hodor\Documents\lab-Shishkin\projects\BCI_classifier\data\pr_Agency_EBCI\features\csp\test\05_19 Darisy\MATRIX_[8, 15]_robust_concat_01_calib.hdf","[8, 15]","[0, 1, -3, -2]","[0, 1, 53, 54]",4,lda,time_series_by_class,3,5,30,0.8,0.8,0.16315166179325924,"[0.4333544200667677, 0.2240672773644739, 0.0660394722123664, 0.061727590063505]",0.19629718992677828,0.3044047441962281,final_score_1,161,161,
pr_Agency_EBCI,test,05_19 Darisy,01_calib,test/05_19 Darisy/01_calib,"MATRIX_[8, 12]_robust_concat_01_calib.hdf","C:\Users\hodor\Documents\lab-Shishkin\projects\BCI_classifier\data\pr_Agency_EBCI\features\csp\test\05_19 Darisy\MATRIX_[8, 12]_robust_concat_01_calib.hdf","[8, 12]","[1, -3, -2]","[1, 53, 54]",3,lda,time_series_by_class,3,5,30,0.8333333333333334,0.8333333333333333,0.13250064043363108,"[0.3023887911207212, 0.2070244099967982, 0.0586022629321345]",0.18933848801655132,0.3032260809965981,final_score_1,162,162,
pr_Agency_EBCI,test,05_19 Darisy,01_calib,test/05_19 Darisy/01_calib,"MATRIX_[9, 13]_robust_concat_01_calib.hdf","C:\Users\hodor\Documents\lab-Shishkin\projects\BCI_classifier\data\pr_Agency_EBCI\features\csp\test\05_19 Darisy\MATRIX_[9, 13]_robust_concat_01_calib.hdf","[9, 13]","[2, -2]","[2, 54]",2,lda,time_series_by_class,3,5,30,0.8666666666666667,0.8666666666666667,0.12058963720275928,"[0.13849277242436, 0.2309537628961316]",0.1847232676602458,0.29996296740351364,final_score_1,163,163,
pr_Agency_EBCI,test,05_19 Darisy,01_calib,test/05_19 Darisy/01_calib,"MATRIX_[9, 13]_robust_concat_01_calib.hdf","C:\Users\hodor\Documents\lab-Shishkin\projects\BCI_classifier\data\pr_Agency_EBCI\features\csp\test\05_19 Darisy\MATRIX_[9, 13]_robust_concat_01_calib.hdf","[9, 13]","[1, 2]","[1, 2]",2,lda,time_series_by_class,3,5,30,0.8666666666666667,0.8666666666666667,0.13118545120885508,"[0.2317744521979455, 0.13849277242436]",0.18513361231115277,0.2969341830399691,final_score_1,164,164,
pr_Agency_EBCI,test,05_19 Darisy,01_calib,test/05_19 Darisy/01_calib,"MATRIX_[8, 15]_robust_concat_01_calib.hdf","C:\Users\hodor\Documents\lab-Shishkin\projects\BCI_classifier\data\pr_Agency_EBCI\features\csp\test\05_19 Darisy\MATRIX_[8, 15]_robust_concat_01_calib.hdf","[8, 15]","[1, 2, -2]","[1, 2, 54]",3,lda,time_series_by_class,3,5,30,0.8666666666666667,0.8666666666666667,0.1351787947045797,"[0.2240672773644739, 0.2608277798894821, 0.061727590063505]",0.18220754910582035,0.29093014849723753,final_score_1,165,165,
pr_Agency_EBCI,test,05_19 Darisy,01_calib,test/05_19 Darisy/01_calib,"MATRIX_[9, 13]_robust_concat_01_calib.hdf","C:\Users\hodor\Documents\lab-Shishkin\projects\BCI_classifier\data\pr_Agency_EBCI\features\csp\test\05_19 Darisy\MATRIX_[9, 13]_robust_concat_01_calib.hdf","[9, 13]","[1, -3, -2]","[1, 53, 54]",3,lda,time_series_by_class,3,5,30,0.8666666666666667,0.8666666666666667,0.1296764490429542,"[0.2317744521979455, 0.0755720434981172, 0.2309537628961316]",0.17943341953073144,0.28828767348282536,final_score_1,166,166,
pr_Agency_EBCI,test,05_19 Darisy,01_calib,test/05_19 Darisy/01_calib,"MATRIX_[8, 15]_robust_concat_01_calib.hdf","C:\Users\hodor\Documents\lab-Shishkin\projects\BCI_classifier\data\pr_Agency_EBCI\features\csp\test\05_19 Darisy\MATRIX_[8, 15]_robust_concat_01_calib.hdf","[8, 15]","[1, -3, -2, -1]","[1, 53, 54, 55]",4,lda,time_series_by_class,3,5,30,0.8,0.8,0.18204880777487395,"[0.2240672773644739, 0.0660394722123664, 0.061727590063505, 0.3995542857894615]",0.1878471563574517,0.2861838884894061,final_score_1,167,167,
pr_Agency_EBCI,test,05_19 Darisy,01_calib,test/05_19 Darisy/01_calib,"MATRIX_[10, 14]_robust_concat_01_calib.hdf","C:\Users\hodor\Documents\lab-Shishkin\projects\BCI_classifier\data\pr_Agency_EBCI\features\csp\test\05_19 Darisy\MATRIX_[10, 14]_robust_concat_01_calib.hdf","[10, 14]","[2, -3]","[2, 53]",2,lda,time_series_by_class,3,5,30,0.8333333333333334,0.8333333333333333,0.1335973997446933,"[0.2627644236546135, 0.0933943362388788]",0.17807937994674616,0.28484243030806955,final_score_1,168,168,
pr_Agency_EBCI,test,05_19 Darisy,01_calib,test/05_19 Darisy/01_calib,"MATRIX_[8, 12]_robust_concat_01_calib.hdf","C:\Users\hodor\Documents\lab-Shishkin\projects\BCI_classifier\data\pr_Agency_EBCI\features\csp\test\05_19 Darisy\MATRIX_[8, 12]_robust_concat_01_calib.hdf","[8, 12]","[1, -2]","[1, 54]",2,lda,time_series_by_class,3,5,30,0.7333333333333333,0.7333333333333334,0.14677245589746063,"[0.3023887911207212, 0.0586022629321345]",0.18049552702642785,0.2845957944823873,final_score_1,169,169,
pr_Agency_EBCI,test,05_19 Darisy,01_calib,test/05_19 Darisy/01_calib,"MATRIX_[8, 15]_robust_concat_01_calib.hdf","C:\Users\hodor\Documents\lab-Shishkin\projects\BCI_classifier\data\pr_Agency_EBCI\features\csp\test\05_19 Darisy\MATRIX_[8, 15]_robust_concat_01_calib.hdf","[8, 15]","[0, -3, -2]","[0, 53, 54]",3,lda,time_series_by_class,3,5,30,0.8,0.8,0.18406160914307587,"[0.4333544200667677, 0.0660394722123664, 0.061727590063505]",0.18704049411421306,0.2844417910215195,final_score_1,170,170,
pr_Agency_EBCI,test,05_19 Darisy,01_calib,test/05_19 Darisy/01_calib,"MATRIX_[9, 13]_robust_concat_01_calib.hdf","C:\Users\hodor\Documents\lab-Shishkin\projects\BCI_classifier\data\pr_Agency_EBCI\features\csp\test\05_19 Darisy\MATRIX_[9, 13]_robust_concat_01_calib.hdf","[9, 13]","[1, 2, -3, -2]","[1, 2, 53, 54]",4,lda,time_series_by_class,3,5,30,0.9,0.9,0.0943180992592078,"[0.2317744521979455, 0.13849277242436, 0.0755720434981172, 0.2309537628961316]",0.16919825775413858,0.28417471226373675,final_score_1,171,171,
pr_Agency_EBCI,test,05_19 Darisy,01_calib,test/05_19 Darisy/01_calib,"MATRIX_[8, 12]_robust_concat_01_calib.hdf","C:\Users\hodor\Documents\lab-Shishkin\projects\BCI_classifier\data\pr_Agency_EBCI\features\csp\test\05_19 Darisy\MATRIX_[8, 12]_robust_concat_01_calib.hdf","[8, 12]","[1, 2, -3, -2]","[1, 2, 53, 54]",4,lda,time_series_by_class,3,5,30,0.9,0.9,0.07760897088902784,"[0.3023887911207212, 0.0925280064319718, 0.2070244099967982, 0.0586022629321345]",0.16513586762040644,0.2841059910220874,final_score_1,172,172,
pr_Agency_EBCI,test,05_19 Darisy,01_calib,test/05_19 Darisy/01_calib,"MATRIX_[10, 14]_robust_concat_01_calib.hdf","C:\Users\hodor\Documents\lab-Shishkin\projects\BCI_classifier\data\pr_Agency_EBCI\features\csp\test\05_19 Darisy\MATRIX_[10, 14]_robust_concat_01_calib.hdf","[10, 14]","[1, 2, -2]","[1, 2, 54]",3,lda,time_series_by_class,3,5,30,0.9,0.9,0.0967311616501429,"[0.1041059139348124, 0.2627644236546135, 0.1403250639595052]",0.1690651338496437,0.28301685560981243,final_score_1,173,173,
pr_Agency_EBCI,test,05_19 Darisy,01_calib,test/05_19 Darisy/01_calib,"MATRIX_[8, 15]_robust_concat_01_calib.hdf","C:\Users\hodor\Documents\lab-Shishkin\projects\BCI_classifier\data\pr_Agency_EBCI\features\csp\test\05_19 Darisy\MATRIX_[8, 15]_robust_concat_01_calib.hdf","[8, 15]","[1, 2, -3]","[1, 2, 53]",3,lda,time_series_by_class,3,5,30,0.8,0.8,0.18886864496024897,"[0.2240672773644739, 0.2608277798894821, 0.0660394722123664]",0.1836448431554408,0.2780956792079147,final_score_1,174,174,
pr_Agency_EBCI,test,05_19 Darisy,01_calib,test/05_19 Darisy/01_calib,"MATRIX_[8, 15]_robust_concat_01_calib.hdf","C:\Users\hodor\Documents\lab-Shishkin\projects\BCI_classifier\data\pr_Agency_EBCI\features\csp\test\05_19 Darisy\MATRIX_[8, 15]_robust_concat_01_calib.hdf","[8, 15]","[-3, -2, -1]","[53, 54, 55]",3,lda,time_series_by_class,3,5,30,0.8333333333333334,0.8333333333333333,0.15760478917832932,"[0.0660394722123664, 0.061727590063505, 0.3995542857894615]",0.17577378268844432,0.27407995084257936,final_score_1,175,175,
pr_Agency_EBCI,test,05_19 Darisy,01_calib,test/05_19 Darisy/01_calib,"MATRIX_[10, 14]_robust_concat_01_calib.hdf","C:\Users\hodor\Documents\lab-Shishkin\projects\BCI_classifier\data\pr_Agency_EBCI\features\csp\test\05_19 Darisy\MATRIX_[10, 14]_robust_concat_01_calib.hdf","[10, 14]","[2, -3, -2]","[2, 53, 54]",3,lda,time_series_by_class,3,5,30,0.8333333333333334,0.8333333333333333,0.12193529476343785,"[0.2627644236546135, 0.0933943362388788, 0.1403250639595052]",0.16549460795099916,0.26830694983641235,final_score_1,176,176,
pr_Agency_EBCI,test,05_19 Darisy,01_calib,test/05_19 Darisy/01_calib,"MATRIX_[10, 14]_robust_concat_01_calib.hdf","C:\Users\hodor\Documents\lab-Shishkin\projects\BCI_classifier\data\pr_Agency_EBCI\features\csp\test\05_19 Darisy\MATRIX_[10, 14]_robust_concat_01_calib.hdf","[10, 14]","[1, 2, -3, -2]","[1, 2, 53, 54]",4,lda,time_series_by_class,3,5,30,0.8666666666666667,0.8666666666666667,0.0726274334154284,"[0.1041059139348124, 0.2627644236546135, 0.0933943362388788, 0.1403250639595052]",0.15014743444695247,0.26029587590490255,final_score_1,177,177,
pr_Agency_EBCI,test,05_19 Darisy,01_calib,test/05_19 Darisy/01_calib,"MATRIX_[10, 14]_robust_concat_01_calib.hdf","C:\Users\hodor\Documents\lab-Shishkin\projects\BCI_classifier\data\pr_Agency_EBCI\features\csp\test\05_19 Darisy\MATRIX_[10, 14]_robust_concat_01_calib.hdf","[10, 14]","[1, 2, -3]","[1, 2, 53]",3,lda,time_series_by_class,3,5,30,0.8666666666666667,0.8666666666666667,0.09179318571451858,"[0.1041059139348124, 0.2627644236546135, 0.0933943362388788]",0.15342155794276824,0.2585792966795948,final_score_1,178,178,
pr_Agency_EBCI,test,05_19 Darisy,01_calib,test/05_19 Darisy/01_calib,"MATRIX_[8, 15]_robust_concat_01_calib.hdf","C:\Users\hodor\Documents\lab-Shishkin\projects\BCI_classifier\data\pr_Agency_EBCI\features\csp\test\05_19 Darisy\MATRIX_[8, 15]_robust_concat_01_calib.hdf","[8, 15]","[2, -2]","[2, 54]",2,lda,time_series_by_class,3,5,30,0.8333333333333334,0.8333333333333333,0.13756049493487868,"[0.2608277798894821, 0.061727590063505]",0.16127768497649353,0.256832518789382,final_score_1,179,179,
pr_Agency_EBCI,test,05_19 Darisy,01_calib,test/05_19 Darisy/01_calib,"MATRIX_[9, 13]_robust_concat_01_calib.hdf","C:\Users\hodor\Documents\lab-Shishkin\projects\BCI_classifier\data\pr_Agency_EBCI\features\csp\test\05_19 Darisy\MATRIX_[9, 13]_robust_concat_01_calib.hdf","[9, 13]","[2, -3, -2]","[2, 53, 54]",3,lda,time_series_by_class,3,5,30,0.8666666666666667,0.8666666666666667,0.08229075597651365,"[0.13849277242436, 0.0755720434981172, 0.2309537628961316]",0.14833952627286962,0.25343650386232447,final_score_1,180,180,
pr_Agency_EBCI,test,05_19 Darisy,01_calib,test/05_19 Darisy/01_calib,"MATRIX_[9, 13]_robust_concat_01_calib.hdf","C:\Users\hodor\Documents\lab-Shishkin\projects\BCI_classifier\data\pr_Agency_EBCI\features\csp\test\05_19 Darisy\MATRIX_[9, 13]_robust_concat_01_calib.hdf","[9, 13]","[1, -3]","[1, 53]",2,lda,time_series_by_class,3,5,30,0.8333333333333334,0.8333333333333333,0.11498555171293495,"[0.2317744521979455, 0.0755720434981172]",0.15367324784803135,0.25124803946138313,final_score_1,181,181,
pr_Agency_EBCI,test,05_19 Darisy,01_calib,test/05_19 Darisy/01_calib,"MATRIX_[8, 12]_robust_concat_01_calib.hdf","C:\Users\hodor\Documents\lab-Shishkin\projects\BCI_classifier\data\pr_Agency_EBCI\features\csp\test\05_19 Darisy\MATRIX_[8, 12]_robust_concat_01_calib.hdf","[8, 12]","[1, 2, -2]","[1, 2, 54]",3,lda,time_series_by_class,3,5,30,0.8333333333333334,0.8333333333333334,0.10333198389190718,"[0.3023887911207212, 0.0925280064319718, 0.0586022629321345]",0.15117302016160916,0.25084798237428496,final_score_1,182,182,
pr_Agency_EBCI,test,05_19 Darisy,01_calib,test/05_19 Darisy/01_calib,"MATRIX_[8, 15]_robust_concat_01_calib.hdf","C:\Users\hodor\Documents\lab-Shishkin\projects\BCI_classifier\data\pr_Agency_EBCI\features\csp\test\05_19 Darisy\MATRIX_[8, 15]_robust_concat_01_calib.hdf","[8, 15]","[2, -3]","[2, 53]",2,lda,time_series_by_class,3,5,30,0.7666666666666667,0.7666666666666666,0.1812497974078222,"[0.2608277798894821, 0.0660394722123664]",0.16343362605092424,0.2491693442924212,final_score_1,183,183,
pr_Agency_EBCI,test,05_19 Darisy,01_calib,test/05_19 Darisy/01_calib,"MATRIX_[8, 12]_robust_concat_01_calib.hdf","C:\Users\hodor\Documents\lab-Shishkin\projects\BCI_classifier\data\pr_Agency_EBCI\features\csp\test\05_19 Darisy\MATRIX_[8, 12]_robust_concat_01_calib.hdf","[8, 12]","[2, -3]","[2, 53]",2,lda,time_series_by_class,3,5,30,0.9,0.9,0.10162578907128283,"[0.0925280064319718, 0.2070244099967982]",0.149776208214385,0.24908880921945925,final_score_1,184,184,
pr_Agency_EBCI,test,05_19 Darisy,01_calib,test/05_19 Darisy/01_calib,"MATRIX_[9, 13]_robust_concat_01_calib.hdf","C:\Users\hodor\Documents\lab-Shishkin\projects\BCI_classifier\data\pr_Agency_EBCI\features\csp\test\05_19 Darisy\MATRIX_[9, 13]_robust_concat_01_calib.hdf","[9, 13]","[-3, -2]","[53, 54]",2,lda,time_series_by_class,3,5,30,0.7666666666666667,0.7666666666666666,0.13264786937956033,"[0.0755720434981172, 0.2309537628961316]",0.1532629031971244,0.24541013593484398,final_score_1,185,185,
pr_Agency_EBCI,test,05_19 Darisy,01_calib,test/05_19 Darisy/01_calib,"MATRIX_[9, 13]_robust_concat_01_calib.hdf","C:\Users\hodor\Documents\lab-Shishkin\projects\BCI_classifier\data\pr_Agency_EBCI\features\csp\test\05_19 Darisy\MATRIX_[9, 13]_robust_concat_01_calib.hdf","[9, 13]","[1, 2, -3]","[1, 2, 53]",3,lda,time_series_by_class,3,5,30,0.8666666666666667,0.8666666666666667,0.11504715147823091,"[0.2317744521979455, 0.13849277242436, 0.0755720434981172]",0.14861308937347426,0.24295648443428827,final_score_1,186,186,
pr_Agency_EBCI,test,05_19 Darisy,01_calib,test/05_19 Darisy/01_calib,"MATRIX_[8, 15]_robust_concat_01_calib.hdf","C:\Users\hodor\Documents\lab-Shishkin\projects\BCI_classifier\data\pr_Agency_EBCI\features\csp\test\05_19 Darisy\MATRIX_[8, 15]_robust_concat_01_calib.hdf","[8, 15]","[1, 2, -3, -2]","[1, 2, 53, 54]",4,lda,time_series_by_class,3,5,30,0.8,0.8,0.19193634871407805,"[0.2240672773644739, 0.2608277798894821, 0.0660394722123664, 0.061727590063505]",0.15316552988245685,0.23132389941617562,final_score_1,187,187,
pr_Agency_EBCI,test,05_19 Darisy,01_calib,test/05_19 Darisy/01_calib,"MATRIX_[8, 15]_robust_concat_01_calib.hdf","C:\Users\hodor\Documents\lab-Shishkin\projects\BCI_classifier\data\pr_Agency_EBCI\features\csp\test\05_19 Darisy\MATRIX_[8, 15]_robust_concat_01_calib.hdf","[8, 15]","[1, -2]","[1, 54]",2,lda,time_series_by_class,3,5,30,0.8333333333333334,0.8333333333333333,0.1359221979817067,"[0.2240672773644739, 0.061727590063505]",0.14289743371398944,0.22797513002137734,final_score_1,188,188,
pr_Agency_EBCI,test,05_19 Darisy,01_calib,test/05_19 Darisy/01_calib,"MATRIX_[8, 15]_robust_concat_01_calib.hdf","C:\Users\hodor\Documents\lab-Shishkin\projects\BCI_classifier\data\pr_Agency_EBCI\features\csp\test\05_19 Darisy\MATRIX_[8, 15]_robust_concat_01_calib.hdf","[8, 15]","[1, -3]","[1, 53]",2,lda,time_series_by_class,3,5,30,0.8,0.8,0.17637448140995268,"[0.2240672773644739, 0.0660394722123664]",0.14505337478842015,0.2221326572334092,final_score_1,189,189,
pr_Agency_EBCI,test,05_19 Darisy,01_calib,test/05_19 Darisy/01_calib,"MATRIX_[8, 12]_robust_concat_01_calib.hdf","C:\Users\hodor\Documents\lab-Shishkin\projects\BCI_classifier\data\pr_Agency_EBCI\features\csp\test\05_19 Darisy\MATRIX_[8, 12]_robust_concat_01_calib.hdf","[8, 12]","[-3, -2]","[53, 54]",2,lda,time_series_by_class,3,5,30,0.8333333333333334,0.8333333333333333,0.13445328106349674,"[0.2070244099967982, 0.0586022629321345]",0.13281333646446636,0.21223449570210076,final_score_1,190,190,
pr_Agency_EBCI,test,05_19 Darisy,01_calib,test/05_19 Darisy/01_calib,"MATRIX_[8, 12]_robust_concat_01_calib.hdf","C:\Users\hodor\Documents\lab-Shishkin\projects\BCI_classifier\data\pr_Agency_EBCI\features\csp\test\05_19 Darisy\MATRIX_[8, 12]_robust_concat_01_calib.hdf","[8, 12]","[2, -3, -2]","[2, 53, 54]",3,lda,time_series_by_class,3,5,30,0.9,0.9,0.06411721171265848,"[0.0925280064319718, 0.2070244099967982, 0.0586022629321345]",0.1193848931203015,0.20978785652140244,final_score_1,191,191,
pr_Agency_EBCI,test,05_19 Darisy,01_calib,test/05_19 Darisy/01_calib,"MATRIX_[10, 14]_robust_concat_01_calib.hdf","C:\Users\hodor\Documents\lab-Shishkin\projects\BCI_classifier\data\pr_Agency_EBCI\features\csp\test\05_19 Darisy\MATRIX_[10, 14]_robust_concat_01_calib.hdf","[10, 14]","[1, -2]","[1, 54]",2,lda,time_series_by_class,3,5,30,0.9,0.9,0.09537247488166484,"[0.1041059139348124, 0.1403250639595052]",0.1222154889471588,0.2049689608108604,final_score_1,192,192,
pr_Agency_EBCI,test,05_19 Darisy,01_calib,test/05_19 Darisy/01_calib,"MATRIX_[8, 15]_robust_concat_01_calib.hdf","C:\Users\hodor\Documents\lab-Shishkin\projects\BCI_classifier\data\pr_Agency_EBCI\features\csp\test\05_19 Darisy\MATRIX_[8, 15]_robust_concat_01_calib.hdf","[8, 15]","[2, -3, -2]","[2, 53, 54]",3,lda,time_series_by_class,3,5,30,0.8,0.8,0.17097213093185695,"[0.2608277798894821, 0.0660394722123664, 0.061727590063505]",0.12953161405511782,0.1993652232428178,final_score_1,193,193,
pr_Agency_EBCI,test,05_19 Darisy,01_calib,test/05_19 Darisy/01_calib,"MATRIX_[10, 14]_robust_concat_01_calib.hdf","C:\Users\hodor\Documents\lab-Shishkin\projects\BCI_classifier\data\pr_Agency_EBCI\features\csp\test\05_19 Darisy\MATRIX_[10, 14]_robust_concat_01_calib.hdf","[10, 14]","[1, -3, -2]","[1, 53, 54]",3,lda,time_series_by_class,3,5,30,0.9333333333333333,0.9333333333333333,0.060778605210964405,"[0.1041059139348124, 0.0933943362388788, 0.1403250639595052]",0.1126084380443988,0.19897168701821774,final_score_1,194,194,
pr_Agency_EBCI,test,05_19 Darisy,01_calib,test/05_19 Darisy/01_calib,"MATRIX_[10, 14]_robust_concat_01_calib.hdf","C:\Users\hodor\Documents\lab-Shishkin\projects\BCI_classifier\data\pr_Agency_EBCI\features\csp\test\05_19 Darisy\MATRIX_[10, 14]_robust_concat_01_calib.hdf","[10, 14]","[-3, -2]","[53, 54]",2,lda,time_series_by_class,3,5,30,0.8333333333333334,0.8333333333333333,0.1163348021719612,"[0.0933943362388788, 0.1403250639595052]",0.116859700099192,0.1907432559373931,final_score_1,195,195,
pr_Agency_EBCI,test,05_19 Darisy,01_calib,test/05_19 Darisy/01_calib,"MATRIX_[8, 15]_robust_concat_01_calib.hdf","C:\Users\hodor\Documents\lab-Shishkin\projects\BCI_classifier\data\pr_Agency_EBCI\features\csp\test\05_19 Darisy\MATRIX_[8, 15]_robust_concat_01_calib.hdf","[8, 15]","[1, -3, -2]","[1, 53, 54]",3,lda,time_series_by_class,3,5,30,0.7666666666666667,0.7666666666666666,0.19090652515500495,"[0.2240672773644739, 0.0660394722123664, 0.061727590063505]",0.11727811321344843,0.177281262645116,final_score_1,196,196,
pr_Agency_EBCI,test,05_19 Darisy,01_calib,test/05_19 Darisy/01_calib,"MATRIX_[9, 13]_robust_concat_01_calib.hdf","C:\Users\hodor\Documents\lab-Shishkin\projects\BCI_classifier\data\pr_Agency_EBCI\features\csp\test\05_19 Darisy\MATRIX_[9, 13]_robust_concat_01_calib.hdf","[9, 13]","[2, -3]","[2, 53]",2,lda,time_series_by_class,3,5,30,0.9,0.9,0.11193395530130619,"[0.13849277242436, 0.0755720434981172]",0.10703240796123861,0.1756574525530355,final_score_1,197,197,
pr_Agency_EBCI,test,05_19 Darisy,01_calib,test/05_19 Darisy/01_calib,"MATRIX_[10, 14]_robust_concat_01_calib.hdf","C:\Users\hodor\Documents\lab-Shishkin\projects\BCI_classifier\data\pr_Agency_EBCI\features\csp\test\05_19 Darisy\MATRIX_[10, 14]_robust_concat_01_calib.hdf","[10, 14]","[1, -3]","[1, 53]",2,lda,time_series_by_class,3,5,30,0.9,0.9,0.08185872705491928,"[0.1041059139348124, 0.0933943362388788]",0.09875012508684561,0.1688207779409646,final_score_1,198,198,
pr_Agency_EBCI,test,05_19 Darisy,01_calib,test/05_19 Darisy/01_calib,"MATRIX_[8, 12]_robust_concat_01_calib.hdf","C:\Users\hodor\Documents\lab-Shishkin\projects\BCI_classifier\data\pr_Agency_EBCI\features\csp\test\05_19 Darisy\MATRIX_[8, 12]_robust_concat_01_calib.hdf","[8, 12]","[2, -2]","[2, 54]",2,lda,time_series_by_class,3,5,30,0.9,0.9,0.07540407455318877,"[0.0925280064319718, 0.0586022629321345]",0.07556513468205314,0.130440963810325,final_score_1,199,199,
pr_Agency_EBCI,test,05_19 Darisy,01_calib,test/05_19 Darisy/01_calib,"MATRIX_[8, 15]_robust_concat_01_calib.hdf","C:\Users\hodor\Documents\lab-Shishkin\projects\BCI_classifier\data\pr_Agency_EBCI\features\csp\test\05_19 Darisy\MATRIX_[8, 15]_robust_concat_01_calib.hdf","[8, 15]","[-3, -2]","[53, 54]",2,lda,time_series_by_class,3,5,30,0.7333333333333333,0.7333333333333334,0.1959305240791112,"[0.0660394722123664, 0.061727590063505]",0.0638835311379357,0.0961536024018381,final_score_1,200,200,
