project,stage,subject,record,file,matrix,matrix_path,band,component,component_1based,component_relative,edge_group,eigenvalue,eigen_score_abs_diff,eigen_score_logit,eigengap,weighted_contra,weighted_ipsi,locality,gof,gof_coef,final_score_method,final_score,rank_within_file,rank_within_matrix
pr_Agency_EBCI,test,06_02 Artem,rec_05AY_calibration_20260602_133912,test/06_02 Artem/rec_05AY_calibration_20260602_133912,"MATRIX_[8, 12]_robust_concat_rec_05AY_calibration_20260602_133912.hdf","C:\Users\hodor\Documents\lab-Shishkin\projects\BCI_classifier\data\pr_Agency_EBCI\features\csp\test\06_02 Artem\MATRIX_[8, 12]_robust_concat_rec_05AY_calibration_20260602_133912.hdf","[8, 12]",0,1,0,first5,0.15929004697363747,0.341,1.664,0.062051237934700104,0.06855851632002789,1.1385185994402727,0.6607142857142857,,0.0,final_score_1,0.6835720816447572,1,1
pr_Agency_EBCI,test,06_02 Artem,rec_05AY_calibration_20260602_133912,test/06_02 Artem/rec_05AY_calibration_20260602_133912,"MATRIX_[9, 13]_robust_concat_rec_05AY_calibration_20260602_133912.hdf","C:\Users\hodor\Documents\lab-Shishkin\projects\BCI_classifier\data\pr_Agency_EBCI\features\csp\test\06_02 Artem\MATRIX_[9, 13]_robust_concat_rec_05AY_calibration_20260602_133912.hdf","[9, 13]",0,1,0,first5,0.1697230332411205,0.33,1.588,0.07689192881063137,0.07140392782838811,1.1525720218093047,0.6607142857142857,,0.0,final_score_1,0.6707825338282284,2,1
pr_Agency_EBCI,test,06_02 Artem,rec_05AY_calibration_20260602_133912,test/06_02 Artem/rec_05AY_calibration_20260602_133912,"MATRIX_[8, 12]_robust_concat_rec_05AY_calibration_20260602_133912.hdf","C:\Users\hodor\Documents\lab-Shishkin\projects\BCI_classifier\data\pr_Agency_EBCI\features\csp\test\06_02 Artem\MATRIX_[8, 12]_robust_concat_rec_05AY_calibration_20260602_133912.hdf","[8, 12]",55,56,-1,last5,0.8047560847583469,0.305,1.416,0.03514862159204635,0.7718839097911836,0.6219607440751094,0.5535714285714286,,0.0,final_score_1,0.6604583551846801,3,2
pr_Agency_EBCI,test,06_02 Artem,rec_05AY_calibration_20260602_133912,test/06_02 Artem/rec_05AY_calibration_20260602_133912,"MATRIX_[10, 14]_robust_concat_rec_05AY_calibration_20260602_133912.hdf","C:\Users\hodor\Documents\lab-Shishkin\projects\BCI_classifier\data\pr_Agency_EBCI\features\csp\test\06_02 Artem\MATRIX_[10, 14]_robust_concat_rec_05AY_calibration_20260602_133912.hdf","[10, 14]",1,2,1,first5,0.2309887175281253,0.269,1.203,0.03873167824678417,0.9735980222404803,0.4978637415643302,0.4642857142857143,,0.0,final_score_1,0.579598278321545,4,1
pr_Agency_EBCI,test,06_02 Artem,rec_05AY_calibration_20260602_133912,test/06_02 Artem/rec_05AY_calibration_20260602_133912,"MATRIX_[8, 15]_robust_concat_rec_05AY_calibration_20260602_133912.hdf","C:\Users\hodor\Documents\lab-Shishkin\projects\BCI_classifier\data\pr_Agency_EBCI\features\csp\test\06_02 Artem\MATRIX_[8, 15]_robust_concat_rec_05AY_calibration_20260602_133912.hdf","[8, 15]",0,1,0,first5,0.2008085512264894,0.299,1.381,0.05052222349079419,0.08847307938127778,1.0062752488200553,0.6428571428571428,,0.0,final_score_1,0.5377560180743262,5,1
pr_Agency_EBCI,test,06_02 Artem,rec_05AY_calibration_20260602_133912,test/06_02 Artem/rec_05AY_calibration_20260602_133912,"MATRIX_[9, 13]_robust_concat_rec_05AY_calibration_20260602_133912.hdf","C:\Users\hodor\Documents\lab-Shishkin\projects\BCI_classifier\data\pr_Agency_EBCI\features\csp\test\06_02 Artem\MATRIX_[9, 13]_robust_concat_rec_05AY_calibration_20260602_133912.hdf","[9, 13]",55,56,-1,last5,0.8305506245889221,0.331,1.59,0.04187469486351436,0.5960160666225213,0.4048438964215764,0.5535714285714286,,0.0,final_score_1,0.5146743634960872,6,2
pr_Agency_EBCI,test,06_02 Artem,rec_05AY_calibration_20260602_133912,test/06_02 Artem/rec_05AY_calibration_20260602_133912,"MATRIX_[8, 15]_robust_concat_rec_05AY_calibration_20260602_133912.hdf","C:\Users\hodor\Documents\lab-Shishkin\projects\BCI_classifier\data\pr_Agency_EBCI\features\csp\test\06_02 Artem\MATRIX_[8, 15]_robust_concat_rec_05AY_calibration_20260602_133912.hdf","[8, 15]",55,56,-1,last5,0.7891955915043092,0.289,1.32,0.043288415303187944,0.6328596896270602,0.42138227904966696,0.5892857142857143,,0.0,final_score_1,0.4842171013631089,7,2
pr_Agency_EBCI,test,06_02 Artem,rec_05AY_calibration_20260602_133912,test/06_02 Artem/rec_05AY_calibration_20260602_133912,"MATRIX_[10, 14]_robust_concat_rec_05AY_calibration_20260602_133912.hdf","C:\Users\hodor\Documents\lab-Shishkin\projects\BCI_classifier\data\pr_Agency_EBCI\features\csp\test\06_02 Artem\MATRIX_[10, 14]_robust_concat_rec_05AY_calibration_20260602_133912.hdf","[10, 14]",0,1,0,first5,0.21157347727679157,0.288,1.315,0.019415240251333732,0.22616760502149774,0.8473281669761921,0.5357142857142857,,0.0,final_score_1,0.47479184430069243,8,2
pr_Agency_EBCI,test,06_02 Artem,rec_05AY_calibration_20260602_133912,test/06_02 Artem/rec_05AY_calibration_20260602_133912,"MATRIX_[8, 15]_robust_concat_rec_05AY_calibration_20260602_133912.hdf","C:\Users\hodor\Documents\lab-Shishkin\projects\BCI_classifier\data\pr_Agency_EBCI\features\csp\test\06_02 Artem\MATRIX_[8, 15]_robust_concat_rec_05AY_calibration_20260602_133912.hdf","[8, 15]",1,2,1,first5,0.2513307747172836,0.249,1.092,0.037874552750075396,0.774970591652762,0.45144402046798243,0.4285714285714286,,0.0,final_score_1,0.43625319774009347,9,3
pr_Agency_EBCI,test,06_02 Artem,rec_05AY_calibration_20260602_133912,test/06_02 Artem/rec_05AY_calibration_20260602_133912,"MATRIX_[8, 15]_robust_concat_rec_05AY_calibration_20260602_133912.hdf","C:\Users\hodor\Documents\lab-Shishkin\projects\BCI_classifier\data\pr_Agency_EBCI\features\csp\test\06_02 Artem\MATRIX_[8, 15]_robust_concat_rec_05AY_calibration_20260602_133912.hdf","[8, 15]",54,55,-2,last5,0.7459071762011212,0.246,1.077,0.030557243777257992,0.5901530483181252,0.5684710063717455,0.5178571428571428,,0.0,final_score_1,0.43262194613509275,10,4
pr_Agency_EBCI,test,06_02 Artem,rec_05AY_calibration_20260602_133912,test/06_02 Artem/rec_05AY_calibration_20260602_133912,"MATRIX_[10, 14]_robust_concat_rec_05AY_calibration_20260602_133912.hdf","C:\Users\hodor\Documents\lab-Shishkin\projects\BCI_classifier\data\pr_Agency_EBCI\features\csp\test\06_02 Artem\MATRIX_[10, 14]_robust_concat_rec_05AY_calibration_20260602_133912.hdf","[10, 14]",55,56,-1,last5,0.8133357913155118,0.313,1.472,0.05071352882656455,0.5759658459721415,0.21628526983604932,0.5892857142857143,,0.0,final_score_1,0.3941024880905138,11,3
pr_Agency_EBCI,test,06_02 Artem,rec_05AY_calibration_20260602_133912,test/06_02 Artem/rec_05AY_calibration_20260602_133912,"MATRIX_[9, 13]_robust_concat_rec_05AY_calibration_20260602_133912.hdf","C:\Users\hodor\Documents\lab-Shishkin\projects\BCI_classifier\data\pr_Agency_EBCI\features\csp\test\06_02 Artem\MATRIX_[9, 13]_robust_concat_rec_05AY_calibration_20260602_133912.hdf","[9, 13]",3,4,3,first5,0.2920164268080351,0.208,0.886,0.03038301548642741,0.5568012713241639,0.46198101531367874,0.5357142857142857,,0.0,final_score_1,0.3254281704174594,12,3
pr_Agency_EBCI,test,06_02 Artem,rec_05AY_calibration_20260602_133912,test/06_02 Artem/rec_05AY_calibration_20260602_133912,"MATRIX_[9, 13]_robust_concat_rec_05AY_calibration_20260602_133912.hdf","C:\Users\hodor\Documents\lab-Shishkin\projects\BCI_classifier\data\pr_Agency_EBCI\features\csp\test\06_02 Artem\MATRIX_[9, 13]_robust_concat_rec_05AY_calibration_20260602_133912.hdf","[9, 13]",52,53,-4,last5,0.7672580169934686,0.267,1.193,0.02295280825057977,0.3577634444308264,0.3934326095601804,0.5714285714285714,,0.0,final_score_1,0.31518040151022675,13,4
pr_Agency_EBCI,test,06_02 Artem,rec_05AY_calibration_20260602_133912,test/06_02 Artem/rec_05AY_calibration_20260602_133912,"MATRIX_[10, 14]_robust_concat_rec_05AY_calibration_20260602_133912.hdf","C:\Users\hodor\Documents\lab-Shishkin\projects\BCI_classifier\data\pr_Agency_EBCI\features\csp\test\06_02 Artem\MATRIX_[10, 14]_robust_concat_rec_05AY_calibration_20260602_133912.hdf","[10, 14]",51,52,-5,last5,0.7439280722929966,0.244,1.066,0.01429208675432636,0.36703676258332063,0.4828497411139758,0.4821428571428571,,0.0,final_score_1,0.3073553834442437,14,4
pr_Agency_EBCI,test,06_02 Artem,rec_05AY_calibration_20260602_133912,test/06_02 Artem/rec_05AY_calibration_20260602_133912,"MATRIX_[9, 13]_robust_concat_rec_05AY_calibration_20260602_133912.hdf","C:\Users\hodor\Documents\lab-Shishkin\projects\BCI_classifier\data\pr_Agency_EBCI\features\csp\test\06_02 Artem\MATRIX_[9, 13]_robust_concat_rec_05AY_calibration_20260602_133912.hdf","[9, 13]",1,2,1,first5,0.24661496205175187,0.253,1.117,0.026834426507150566,0.588908433953689,0.15424536758624632,0.5357142857142857,,0.0,final_score_1,0.2887417931054627,15,5
pr_Agency_EBCI,test,06_02 Artem,rec_05AY_calibration_20260602_133912,test/06_02 Artem/rec_05AY_calibration_20260602_133912,"MATRIX_[8, 12]_robust_concat_rec_05AY_calibration_20260602_133912.hdf","C:\Users\hodor\Documents\lab-Shishkin\projects\BCI_classifier\data\pr_Agency_EBCI\features\csp\test\06_02 Artem\MATRIX_[8, 12]_robust_concat_rec_05AY_calibration_20260602_133912.hdf","[8, 12]",54,55,-2,last5,0.7696074631663006,0.27,1.206,0.03012580921628194,0.351440814618327,0.3460910224865842,0.5,,0.0,final_score_1,0.2825003940274891,16,3
pr_Agency_EBCI,test,06_02 Artem,rec_05AY_calibration_20260602_133912,test/06_02 Artem/rec_05AY_calibration_20260602_133912,"MATRIX_[8, 12]_robust_concat_rec_05AY_calibration_20260602_133912.hdf","C:\Users\hodor\Documents\lab-Shishkin\projects\BCI_classifier\data\pr_Agency_EBCI\features\csp\test\06_02 Artem\MATRIX_[8, 12]_robust_concat_rec_05AY_calibration_20260602_133912.hdf","[8, 12]",1,2,1,first5,0.22134128490833757,0.279,1.258,0.030577741159454025,0.29419765079216054,0.2726002180104721,0.5178571428571428,,0.0,final_score_1,0.24002877604740058,17,4
pr_Agency_EBCI,test,06_02 Artem,rec_05AY_calibration_20260602_133912,test/06_02 Artem/rec_05AY_calibration_20260602_133912,"MATRIX_[8, 12]_robust_concat_rec_05AY_calibration_20260602_133912.hdf","C:\Users\hodor\Documents\lab-Shishkin\projects\BCI_classifier\data\pr_Agency_EBCI\features\csp\test\06_02 Artem\MATRIX_[8, 12]_robust_concat_rec_05AY_calibration_20260602_133912.hdf","[8, 12]",2,3,2,first5,0.2519190260677916,0.248,1.088,0.026643445286798628,0.42417775804783864,0.22081889150450076,0.5,,0.0,final_score_1,0.23993875363347028,18,5
pr_Agency_EBCI,test,06_02 Artem,rec_05AY_calibration_20260602_133912,test/06_02 Artem/rec_05AY_calibration_20260602_133912,"MATRIX_[8, 15]_robust_concat_rec_05AY_calibration_20260602_133912.hdf","C:\Users\hodor\Documents\lab-Shishkin\projects\BCI_classifier\data\pr_Agency_EBCI\features\csp\test\06_02 Artem\MATRIX_[8, 15]_robust_concat_rec_05AY_calibration_20260602_133912.hdf","[8, 15]",2,3,2,first5,0.289205327467359,0.211,0.899,0.027556654075940046,0.15013470119081596,0.4254807830191006,0.5892857142857143,,0.0,final_score_1,0.19302648532103614,19,5
pr_Agency_EBCI,test,06_02 Artem,rec_05AY_calibration_20260602_133912,test/06_02 Artem/rec_05AY_calibration_20260602_133912,"MATRIX_[8, 12]_robust_concat_rec_05AY_calibration_20260602_133912.hdf","C:\Users\hodor\Documents\lab-Shishkin\projects\BCI_classifier\data\pr_Agency_EBCI\features\csp\test\06_02 Artem\MATRIX_[8, 12]_robust_concat_rec_05AY_calibration_20260602_133912.hdf","[8, 12]",53,54,-3,last5,0.7394816539500186,0.239,1.043,0.006568020607826908,0.1494962037058728,0.32453180829151496,0.5714285714285714,,0.0,final_score_1,0.1780313776487332,20,6
pr_Agency_EBCI,test,06_02 Artem,rec_05AY_calibration_20260602_133912,test/06_02 Artem/rec_05AY_calibration_20260602_133912,"MATRIX_[9, 13]_robust_concat_rec_05AY_calibration_20260602_133912.hdf","C:\Users\hodor\Documents\lab-Shishkin\projects\BCI_classifier\data\pr_Agency_EBCI\features\csp\test\06_02 Artem\MATRIX_[9, 13]_robust_concat_rec_05AY_calibration_20260602_133912.hdf","[9, 13]",54,55,-2,last5,0.7886759297254078,0.289,1.317,0.01651169283170828,0.2573038208760968,0.15026233583435017,0.4464285714285714,,0.0,final_score_1,0.17036993147205096,21,6
pr_Agency_EBCI,test,06_02 Artem,rec_05AY_calibration_20260602_133912,test/06_02 Artem/rec_05AY_calibration_20260602_133912,"MATRIX_[9, 13]_robust_concat_rec_05AY_calibration_20260602_133912.hdf","C:\Users\hodor\Documents\lab-Shishkin\projects\BCI_classifier\data\pr_Agency_EBCI\features\csp\test\06_02 Artem\MATRIX_[9, 13]_robust_concat_rec_05AY_calibration_20260602_133912.hdf","[9, 13]",2,3,2,first5,0.27344938855890244,0.227,0.977,0.01856703824913264,0.15108773607910903,0.29415541691202063,0.5535714285714286,,0.0,final_score_1,0.15701976836467538,22,7
pr_Agency_EBCI,test,06_02 Artem,rec_05AY_calibration_20260602_133912,test/06_02 Artem/rec_05AY_calibration_20260602_133912,"MATRIX_[10, 14]_robust_concat_rec_05AY_calibration_20260602_133912.hdf","C:\Users\hodor\Documents\lab-Shishkin\projects\BCI_classifier\data\pr_Agency_EBCI\features\csp\test\06_02 Artem\MATRIX_[10, 14]_robust_concat_rec_05AY_calibration_20260602_133912.hdf","[10, 14]",54,55,-2,last5,0.7626222624889473,0.263,1.167,0.0027031076868404558,0.10111871193181346,0.2620602853490409,0.5892857142857143,,0.0,final_score_1,0.15180233552415998,23,5
pr_Agency_EBCI,test,06_02 Artem,rec_05AY_calibration_20260602_133912,test/06_02 Artem/rec_05AY_calibration_20260602_133912,"MATRIX_[10, 14]_robust_concat_rec_05AY_calibration_20260602_133912.hdf","C:\Users\hodor\Documents\lab-Shishkin\projects\BCI_classifier\data\pr_Agency_EBCI\features\csp\test\06_02 Artem\MATRIX_[10, 14]_robust_concat_rec_05AY_calibration_20260602_133912.hdf","[10, 14]",52,53,-4,last5,0.7461447599308845,0.246,1.078,0.0022166876378878486,0.1418601356222926,0.28932764754689944,0.4285714285714286,,0.0,final_score_1,0.15153170665660176,24,6
pr_Agency_EBCI,test,06_02 Artem,rec_05AY_calibration_20260602_133912,test/06_02 Artem/rec_05AY_calibration_20260602_133912,"MATRIX_[8, 12]_robust_concat_rec_05AY_calibration_20260602_133912.hdf","C:\Users\hodor\Documents\lab-Shishkin\projects\BCI_classifier\data\pr_Agency_EBCI\features\csp\test\06_02 Artem\MATRIX_[8, 12]_robust_concat_rec_05AY_calibration_20260602_133912.hdf","[8, 12]",4,5,4,first5,0.2846060017707627,0.215,0.922,0.018599219029692415,0.20195592457922035,0.2204587391230785,0.4821428571428571,,0.0,final_score_1,0.13460695846013435,25,7
pr_Agency_EBCI,test,06_02 Artem,rec_05AY_calibration_20260602_133912,test/06_02 Artem/rec_05AY_calibration_20260602_133912,"MATRIX_[9, 13]_robust_concat_rec_05AY_calibration_20260602_133912.hdf","C:\Users\hodor\Documents\lab-Shishkin\projects\BCI_classifier\data\pr_Agency_EBCI\features\csp\test\06_02 Artem\MATRIX_[9, 13]_robust_concat_rec_05AY_calibration_20260602_133912.hdf","[9, 13]",51,52,-5,last5,0.7443052087428889,0.244,1.068,0.009982334042662133,0.17985752002961022,0.17997055602858616,0.4821428571428571,,0.0,final_score_1,0.13012925350590343,26,8
pr_Agency_EBCI,test,06_02 Artem,rec_05AY_calibration_20260602_133912,test/06_02 Artem/rec_05AY_calibration_20260602_133912,"MATRIX_[8, 15]_robust_concat_rec_05AY_calibration_20260602_133912.hdf","C:\Users\hodor\Documents\lab-Shishkin\projects\BCI_classifier\data\pr_Agency_EBCI\features\csp\test\06_02 Artem\MATRIX_[8, 15]_robust_concat_rec_05AY_calibration_20260602_133912.hdf","[8, 15]",3,4,3,first5,0.31676198154329904,0.183,0.769,0.014465212919990589,0.08431749444102399,0.32518997185792575,0.6785714285714286,,0.0,final_score_1,0.12579191848704524,27,6
pr_Agency_EBCI,test,06_02 Artem,rec_05AY_calibration_20260602_133912,test/06_02 Artem/rec_05AY_calibration_20260602_133912,"MATRIX_[8, 15]_robust_concat_rec_05AY_calibration_20260602_133912.hdf","C:\Users\hodor\Documents\lab-Shishkin\projects\BCI_classifier\data\pr_Agency_EBCI\features\csp\test\06_02 Artem\MATRIX_[8, 15]_robust_concat_rec_05AY_calibration_20260602_133912.hdf","[8, 15]",4,5,4,first5,0.33122719446328963,0.169,0.703,0.03173480740630774,0.3142918646591709,0.16756354997394798,0.5357142857142857,,0.0,final_score_1,0.12505868921924554,28,7
pr_Agency_EBCI,test,06_02 Artem,rec_05AY_calibration_20260602_133912,test/06_02 Artem/rec_05AY_calibration_20260602_133912,"MATRIX_[10, 14]_robust_concat_rec_05AY_calibration_20260602_133912.hdf","C:\Users\hodor\Documents\lab-Shishkin\projects\BCI_classifier\data\pr_Agency_EBCI\features\csp\test\06_02 Artem\MATRIX_[10, 14]_robust_concat_rec_05AY_calibration_20260602_133912.hdf","[10, 14]",4,5,4,first5,0.3110403794014447,0.189,0.795,0.017978870666786828,0.16503743815627195,0.25338631302308423,0.5357142857142857,,0.0,final_score_1,0.12144749377980811,29,7
pr_Agency_EBCI,test,06_02 Artem,rec_05AY_calibration_20260602_133912,test/06_02 Artem/rec_05AY_calibration_20260602_133912,"MATRIX_[10, 14]_robust_concat_rec_05AY_calibration_20260602_133912.hdf","C:\Users\hodor\Documents\lab-Shishkin\projects\BCI_classifier\data\pr_Agency_EBCI\features\csp\test\06_02 Artem\MATRIX_[10, 14]_robust_concat_rec_05AY_calibration_20260602_133912.hdf","[10, 14]",2,3,2,first5,0.26972039577490947,0.23,0.996,0.028211789360350403,0.10731894348634274,0.2238425794672729,0.5178571428571428,,0.0,final_score_1,0.11561085310255688,30,8
pr_Agency_EBCI,test,06_02 Artem,rec_05AY_calibration_20260602_133912,test/06_02 Artem/rec_05AY_calibration_20260602_133912,"MATRIX_[8, 12]_robust_concat_rec_05AY_calibration_20260602_133912.hdf","C:\Users\hodor\Documents\lab-Shishkin\projects\BCI_classifier\data\pr_Agency_EBCI\features\csp\test\06_02 Artem\MATRIX_[8, 12]_robust_concat_rec_05AY_calibration_20260602_133912.hdf","[8, 12]",3,4,3,first5,0.2785624713545902,0.221,0.952,0.006043530416172449,0.1644211139053535,0.15590705189520804,0.5535714285714286,,0.0,final_score_1,0.10998124364013208,31,8
pr_Agency_EBCI,test,06_02 Artem,rec_05AY_calibration_20260602_133912,test/06_02 Artem/rec_05AY_calibration_20260602_133912,"MATRIX_[8, 12]_robust_concat_rec_05AY_calibration_20260602_133912.hdf","C:\Users\hodor\Documents\lab-Shishkin\projects\BCI_classifier\data\pr_Agency_EBCI\features\csp\test\06_02 Artem\MATRIX_[8, 12]_robust_concat_rec_05AY_calibration_20260602_133912.hdf","[8, 12]",51,52,-5,last5,0.7232140124616628,0.223,0.96,0.005372629512078286,0.21537310367799334,0.10310044223819789,0.5357142857142857,,0.0,final_score_1,0.1090658154210842,32,9
pr_Agency_EBCI,test,06_02 Artem,rec_05AY_calibration_20260602_133912,test/06_02 Artem/rec_05AY_calibration_20260602_133912,"MATRIX_[8, 15]_robust_concat_rec_05AY_calibration_20260602_133912.hdf","C:\Users\hodor\Documents\lab-Shishkin\projects\BCI_classifier\data\pr_Agency_EBCI\features\csp\test\06_02 Artem\MATRIX_[8, 15]_robust_concat_rec_05AY_calibration_20260602_133912.hdf","[8, 15]",53,54,-3,last5,0.7153499324238632,0.215,0.922,0.019026676000159393,0.20849881259885616,0.11234307200002061,0.5,,0.0,final_score_1,0.10347150778313777,33,8
pr_Agency_EBCI,test,06_02 Artem,rec_05AY_calibration_20260602_133912,test/06_02 Artem/rec_05AY_calibration_20260602_133912,"MATRIX_[8, 15]_robust_concat_rec_05AY_calibration_20260602_133912.hdf","C:\Users\hodor\Documents\lab-Shishkin\projects\BCI_classifier\data\pr_Agency_EBCI\features\csp\test\06_02 Artem\MATRIX_[8, 15]_robust_concat_rec_05AY_calibration_20260602_133912.hdf","[8, 15]",51,52,-5,last5,0.6936025805282999,0.194,0.817,0.01654949805385464,0.1187682301983691,0.2224859040731378,0.5357142857142857,,0.0,final_score_1,0.10166935671760396,34,9
pr_Agency_EBCI,test,06_02 Artem,rec_05AY_calibration_20260602_133912,test/06_02 Artem/rec_05AY_calibration_20260602_133912,"MATRIX_[9, 13]_robust_concat_rec_05AY_calibration_20260602_133912.hdf","C:\Users\hodor\Documents\lab-Shishkin\projects\BCI_classifier\data\pr_Agency_EBCI\features\csp\test\06_02 Artem\MATRIX_[9, 13]_robust_concat_rec_05AY_calibration_20260602_133912.hdf","[9, 13]",4,5,4,first5,0.3223994422944625,0.178,0.743,0.007217333214989519,0.08794889381405037,0.2362165801867766,0.6071428571428572,,0.0,final_score_1,0.09273448024095085,35,9
pr_Agency_EBCI,test,06_02 Artem,rec_05AY_calibration_20260602_133912,test/06_02 Artem/rec_05AY_calibration_20260602_133912,"MATRIX_[10, 14]_robust_concat_rec_05AY_calibration_20260602_133912.hdf","C:\Users\hodor\Documents\lab-Shishkin\projects\BCI_classifier\data\pr_Agency_EBCI\features\csp\test\06_02 Artem\MATRIX_[10, 14]_robust_concat_rec_05AY_calibration_20260602_133912.hdf","[10, 14]",3,4,3,first5,0.2979321851352599,0.202,0.857,0.013108194266184814,0.11741713729195344,0.1600537845624473,0.5535714285714286,,0.0,final_score_1,0.08707632108337926,36,9
pr_Agency_EBCI,test,06_02 Artem,rec_05AY_calibration_20260602_133912,test/06_02 Artem/rec_05AY_calibration_20260602_133912,"MATRIX_[10, 14]_robust_concat_rec_05AY_calibration_20260602_133912.hdf","C:\Users\hodor\Documents\lab-Shishkin\projects\BCI_classifier\data\pr_Agency_EBCI\features\csp\test\06_02 Artem\MATRIX_[10, 14]_robust_concat_rec_05AY_calibration_20260602_133912.hdf","[10, 14]",53,54,-3,last5,0.7599191548021068,0.26,1.152,0.01377439487122234,0.11928936987364334,0.04544194662164386,0.5357142857142857,,0.0,final_score_1,0.06577486137204681,37,10
pr_Agency_EBCI,test,06_02 Artem,rec_05AY_calibration_20260602_133912,test/06_02 Artem/rec_05AY_calibration_20260602_133912,"MATRIX_[8, 12]_robust_concat_rec_05AY_calibration_20260602_133912.hdf","C:\Users\hodor\Documents\lab-Shishkin\projects\BCI_classifier\data\pr_Agency_EBCI\features\csp\test\06_02 Artem\MATRIX_[8, 12]_robust_concat_rec_05AY_calibration_20260602_133912.hdf","[8, 12]",52,53,-4,last5,0.7329136333421917,0.233,1.009,0.009699620880528892,0.10227055385654868,0.06275975696018121,0.5357142857142857,,0.0,final_score_1,0.05905138157402917,38,10
pr_Agency_EBCI,test,06_02 Artem,rec_05AY_calibration_20260602_133912,test/06_02 Artem/rec_05AY_calibration_20260602_133912,"MATRIX_[9, 13]_robust_concat_rec_05AY_calibration_20260602_133912.hdf","C:\Users\hodor\Documents\lab-Shishkin\projects\BCI_classifier\data\pr_Agency_EBCI\features\csp\test\06_02 Artem\MATRIX_[9, 13]_robust_concat_rec_05AY_calibration_20260602_133912.hdf","[9, 13]",53,54,-3,last5,0.7721642368936995,0.272,1.221,0.004906219900230879,0.08762999445203645,0.03757631913388163,0.5357142857142857,,0.0,final_score_1,0.052300465846460635,39,10
pr_Agency_EBCI,test,06_02 Artem,rec_05AY_calibration_20260602_133912,test/06_02 Artem/rec_05AY_calibration_20260602_133912,"MATRIX_[8, 15]_robust_concat_rec_05AY_calibration_20260602_133912.hdf","C:\Users\hodor\Documents\lab-Shishkin\projects\BCI_classifier\data\pr_Agency_EBCI\features\csp\test\06_02 Artem\MATRIX_[8, 15]_robust_concat_rec_05AY_calibration_20260602_133912.hdf","[8, 15]",52,53,-4,last5,0.6963232564237039,0.196,0.83,0.0027206758954039234,0.12260564088236703,0.03396776939809133,0.5535714285714286,,0.0,final_score_1,0.04767660343039958,40,10
pr_Agency_EBCI,test,06_02 Artem,rec_05AY_calibration_20260602_133912,test/06_02 Artem/rec_05AY_calibration_20260602_133912,"MATRIX_[8, 12]_robust_concat_rec_05AY_calibration_20260602_133912.hdf","C:\Users\hodor\Documents\lab-Shishkin\projects\BCI_classifier\data\pr_Agency_EBCI\features\csp\test\06_02 Artem\MATRIX_[8, 12]_robust_concat_rec_05AY_calibration_20260602_133912.hdf","[8, 12]",0,1,0,first5,0.15929004697363747,0.341,1.664,0.062051237934700104,0.06855851632002789,1.1385185994402727,0.6607142857142857,,0.0,final_score_2,3.335671389609607,1,1
pr_Agency_EBCI,test,06_02 Artem,rec_05AY_calibration_20260602_133912,test/06_02 Artem/rec_05AY_calibration_20260602_133912,"MATRIX_[9, 13]_robust_concat_rec_05AY_calibration_20260602_133912.hdf","C:\Users\hodor\Documents\lab-Shishkin\projects\BCI_classifier\data\pr_Agency_EBCI\features\csp\test\06_02 Artem\MATRIX_[9, 13]_robust_concat_rec_05AY_calibration_20260602_133912.hdf","[9, 13]",0,1,0,first5,0.1697230332411205,0.33,1.588,0.07689192881063137,0.07140392782838811,1.1525720218093047,0.6607142857142857,,0.0,final_score_2,3.2278868597552326,2,1
pr_Agency_EBCI,test,06_02 Artem,rec_05AY_calibration_20260602_133912,test/06_02 Artem/rec_05AY_calibration_20260602_133912,"MATRIX_[8, 12]_robust_concat_rec_05AY_calibration_20260602_133912.hdf","C:\Users\hodor\Documents\lab-Shishkin\projects\BCI_classifier\data\pr_Agency_EBCI\features\csp\test\06_02 Artem\MATRIX_[8, 12]_robust_concat_rec_05AY_calibration_20260602_133912.hdf","[8, 12]",55,56,-1,last5,0.8047560847583469,0.305,1.416,0.03514862159204635,0.7718839097911836,0.6219607440751094,0.5535714285714286,,0.0,final_score_2,3.0662591178410064,3,2
pr_Agency_EBCI,test,06_02 Artem,rec_05AY_calibration_20260602_133912,test/06_02 Artem/rec_05AY_calibration_20260602_133912,"MATRIX_[10, 14]_robust_concat_rec_05AY_calibration_20260602_133912.hdf","C:\Users\hodor\Documents\lab-Shishkin\projects\BCI_classifier\data\pr_Agency_EBCI\features\csp\test\06_02 Artem\MATRIX_[10, 14]_robust_concat_rec_05AY_calibration_20260602_133912.hdf","[10, 14]",1,2,1,first5,0.2309887175281253,0.269,1.203,0.03873167824678417,0.9735980222404803,0.4978637415643302,0.4642857142857143,,0.0,final_score_2,2.592032449148024,4,1
pr_Agency_EBCI,test,06_02 Artem,rec_05AY_calibration_20260602_133912,test/06_02 Artem/rec_05AY_calibration_20260602_133912,"MATRIX_[8, 15]_robust_concat_rec_05AY_calibration_20260602_133912.hdf","C:\Users\hodor\Documents\lab-Shishkin\projects\BCI_classifier\data\pr_Agency_EBCI\features\csp\test\06_02 Artem\MATRIX_[8, 15]_robust_concat_rec_05AY_calibration_20260602_133912.hdf","[8, 15]",0,1,0,first5,0.2008085512264894,0.299,1.381,0.05052222349079419,0.08847307938127778,1.0062752488200553,0.6428571428571428,,0.0,final_score_2,2.483749367761353,5,1
pr_Agency_EBCI,test,06_02 Artem,rec_05AY_calibration_20260602_133912,test/06_02 Artem/rec_05AY_calibration_20260602_133912,"MATRIX_[9, 13]_robust_concat_rec_05AY_calibration_20260602_133912.hdf","C:\Users\hodor\Documents\lab-Shishkin\projects\BCI_classifier\data\pr_Agency_EBCI\features\csp\test\06_02 Artem\MATRIX_[9, 13]_robust_concat_rec_05AY_calibration_20260602_133912.hdf","[9, 13]",55,56,-1,last5,0.8305506245889221,0.331,1.59,0.04187469486351436,0.5960160666225213,0.4048438964215764,0.5535714285714286,,0.0,final_score_2,2.4723028337123223,6,2
pr_Agency_EBCI,test,06_02 Artem,rec_05AY_calibration_20260602_133912,test/06_02 Artem/rec_05AY_calibration_20260602_133912,"MATRIX_[8, 15]_robust_concat_rec_05AY_calibration_20260602_133912.hdf","C:\Users\hodor\Documents\lab-Shishkin\projects\BCI_classifier\data\pr_Agency_EBCI\features\csp\test\06_02 Artem\MATRIX_[8, 15]_robust_concat_rec_05AY_calibration_20260602_133912.hdf","[8, 15]",55,56,-1,last5,0.7891955915043092,0.289,1.32,0.043288415303187944,0.6328596896270602,0.42138227904966696,0.5892857142857143,,0.0,final_score_2,2.2116490442882486,7,2
pr_Agency_EBCI,test,06_02 Artem,rec_05AY_calibration_20260602_133912,test/06_02 Artem/rec_05AY_calibration_20260602_133912,"MATRIX_[10, 14]_robust_concat_rec_05AY_calibration_20260602_133912.hdf","C:\Users\hodor\Documents\lab-Shishkin\projects\BCI_classifier\data\pr_Agency_EBCI\features\csp\test\06_02 Artem\MATRIX_[10, 14]_robust_concat_rec_05AY_calibration_20260602_133912.hdf","[10, 14]",0,1,0,first5,0.21157347727679157,0.288,1.315,0.019415240251333732,0.22616760502149774,0.8473281669761921,0.5357142857142857,,0.0,final_score_2,2.16788637241462,8,2
pr_Agency_EBCI,test,06_02 Artem,rec_05AY_calibration_20260602_133912,test/06_02 Artem/rec_05AY_calibration_20260602_133912,"MATRIX_[8, 15]_robust_concat_rec_05AY_calibration_20260602_133912.hdf","C:\Users\hodor\Documents\lab-Shishkin\projects\BCI_classifier\data\pr_Agency_EBCI\features\csp\test\06_02 Artem\MATRIX_[8, 15]_robust_concat_rec_05AY_calibration_20260602_133912.hdf","[8, 15]",1,2,1,first5,0.2513307747172836,0.249,1.092,0.037874552750075396,0.774970591652762,0.45144402046798243,0.4285714285714286,,0.0,final_score_2,1.9132067949083618,9,3
pr_Agency_EBCI,test,06_02 Artem,rec_05AY_calibration_20260602_133912,test/06_02 Artem/rec_05AY_calibration_20260602_133912,"MATRIX_[8, 15]_robust_concat_rec_05AY_calibration_20260602_133912.hdf","C:\Users\hodor\Documents\lab-Shishkin\projects\BCI_classifier\data\pr_Agency_EBCI\features\csp\test\06_02 Artem\MATRIX_[8, 15]_robust_concat_rec_05AY_calibration_20260602_133912.hdf","[8, 15]",54,55,-2,last5,0.7459071762011212,0.246,1.077,0.030557243777257992,0.5901530483181252,0.5684710063717455,0.5178571428571428,,0.0,final_score_2,1.8940399836890036,10,4
pr_Agency_EBCI,test,06_02 Artem,rec_05AY_calibration_20260602_133912,test/06_02 Artem/rec_05AY_calibration_20260602_133912,"MATRIX_[10, 14]_robust_concat_rec_05AY_calibration_20260602_133912.hdf","C:\Users\hodor\Documents\lab-Shishkin\projects\BCI_classifier\data\pr_Agency_EBCI\features\csp\test\06_02 Artem\MATRIX_[10, 14]_robust_concat_rec_05AY_calibration_20260602_133912.hdf","[10, 14]",55,56,-1,last5,0.8133357913155118,0.313,1.472,0.05071352882656455,0.5759658459721415,0.21628526983604932,0.5892857142857143,,0.0,final_score_2,1.8534148960678476,11,3
pr_Agency_EBCI,test,06_02 Artem,rec_05AY_calibration_20260602_133912,test/06_02 Artem/rec_05AY_calibration_20260602_133912,"MATRIX_[9, 13]_robust_concat_rec_05AY_calibration_20260602_133912.hdf","C:\Users\hodor\Documents\lab-Shishkin\projects\BCI_classifier\data\pr_Agency_EBCI\features\csp\test\06_02 Artem\MATRIX_[9, 13]_robust_concat_rec_05AY_calibration_20260602_133912.hdf","[9, 13]",52,53,-4,last5,0.7672580169934686,0.267,1.193,0.02295280825057977,0.3577634444308264,0.3934326095601804,0.5714285714285714,,0.0,final_score_2,1.4082779737891407,12,3
pr_Agency_EBCI,test,06_02 Artem,rec_05AY_calibration_20260602_133912,test/06_02 Artem/rec_05AY_calibration_20260602_133912,"MATRIX_[9, 13]_robust_concat_rec_05AY_calibration_20260602_133912.hdf","C:\Users\hodor\Documents\lab-Shishkin\projects\BCI_classifier\data\pr_Agency_EBCI\features\csp\test\06_02 Artem\MATRIX_[9, 13]_robust_concat_rec_05AY_calibration_20260602_133912.hdf","[9, 13]",3,4,3,first5,0.2920164268080351,0.208,0.886,0.03038301548642741,0.5568012713241639,0.46198101531367874,0.5357142857142857,,0.0,final_score_2,1.3861988412974473,13,4
pr_Agency_EBCI,test,06_02 Artem,rec_05AY_calibration_20260602_133912,test/06_02 Artem/rec_05AY_calibration_20260602_133912,"MATRIX_[10, 14]_robust_concat_rec_05AY_calibration_20260602_133912.hdf","C:\Users\hodor\Documents\lab-Shishkin\projects\BCI_classifier\data\pr_Agency_EBCI\features\csp\test\06_02 Artem\MATRIX_[10, 14]_robust_concat_rec_05AY_calibration_20260602_133912.hdf","[10, 14]",51,52,-5,last5,0.7439280722929966,0.244,1.066,0.01429208675432636,0.36703676258332063,0.4828497411139758,0.4821428571428571,,0.0,final_score_2,1.3427903227523108,14,4
pr_Agency_EBCI,test,06_02 Artem,rec_05AY_calibration_20260602_133912,test/06_02 Artem/rec_05AY_calibration_20260602_133912,"MATRIX_[9, 13]_robust_concat_rec_05AY_calibration_20260602_133912.hdf","C:\Users\hodor\Documents\lab-Shishkin\projects\BCI_classifier\data\pr_Agency_EBCI\features\csp\test\06_02 Artem\MATRIX_[9, 13]_robust_concat_rec_05AY_calibration_20260602_133912.hdf","[9, 13]",1,2,1,first5,0.24661496205175187,0.253,1.117,0.026834426507150566,0.588908433953689,0.15424536758624632,0.5357142857142857,,0.0,final_score_2,1.2748007229201654,15,5
pr_Agency_EBCI,test,06_02 Artem,rec_05AY_calibration_20260602_133912,test/06_02 Artem/rec_05AY_calibration_20260602_133912,"MATRIX_[8, 12]_robust_concat_rec_05AY_calibration_20260602_133912.hdf","C:\Users\hodor\Documents\lab-Shishkin\projects\BCI_classifier\data\pr_Agency_EBCI\features\csp\test\06_02 Artem\MATRIX_[8, 12]_robust_concat_rec_05AY_calibration_20260602_133912.hdf","[8, 12]",54,55,-2,last5,0.7696074631663006,0.27,1.206,0.03012580921628194,0.351440814618327,0.3460910224865842,0.5,,0.0,final_score_2,1.2618350933227844,16,3
pr_Agency_EBCI,test,06_02 Artem,rec_05AY_calibration_20260602_133912,test/06_02 Artem/rec_05AY_calibration_20260602_133912,"MATRIX_[8, 12]_robust_concat_rec_05AY_calibration_20260602_133912.hdf","C:\Users\hodor\Documents\lab-Shishkin\projects\BCI_classifier\data\pr_Agency_EBCI\features\csp\test\06_02 Artem\MATRIX_[8, 12]_robust_concat_rec_05AY_calibration_20260602_133912.hdf","[8, 12]",1,2,1,first5,0.22134128490833757,0.279,1.258,0.030577741159454025,0.29419765079216054,0.2726002180104721,0.5178571428571428,,0.0,final_score_2,1.082280287697598,17,4
pr_Agency_EBCI,test,06_02 Artem,rec_05AY_calibration_20260602_133912,test/06_02 Artem/rec_05AY_calibration_20260602_133912,"MATRIX_[8, 12]_robust_concat_rec_05AY_calibration_20260602_133912.hdf","C:\Users\hodor\Documents\lab-Shishkin\projects\BCI_classifier\data\pr_Agency_EBCI\features\csp\test\06_02 Artem\MATRIX_[8, 12]_robust_concat_rec_05AY_calibration_20260602_133912.hdf","[8, 12]",2,3,2,first5,0.2519190260677916,0.248,1.088,0.026643445286798628,0.42417775804783864,0.22081889150450076,0.5,,0.0,final_score_2,1.0526345320694181,18,5
pr_Agency_EBCI,test,06_02 Artem,rec_05AY_calibration_20260602_133912,test/06_02 Artem/rec_05AY_calibration_20260602_133912,"MATRIX_[8, 15]_robust_concat_rec_05AY_calibration_20260602_133912.hdf","C:\Users\hodor\Documents\lab-Shishkin\projects\BCI_classifier\data\pr_Agency_EBCI\features\csp\test\06_02 Artem\MATRIX_[8, 15]_robust_concat_rec_05AY_calibration_20260602_133912.hdf","[8, 15]",2,3,2,first5,0.289205327467359,0.211,0.899,0.027556654075940046,0.15013470119081596,0.4254807830191006,0.5892857142857143,,0.0,final_score_2,0.8224209019128507,19,5
pr_Agency_EBCI,test,06_02 Artem,rec_05AY_calibration_20260602_133912,test/06_02 Artem/rec_05AY_calibration_20260602_133912,"MATRIX_[8, 12]_robust_concat_rec_05AY_calibration_20260602_133912.hdf","C:\Users\hodor\Documents\lab-Shishkin\projects\BCI_classifier\data\pr_Agency_EBCI\features\csp\test\06_02 Artem\MATRIX_[8, 12]_robust_concat_rec_05AY_calibration_20260602_133912.hdf","[8, 12]",53,54,-3,last5,0.7394816539500186,0.239,1.043,0.006568020607826908,0.1494962037058728,0.32453180829151496,0.5714285714285714,,0.0,final_score_2,0.7769319116637184,20,6
pr_Agency_EBCI,test,06_02 Artem,rec_05AY_calibration_20260602_133912,test/06_02 Artem/rec_05AY_calibration_20260602_133912,"MATRIX_[9, 13]_robust_concat_rec_05AY_calibration_20260602_133912.hdf","C:\Users\hodor\Documents\lab-Shishkin\projects\BCI_classifier\data\pr_Agency_EBCI\features\csp\test\06_02 Artem\MATRIX_[9, 13]_robust_concat_rec_05AY_calibration_20260602_133912.hdf","[9, 13]",54,55,-2,last5,0.7886759297254078,0.289,1.317,0.01651169283170828,0.2573038208760968,0.15026233583435017,0.4464285714285714,,0.0,final_score_2,0.7763916946321491,21,6
pr_Agency_EBCI,test,06_02 Artem,rec_05AY_calibration_20260602_133912,test/06_02 Artem/rec_05AY_calibration_20260602_133912,"MATRIX_[9, 13]_robust_concat_rec_05AY_calibration_20260602_133912.hdf","C:\Users\hodor\Documents\lab-Shishkin\projects\BCI_classifier\data\pr_Agency_EBCI\features\csp\test\06_02 Artem\MATRIX_[9, 13]_robust_concat_rec_05AY_calibration_20260602_133912.hdf","[9, 13]",2,3,2,first5,0.27344938855890244,0.227,0.977,0.01856703824913264,0.15108773607910903,0.29415541691202063,0.5535714285714286,,0.0,final_score_2,0.6758075493052328,22,7
pr_Agency_EBCI,test,06_02 Artem,rec_05AY_calibration_20260602_133912,test/06_02 Artem/rec_05AY_calibration_20260602_133912,"MATRIX_[10, 14]_robust_concat_rec_05AY_calibration_20260602_133912.hdf","C:\Users\hodor\Documents\lab-Shishkin\projects\BCI_classifier\data\pr_Agency_EBCI\features\csp\test\06_02 Artem\MATRIX_[10, 14]_robust_concat_rec_05AY_calibration_20260602_133912.hdf","[10, 14]",54,55,-2,last5,0.7626222624889473,0.263,1.167,0.0027031076868404558,0.10111871193181346,0.2620602853490409,0.5892857142857143,,0.0,final_score_2,0.6735867891889532,23,5
pr_Agency_EBCI,test,06_02 Artem,rec_05AY_calibration_20260602_133912,test/06_02 Artem/rec_05AY_calibration_20260602_133912,"MATRIX_[10, 14]_robust_concat_rec_05AY_calibration_20260602_133912.hdf","C:\Users\hodor\Documents\lab-Shishkin\projects\BCI_classifier\data\pr_Agency_EBCI\features\csp\test\06_02 Artem\MATRIX_[10, 14]_robust_concat_rec_05AY_calibration_20260602_133912.hdf","[10, 14]",52,53,-4,last5,0.7461447599308845,0.246,1.078,0.0022166876378878486,0.1418601356222926,0.28932764754689944,0.4285714285714286,,0.0,final_score_2,0.6640291860805557,24,6
pr_Agency_EBCI,test,06_02 Artem,rec_05AY_calibration_20260602_133912,test/06_02 Artem/rec_05AY_calibration_20260602_133912,"MATRIX_[8, 12]_robust_concat_rec_05AY_calibration_20260602_133912.hdf","C:\Users\hodor\Documents\lab-Shishkin\projects\BCI_classifier\data\pr_Agency_EBCI\features\csp\test\06_02 Artem\MATRIX_[8, 12]_robust_concat_rec_05AY_calibration_20260602_133912.hdf","[8, 12]",4,5,4,first5,0.2846060017707627,0.215,0.922,0.018599219029692415,0.20195592457922035,0.2204587391230785,0.4821428571428571,,0.0,final_score_2,0.5772447241871808,25,7
pr_Agency_EBCI,test,06_02 Artem,rec_05AY_calibration_20260602_133912,test/06_02 Artem/rec_05AY_calibration_20260602_133912,"MATRIX_[9, 13]_robust_concat_rec_05AY_calibration_20260602_133912.hdf","C:\Users\hodor\Documents\lab-Shishkin\projects\BCI_classifier\data\pr_Agency_EBCI\features\csp\test\06_02 Artem\MATRIX_[9, 13]_robust_concat_rec_05AY_calibration_20260602_133912.hdf","[9, 13]",51,52,-5,last5,0.7443052087428889,0.244,1.068,0.009982334042662133,0.17985752002961022,0.17997055602858616,0.4821428571428571,,0.0,final_score_2,0.5695821423946922,26,8
pr_Agency_EBCI,test,06_02 Artem,rec_05AY_calibration_20260602_133912,test/06_02 Artem/rec_05AY_calibration_20260602_133912,"MATRIX_[8, 15]_robust_concat_rec_05AY_calibration_20260602_133912.hdf","C:\Users\hodor\Documents\lab-Shishkin\projects\BCI_classifier\data\pr_Agency_EBCI\features\csp\test\06_02 Artem\MATRIX_[8, 15]_robust_concat_rec_05AY_calibration_20260602_133912.hdf","[8, 15]",3,4,3,first5,0.31676198154329904,0.183,0.769,0.014465212919990589,0.08431749444102399,0.32518997185792575,0.6785714285714286,,0.0,final_score_2,0.5286010126586764,27,6
pr_Agency_EBCI,test,06_02 Artem,rec_05AY_calibration_20260602_133912,test/06_02 Artem/rec_05AY_calibration_20260602_133912,"MATRIX_[8, 15]_robust_concat_rec_05AY_calibration_20260602_133912.hdf","C:\Users\hodor\Documents\lab-Shishkin\projects\BCI_classifier\data\pr_Agency_EBCI\features\csp\test\06_02 Artem\MATRIX_[8, 15]_robust_concat_rec_05AY_calibration_20260602_133912.hdf","[8, 15]",4,5,4,first5,0.33122719446328963,0.169,0.703,0.03173480740630774,0.3142918646591709,0.16756354997394798,0.5357142857142857,,0.0,final_score_2,0.5202145474623053,28,7
pr_Agency_EBCI,test,06_02 Artem,rec_05AY_calibration_20260602_133912,test/06_02 Artem/rec_05AY_calibration_20260602_133912,"MATRIX_[10, 14]_robust_concat_rec_05AY_calibration_20260602_133912.hdf","C:\Users\hodor\Documents\lab-Shishkin\projects\BCI_classifier\data\pr_Agency_EBCI\features\csp\test\06_02 Artem\MATRIX_[10, 14]_robust_concat_rec_05AY_calibration_20260602_133912.hdf","[10, 14]",4,5,4,first5,0.3110403794014447,0.189,0.795,0.017978870666786828,0.16503743815627195,0.25338631302308423,0.5357142857142857,,0.0,final_score_2,0.510850569073796,29,7
pr_Agency_EBCI,test,06_02 Artem,rec_05AY_calibration_20260602_133912,test/06_02 Artem/rec_05AY_calibration_20260602_133912,"MATRIX_[10, 14]_robust_concat_rec_05AY_calibration_20260602_133912.hdf","C:\Users\hodor\Documents\lab-Shishkin\projects\BCI_classifier\data\pr_Agency_EBCI\features\csp\test\06_02 Artem\MATRIX_[10, 14]_robust_concat_rec_05AY_calibration_20260602_133912.hdf","[10, 14]",2,3,2,first5,0.26972039577490947,0.23,0.996,0.028211789360350403,0.10731894348634274,0.2238425794672729,0.5178571428571428,,0.0,final_score_2,0.5006452595223767,30,8
pr_Agency_EBCI,test,06_02 Artem,rec_05AY_calibration_20260602_133912,test/06_02 Artem/rec_05AY_calibration_20260602_133912,"MATRIX_[8, 12]_robust_concat_rec_05AY_calibration_20260602_133912.hdf","C:\Users\hodor\Documents\lab-Shishkin\projects\BCI_classifier\data\pr_Agency_EBCI\features\csp\test\06_02 Artem\MATRIX_[8, 12]_robust_concat_rec_05AY_calibration_20260602_133912.hdf","[8, 12]",3,4,3,first5,0.2785624713545902,0.221,0.952,0.006043530416172449,0.1644211139053535,0.15590705189520804,0.5535714285714286,,0.0,final_score_2,0.47376535721903046,31,8
pr_Agency_EBCI,test,06_02 Artem,rec_05AY_calibration_20260602_133912,test/06_02 Artem/rec_05AY_calibration_20260602_133912,"MATRIX_[8, 12]_robust_concat_rec_05AY_calibration_20260602_133912.hdf","C:\Users\hodor\Documents\lab-Shishkin\projects\BCI_classifier\data\pr_Agency_EBCI\features\csp\test\06_02 Artem\MATRIX_[8, 12]_robust_concat_rec_05AY_calibration_20260602_133912.hdf","[8, 12]",51,52,-5,last5,0.7232140124616628,0.223,0.96,0.005372629512078286,0.21537310367799334,0.10310044223819789,0.5357142857142857,,0.0,final_score_2,0.46952099912215617,32,9
pr_Agency_EBCI,test,06_02 Artem,rec_05AY_calibration_20260602_133912,test/06_02 Artem/rec_05AY_calibration_20260602_133912,"MATRIX_[8, 15]_robust_concat_rec_05AY_calibration_20260602_133912.hdf","C:\Users\hodor\Documents\lab-Shishkin\projects\BCI_classifier\data\pr_Agency_EBCI\features\csp\test\06_02 Artem\MATRIX_[8, 15]_robust_concat_rec_05AY_calibration_20260602_133912.hdf","[8, 15]",53,54,-3,last5,0.7153499324238632,0.215,0.922,0.019026676000159393,0.20849881259885616,0.11234307200002061,0.5,,0.0,final_score_2,0.4437243264002466,33,8
pr_Agency_EBCI,test,06_02 Artem,rec_05AY_calibration_20260602_133912,test/06_02 Artem/rec_05AY_calibration_20260602_133912,"MATRIX_[8, 15]_robust_concat_rec_05AY_calibration_20260602_133912.hdf","C:\Users\hodor\Documents\lab-Shishkin\projects\BCI_classifier\data\pr_Agency_EBCI\features\csp\test\06_02 Artem\MATRIX_[8, 15]_robust_concat_rec_05AY_calibration_20260602_133912.hdf","[8, 15]",51,52,-5,last5,0.6936025805282999,0.194,0.817,0.01654949805385464,0.1187682301983691,0.2224859040731378,0.5357142857142857,,0.0,final_score_2,0.42816424968186817,34,9
pr_Agency_EBCI,test,06_02 Artem,rec_05AY_calibration_20260602_133912,test/06_02 Artem/rec_05AY_calibration_20260602_133912,"MATRIX_[9, 13]_robust_concat_rec_05AY_calibration_20260602_133912.hdf","C:\Users\hodor\Documents\lab-Shishkin\projects\BCI_classifier\data\pr_Agency_EBCI\features\csp\test\06_02 Artem\MATRIX_[9, 13]_robust_concat_rec_05AY_calibration_20260602_133912.hdf","[9, 13]",4,5,4,first5,0.3223994422944625,0.178,0.743,0.007217333214989519,0.08794889381405037,0.2362165801867766,0.6071428571428572,,0.0,final_score_2,0.3870883079720589,35,9
pr_Agency_EBCI,test,06_02 Artem,rec_05AY_calibration_20260602_133912,test/06_02 Artem/rec_05AY_calibration_20260602_133912,"MATRIX_[10, 14]_robust_concat_rec_05AY_calibration_20260602_133912.hdf","C:\Users\hodor\Documents\lab-Shishkin\projects\BCI_classifier\data\pr_Agency_EBCI\features\csp\test\06_02 Artem\MATRIX_[10, 14]_robust_concat_rec_05AY_calibration_20260602_133912.hdf","[10, 14]",3,4,3,first5,0.2979321851352599,0.202,0.857,0.013108194266184814,0.11741713729195344,0.1600537845624473,0.5535714285714286,,0.0,final_score_2,0.36942775825968327,36,9
pr_Agency_EBCI,test,06_02 Artem,rec_05AY_calibration_20260602_133912,test/06_02 Artem/rec_05AY_calibration_20260602_133912,"MATRIX_[10, 14]_robust_concat_rec_05AY_calibration_20260602_133912.hdf","C:\Users\hodor\Documents\lab-Shishkin\projects\BCI_classifier\data\pr_Agency_EBCI\features\csp\test\06_02 Artem\MATRIX_[10, 14]_robust_concat_rec_05AY_calibration_20260602_133912.hdf","[10, 14]",53,54,-3,last5,0.7599191548021068,0.26,1.152,0.01377439487122234,0.11928936987364334,0.04544194662164386,0.5357142857142857,,0.0,final_score_2,0.2914332319253766,37,10
pr_Agency_EBCI,test,06_02 Artem,rec_05AY_calibration_20260602_133912,test/06_02 Artem/rec_05AY_calibration_20260602_133912,"MATRIX_[8, 12]_robust_concat_rec_05AY_calibration_20260602_133912.hdf","C:\Users\hodor\Documents\lab-Shishkin\projects\BCI_classifier\data\pr_Agency_EBCI\features\csp\test\06_02 Artem\MATRIX_[8, 12]_robust_concat_rec_05AY_calibration_20260602_133912.hdf","[8, 12]",52,53,-4,last5,0.7329136333421917,0.233,1.009,0.009699620880528892,0.10227055385654868,0.06275975696018121,0.5357142857142857,,0.0,final_score_2,0.2557203605501949,38,10
pr_Agency_EBCI,test,06_02 Artem,rec_05AY_calibration_20260602_133912,test/06_02 Artem/rec_05AY_calibration_20260602_133912,"MATRIX_[9, 13]_robust_concat_rec_05AY_calibration_20260602_133912.hdf","C:\Users\hodor\Documents\lab-Shishkin\projects\BCI_classifier\data\pr_Agency_EBCI\features\csp\test\06_02 Artem\MATRIX_[9, 13]_robust_concat_rec_05AY_calibration_20260602_133912.hdf","[9, 13]",53,54,-3,last5,0.7721642368936995,0.272,1.221,0.004906219900230879,0.08762999445203645,0.03757631913388163,0.5357142857142857,,0.0,final_score_2,0.23477525293576632,39,10
pr_Agency_EBCI,test,06_02 Artem,rec_05AY_calibration_20260602_133912,test/06_02 Artem/rec_05AY_calibration_20260602_133912,"MATRIX_[8, 15]_robust_concat_rec_05AY_calibration_20260602_133912.hdf","C:\Users\hodor\Documents\lab-Shishkin\projects\BCI_classifier\data\pr_Agency_EBCI\features\csp\test\06_02 Artem\MATRIX_[8, 15]_robust_concat_rec_05AY_calibration_20260602_133912.hdf","[8, 15]",52,53,-4,last5,0.6963232564237039,0.196,0.83,0.0027206758954039234,0.12260564088236703,0.03396776939809133,0.5535714285714286,,0.0,final_score_2,0.20189582064914105,40,10
pr_Agency_EBCI,test,06_02 Artem,rec_05AY_calibration_20260602_133912,test/06_02 Artem/rec_05AY_calibration_20260602_133912,"MATRIX_[9, 13]_robust_concat_rec_05AY_calibration_20260602_133912.hdf","C:\Users\hodor\Documents\lab-Shishkin\projects\BCI_classifier\data\pr_Agency_EBCI\features\csp\test\06_02 Artem\MATRIX_[9, 13]_robust_concat_rec_05AY_calibration_20260602_133912.hdf","[9, 13]",0,1,0,first5,0.1697230332411205,0.33,1.588,0.07689192881063137,0.07140392782838811,1.1525720218093047,0.6607142857142857,,0.0,final_score_3,3.5805504639446224,1,1
pr_Agency_EBCI,test,06_02 Artem,rec_05AY_calibration_20260602_133912,test/06_02 Artem/rec_05AY_calibration_20260602_133912,"MATRIX_[8, 12]_robust_concat_rec_05AY_calibration_20260602_133912.hdf","C:\Users\hodor\Documents\lab-Shishkin\projects\BCI_classifier\data\pr_Agency_EBCI\features\csp\test\06_02 Artem\MATRIX_[8, 12]_robust_concat_rec_05AY_calibration_20260602_133912.hdf","[8, 12]",55,56,-1,last5,0.8047560847583469,0.305,1.416,0.03514862159204635,0.7718839097911836,0.6219607440751094,0.5535714285714286,,0.0,final_score_3,3.579210743697832,2,1
pr_Agency_EBCI,test,06_02 Artem,rec_05AY_calibration_20260602_133912,test/06_02 Artem/rec_05AY_calibration_20260602_133912,"MATRIX_[8, 12]_robust_concat_rec_05AY_calibration_20260602_133912.hdf","C:\Users\hodor\Documents\lab-Shishkin\projects\BCI_classifier\data\pr_Agency_EBCI\features\csp\test\06_02 Artem\MATRIX_[8, 12]_robust_concat_rec_05AY_calibration_20260602_133912.hdf","[8, 12]",0,1,0,first5,0.15929004697363747,0.341,1.664,0.062051237934700104,0.06855851632002789,1.1385185994402727,0.6607142857142857,,0.0,final_score_3,3.5414203489260703,3,2
pr_Agency_EBCI,test,06_02 Artem,rec_05AY_calibration_20260602_133912,test/06_02 Artem/rec_05AY_calibration_20260602_133912,"MATRIX_[10, 14]_robust_concat_rec_05AY_calibration_20260602_133912.hdf","C:\Users\hodor\Documents\lab-Shishkin\projects\BCI_classifier\data\pr_Agency_EBCI\features\csp\test\06_02 Artem\MATRIX_[10, 14]_robust_concat_rec_05AY_calibration_20260602_133912.hdf","[10, 14]",1,2,1,first5,0.2309887175281253,0.269,1.203,0.03873167824678417,0.9735980222404803,0.4978637415643302,0.4642857142857143,,0.0,final_score_3,3.403632252613495,4,1
pr_Agency_EBCI,test,06_02 Artem,rec_05AY_calibration_20260602_133912,test/06_02 Artem/rec_05AY_calibration_20260602_133912,"MATRIX_[8, 15]_robust_concat_rec_05AY_calibration_20260602_133912.hdf","C:\Users\hodor\Documents\lab-Shishkin\projects\BCI_classifier\data\pr_Agency_EBCI\features\csp\test\06_02 Artem\MATRIX_[8, 15]_robust_concat_rec_05AY_calibration_20260602_133912.hdf","[8, 15]",0,1,0,first5,0.2008085512264894,0.299,1.381,0.05052222349079419,0.08847307938127778,1.0062752488200553,0.6428571428571428,,0.0,final_score_3,2.982701665679811,5,1
pr_Agency_EBCI,test,06_02 Artem,rec_05AY_calibration_20260602_133912,test/06_02 Artem/rec_05AY_calibration_20260602_133912,"MATRIX_[8, 15]_robust_concat_rec_05AY_calibration_20260602_133912.hdf","C:\Users\hodor\Documents\lab-Shishkin\projects\BCI_classifier\data\pr_Agency_EBCI\features\csp\test\06_02 Artem\MATRIX_[8, 15]_robust_concat_rec_05AY_calibration_20260602_133912.hdf","[8, 15]",55,56,-1,last5,0.7891955915043092,0.289,1.32,0.043288415303187944,0.6328596896270602,0.42138227904966696,0.5892857142857143,,0.0,final_score_3,2.7277698668674364,6,2
pr_Agency_EBCI,test,06_02 Artem,rec_05AY_calibration_20260602_133912,test/06_02 Artem/rec_05AY_calibration_20260602_133912,"MATRIX_[8, 15]_robust_concat_rec_05AY_calibration_20260602_133912.hdf","C:\Users\hodor\Documents\lab-Shishkin\projects\BCI_classifier\data\pr_Agency_EBCI\features\csp\test\06_02 Artem\MATRIX_[8, 15]_robust_concat_rec_05AY_calibration_20260602_133912.hdf","[8, 15]",1,2,1,first5,0.2513307747172836,0.249,1.092,0.037874552750075396,0.774970591652762,0.45144402046798243,0.4285714285714286,,0.0,final_score_3,2.6906188489391782,7,3
pr_Agency_EBCI,test,06_02 Artem,rec_05AY_calibration_20260602_133912,test/06_02 Artem/rec_05AY_calibration_20260602_133912,"MATRIX_[8, 15]_robust_concat_rec_05AY_calibration_20260602_133912.hdf","C:\Users\hodor\Documents\lab-Shishkin\projects\BCI_classifier\data\pr_Agency_EBCI\features\csp\test\06_02 Artem\MATRIX_[8, 15]_robust_concat_rec_05AY_calibration_20260602_133912.hdf","[8, 15]",54,55,-2,last5,0.7459071762011212,0.246,1.077,0.030557243777257992,0.5901530483181252,0.5684710063717455,0.5178571428571428,,0.0,final_score_3,2.676748626653078,8,4
pr_Agency_EBCI,test,06_02 Artem,rec_05AY_calibration_20260602_133912,test/06_02 Artem/rec_05AY_calibration_20260602_133912,"MATRIX_[9, 13]_robust_concat_rec_05AY_calibration_20260602_133912.hdf","C:\Users\hodor\Documents\lab-Shishkin\projects\BCI_classifier\data\pr_Agency_EBCI\features\csp\test\06_02 Artem\MATRIX_[9, 13]_robust_concat_rec_05AY_calibration_20260602_133912.hdf","[9, 13]",55,56,-1,last5,0.8305506245889221,0.331,1.59,0.04187469486351436,0.5960160666225213,0.4048438964215764,0.5535714285714286,,0.0,final_score_3,2.670463497280429,9,2
pr_Agency_EBCI,test,06_02 Artem,rec_05AY_calibration_20260602_133912,test/06_02 Artem/rec_05AY_calibration_20260602_133912,"MATRIX_[10, 14]_robust_concat_rec_05AY_calibration_20260602_133912.hdf","C:\Users\hodor\Documents\lab-Shishkin\projects\BCI_classifier\data\pr_Agency_EBCI\features\csp\test\06_02 Artem\MATRIX_[10, 14]_robust_concat_rec_05AY_calibration_20260602_133912.hdf","[10, 14]",0,1,0,first5,0.21157347727679157,0.288,1.315,0.019415240251333732,0.22616760502149774,0.8473281669761921,0.5357142857142857,,0.0,final_score_3,2.6350392722180094,10,2
pr_Agency_EBCI,test,06_02 Artem,rec_05AY_calibration_20260602_133912,test/06_02 Artem/rec_05AY_calibration_20260602_133912,"MATRIX_[9, 13]_robust_concat_rec_05AY_calibration_20260602_133912.hdf","C:\Users\hodor\Documents\lab-Shishkin\projects\BCI_classifier\data\pr_Agency_EBCI\features\csp\test\06_02 Artem\MATRIX_[9, 13]_robust_concat_rec_05AY_calibration_20260602_133912.hdf","[9, 13]",3,4,3,first5,0.2920164268080351,0.208,0.886,0.03038301548642741,0.5568012713241639,0.46198101531367874,0.5357142857142857,,0.0,final_score_3,2.2549648090233734,11,3
pr_Agency_EBCI,test,06_02 Artem,rec_05AY_calibration_20260602_133912,test/06_02 Artem/rec_05AY_calibration_20260602_133912,"MATRIX_[10, 14]_robust_concat_rec_05AY_calibration_20260602_133912.hdf","C:\Users\hodor\Documents\lab-Shishkin\projects\BCI_classifier\data\pr_Agency_EBCI\features\csp\test\06_02 Artem\MATRIX_[10, 14]_robust_concat_rec_05AY_calibration_20260602_133912.hdf","[10, 14]",55,56,-1,last5,0.8133357913155118,0.313,1.472,0.05071352882656455,0.5759658459721415,0.21628526983604932,0.5892857142857143,,0.0,final_score_3,2.1272636682234984,12,3
pr_Agency_EBCI,test,06_02 Artem,rec_05AY_calibration_20260602_133912,test/06_02 Artem/rec_05AY_calibration_20260602_133912,"MATRIX_[10, 14]_robust_concat_rec_05AY_calibration_20260602_133912.hdf","C:\Users\hodor\Documents\lab-Shishkin\projects\BCI_classifier\data\pr_Agency_EBCI\features\csp\test\06_02 Artem\MATRIX_[10, 14]_robust_concat_rec_05AY_calibration_20260602_133912.hdf","[10, 14]",51,52,-5,last5,0.7439280722929966,0.244,1.066,0.01429208675432636,0.36703676258332063,0.4828497411139758,0.4821428571428571,,0.0,final_score_3,1.8919349769439293,13,4
pr_Agency_EBCI,test,06_02 Artem,rec_05AY_calibration_20260602_133912,test/06_02 Artem/rec_05AY_calibration_20260602_133912,"MATRIX_[9, 13]_robust_concat_rec_05AY_calibration_20260602_133912.hdf","C:\Users\hodor\Documents\lab-Shishkin\projects\BCI_classifier\data\pr_Agency_EBCI\features\csp\test\06_02 Artem\MATRIX_[9, 13]_robust_concat_rec_05AY_calibration_20260602_133912.hdf","[9, 13]",52,53,-4,last5,0.7672580169934686,0.267,1.193,0.02295280825057977,0.3577634444308264,0.3934326095601804,0.5714285714285714,,0.0,final_score_3,1.8397488462871414,14,4
pr_Agency_EBCI,test,06_02 Artem,rec_05AY_calibration_20260602_133912,test/06_02 Artem/rec_05AY_calibration_20260602_133912,"MATRIX_[9, 13]_robust_concat_rec_05AY_calibration_20260602_133912.hdf","C:\Users\hodor\Documents\lab-Shishkin\projects\BCI_classifier\data\pr_Agency_EBCI\features\csp\test\06_02 Artem\MATRIX_[9, 13]_robust_concat_rec_05AY_calibration_20260602_133912.hdf","[9, 13]",1,2,1,first5,0.24661496205175187,0.253,1.117,0.026834426507150566,0.588908433953689,0.15424536758624632,0.5357142857142857,,0.0,final_score_3,1.7497483774252085,15,5
pr_Agency_EBCI,test,06_02 Artem,rec_05AY_calibration_20260602_133912,test/06_02 Artem/rec_05AY_calibration_20260602_133912,"MATRIX_[8, 12]_robust_concat_rec_05AY_calibration_20260602_133912.hdf","C:\Users\hodor\Documents\lab-Shishkin\projects\BCI_classifier\data\pr_Agency_EBCI\features\csp\test\06_02 Artem\MATRIX_[8, 12]_robust_concat_rec_05AY_calibration_20260602_133912.hdf","[8, 12]",54,55,-2,last5,0.7696074631663006,0.27,1.206,0.03012580921628194,0.351440814618327,0.3460910224865842,0.5,,0.0,final_score_3,1.6453407556083315,16,3
pr_Agency_EBCI,test,06_02 Artem,rec_05AY_calibration_20260602_133912,test/06_02 Artem/rec_05AY_calibration_20260602_133912,"MATRIX_[8, 12]_robust_concat_rec_05AY_calibration_20260602_133912.hdf","C:\Users\hodor\Documents\lab-Shishkin\projects\BCI_classifier\data\pr_Agency_EBCI\features\csp\test\06_02 Artem\MATRIX_[8, 12]_robust_concat_rec_05AY_calibration_20260602_133912.hdf","[8, 12]",2,3,2,first5,0.2519190260677916,0.248,1.088,0.026643445286798628,0.42417775804783864,0.22081889150450076,0.5,,0.0,final_score_3,1.4729436618139138,17,4
pr_Agency_EBCI,test,06_02 Artem,rec_05AY_calibration_20260602_133912,test/06_02 Artem/rec_05AY_calibration_20260602_133912,"MATRIX_[8, 12]_robust_concat_rec_05AY_calibration_20260602_133912.hdf","C:\Users\hodor\Documents\lab-Shishkin\projects\BCI_classifier\data\pr_Agency_EBCI\features\csp\test\06_02 Artem\MATRIX_[8, 12]_robust_concat_rec_05AY_calibration_20260602_133912.hdf","[8, 12]",1,2,1,first5,0.22134128490833757,0.279,1.258,0.030577741159454025,0.29419765079216054,0.2726002180104721,0.5178571428571428,,0.0,final_score_3,1.3697338969522745,18,5
pr_Agency_EBCI,test,06_02 Artem,rec_05AY_calibration_20260602_133912,test/06_02 Artem/rec_05AY_calibration_20260602_133912,"MATRIX_[8, 15]_robust_concat_rec_05AY_calibration_20260602_133912.hdf","C:\Users\hodor\Documents\lab-Shishkin\projects\BCI_classifier\data\pr_Agency_EBCI\features\csp\test\06_02 Artem\MATRIX_[8, 15]_robust_concat_rec_05AY_calibration_20260602_133912.hdf","[8, 15]",2,3,2,first5,0.289205327467359,0.211,0.899,0.027556654075940046,0.15013470119081596,0.4254807830191006,0.5892857142857143,,0.0,final_score_3,1.322147092952492,19,5
pr_Agency_EBCI,test,06_02 Artem,rec_05AY_calibration_20260602_133912,test/06_02 Artem/rec_05AY_calibration_20260602_133912,"MATRIX_[8, 12]_robust_concat_rec_05AY_calibration_20260602_133912.hdf","C:\Users\hodor\Documents\lab-Shishkin\projects\BCI_classifier\data\pr_Agency_EBCI\features\csp\test\06_02 Artem\MATRIX_[8, 12]_robust_concat_rec_05AY_calibration_20260602_133912.hdf","[8, 12]",53,54,-3,last5,0.7394816539500186,0.239,1.043,0.006568020607826908,0.1494962037058728,0.32453180829151496,0.5714285714285714,,0.0,final_score_3,1.1056411720365937,20,6
pr_Agency_EBCI,test,06_02 Artem,rec_05AY_calibration_20260602_133912,test/06_02 Artem/rec_05AY_calibration_20260602_133912,"MATRIX_[9, 13]_robust_concat_rec_05AY_calibration_20260602_133912.hdf","C:\Users\hodor\Documents\lab-Shishkin\projects\BCI_classifier\data\pr_Agency_EBCI\features\csp\test\06_02 Artem\MATRIX_[9, 13]_robust_concat_rec_05AY_calibration_20260602_133912.hdf","[9, 13]",2,3,2,first5,0.27344938855890244,0.227,0.977,0.01856703824913264,0.15108773607910903,0.29415541691202063,0.5535714285714286,,0.0,final_score_3,1.0174181461638148,21,6
pr_Agency_EBCI,test,06_02 Artem,rec_05AY_calibration_20260602_133912,test/06_02 Artem/rec_05AY_calibration_20260602_133912,"MATRIX_[8, 15]_robust_concat_rec_05AY_calibration_20260602_133912.hdf","C:\Users\hodor\Documents\lab-Shishkin\projects\BCI_classifier\data\pr_Agency_EBCI\features\csp\test\06_02 Artem\MATRIX_[8, 15]_robust_concat_rec_05AY_calibration_20260602_133912.hdf","[8, 15]",4,5,4,first5,0.33122719446328963,0.169,0.703,0.03173480740630774,0.3142918646591709,0.16756354997394798,0.5357142857142857,,0.0,final_score_3,1.0059844760067844,22,6
pr_Agency_EBCI,test,06_02 Artem,rec_05AY_calibration_20260602_133912,test/06_02 Artem/rec_05AY_calibration_20260602_133912,"MATRIX_[8, 15]_robust_concat_rec_05AY_calibration_20260602_133912.hdf","C:\Users\hodor\Documents\lab-Shishkin\projects\BCI_classifier\data\pr_Agency_EBCI\features\csp\test\06_02 Artem\MATRIX_[8, 15]_robust_concat_rec_05AY_calibration_20260602_133912.hdf","[8, 15]",3,4,3,first5,0.31676198154329904,0.183,0.769,0.014465212919990589,0.08431749444102399,0.32518997185792575,0.6785714285714286,,0.0,final_score_3,0.9462497972283015,23,7
pr_Agency_EBCI,test,06_02 Artem,rec_05AY_calibration_20260602_133912,test/06_02 Artem/rec_05AY_calibration_20260602_133912,"MATRIX_[9, 13]_robust_concat_rec_05AY_calibration_20260602_133912.hdf","C:\Users\hodor\Documents\lab-Shishkin\projects\BCI_classifier\data\pr_Agency_EBCI\features\csp\test\06_02 Artem\MATRIX_[9, 13]_robust_concat_rec_05AY_calibration_20260602_133912.hdf","[9, 13]",54,55,-2,last5,0.7886759297254078,0.289,1.317,0.01651169283170828,0.2573038208760968,0.15026233583435017,0.4464285714285714,,0.0,final_score_3,0.9415075806623299,24,7
pr_Agency_EBCI,test,06_02 Artem,rec_05AY_calibration_20260602_133912,test/06_02 Artem/rec_05AY_calibration_20260602_133912,"MATRIX_[10, 14]_robust_concat_rec_05AY_calibration_20260602_133912.hdf","C:\Users\hodor\Documents\lab-Shishkin\projects\BCI_classifier\data\pr_Agency_EBCI\features\csp\test\06_02 Artem\MATRIX_[10, 14]_robust_concat_rec_05AY_calibration_20260602_133912.hdf","[10, 14]",52,53,-4,last5,0.7461447599308845,0.246,1.078,0.0022166876378878486,0.1418601356222926,0.28932764754689944,0.4285714285714286,,0.0,final_score_3,0.9203895545413385,25,5
pr_Agency_EBCI,test,06_02 Artem,rec_05AY_calibration_20260602_133912,test/06_02 Artem/rec_05AY_calibration_20260602_133912,"MATRIX_[8, 12]_robust_concat_rec_05AY_calibration_20260602_133912.hdf","C:\Users\hodor\Documents\lab-Shishkin\projects\BCI_classifier\data\pr_Agency_EBCI\features\csp\test\06_02 Artem\MATRIX_[8, 12]_robust_concat_rec_05AY_calibration_20260602_133912.hdf","[8, 12]",4,5,4,first5,0.2846060017707627,0.215,0.922,0.018599219029692415,0.20195592457922035,0.2204587391230785,0.4821428571428571,,0.0,final_score_3,0.905307130692316,26,7
pr_Agency_EBCI,test,06_02 Artem,rec_05AY_calibration_20260602_133912,test/06_02 Artem/rec_05AY_calibration_20260602_133912,"MATRIX_[10, 14]_robust_concat_rec_05AY_calibration_20260602_133912.hdf","C:\Users\hodor\Documents\lab-Shishkin\projects\BCI_classifier\data\pr_Agency_EBCI\features\csp\test\06_02 Artem\MATRIX_[10, 14]_robust_concat_rec_05AY_calibration_20260602_133912.hdf","[10, 14]",4,5,4,first5,0.3110403794014447,0.189,0.795,0.017978870666786828,0.16503743815627195,0.25338631302308423,0.5357142857142857,,0.0,final_score_3,0.8942082748618033,27,6
pr_Agency_EBCI,test,06_02 Artem,rec_05AY_calibration_20260602_133912,test/06_02 Artem/rec_05AY_calibration_20260602_133912,"MATRIX_[10, 14]_robust_concat_rec_05AY_calibration_20260602_133912.hdf","C:\Users\hodor\Documents\lab-Shishkin\projects\BCI_classifier\data\pr_Agency_EBCI\features\csp\test\06_02 Artem\MATRIX_[10, 14]_robust_concat_rec_05AY_calibration_20260602_133912.hdf","[10, 14]",54,55,-2,last5,0.7626222624889473,0.263,1.167,0.0027031076868404558,0.10111871193181346,0.2620602853490409,0.5892857142857143,,0.0,final_score_3,0.8824412153955349,28,7
pr_Agency_EBCI,test,06_02 Artem,rec_05AY_calibration_20260602_133912,test/06_02 Artem/rec_05AY_calibration_20260602_133912,"MATRIX_[9, 13]_robust_concat_rec_05AY_calibration_20260602_133912.hdf","C:\Users\hodor\Documents\lab-Shishkin\projects\BCI_classifier\data\pr_Agency_EBCI\features\csp\test\06_02 Artem\MATRIX_[9, 13]_robust_concat_rec_05AY_calibration_20260602_133912.hdf","[9, 13]",51,52,-5,last5,0.7443052087428889,0.244,1.068,0.009982334042662133,0.17985752002961022,0.17997055602858616,0.4821428571428571,,0.0,final_score_3,0.7987710944497921,29,8
pr_Agency_EBCI,test,06_02 Artem,rec_05AY_calibration_20260602_133912,test/06_02 Artem/rec_05AY_calibration_20260602_133912,"MATRIX_[10, 14]_robust_concat_rec_05AY_calibration_20260602_133912.hdf","C:\Users\hodor\Documents\lab-Shishkin\projects\BCI_classifier\data\pr_Agency_EBCI\features\csp\test\06_02 Artem\MATRIX_[10, 14]_robust_concat_rec_05AY_calibration_20260602_133912.hdf","[10, 14]",2,3,2,first5,0.26972039577490947,0.23,0.996,0.028211789360350403,0.10731894348634274,0.2238425794672729,0.5178571428571428,,0.0,final_score_3,0.7469239454017078,30,8
pr_Agency_EBCI,test,06_02 Artem,rec_05AY_calibration_20260602_133912,test/06_02 Artem/rec_05AY_calibration_20260602_133912,"MATRIX_[8, 15]_robust_concat_rec_05AY_calibration_20260602_133912.hdf","C:\Users\hodor\Documents\lab-Shishkin\projects\BCI_classifier\data\pr_Agency_EBCI\features\csp\test\06_02 Artem\MATRIX_[8, 15]_robust_concat_rec_05AY_calibration_20260602_133912.hdf","[8, 15]",51,52,-5,last5,0.6936025805282999,0.194,0.817,0.01654949805385464,0.1187682301983691,0.2224859040731378,0.5357142857142857,,0.0,final_score_3,0.7341378697795606,31,8
pr_Agency_EBCI,test,06_02 Artem,rec_05AY_calibration_20260602_133912,test/06_02 Artem/rec_05AY_calibration_20260602_133912,"MATRIX_[8, 12]_robust_concat_rec_05AY_calibration_20260602_133912.hdf","C:\Users\hodor\Documents\lab-Shishkin\projects\BCI_classifier\data\pr_Agency_EBCI\features\csp\test\06_02 Artem\MATRIX_[8, 12]_robust_concat_rec_05AY_calibration_20260602_133912.hdf","[8, 12]",3,4,3,first5,0.2785624713545902,0.221,0.952,0.006043530416172449,0.1644211139053535,0.15590705189520804,0.5535714285714286,,0.0,final_score_3,0.7202738733992985,32,8
pr_Agency_EBCI,test,06_02 Artem,rec_05AY_calibration_20260602_133912,test/06_02 Artem/rec_05AY_calibration_20260602_133912,"MATRIX_[8, 12]_robust_concat_rec_05AY_calibration_20260602_133912.hdf","C:\Users\hodor\Documents\lab-Shishkin\projects\BCI_classifier\data\pr_Agency_EBCI\features\csp\test\06_02 Artem\MATRIX_[8, 12]_robust_concat_rec_05AY_calibration_20260602_133912.hdf","[8, 12]",51,52,-5,last5,0.7232140124616628,0.223,0.96,0.005372629512078286,0.21537310367799334,0.10310044223819789,0.5357142857142857,,0.0,final_score_3,0.7095598858025085,33,9
pr_Agency_EBCI,test,06_02 Artem,rec_05AY_calibration_20260602_133912,test/06_02 Artem/rec_05AY_calibration_20260602_133912,"MATRIX_[9, 13]_robust_concat_rec_05AY_calibration_20260602_133912.hdf","C:\Users\hodor\Documents\lab-Shishkin\projects\BCI_classifier\data\pr_Agency_EBCI\features\csp\test\06_02 Artem\MATRIX_[9, 13]_robust_concat_rec_05AY_calibration_20260602_133912.hdf","[9, 13]",4,5,4,first5,0.3223994422944625,0.178,0.743,0.007217333214989519,0.08794889381405037,0.2362165801867766,0.6071428571428572,,0.0,final_score_3,0.7091263691323305,34,9
pr_Agency_EBCI,test,06_02 Artem,rec_05AY_calibration_20260602_133912,test/06_02 Artem/rec_05AY_calibration_20260602_133912,"MATRIX_[8, 15]_robust_concat_rec_05AY_calibration_20260602_133912.hdf","C:\Users\hodor\Documents\lab-Shishkin\projects\BCI_classifier\data\pr_Agency_EBCI\features\csp\test\06_02 Artem\MATRIX_[8, 15]_robust_concat_rec_05AY_calibration_20260602_133912.hdf","[8, 15]",53,54,-3,last5,0.7153499324238632,0.215,0.922,0.019026676000159393,0.20849881259885616,0.11234307200002061,0.5,,0.0,final_score_3,0.6960807178799416,35,9
pr_Agency_EBCI,test,06_02 Artem,rec_05AY_calibration_20260602_133912,test/06_02 Artem/rec_05AY_calibration_20260602_133912,"MATRIX_[10, 14]_robust_concat_rec_05AY_calibration_20260602_133912.hdf","C:\Users\hodor\Documents\lab-Shishkin\projects\BCI_classifier\data\pr_Agency_EBCI\features\csp\test\06_02 Artem\MATRIX_[10, 14]_robust_concat_rec_05AY_calibration_20260602_133912.hdf","[10, 14]",3,4,3,first5,0.2979321851352599,0.202,0.857,0.013108194266184814,0.11741713729195344,0.1600537845624473,0.5535714285714286,,0.0,final_score_3,0.6097891919501136,36,9
pr_Agency_EBCI,test,06_02 Artem,rec_05AY_calibration_20260602_133912,test/06_02 Artem/rec_05AY_calibration_20260602_133912,"MATRIX_[10, 14]_robust_concat_rec_05AY_calibration_20260602_133912.hdf","C:\Users\hodor\Documents\lab-Shishkin\projects\BCI_classifier\data\pr_Agency_EBCI\features\csp\test\06_02 Artem\MATRIX_[10, 14]_robust_concat_rec_05AY_calibration_20260602_133912.hdf","[10, 14]",53,54,-3,last5,0.7599191548021068,0.26,1.152,0.01377439487122234,0.11928936987364334,0.04544194662164386,0.5357142857142857,,0.0,final_score_3,0.38815399444298143,37,10
pr_Agency_EBCI,test,06_02 Artem,rec_05AY_calibration_20260602_133912,test/06_02 Artem/rec_05AY_calibration_20260602_133912,"MATRIX_[8, 12]_robust_concat_rec_05AY_calibration_20260602_133912.hdf","C:\Users\hodor\Documents\lab-Shishkin\projects\BCI_classifier\data\pr_Agency_EBCI\features\csp\test\06_02 Artem\MATRIX_[8, 12]_robust_concat_rec_05AY_calibration_20260602_133912.hdf","[8, 12]",52,53,-4,last5,0.7329136333421917,0.233,1.009,0.009699620880528892,0.10227055385654868,0.06275975696018121,0.5357142857142857,,0.0,final_score_3,0.37383327310013736,38,10
pr_Agency_EBCI,test,06_02 Artem,rec_05AY_calibration_20260602_133912,test/06_02 Artem/rec_05AY_calibration_20260602_133912,"MATRIX_[8, 15]_robust_concat_rec_05AY_calibration_20260602_133912.hdf","C:\Users\hodor\Documents\lab-Shishkin\projects\BCI_classifier\data\pr_Agency_EBCI\features\csp\test\06_02 Artem\MATRIX_[8, 15]_robust_concat_rec_05AY_calibration_20260602_133912.hdf","[8, 15]",52,53,-4,last5,0.6963232564237039,0.196,0.83,0.0027206758954039234,0.12260564088236703,0.03396776939809133,0.5535714285714286,,0.0,final_score_3,0.3391200338894226,39,10
pr_Agency_EBCI,test,06_02 Artem,rec_05AY_calibration_20260602_133912,test/06_02 Artem/rec_05AY_calibration_20260602_133912,"MATRIX_[9, 13]_robust_concat_rec_05AY_calibration_20260602_133912.hdf","C:\Users\hodor\Documents\lab-Shishkin\projects\BCI_classifier\data\pr_Agency_EBCI\features\csp\test\06_02 Artem\MATRIX_[9, 13]_robust_concat_rec_05AY_calibration_20260602_133912.hdf","[9, 13]",53,54,-3,last5,0.7721642368936995,0.272,1.221,0.004906219900230879,0.08762999445203645,0.03757631913388163,0.5357142857142857,,0.0,final_score_3,0.2979084464737473,40,10
pr_Agency_EBCI,test,06_02 Artem,rec_05AY_calibration_20260602_133912,test/06_02 Artem/rec_05AY_calibration_20260602_133912,"MATRIX_[8, 12]_robust_concat_rec_05AY_calibration_20260602_133912.hdf","C:\Users\hodor\Documents\lab-Shishkin\projects\BCI_classifier\data\pr_Agency_EBCI\features\csp\test\06_02 Artem\MATRIX_[8, 12]_robust_concat_rec_05AY_calibration_20260602_133912.hdf","[8, 12]",0,1,0,first5,0.15929004697363747,0.341,1.664,0.062051237934700104,0.06855851632002789,1.1385185994402727,0.6607142857142857,,0.0,final_score_4,0.0,1,1
pr_Agency_EBCI,test,06_02 Artem,rec_05AY_calibration_20260602_133912,test/06_02 Artem/rec_05AY_calibration_20260602_133912,"MATRIX_[8, 12]_robust_concat_rec_05AY_calibration_20260602_133912.hdf","C:\Users\hodor\Documents\lab-Shishkin\projects\BCI_classifier\data\pr_Agency_EBCI\features\csp\test\06_02 Artem\MATRIX_[8, 12]_robust_concat_rec_05AY_calibration_20260602_133912.hdf","[8, 12]",1,2,1,first5,0.22134128490833757,0.279,1.258,0.030577741159454025,0.29419765079216054,0.2726002180104721,0.5178571428571428,,0.0,final_score_4,0.0,2,2
pr_Agency_EBCI,test,06_02 Artem,rec_05AY_calibration_20260602_133912,test/06_02 Artem/rec_05AY_calibration_20260602_133912,"MATRIX_[8, 12]_robust_concat_rec_05AY_calibration_20260602_133912.hdf","C:\Users\hodor\Documents\lab-Shishkin\projects\BCI_classifier\data\pr_Agency_EBCI\features\csp\test\06_02 Artem\MATRIX_[8, 12]_robust_concat_rec_05AY_calibration_20260602_133912.hdf","[8, 12]",2,3,2,first5,0.2519190260677916,0.248,1.088,0.026643445286798628,0.42417775804783864,0.22081889150450076,0.5,,0.0,final_score_4,0.0,3,3
pr_Agency_EBCI,test,06_02 Artem,rec_05AY_calibration_20260602_133912,test/06_02 Artem/rec_05AY_calibration_20260602_133912,"MATRIX_[8, 12]_robust_concat_rec_05AY_calibration_20260602_133912.hdf","C:\Users\hodor\Documents\lab-Shishkin\projects\BCI_classifier\data\pr_Agency_EBCI\features\csp\test\06_02 Artem\MATRIX_[8, 12]_robust_concat_rec_05AY_calibration_20260602_133912.hdf","[8, 12]",3,4,3,first5,0.2785624713545902,0.221,0.952,0.006043530416172449,0.1644211139053535,0.15590705189520804,0.5535714285714286,,0.0,final_score_4,0.0,4,4
pr_Agency_EBCI,test,06_02 Artem,rec_05AY_calibration_20260602_133912,test/06_02 Artem/rec_05AY_calibration_20260602_133912,"MATRIX_[8, 12]_robust_concat_rec_05AY_calibration_20260602_133912.hdf","C:\Users\hodor\Documents\lab-Shishkin\projects\BCI_classifier\data\pr_Agency_EBCI\features\csp\test\06_02 Artem\MATRIX_[8, 12]_robust_concat_rec_05AY_calibration_20260602_133912.hdf","[8, 12]",4,5,4,first5,0.2846060017707627,0.215,0.922,0.018599219029692415,0.20195592457922035,0.2204587391230785,0.4821428571428571,,0.0,final_score_4,0.0,5,5
pr_Agency_EBCI,test,06_02 Artem,rec_05AY_calibration_20260602_133912,test/06_02 Artem/rec_05AY_calibration_20260602_133912,"MATRIX_[8, 12]_robust_concat_rec_05AY_calibration_20260602_133912.hdf","C:\Users\hodor\Documents\lab-Shishkin\projects\BCI_classifier\data\pr_Agency_EBCI\features\csp\test\06_02 Artem\MATRIX_[8, 12]_robust_concat_rec_05AY_calibration_20260602_133912.hdf","[8, 12]",51,52,-5,last5,0.7232140124616628,0.223,0.96,0.005372629512078286,0.21537310367799334,0.10310044223819789,0.5357142857142857,,0.0,final_score_4,0.0,6,6
pr_Agency_EBCI,test,06_02 Artem,rec_05AY_calibration_20260602_133912,test/06_02 Artem/rec_05AY_calibration_20260602_133912,"MATRIX_[8, 12]_robust_concat_rec_05AY_calibration_20260602_133912.hdf","C:\Users\hodor\Documents\lab-Shishkin\projects\BCI_classifier\data\pr_Agency_EBCI\features\csp\test\06_02 Artem\MATRIX_[8, 12]_robust_concat_rec_05AY_calibration_20260602_133912.hdf","[8, 12]",52,53,-4,last5,0.7329136333421917,0.233,1.009,0.009699620880528892,0.10227055385654868,0.06275975696018121,0.5357142857142857,,0.0,final_score_4,0.0,7,7
pr_Agency_EBCI,test,06_02 Artem,rec_05AY_calibration_20260602_133912,test/06_02 Artem/rec_05AY_calibration_20260602_133912,"MATRIX_[8, 12]_robust_concat_rec_05AY_calibration_20260602_133912.hdf","C:\Users\hodor\Documents\lab-Shishkin\projects\BCI_classifier\data\pr_Agency_EBCI\features\csp\test\06_02 Artem\MATRIX_[8, 12]_robust_concat_rec_05AY_calibration_20260602_133912.hdf","[8, 12]",53,54,-3,last5,0.7394816539500186,0.239,1.043,0.006568020607826908,0.1494962037058728,0.32453180829151496,0.5714285714285714,,0.0,final_score_4,0.0,8,8
pr_Agency_EBCI,test,06_02 Artem,rec_05AY_calibration_20260602_133912,test/06_02 Artem/rec_05AY_calibration_20260602_133912,"MATRIX_[8, 12]_robust_concat_rec_05AY_calibration_20260602_133912.hdf","C:\Users\hodor\Documents\lab-Shishkin\projects\BCI_classifier\data\pr_Agency_EBCI\features\csp\test\06_02 Artem\MATRIX_[8, 12]_robust_concat_rec_05AY_calibration_20260602_133912.hdf","[8, 12]",54,55,-2,last5,0.7696074631663006,0.27,1.206,0.03012580921628194,0.351440814618327,0.3460910224865842,0.5,,0.0,final_score_4,0.0,9,9
pr_Agency_EBCI,test,06_02 Artem,rec_05AY_calibration_20260602_133912,test/06_02 Artem/rec_05AY_calibration_20260602_133912,"MATRIX_[8, 12]_robust_concat_rec_05AY_calibration_20260602_133912.hdf","C:\Users\hodor\Documents\lab-Shishkin\projects\BCI_classifier\data\pr_Agency_EBCI\features\csp\test\06_02 Artem\MATRIX_[8, 12]_robust_concat_rec_05AY_calibration_20260602_133912.hdf","[8, 12]",55,56,-1,last5,0.8047560847583469,0.305,1.416,0.03514862159204635,0.7718839097911836,0.6219607440751094,0.5535714285714286,,0.0,final_score_4,0.0,10,10
pr_Agency_EBCI,test,06_02 Artem,rec_05AY_calibration_20260602_133912,test/06_02 Artem/rec_05AY_calibration_20260602_133912,"MATRIX_[9, 13]_robust_concat_rec_05AY_calibration_20260602_133912.hdf","C:\Users\hodor\Documents\lab-Shishkin\projects\BCI_classifier\data\pr_Agency_EBCI\features\csp\test\06_02 Artem\MATRIX_[9, 13]_robust_concat_rec_05AY_calibration_20260602_133912.hdf","[9, 13]",0,1,0,first5,0.1697230332411205,0.33,1.588,0.07689192881063137,0.07140392782838811,1.1525720218093047,0.6607142857142857,,0.0,final_score_4,0.0,11,1
pr_Agency_EBCI,test,06_02 Artem,rec_05AY_calibration_20260602_133912,test/06_02 Artem/rec_05AY_calibration_20260602_133912,"MATRIX_[9, 13]_robust_concat_rec_05AY_calibration_20260602_133912.hdf","C:\Users\hodor\Documents\lab-Shishkin\projects\BCI_classifier\data\pr_Agency_EBCI\features\csp\test\06_02 Artem\MATRIX_[9, 13]_robust_concat_rec_05AY_calibration_20260602_133912.hdf","[9, 13]",1,2,1,first5,0.24661496205175187,0.253,1.117,0.026834426507150566,0.588908433953689,0.15424536758624632,0.5357142857142857,,0.0,final_score_4,0.0,12,2
pr_Agency_EBCI,test,06_02 Artem,rec_05AY_calibration_20260602_133912,test/06_02 Artem/rec_05AY_calibration_20260602_133912,"MATRIX_[9, 13]_robust_concat_rec_05AY_calibration_20260602_133912.hdf","C:\Users\hodor\Documents\lab-Shishkin\projects\BCI_classifier\data\pr_Agency_EBCI\features\csp\test\06_02 Artem\MATRIX_[9, 13]_robust_concat_rec_05AY_calibration_20260602_133912.hdf","[9, 13]",2,3,2,first5,0.27344938855890244,0.227,0.977,0.01856703824913264,0.15108773607910903,0.29415541691202063,0.5535714285714286,,0.0,final_score_4,0.0,13,3
pr_Agency_EBCI,test,06_02 Artem,rec_05AY_calibration_20260602_133912,test/06_02 Artem/rec_05AY_calibration_20260602_133912,"MATRIX_[9, 13]_robust_concat_rec_05AY_calibration_20260602_133912.hdf","C:\Users\hodor\Documents\lab-Shishkin\projects\BCI_classifier\data\pr_Agency_EBCI\features\csp\test\06_02 Artem\MATRIX_[9, 13]_robust_concat_rec_05AY_calibration_20260602_133912.hdf","[9, 13]",3,4,3,first5,0.2920164268080351,0.208,0.886,0.03038301548642741,0.5568012713241639,0.46198101531367874,0.5357142857142857,,0.0,final_score_4,0.0,14,4
pr_Agency_EBCI,test,06_02 Artem,rec_05AY_calibration_20260602_133912,test/06_02 Artem/rec_05AY_calibration_20260602_133912,"MATRIX_[9, 13]_robust_concat_rec_05AY_calibration_20260602_133912.hdf","C:\Users\hodor\Documents\lab-Shishkin\projects\BCI_classifier\data\pr_Agency_EBCI\features\csp\test\06_02 Artem\MATRIX_[9, 13]_robust_concat_rec_05AY_calibration_20260602_133912.hdf","[9, 13]",4,5,4,first5,0.3223994422944625,0.178,0.743,0.007217333214989519,0.08794889381405037,0.2362165801867766,0.6071428571428572,,0.0,final_score_4,0.0,15,5
pr_Agency_EBCI,test,06_02 Artem,rec_05AY_calibration_20260602_133912,test/06_02 Artem/rec_05AY_calibration_20260602_133912,"MATRIX_[9, 13]_robust_concat_rec_05AY_calibration_20260602_133912.hdf","C:\Users\hodor\Documents\lab-Shishkin\projects\BCI_classifier\data\pr_Agency_EBCI\features\csp\test\06_02 Artem\MATRIX_[9, 13]_robust_concat_rec_05AY_calibration_20260602_133912.hdf","[9, 13]",51,52,-5,last5,0.7443052087428889,0.244,1.068,0.009982334042662133,0.17985752002961022,0.17997055602858616,0.4821428571428571,,0.0,final_score_4,0.0,16,6
pr_Agency_EBCI,test,06_02 Artem,rec_05AY_calibration_20260602_133912,test/06_02 Artem/rec_05AY_calibration_20260602_133912,"MATRIX_[9, 13]_robust_concat_rec_05AY_calibration_20260602_133912.hdf","C:\Users\hodor\Documents\lab-Shishkin\projects\BCI_classifier\data\pr_Agency_EBCI\features\csp\test\06_02 Artem\MATRIX_[9, 13]_robust_concat_rec_05AY_calibration_20260602_133912.hdf","[9, 13]",52,53,-4,last5,0.7672580169934686,0.267,1.193,0.02295280825057977,0.3577634444308264,0.3934326095601804,0.5714285714285714,,0.0,final_score_4,0.0,17,7
pr_Agency_EBCI,test,06_02 Artem,rec_05AY_calibration_20260602_133912,test/06_02 Artem/rec_05AY_calibration_20260602_133912,"MATRIX_[9, 13]_robust_concat_rec_05AY_calibration_20260602_133912.hdf","C:\Users\hodor\Documents\lab-Shishkin\projects\BCI_classifier\data\pr_Agency_EBCI\features\csp\test\06_02 Artem\MATRIX_[9, 13]_robust_concat_rec_05AY_calibration_20260602_133912.hdf","[9, 13]",53,54,-3,last5,0.7721642368936995,0.272,1.221,0.004906219900230879,0.08762999445203645,0.03757631913388163,0.5357142857142857,,0.0,final_score_4,0.0,18,8
pr_Agency_EBCI,test,06_02 Artem,rec_05AY_calibration_20260602_133912,test/06_02 Artem/rec_05AY_calibration_20260602_133912,"MATRIX_[9, 13]_robust_concat_rec_05AY_calibration_20260602_133912.hdf","C:\Users\hodor\Documents\lab-Shishkin\projects\BCI_classifier\data\pr_Agency_EBCI\features\csp\test\06_02 Artem\MATRIX_[9, 13]_robust_concat_rec_05AY_calibration_20260602_133912.hdf","[9, 13]",54,55,-2,last5,0.7886759297254078,0.289,1.317,0.01651169283170828,0.2573038208760968,0.15026233583435017,0.4464285714285714,,0.0,final_score_4,0.0,19,9
pr_Agency_EBCI,test,06_02 Artem,rec_05AY_calibration_20260602_133912,test/06_02 Artem/rec_05AY_calibration_20260602_133912,"MATRIX_[9, 13]_robust_concat_rec_05AY_calibration_20260602_133912.hdf","C:\Users\hodor\Documents\lab-Shishkin\projects\BCI_classifier\data\pr_Agency_EBCI\features\csp\test\06_02 Artem\MATRIX_[9, 13]_robust_concat_rec_05AY_calibration_20260602_133912.hdf","[9, 13]",55,56,-1,last5,0.8305506245889221,0.331,1.59,0.04187469486351436,0.5960160666225213,0.4048438964215764,0.5535714285714286,,0.0,final_score_4,0.0,20,10
pr_Agency_EBCI,test,06_02 Artem,rec_05AY_calibration_20260602_133912,test/06_02 Artem/rec_05AY_calibration_20260602_133912,"MATRIX_[10, 14]_robust_concat_rec_05AY_calibration_20260602_133912.hdf","C:\Users\hodor\Documents\lab-Shishkin\projects\BCI_classifier\data\pr_Agency_EBCI\features\csp\test\06_02 Artem\MATRIX_[10, 14]_robust_concat_rec_05AY_calibration_20260602_133912.hdf","[10, 14]",0,1,0,first5,0.21157347727679157,0.288,1.315,0.019415240251333732,0.22616760502149774,0.8473281669761921,0.5357142857142857,,0.0,final_score_4,0.0,21,1
pr_Agency_EBCI,test,06_02 Artem,rec_05AY_calibration_20260602_133912,test/06_02 Artem/rec_05AY_calibration_20260602_133912,"MATRIX_[10, 14]_robust_concat_rec_05AY_calibration_20260602_133912.hdf","C:\Users\hodor\Documents\lab-Shishkin\projects\BCI_classifier\data\pr_Agency_EBCI\features\csp\test\06_02 Artem\MATRIX_[10, 14]_robust_concat_rec_05AY_calibration_20260602_133912.hdf","[10, 14]",1,2,1,first5,0.2309887175281253,0.269,1.203,0.03873167824678417,0.9735980222404803,0.4978637415643302,0.4642857142857143,,0.0,final_score_4,0.0,22,2
pr_Agency_EBCI,test,06_02 Artem,rec_05AY_calibration_20260602_133912,test/06_02 Artem/rec_05AY_calibration_20260602_133912,"MATRIX_[10, 14]_robust_concat_rec_05AY_calibration_20260602_133912.hdf","C:\Users\hodor\Documents\lab-Shishkin\projects\BCI_classifier\data\pr_Agency_EBCI\features\csp\test\06_02 Artem\MATRIX_[10, 14]_robust_concat_rec_05AY_calibration_20260602_133912.hdf","[10, 14]",2,3,2,first5,0.26972039577490947,0.23,0.996,0.028211789360350403,0.10731894348634274,0.2238425794672729,0.5178571428571428,,0.0,final_score_4,0.0,23,3
pr_Agency_EBCI,test,06_02 Artem,rec_05AY_calibration_20260602_133912,test/06_02 Artem/rec_05AY_calibration_20260602_133912,"MATRIX_[10, 14]_robust_concat_rec_05AY_calibration_20260602_133912.hdf","C:\Users\hodor\Documents\lab-Shishkin\projects\BCI_classifier\data\pr_Agency_EBCI\features\csp\test\06_02 Artem\MATRIX_[10, 14]_robust_concat_rec_05AY_calibration_20260602_133912.hdf","[10, 14]",3,4,3,first5,0.2979321851352599,0.202,0.857,0.013108194266184814,0.11741713729195344,0.1600537845624473,0.5535714285714286,,0.0,final_score_4,0.0,24,4
pr_Agency_EBCI,test,06_02 Artem,rec_05AY_calibration_20260602_133912,test/06_02 Artem/rec_05AY_calibration_20260602_133912,"MATRIX_[10, 14]_robust_concat_rec_05AY_calibration_20260602_133912.hdf","C:\Users\hodor\Documents\lab-Shishkin\projects\BCI_classifier\data\pr_Agency_EBCI\features\csp\test\06_02 Artem\MATRIX_[10, 14]_robust_concat_rec_05AY_calibration_20260602_133912.hdf","[10, 14]",4,5,4,first5,0.3110403794014447,0.189,0.795,0.017978870666786828,0.16503743815627195,0.25338631302308423,0.5357142857142857,,0.0,final_score_4,0.0,25,5
pr_Agency_EBCI,test,06_02 Artem,rec_05AY_calibration_20260602_133912,test/06_02 Artem/rec_05AY_calibration_20260602_133912,"MATRIX_[10, 14]_robust_concat_rec_05AY_calibration_20260602_133912.hdf","C:\Users\hodor\Documents\lab-Shishkin\projects\BCI_classifier\data\pr_Agency_EBCI\features\csp\test\06_02 Artem\MATRIX_[10, 14]_robust_concat_rec_05AY_calibration_20260602_133912.hdf","[10, 14]",51,52,-5,last5,0.7439280722929966,0.244,1.066,0.01429208675432636,0.36703676258332063,0.4828497411139758,0.4821428571428571,,0.0,final_score_4,0.0,26,6
pr_Agency_EBCI,test,06_02 Artem,rec_05AY_calibration_20260602_133912,test/06_02 Artem/rec_05AY_calibration_20260602_133912,"MATRIX_[10, 14]_robust_concat_rec_05AY_calibration_20260602_133912.hdf","C:\Users\hodor\Documents\lab-Shishkin\projects\BCI_classifier\data\pr_Agency_EBCI\features\csp\test\06_02 Artem\MATRIX_[10, 14]_robust_concat_rec_05AY_calibration_20260602_133912.hdf","[10, 14]",52,53,-4,last5,0.7461447599308845,0.246,1.078,0.0022166876378878486,0.1418601356222926,0.28932764754689944,0.4285714285714286,,0.0,final_score_4,0.0,27,7
pr_Agency_EBCI,test,06_02 Artem,rec_05AY_calibration_20260602_133912,test/06_02 Artem/rec_05AY_calibration_20260602_133912,"MATRIX_[10, 14]_robust_concat_rec_05AY_calibration_20260602_133912.hdf","C:\Users\hodor\Documents\lab-Shishkin\projects\BCI_classifier\data\pr_Agency_EBCI\features\csp\test\06_02 Artem\MATRIX_[10, 14]_robust_concat_rec_05AY_calibration_20260602_133912.hdf","[10, 14]",53,54,-3,last5,0.7599191548021068,0.26,1.152,0.01377439487122234,0.11928936987364334,0.04544194662164386,0.5357142857142857,,0.0,final_score_4,0.0,28,8
pr_Agency_EBCI,test,06_02 Artem,rec_05AY_calibration_20260602_133912,test/06_02 Artem/rec_05AY_calibration_20260602_133912,"MATRIX_[10, 14]_robust_concat_rec_05AY_calibration_20260602_133912.hdf","C:\Users\hodor\Documents\lab-Shishkin\projects\BCI_classifier\data\pr_Agency_EBCI\features\csp\test\06_02 Artem\MATRIX_[10, 14]_robust_concat_rec_05AY_calibration_20260602_133912.hdf","[10, 14]",54,55,-2,last5,0.7626222624889473,0.263,1.167,0.0027031076868404558,0.10111871193181346,0.2620602853490409,0.5892857142857143,,0.0,final_score_4,0.0,29,9
pr_Agency_EBCI,test,06_02 Artem,rec_05AY_calibration_20260602_133912,test/06_02 Artem/rec_05AY_calibration_20260602_133912,"MATRIX_[10, 14]_robust_concat_rec_05AY_calibration_20260602_133912.hdf","C:\Users\hodor\Documents\lab-Shishkin\projects\BCI_classifier\data\pr_Agency_EBCI\features\csp\test\06_02 Artem\MATRIX_[10, 14]_robust_concat_rec_05AY_calibration_20260602_133912.hdf","[10, 14]",55,56,-1,last5,0.8133357913155118,0.313,1.472,0.05071352882656455,0.5759658459721415,0.21628526983604932,0.5892857142857143,,0.0,final_score_4,0.0,30,10
pr_Agency_EBCI,test,06_02 Artem,rec_05AY_calibration_20260602_133912,test/06_02 Artem/rec_05AY_calibration_20260602_133912,"MATRIX_[8, 15]_robust_concat_rec_05AY_calibration_20260602_133912.hdf","C:\Users\hodor\Documents\lab-Shishkin\projects\BCI_classifier\data\pr_Agency_EBCI\features\csp\test\06_02 Artem\MATRIX_[8, 15]_robust_concat_rec_05AY_calibration_20260602_133912.hdf","[8, 15]",0,1,0,first5,0.2008085512264894,0.299,1.381,0.05052222349079419,0.08847307938127778,1.0062752488200553,0.6428571428571428,,0.0,final_score_4,0.0,31,1
pr_Agency_EBCI,test,06_02 Artem,rec_05AY_calibration_20260602_133912,test/06_02 Artem/rec_05AY_calibration_20260602_133912,"MATRIX_[8, 15]_robust_concat_rec_05AY_calibration_20260602_133912.hdf","C:\Users\hodor\Documents\lab-Shishkin\projects\BCI_classifier\data\pr_Agency_EBCI\features\csp\test\06_02 Artem\MATRIX_[8, 15]_robust_concat_rec_05AY_calibration_20260602_133912.hdf","[8, 15]",1,2,1,first5,0.2513307747172836,0.249,1.092,0.037874552750075396,0.774970591652762,0.45144402046798243,0.4285714285714286,,0.0,final_score_4,0.0,32,2
pr_Agency_EBCI,test,06_02 Artem,rec_05AY_calibration_20260602_133912,test/06_02 Artem/rec_05AY_calibration_20260602_133912,"MATRIX_[8, 15]_robust_concat_rec_05AY_calibration_20260602_133912.hdf","C:\Users\hodor\Documents\lab-Shishkin\projects\BCI_classifier\data\pr_Agency_EBCI\features\csp\test\06_02 Artem\MATRIX_[8, 15]_robust_concat_rec_05AY_calibration_20260602_133912.hdf","[8, 15]",2,3,2,first5,0.289205327467359,0.211,0.899,0.027556654075940046,0.15013470119081596,0.4254807830191006,0.5892857142857143,,0.0,final_score_4,0.0,33,3
pr_Agency_EBCI,test,06_02 Artem,rec_05AY_calibration_20260602_133912,test/06_02 Artem/rec_05AY_calibration_20260602_133912,"MATRIX_[8, 15]_robust_concat_rec_05AY_calibration_20260602_133912.hdf","C:\Users\hodor\Documents\lab-Shishkin\projects\BCI_classifier\data\pr_Agency_EBCI\features\csp\test\06_02 Artem\MATRIX_[8, 15]_robust_concat_rec_05AY_calibration_20260602_133912.hdf","[8, 15]",3,4,3,first5,0.31676198154329904,0.183,0.769,0.014465212919990589,0.08431749444102399,0.32518997185792575,0.6785714285714286,,0.0,final_score_4,0.0,34,4
pr_Agency_EBCI,test,06_02 Artem,rec_05AY_calibration_20260602_133912,test/06_02 Artem/rec_05AY_calibration_20260602_133912,"MATRIX_[8, 15]_robust_concat_rec_05AY_calibration_20260602_133912.hdf","C:\Users\hodor\Documents\lab-Shishkin\projects\BCI_classifier\data\pr_Agency_EBCI\features\csp\test\06_02 Artem\MATRIX_[8, 15]_robust_concat_rec_05AY_calibration_20260602_133912.hdf","[8, 15]",4,5,4,first5,0.33122719446328963,0.169,0.703,0.03173480740630774,0.3142918646591709,0.16756354997394798,0.5357142857142857,,0.0,final_score_4,0.0,35,5
pr_Agency_EBCI,test,06_02 Artem,rec_05AY_calibration_20260602_133912,test/06_02 Artem/rec_05AY_calibration_20260602_133912,"MATRIX_[8, 15]_robust_concat_rec_05AY_calibration_20260602_133912.hdf","C:\Users\hodor\Documents\lab-Shishkin\projects\BCI_classifier\data\pr_Agency_EBCI\features\csp\test\06_02 Artem\MATRIX_[8, 15]_robust_concat_rec_05AY_calibration_20260602_133912.hdf","[8, 15]",51,52,-5,last5,0.6936025805282999,0.194,0.817,0.01654949805385464,0.1187682301983691,0.2224859040731378,0.5357142857142857,,0.0,final_score_4,0.0,36,6
pr_Agency_EBCI,test,06_02 Artem,rec_05AY_calibration_20260602_133912,test/06_02 Artem/rec_05AY_calibration_20260602_133912,"MATRIX_[8, 15]_robust_concat_rec_05AY_calibration_20260602_133912.hdf","C:\Users\hodor\Documents\lab-Shishkin\projects\BCI_classifier\data\pr_Agency_EBCI\features\csp\test\06_02 Artem\MATRIX_[8, 15]_robust_concat_rec_05AY_calibration_20260602_133912.hdf","[8, 15]",52,53,-4,last5,0.6963232564237039,0.196,0.83,0.0027206758954039234,0.12260564088236703,0.03396776939809133,0.5535714285714286,,0.0,final_score_4,0.0,37,7
pr_Agency_EBCI,test,06_02 Artem,rec_05AY_calibration_20260602_133912,test/06_02 Artem/rec_05AY_calibration_20260602_133912,"MATRIX_[8, 15]_robust_concat_rec_05AY_calibration_20260602_133912.hdf","C:\Users\hodor\Documents\lab-Shishkin\projects\BCI_classifier\data\pr_Agency_EBCI\features\csp\test\06_02 Artem\MATRIX_[8, 15]_robust_concat_rec_05AY_calibration_20260602_133912.hdf","[8, 15]",53,54,-3,last5,0.7153499324238632,0.215,0.922,0.019026676000159393,0.20849881259885616,0.11234307200002061,0.5,,0.0,final_score_4,0.0,38,8
pr_Agency_EBCI,test,06_02 Artem,rec_05AY_calibration_20260602_133912,test/06_02 Artem/rec_05AY_calibration_20260602_133912,"MATRIX_[8, 15]_robust_concat_rec_05AY_calibration_20260602_133912.hdf","C:\Users\hodor\Documents\lab-Shishkin\projects\BCI_classifier\data\pr_Agency_EBCI\features\csp\test\06_02 Artem\MATRIX_[8, 15]_robust_concat_rec_05AY_calibration_20260602_133912.hdf","[8, 15]",54,55,-2,last5,0.7459071762011212,0.246,1.077,0.030557243777257992,0.5901530483181252,0.5684710063717455,0.5178571428571428,,0.0,final_score_4,0.0,39,9
pr_Agency_EBCI,test,06_02 Artem,rec_05AY_calibration_20260602_133912,test/06_02 Artem/rec_05AY_calibration_20260602_133912,"MATRIX_[8, 15]_robust_concat_rec_05AY_calibration_20260602_133912.hdf","C:\Users\hodor\Documents\lab-Shishkin\projects\BCI_classifier\data\pr_Agency_EBCI\features\csp\test\06_02 Artem\MATRIX_[8, 15]_robust_concat_rec_05AY_calibration_20260602_133912.hdf","[8, 15]",55,56,-1,last5,0.7891955915043092,0.289,1.32,0.043288415303187944,0.6328596896270602,0.42138227904966696,0.5892857142857143,,0.0,final_score_4,0.0,40,10
pr_Agency_EBCI,test,06_02 Artem,rec_05AY_calibration_20260602_133912,test/06_02 Artem/rec_05AY_calibration_20260602_133912,"MATRIX_[8, 12]_robust_concat_rec_05AY_calibration_20260602_133912.hdf","C:\Users\hodor\Documents\lab-Shishkin\projects\BCI_classifier\data\pr_Agency_EBCI\features\csp\test\06_02 Artem\MATRIX_[8, 12]_robust_concat_rec_05AY_calibration_20260602_133912.hdf","[8, 12]",0,1,0,first5,0.15929004697363747,0.341,1.664,0.062051237934700104,0.06855851632002789,1.1385185994402727,0.6607142857142857,,0.0,final_score_5,0.0,1,1
pr_Agency_EBCI,test,06_02 Artem,rec_05AY_calibration_20260602_133912,test/06_02 Artem/rec_05AY_calibration_20260602_133912,"MATRIX_[8, 12]_robust_concat_rec_05AY_calibration_20260602_133912.hdf","C:\Users\hodor\Documents\lab-Shishkin\projects\BCI_classifier\data\pr_Agency_EBCI\features\csp\test\06_02 Artem\MATRIX_[8, 12]_robust_concat_rec_05AY_calibration_20260602_133912.hdf","[8, 12]",1,2,1,first5,0.22134128490833757,0.279,1.258,0.030577741159454025,0.29419765079216054,0.2726002180104721,0.5178571428571428,,0.0,final_score_5,0.0,2,2
pr_Agency_EBCI,test,06_02 Artem,rec_05AY_calibration_20260602_133912,test/06_02 Artem/rec_05AY_calibration_20260602_133912,"MATRIX_[8, 12]_robust_concat_rec_05AY_calibration_20260602_133912.hdf","C:\Users\hodor\Documents\lab-Shishkin\projects\BCI_classifier\data\pr_Agency_EBCI\features\csp\test\06_02 Artem\MATRIX_[8, 12]_robust_concat_rec_05AY_calibration_20260602_133912.hdf","[8, 12]",2,3,2,first5,0.2519190260677916,0.248,1.088,0.026643445286798628,0.42417775804783864,0.22081889150450076,0.5,,0.0,final_score_5,0.0,3,3
pr_Agency_EBCI,test,06_02 Artem,rec_05AY_calibration_20260602_133912,test/06_02 Artem/rec_05AY_calibration_20260602_133912,"MATRIX_[8, 12]_robust_concat_rec_05AY_calibration_20260602_133912.hdf","C:\Users\hodor\Documents\lab-Shishkin\projects\BCI_classifier\data\pr_Agency_EBCI\features\csp\test\06_02 Artem\MATRIX_[8, 12]_robust_concat_rec_05AY_calibration_20260602_133912.hdf","[8, 12]",3,4,3,first5,0.2785624713545902,0.221,0.952,0.006043530416172449,0.1644211139053535,0.15590705189520804,0.5535714285714286,,0.0,final_score_5,0.0,4,4
pr_Agency_EBCI,test,06_02 Artem,rec_05AY_calibration_20260602_133912,test/06_02 Artem/rec_05AY_calibration_20260602_133912,"MATRIX_[8, 12]_robust_concat_rec_05AY_calibration_20260602_133912.hdf","C:\Users\hodor\Documents\lab-Shishkin\projects\BCI_classifier\data\pr_Agency_EBCI\features\csp\test\06_02 Artem\MATRIX_[8, 12]_robust_concat_rec_05AY_calibration_20260602_133912.hdf","[8, 12]",4,5,4,first5,0.2846060017707627,0.215,0.922,0.018599219029692415,0.20195592457922035,0.2204587391230785,0.4821428571428571,,0.0,final_score_5,0.0,5,5
pr_Agency_EBCI,test,06_02 Artem,rec_05AY_calibration_20260602_133912,test/06_02 Artem/rec_05AY_calibration_20260602_133912,"MATRIX_[8, 12]_robust_concat_rec_05AY_calibration_20260602_133912.hdf","C:\Users\hodor\Documents\lab-Shishkin\projects\BCI_classifier\data\pr_Agency_EBCI\features\csp\test\06_02 Artem\MATRIX_[8, 12]_robust_concat_rec_05AY_calibration_20260602_133912.hdf","[8, 12]",51,52,-5,last5,0.7232140124616628,0.223,0.96,0.005372629512078286,0.21537310367799334,0.10310044223819789,0.5357142857142857,,0.0,final_score_5,0.0,6,6
pr_Agency_EBCI,test,06_02 Artem,rec_05AY_calibration_20260602_133912,test/06_02 Artem/rec_05AY_calibration_20260602_133912,"MATRIX_[8, 12]_robust_concat_rec_05AY_calibration_20260602_133912.hdf","C:\Users\hodor\Documents\lab-Shishkin\projects\BCI_classifier\data\pr_Agency_EBCI\features\csp\test\06_02 Artem\MATRIX_[8, 12]_robust_concat_rec_05AY_calibration_20260602_133912.hdf","[8, 12]",52,53,-4,last5,0.7329136333421917,0.233,1.009,0.009699620880528892,0.10227055385654868,0.06275975696018121,0.5357142857142857,,0.0,final_score_5,0.0,7,7
pr_Agency_EBCI,test,06_02 Artem,rec_05AY_calibration_20260602_133912,test/06_02 Artem/rec_05AY_calibration_20260602_133912,"MATRIX_[8, 12]_robust_concat_rec_05AY_calibration_20260602_133912.hdf","C:\Users\hodor\Documents\lab-Shishkin\projects\BCI_classifier\data\pr_Agency_EBCI\features\csp\test\06_02 Artem\MATRIX_[8, 12]_robust_concat_rec_05AY_calibration_20260602_133912.hdf","[8, 12]",53,54,-3,last5,0.7394816539500186,0.239,1.043,0.006568020607826908,0.1494962037058728,0.32453180829151496,0.5714285714285714,,0.0,final_score_5,0.0,8,8
pr_Agency_EBCI,test,06_02 Artem,rec_05AY_calibration_20260602_133912,test/06_02 Artem/rec_05AY_calibration_20260602_133912,"MATRIX_[8, 12]_robust_concat_rec_05AY_calibration_20260602_133912.hdf","C:\Users\hodor\Documents\lab-Shishkin\projects\BCI_classifier\data\pr_Agency_EBCI\features\csp\test\06_02 Artem\MATRIX_[8, 12]_robust_concat_rec_05AY_calibration_20260602_133912.hdf","[8, 12]",54,55,-2,last5,0.7696074631663006,0.27,1.206,0.03012580921628194,0.351440814618327,0.3460910224865842,0.5,,0.0,final_score_5,0.0,9,9
pr_Agency_EBCI,test,06_02 Artem,rec_05AY_calibration_20260602_133912,test/06_02 Artem/rec_05AY_calibration_20260602_133912,"MATRIX_[8, 12]_robust_concat_rec_05AY_calibration_20260602_133912.hdf","C:\Users\hodor\Documents\lab-Shishkin\projects\BCI_classifier\data\pr_Agency_EBCI\features\csp\test\06_02 Artem\MATRIX_[8, 12]_robust_concat_rec_05AY_calibration_20260602_133912.hdf","[8, 12]",55,56,-1,last5,0.8047560847583469,0.305,1.416,0.03514862159204635,0.7718839097911836,0.6219607440751094,0.5535714285714286,,0.0,final_score_5,0.0,10,10
pr_Agency_EBCI,test,06_02 Artem,rec_05AY_calibration_20260602_133912,test/06_02 Artem/rec_05AY_calibration_20260602_133912,"MATRIX_[9, 13]_robust_concat_rec_05AY_calibration_20260602_133912.hdf","C:\Users\hodor\Documents\lab-Shishkin\projects\BCI_classifier\data\pr_Agency_EBCI\features\csp\test\06_02 Artem\MATRIX_[9, 13]_robust_concat_rec_05AY_calibration_20260602_133912.hdf","[9, 13]",0,1,0,first5,0.1697230332411205,0.33,1.588,0.07689192881063137,0.07140392782838811,1.1525720218093047,0.6607142857142857,,0.0,final_score_5,0.0,11,1
pr_Agency_EBCI,test,06_02 Artem,rec_05AY_calibration_20260602_133912,test/06_02 Artem/rec_05AY_calibration_20260602_133912,"MATRIX_[9, 13]_robust_concat_rec_05AY_calibration_20260602_133912.hdf","C:\Users\hodor\Documents\lab-Shishkin\projects\BCI_classifier\data\pr_Agency_EBCI\features\csp\test\06_02 Artem\MATRIX_[9, 13]_robust_concat_rec_05AY_calibration_20260602_133912.hdf","[9, 13]",1,2,1,first5,0.24661496205175187,0.253,1.117,0.026834426507150566,0.588908433953689,0.15424536758624632,0.5357142857142857,,0.0,final_score_5,0.0,12,2
pr_Agency_EBCI,test,06_02 Artem,rec_05AY_calibration_20260602_133912,test/06_02 Artem/rec_05AY_calibration_20260602_133912,"MATRIX_[9, 13]_robust_concat_rec_05AY_calibration_20260602_133912.hdf","C:\Users\hodor\Documents\lab-Shishkin\projects\BCI_classifier\data\pr_Agency_EBCI\features\csp\test\06_02 Artem\MATRIX_[9, 13]_robust_concat_rec_05AY_calibration_20260602_133912.hdf","[9, 13]",2,3,2,first5,0.27344938855890244,0.227,0.977,0.01856703824913264,0.15108773607910903,0.29415541691202063,0.5535714285714286,,0.0,final_score_5,0.0,13,3
pr_Agency_EBCI,test,06_02 Artem,rec_05AY_calibration_20260602_133912,test/06_02 Artem/rec_05AY_calibration_20260602_133912,"MATRIX_[9, 13]_robust_concat_rec_05AY_calibration_20260602_133912.hdf","C:\Users\hodor\Documents\lab-Shishkin\projects\BCI_classifier\data\pr_Agency_EBCI\features\csp\test\06_02 Artem\MATRIX_[9, 13]_robust_concat_rec_05AY_calibration_20260602_133912.hdf","[9, 13]",3,4,3,first5,0.2920164268080351,0.208,0.886,0.03038301548642741,0.5568012713241639,0.46198101531367874,0.5357142857142857,,0.0,final_score_5,0.0,14,4
pr_Agency_EBCI,test,06_02 Artem,rec_05AY_calibration_20260602_133912,test/06_02 Artem/rec_05AY_calibration_20260602_133912,"MATRIX_[9, 13]_robust_concat_rec_05AY_calibration_20260602_133912.hdf","C:\Users\hodor\Documents\lab-Shishkin\projects\BCI_classifier\data\pr_Agency_EBCI\features\csp\test\06_02 Artem\MATRIX_[9, 13]_robust_concat_rec_05AY_calibration_20260602_133912.hdf","[9, 13]",4,5,4,first5,0.3223994422944625,0.178,0.743,0.007217333214989519,0.08794889381405037,0.2362165801867766,0.6071428571428572,,0.0,final_score_5,0.0,15,5
pr_Agency_EBCI,test,06_02 Artem,rec_05AY_calibration_20260602_133912,test/06_02 Artem/rec_05AY_calibration_20260602_133912,"MATRIX_[9, 13]_robust_concat_rec_05AY_calibration_20260602_133912.hdf","C:\Users\hodor\Documents\lab-Shishkin\projects\BCI_classifier\data\pr_Agency_EBCI\features\csp\test\06_02 Artem\MATRIX_[9, 13]_robust_concat_rec_05AY_calibration_20260602_133912.hdf","[9, 13]",51,52,-5,last5,0.7443052087428889,0.244,1.068,0.009982334042662133,0.17985752002961022,0.17997055602858616,0.4821428571428571,,0.0,final_score_5,0.0,16,6
pr_Agency_EBCI,test,06_02 Artem,rec_05AY_calibration_20260602_133912,test/06_02 Artem/rec_05AY_calibration_20260602_133912,"MATRIX_[9, 13]_robust_concat_rec_05AY_calibration_20260602_133912.hdf","C:\Users\hodor\Documents\lab-Shishkin\projects\BCI_classifier\data\pr_Agency_EBCI\features\csp\test\06_02 Artem\MATRIX_[9, 13]_robust_concat_rec_05AY_calibration_20260602_133912.hdf","[9, 13]",52,53,-4,last5,0.7672580169934686,0.267,1.193,0.02295280825057977,0.3577634444308264,0.3934326095601804,0.5714285714285714,,0.0,final_score_5,0.0,17,7
pr_Agency_EBCI,test,06_02 Artem,rec_05AY_calibration_20260602_133912,test/06_02 Artem/rec_05AY_calibration_20260602_133912,"MATRIX_[9, 13]_robust_concat_rec_05AY_calibration_20260602_133912.hdf","C:\Users\hodor\Documents\lab-Shishkin\projects\BCI_classifier\data\pr_Agency_EBCI\features\csp\test\06_02 Artem\MATRIX_[9, 13]_robust_concat_rec_05AY_calibration_20260602_133912.hdf","[9, 13]",53,54,-3,last5,0.7721642368936995,0.272,1.221,0.004906219900230879,0.08762999445203645,0.03757631913388163,0.5357142857142857,,0.0,final_score_5,0.0,18,8
pr_Agency_EBCI,test,06_02 Artem,rec_05AY_calibration_20260602_133912,test/06_02 Artem/rec_05AY_calibration_20260602_133912,"MATRIX_[9, 13]_robust_concat_rec_05AY_calibration_20260602_133912.hdf","C:\Users\hodor\Documents\lab-Shishkin\projects\BCI_classifier\data\pr_Agency_EBCI\features\csp\test\06_02 Artem\MATRIX_[9, 13]_robust_concat_rec_05AY_calibration_20260602_133912.hdf","[9, 13]",54,55,-2,last5,0.7886759297254078,0.289,1.317,0.01651169283170828,0.2573038208760968,0.15026233583435017,0.4464285714285714,,0.0,final_score_5,0.0,19,9
pr_Agency_EBCI,test,06_02 Artem,rec_05AY_calibration_20260602_133912,test/06_02 Artem/rec_05AY_calibration_20260602_133912,"MATRIX_[9, 13]_robust_concat_rec_05AY_calibration_20260602_133912.hdf","C:\Users\hodor\Documents\lab-Shishkin\projects\BCI_classifier\data\pr_Agency_EBCI\features\csp\test\06_02 Artem\MATRIX_[9, 13]_robust_concat_rec_05AY_calibration_20260602_133912.hdf","[9, 13]",55,56,-1,last5,0.8305506245889221,0.331,1.59,0.04187469486351436,0.5960160666225213,0.4048438964215764,0.5535714285714286,,0.0,final_score_5,0.0,20,10
pr_Agency_EBCI,test,06_02 Artem,rec_05AY_calibration_20260602_133912,test/06_02 Artem/rec_05AY_calibration_20260602_133912,"MATRIX_[10, 14]_robust_concat_rec_05AY_calibration_20260602_133912.hdf","C:\Users\hodor\Documents\lab-Shishkin\projects\BCI_classifier\data\pr_Agency_EBCI\features\csp\test\06_02 Artem\MATRIX_[10, 14]_robust_concat_rec_05AY_calibration_20260602_133912.hdf","[10, 14]",0,1,0,first5,0.21157347727679157,0.288,1.315,0.019415240251333732,0.22616760502149774,0.8473281669761921,0.5357142857142857,,0.0,final_score_5,0.0,21,1
pr_Agency_EBCI,test,06_02 Artem,rec_05AY_calibration_20260602_133912,test/06_02 Artem/rec_05AY_calibration_20260602_133912,"MATRIX_[10, 14]_robust_concat_rec_05AY_calibration_20260602_133912.hdf","C:\Users\hodor\Documents\lab-Shishkin\projects\BCI_classifier\data\pr_Agency_EBCI\features\csp\test\06_02 Artem\MATRIX_[10, 14]_robust_concat_rec_05AY_calibration_20260602_133912.hdf","[10, 14]",1,2,1,first5,0.2309887175281253,0.269,1.203,0.03873167824678417,0.9735980222404803,0.4978637415643302,0.4642857142857143,,0.0,final_score_5,0.0,22,2
pr_Agency_EBCI,test,06_02 Artem,rec_05AY_calibration_20260602_133912,test/06_02 Artem/rec_05AY_calibration_20260602_133912,"MATRIX_[10, 14]_robust_concat_rec_05AY_calibration_20260602_133912.hdf","C:\Users\hodor\Documents\lab-Shishkin\projects\BCI_classifier\data\pr_Agency_EBCI\features\csp\test\06_02 Artem\MATRIX_[10, 14]_robust_concat_rec_05AY_calibration_20260602_133912.hdf","[10, 14]",2,3,2,first5,0.26972039577490947,0.23,0.996,0.028211789360350403,0.10731894348634274,0.2238425794672729,0.5178571428571428,,0.0,final_score_5,0.0,23,3
pr_Agency_EBCI,test,06_02 Artem,rec_05AY_calibration_20260602_133912,test/06_02 Artem/rec_05AY_calibration_20260602_133912,"MATRIX_[10, 14]_robust_concat_rec_05AY_calibration_20260602_133912.hdf","C:\Users\hodor\Documents\lab-Shishkin\projects\BCI_classifier\data\pr_Agency_EBCI\features\csp\test\06_02 Artem\MATRIX_[10, 14]_robust_concat_rec_05AY_calibration_20260602_133912.hdf","[10, 14]",3,4,3,first5,0.2979321851352599,0.202,0.857,0.013108194266184814,0.11741713729195344,0.1600537845624473,0.5535714285714286,,0.0,final_score_5,0.0,24,4
pr_Agency_EBCI,test,06_02 Artem,rec_05AY_calibration_20260602_133912,test/06_02 Artem/rec_05AY_calibration_20260602_133912,"MATRIX_[10, 14]_robust_concat_rec_05AY_calibration_20260602_133912.hdf","C:\Users\hodor\Documents\lab-Shishkin\projects\BCI_classifier\data\pr_Agency_EBCI\features\csp\test\06_02 Artem\MATRIX_[10, 14]_robust_concat_rec_05AY_calibration_20260602_133912.hdf","[10, 14]",4,5,4,first5,0.3110403794014447,0.189,0.795,0.017978870666786828,0.16503743815627195,0.25338631302308423,0.5357142857142857,,0.0,final_score_5,0.0,25,5
pr_Agency_EBCI,test,06_02 Artem,rec_05AY_calibration_20260602_133912,test/06_02 Artem/rec_05AY_calibration_20260602_133912,"MATRIX_[10, 14]_robust_concat_rec_05AY_calibration_20260602_133912.hdf","C:\Users\hodor\Documents\lab-Shishkin\projects\BCI_classifier\data\pr_Agency_EBCI\features\csp\test\06_02 Artem\MATRIX_[10, 14]_robust_concat_rec_05AY_calibration_20260602_133912.hdf","[10, 14]",51,52,-5,last5,0.7439280722929966,0.244,1.066,0.01429208675432636,0.36703676258332063,0.4828497411139758,0.4821428571428571,,0.0,final_score_5,0.0,26,6
pr_Agency_EBCI,test,06_02 Artem,rec_05AY_calibration_20260602_133912,test/06_02 Artem/rec_05AY_calibration_20260602_133912,"MATRIX_[10, 14]_robust_concat_rec_05AY_calibration_20260602_133912.hdf","C:\Users\hodor\Documents\lab-Shishkin\projects\BCI_classifier\data\pr_Agency_EBCI\features\csp\test\06_02 Artem\MATRIX_[10, 14]_robust_concat_rec_05AY_calibration_20260602_133912.hdf","[10, 14]",52,53,-4,last5,0.7461447599308845,0.246,1.078,0.0022166876378878486,0.1418601356222926,0.28932764754689944,0.4285714285714286,,0.0,final_score_5,0.0,27,7
pr_Agency_EBCI,test,06_02 Artem,rec_05AY_calibration_20260602_133912,test/06_02 Artem/rec_05AY_calibration_20260602_133912,"MATRIX_[10, 14]_robust_concat_rec_05AY_calibration_20260602_133912.hdf","C:\Users\hodor\Documents\lab-Shishkin\projects\BCI_classifier\data\pr_Agency_EBCI\features\csp\test\06_02 Artem\MATRIX_[10, 14]_robust_concat_rec_05AY_calibration_20260602_133912.hdf","[10, 14]",53,54,-3,last5,0.7599191548021068,0.26,1.152,0.01377439487122234,0.11928936987364334,0.04544194662164386,0.5357142857142857,,0.0,final_score_5,0.0,28,8
pr_Agency_EBCI,test,06_02 Artem,rec_05AY_calibration_20260602_133912,test/06_02 Artem/rec_05AY_calibration_20260602_133912,"MATRIX_[10, 14]_robust_concat_rec_05AY_calibration_20260602_133912.hdf","C:\Users\hodor\Documents\lab-Shishkin\projects\BCI_classifier\data\pr_Agency_EBCI\features\csp\test\06_02 Artem\MATRIX_[10, 14]_robust_concat_rec_05AY_calibration_20260602_133912.hdf","[10, 14]",54,55,-2,last5,0.7626222624889473,0.263,1.167,0.0027031076868404558,0.10111871193181346,0.2620602853490409,0.5892857142857143,,0.0,final_score_5,0.0,29,9
pr_Agency_EBCI,test,06_02 Artem,rec_05AY_calibration_20260602_133912,test/06_02 Artem/rec_05AY_calibration_20260602_133912,"MATRIX_[10, 14]_robust_concat_rec_05AY_calibration_20260602_133912.hdf","C:\Users\hodor\Documents\lab-Shishkin\projects\BCI_classifier\data\pr_Agency_EBCI\features\csp\test\06_02 Artem\MATRIX_[10, 14]_robust_concat_rec_05AY_calibration_20260602_133912.hdf","[10, 14]",55,56,-1,last5,0.8133357913155118,0.313,1.472,0.05071352882656455,0.5759658459721415,0.21628526983604932,0.5892857142857143,,0.0,final_score_5,0.0,30,10
pr_Agency_EBCI,test,06_02 Artem,rec_05AY_calibration_20260602_133912,test/06_02 Artem/rec_05AY_calibration_20260602_133912,"MATRIX_[8, 15]_robust_concat_rec_05AY_calibration_20260602_133912.hdf","C:\Users\hodor\Documents\lab-Shishkin\projects\BCI_classifier\data\pr_Agency_EBCI\features\csp\test\06_02 Artem\MATRIX_[8, 15]_robust_concat_rec_05AY_calibration_20260602_133912.hdf","[8, 15]",0,1,0,first5,0.2008085512264894,0.299,1.381,0.05052222349079419,0.08847307938127778,1.0062752488200553,0.6428571428571428,,0.0,final_score_5,0.0,31,1
pr_Agency_EBCI,test,06_02 Artem,rec_05AY_calibration_20260602_133912,test/06_02 Artem/rec_05AY_calibration_20260602_133912,"MATRIX_[8, 15]_robust_concat_rec_05AY_calibration_20260602_133912.hdf","C:\Users\hodor\Documents\lab-Shishkin\projects\BCI_classifier\data\pr_Agency_EBCI\features\csp\test\06_02 Artem\MATRIX_[8, 15]_robust_concat_rec_05AY_calibration_20260602_133912.hdf","[8, 15]",1,2,1,first5,0.2513307747172836,0.249,1.092,0.037874552750075396,0.774970591652762,0.45144402046798243,0.4285714285714286,,0.0,final_score_5,0.0,32,2
pr_Agency_EBCI,test,06_02 Artem,rec_05AY_calibration_20260602_133912,test/06_02 Artem/rec_05AY_calibration_20260602_133912,"MATRIX_[8, 15]_robust_concat_rec_05AY_calibration_20260602_133912.hdf","C:\Users\hodor\Documents\lab-Shishkin\projects\BCI_classifier\data\pr_Agency_EBCI\features\csp\test\06_02 Artem\MATRIX_[8, 15]_robust_concat_rec_05AY_calibration_20260602_133912.hdf","[8, 15]",2,3,2,first5,0.289205327467359,0.211,0.899,0.027556654075940046,0.15013470119081596,0.4254807830191006,0.5892857142857143,,0.0,final_score_5,0.0,33,3
pr_Agency_EBCI,test,06_02 Artem,rec_05AY_calibration_20260602_133912,test/06_02 Artem/rec_05AY_calibration_20260602_133912,"MATRIX_[8, 15]_robust_concat_rec_05AY_calibration_20260602_133912.hdf","C:\Users\hodor\Documents\lab-Shishkin\projects\BCI_classifier\data\pr_Agency_EBCI\features\csp\test\06_02 Artem\MATRIX_[8, 15]_robust_concat_rec_05AY_calibration_20260602_133912.hdf","[8, 15]",3,4,3,first5,0.31676198154329904,0.183,0.769,0.014465212919990589,0.08431749444102399,0.32518997185792575,0.6785714285714286,,0.0,final_score_5,0.0,34,4
pr_Agency_EBCI,test,06_02 Artem,rec_05AY_calibration_20260602_133912,test/06_02 Artem/rec_05AY_calibration_20260602_133912,"MATRIX_[8, 15]_robust_concat_rec_05AY_calibration_20260602_133912.hdf","C:\Users\hodor\Documents\lab-Shishkin\projects\BCI_classifier\data\pr_Agency_EBCI\features\csp\test\06_02 Artem\MATRIX_[8, 15]_robust_concat_rec_05AY_calibration_20260602_133912.hdf","[8, 15]",4,5,4,first5,0.33122719446328963,0.169,0.703,0.03173480740630774,0.3142918646591709,0.16756354997394798,0.5357142857142857,,0.0,final_score_5,0.0,35,5
pr_Agency_EBCI,test,06_02 Artem,rec_05AY_calibration_20260602_133912,test/06_02 Artem/rec_05AY_calibration_20260602_133912,"MATRIX_[8, 15]_robust_concat_rec_05AY_calibration_20260602_133912.hdf","C:\Users\hodor\Documents\lab-Shishkin\projects\BCI_classifier\data\pr_Agency_EBCI\features\csp\test\06_02 Artem\MATRIX_[8, 15]_robust_concat_rec_05AY_calibration_20260602_133912.hdf","[8, 15]",51,52,-5,last5,0.6936025805282999,0.194,0.817,0.01654949805385464,0.1187682301983691,0.2224859040731378,0.5357142857142857,,0.0,final_score_5,0.0,36,6
pr_Agency_EBCI,test,06_02 Artem,rec_05AY_calibration_20260602_133912,test/06_02 Artem/rec_05AY_calibration_20260602_133912,"MATRIX_[8, 15]_robust_concat_rec_05AY_calibration_20260602_133912.hdf","C:\Users\hodor\Documents\lab-Shishkin\projects\BCI_classifier\data\pr_Agency_EBCI\features\csp\test\06_02 Artem\MATRIX_[8, 15]_robust_concat_rec_05AY_calibration_20260602_133912.hdf","[8, 15]",52,53,-4,last5,0.6963232564237039,0.196,0.83,0.0027206758954039234,0.12260564088236703,0.03396776939809133,0.5535714285714286,,0.0,final_score_5,0.0,37,7
pr_Agency_EBCI,test,06_02 Artem,rec_05AY_calibration_20260602_133912,test/06_02 Artem/rec_05AY_calibration_20260602_133912,"MATRIX_[8, 15]_robust_concat_rec_05AY_calibration_20260602_133912.hdf","C:\Users\hodor\Documents\lab-Shishkin\projects\BCI_classifier\data\pr_Agency_EBCI\features\csp\test\06_02 Artem\MATRIX_[8, 15]_robust_concat_rec_05AY_calibration_20260602_133912.hdf","[8, 15]",53,54,-3,last5,0.7153499324238632,0.215,0.922,0.019026676000159393,0.20849881259885616,0.11234307200002061,0.5,,0.0,final_score_5,0.0,38,8
pr_Agency_EBCI,test,06_02 Artem,rec_05AY_calibration_20260602_133912,test/06_02 Artem/rec_05AY_calibration_20260602_133912,"MATRIX_[8, 15]_robust_concat_rec_05AY_calibration_20260602_133912.hdf","C:\Users\hodor\Documents\lab-Shishkin\projects\BCI_classifier\data\pr_Agency_EBCI\features\csp\test\06_02 Artem\MATRIX_[8, 15]_robust_concat_rec_05AY_calibration_20260602_133912.hdf","[8, 15]",54,55,-2,last5,0.7459071762011212,0.246,1.077,0.030557243777257992,0.5901530483181252,0.5684710063717455,0.5178571428571428,,0.0,final_score_5,0.0,39,9
pr_Agency_EBCI,test,06_02 Artem,rec_05AY_calibration_20260602_133912,test/06_02 Artem/rec_05AY_calibration_20260602_133912,"MATRIX_[8, 15]_robust_concat_rec_05AY_calibration_20260602_133912.hdf","C:\Users\hodor\Documents\lab-Shishkin\projects\BCI_classifier\data\pr_Agency_EBCI\features\csp\test\06_02 Artem\MATRIX_[8, 15]_robust_concat_rec_05AY_calibration_20260602_133912.hdf","[8, 15]",55,56,-1,last5,0.7891955915043092,0.289,1.32,0.043288415303187944,0.6328596896270602,0.42138227904966696,0.5892857142857143,,0.0,final_score_5,0.0,40,10
pr_Agency_EBCI,test,06_02 Artem,rec_05AY_calibration_20260602_144111,test/06_02 Artem/rec_05AY_calibration_20260602_144111,"MATRIX_[8, 12]_robust_concat_rec_05AY_calibration_20260602_144111.hdf","C:\Users\hodor\Documents\lab-Shishkin\projects\BCI_classifier\data\pr_Agency_EBCI\features\csp\test\06_02 Artem\MATRIX_[8, 12]_robust_concat_rec_05AY_calibration_20260602_144111.hdf","[8, 12]",0,1,0,first5,0.22101904803668637,0.279,1.26,0.09500346493500778,0.16047578431131,1.226027913689673,0.625,,0.0,final_score_1,0.6286061140811957,1,1
pr_Agency_EBCI,test,06_02 Artem,rec_05AY_calibration_20260602_144111,test/06_02 Artem/rec_05AY_calibration_20260602_144111,"MATRIX_[9, 13]_robust_concat_rec_05AY_calibration_20260602_144111.hdf","C:\Users\hodor\Documents\lab-Shishkin\projects\BCI_classifier\data\pr_Agency_EBCI\features\csp\test\06_02 Artem\MATRIX_[9, 13]_robust_concat_rec_05AY_calibration_20260602_144111.hdf","[9, 13]",0,1,0,first5,0.24928499109310653,0.251,1.102,0.048847096799755574,0.2287931085957796,1.1604691607369872,0.6071428571428572,,0.0,final_score_1,0.5604184761469144,2,1
pr_Agency_EBCI,test,06_02 Artem,rec_05AY_calibration_20260602_144111,test/06_02 Artem/rec_05AY_calibration_20260602_144111,"MATRIX_[8, 15]_robust_concat_rec_05AY_calibration_20260602_144111.hdf","C:\Users\hodor\Documents\lab-Shishkin\projects\BCI_classifier\data\pr_Agency_EBCI\features\csp\test\06_02 Artem\MATRIX_[8, 15]_robust_concat_rec_05AY_calibration_20260602_144111.hdf","[8, 15]",0,1,0,first5,0.27482239892529603,0.225,0.97,0.0709764534207783,0.23245985251290574,1.294829949446556,0.6071428571428572,,0.0,final_score_1,0.5522789016014126,3,1
pr_Agency_EBCI,test,06_02 Artem,rec_05AY_calibration_20260602_144111,test/06_02 Artem/rec_05AY_calibration_20260602_144111,"MATRIX_[10, 14]_robust_concat_rec_05AY_calibration_20260602_144111.hdf","C:\Users\hodor\Documents\lab-Shishkin\projects\BCI_classifier\data\pr_Agency_EBCI\features\csp\test\06_02 Artem\MATRIX_[10, 14]_robust_concat_rec_05AY_calibration_20260602_144111.hdf","[10, 14]",0,1,0,first5,0.27841747575547116,0.222,0.952,0.01580091406968054,0.3517614819925239,0.967874130728886,0.5357142857142857,,0.0,final_score_1,0.44990148425137777,4,1
pr_Agency_EBCI,test,06_02 Artem,rec_05AY_calibration_20260602_144111,test/06_02 Artem/rec_05AY_calibration_20260602_144111,"MATRIX_[9, 13]_robust_concat_rec_05AY_calibration_20260602_144111.hdf","C:\Users\hodor\Documents\lab-Shishkin\projects\BCI_classifier\data\pr_Agency_EBCI\features\csp\test\06_02 Artem\MATRIX_[9, 13]_robust_concat_rec_05AY_calibration_20260602_144111.hdf","[9, 13]",54,55,-2,last5,0.7810821297263969,0.281,1.272,0.019694351545455957,0.7178289124260357,0.1988253990541396,0.5535714285714286,,0.0,final_score_1,0.4001687134420688,5,2
pr_Agency_EBCI,test,06_02 Artem,rec_05AY_calibration_20260602_144111,test/06_02 Artem/rec_05AY_calibration_20260602_144111,"MATRIX_[8, 12]_robust_concat_rec_05AY_calibration_20260602_144111.hdf","C:\Users\hodor\Documents\lab-Shishkin\projects\BCI_classifier\data\pr_Agency_EBCI\features\csp\test\06_02 Artem\MATRIX_[8, 12]_robust_concat_rec_05AY_calibration_20260602_144111.hdf","[8, 12]",54,55,-2,last5,0.781939614712838,0.282,1.277,0.016694308731560192,0.608470165056654,0.18757528040716237,0.5714285714285714,,0.0,final_score_1,0.352761853118394,6,2
pr_Agency_EBCI,test,06_02 Artem,rec_05AY_calibration_20260602_144111,test/06_02 Artem/rec_05AY_calibration_20260602_144111,"MATRIX_[10, 14]_robust_concat_rec_05AY_calibration_20260602_144111.hdf","C:\Users\hodor\Documents\lab-Shishkin\projects\BCI_classifier\data\pr_Agency_EBCI\features\csp\test\06_02 Artem\MATRIX_[10, 14]_robust_concat_rec_05AY_calibration_20260602_144111.hdf","[10, 14]",52,53,-4,last5,0.745841491429913,0.246,1.077,0.004515093121153391,0.5188559604559426,0.2530429522336704,0.4642857142857143,,0.0,final_score_1,0.2780490154781228,7,2
pr_Agency_EBCI,test,06_02 Artem,rec_05AY_calibration_20260602_144111,test/06_02 Artem/rec_05AY_calibration_20260602_144111,"MATRIX_[8, 15]_robust_concat_rec_05AY_calibration_20260602_144111.hdf","C:\Users\hodor\Documents\lab-Shishkin\projects\BCI_classifier\data\pr_Agency_EBCI\features\csp\test\06_02 Artem\MATRIX_[8, 15]_robust_concat_rec_05AY_calibration_20260602_144111.hdf","[8, 15]",54,55,-2,last5,0.7330714731492375,0.233,1.01,0.015198778836004179,0.5715509968741228,0.16748211677908437,0.5892857142857143,,0.0,final_score_1,0.27366660138975996,8,2
pr_Agency_EBCI,test,06_02 Artem,rec_05AY_calibration_20260602_144111,test/06_02 Artem/rec_05AY_calibration_20260602_144111,"MATRIX_[10, 14]_robust_concat_rec_05AY_calibration_20260602_144111.hdf","C:\Users\hodor\Documents\lab-Shishkin\projects\BCI_classifier\data\pr_Agency_EBCI\features\csp\test\06_02 Artem\MATRIX_[10, 14]_robust_concat_rec_05AY_calibration_20260602_144111.hdf","[10, 14]",2,3,2,first5,0.29780668735721316,0.202,0.858,0.0285416475489233,0.408614772978297,0.38344830116796474,0.5357142857142857,,0.0,final_score_1,0.24570928078694393,9,3
pr_Agency_EBCI,test,06_02 Artem,rec_05AY_calibration_20260602_144111,test/06_02 Artem/rec_05AY_calibration_20260602_144111,"MATRIX_[8, 12]_robust_concat_rec_05AY_calibration_20260602_144111.hdf","C:\Users\hodor\Documents\lab-Shishkin\projects\BCI_classifier\data\pr_Agency_EBCI\features\csp\test\06_02 Artem\MATRIX_[8, 12]_robust_concat_rec_05AY_calibration_20260602_144111.hdf","[8, 12]",55,56,-1,last5,0.7903035240430959,0.29,1.327,0.00836390933025788,0.3858350999426425,0.11742256848612893,0.5357142857142857,,0.0,final_score_1,0.22412939733238496,10,3
pr_Agency_EBCI,test,06_02 Artem,rec_05AY_calibration_20260602_144111,test/06_02 Artem/rec_05AY_calibration_20260602_144111,"MATRIX_[8, 15]_robust_concat_rec_05AY_calibration_20260602_144111.hdf","C:\Users\hodor\Documents\lab-Shishkin\projects\BCI_classifier\data\pr_Agency_EBCI\features\csp\test\06_02 Artem\MATRIX_[8, 15]_robust_concat_rec_05AY_calibration_20260602_144111.hdf","[8, 15]",55,56,-1,last5,0.7515086173881994,0.252,1.107,0.018437144238961922,0.4128117802830752,0.16392277787355672,0.4821428571428571,,0.0,final_score_1,0.21541035747150203,11,3
pr_Agency_EBCI,test,06_02 Artem,rec_05AY_calibration_20260602_144111,test/06_02 Artem/rec_05AY_calibration_20260602_144111,"MATRIX_[8, 12]_robust_concat_rec_05AY_calibration_20260602_144111.hdf","C:\Users\hodor\Documents\lab-Shishkin\projects\BCI_classifier\data\pr_Agency_EBCI\features\csp\test\06_02 Artem\MATRIX_[8, 12]_robust_concat_rec_05AY_calibration_20260602_144111.hdf","[8, 12]",1,2,1,first5,0.31602251297169415,0.184,0.772,0.018266455551698813,0.10697498750107626,0.6268044624629713,0.5535714285714286,,0.0,final_score_1,0.20975609705400847,12,4
pr_Agency_EBCI,test,06_02 Artem,rec_05AY_calibration_20260602_144111,test/06_02 Artem/rec_05AY_calibration_20260602_144111,"MATRIX_[10, 14]_robust_concat_rec_05AY_calibration_20260602_144111.hdf","C:\Users\hodor\Documents\lab-Shishkin\projects\BCI_classifier\data\pr_Agency_EBCI\features\csp\test\06_02 Artem\MATRIX_[10, 14]_robust_concat_rec_05AY_calibration_20260602_144111.hdf","[10, 14]",53,54,-3,last5,0.750645734280981,0.251,1.102,0.0048042428510680635,0.2532298169768433,0.23834852618636357,0.5,,0.0,final_score_1,0.1850792462009474,13,4
pr_Agency_EBCI,test,06_02 Artem,rec_05AY_calibration_20260602_144111,test/06_02 Artem/rec_05AY_calibration_20260602_144111,"MATRIX_[9, 13]_robust_concat_rec_05AY_calibration_20260602_144111.hdf","C:\Users\hodor\Documents\lab-Shishkin\projects\BCI_classifier\data\pr_Agency_EBCI\features\csp\test\06_02 Artem\MATRIX_[9, 13]_robust_concat_rec_05AY_calibration_20260602_144111.hdf","[9, 13]",55,56,-1,last5,0.7907803046401003,0.291,1.33,0.009698174913703395,0.2857736845722605,0.10122683204750374,0.5535714285714286,,0.0,final_score_1,0.17495878712968876,14,3
pr_Agency_EBCI,test,06_02 Artem,rec_05AY_calibration_20260602_144111,test/06_02 Artem/rec_05AY_calibration_20260602_144111,"MATRIX_[9, 13]_robust_concat_rec_05AY_calibration_20260602_144111.hdf","C:\Users\hodor\Documents\lab-Shishkin\projects\BCI_classifier\data\pr_Agency_EBCI\features\csp\test\06_02 Artem\MATRIX_[9, 13]_robust_concat_rec_05AY_calibration_20260602_144111.hdf","[9, 13]",4,5,4,first5,0.3438088046634301,0.156,0.646,0.014322700060860227,0.5014788830367627,0.21040709020401893,0.4821428571428571,,0.0,final_score_1,0.16459820681288642,15,4
pr_Agency_EBCI,test,06_02 Artem,rec_05AY_calibration_20260602_144111,test/06_02 Artem/rec_05AY_calibration_20260602_144111,"MATRIX_[10, 14]_robust_concat_rec_05AY_calibration_20260602_144111.hdf","C:\Users\hodor\Documents\lab-Shishkin\projects\BCI_classifier\data\pr_Agency_EBCI\features\csp\test\06_02 Artem\MATRIX_[10, 14]_robust_concat_rec_05AY_calibration_20260602_144111.hdf","[10, 14]",54,55,-2,last5,0.7649234191102166,0.265,1.18,0.014277684829235526,0.3095904415850737,0.08503453502568355,0.5535714285714286,,0.0,final_score_1,0.1624656934957323,16,5
pr_Agency_EBCI,test,06_02 Artem,rec_05AY_calibration_20260602_144111,test/06_02 Artem/rec_05AY_calibration_20260602_144111,"MATRIX_[9, 13]_robust_concat_rec_05AY_calibration_20260602_144111.hdf","C:\Users\hodor\Documents\lab-Shishkin\projects\BCI_classifier\data\pr_Agency_EBCI\features\csp\test\06_02 Artem\MATRIX_[9, 13]_robust_concat_rec_05AY_calibration_20260602_144111.hdf","[9, 13]",53,54,-3,last5,0.7613877781809409,0.261,1.16,0.0185434868065808,0.2898880297800352,0.10063791661351934,0.5357142857142857,,0.0,final_score_1,0.15653116772767364,17,5
pr_Agency_EBCI,test,06_02 Artem,rec_05AY_calibration_20260602_144111,test/06_02 Artem/rec_05AY_calibration_20260602_144111,"MATRIX_[8, 12]_robust_concat_rec_05AY_calibration_20260602_144111.hdf","C:\Users\hodor\Documents\lab-Shishkin\projects\BCI_classifier\data\pr_Agency_EBCI\features\csp\test\06_02 Artem\MATRIX_[8, 12]_robust_concat_rec_05AY_calibration_20260602_144111.hdf","[8, 12]",51,52,-5,last5,0.7511950559930672,0.251,1.105,0.01686775763310089,0.1540456635878787,0.2421096057386701,0.5,,0.0,final_score_1,0.14915245890144563,18,5
pr_Agency_EBCI,test,06_02 Artem,rec_05AY_calibration_20260602_144111,test/06_02 Artem/rec_05AY_calibration_20260602_144111,"MATRIX_[9, 13]_robust_concat_rec_05AY_calibration_20260602_144111.hdf","C:\Users\hodor\Documents\lab-Shishkin\projects\BCI_classifier\data\pr_Agency_EBCI\features\csp\test\06_02 Artem\MATRIX_[9, 13]_robust_concat_rec_05AY_calibration_20260602_144111.hdf","[9, 13]",1,2,1,first5,0.2981320878928621,0.202,0.856,0.006426097991189372,0.13265990319930393,0.34896018696411313,0.5,,0.0,final_score_1,0.1459308873195154,19,6
pr_Agency_EBCI,test,06_02 Artem,rec_05AY_calibration_20260602_144111,test/06_02 Artem/rec_05AY_calibration_20260602_144111,"MATRIX_[9, 13]_robust_concat_rec_05AY_calibration_20260602_144111.hdf","C:\Users\hodor\Documents\lab-Shishkin\projects\BCI_classifier\data\pr_Agency_EBCI\features\csp\test\06_02 Artem\MATRIX_[9, 13]_robust_concat_rec_05AY_calibration_20260602_144111.hdf","[9, 13]",3,4,3,first5,0.3326892821006132,0.167,0.696,0.011119522562816897,0.07342885815652385,0.4759175570636557,0.5714285714285714,,0.0,final_score_1,0.14416419496563854,20,7
pr_Agency_EBCI,test,06_02 Artem,rec_05AY_calibration_20260602_144111,test/06_02 Artem/rec_05AY_calibration_20260602_144111,"MATRIX_[8, 12]_robust_concat_rec_05AY_calibration_20260602_144111.hdf","C:\Users\hodor\Documents\lab-Shishkin\projects\BCI_classifier\data\pr_Agency_EBCI\features\csp\test\06_02 Artem\MATRIX_[8, 12]_robust_concat_rec_05AY_calibration_20260602_144111.hdf","[8, 12]",52,53,-4,last5,0.7557376774531394,0.256,1.129,0.004542621460072116,0.20588554089097966,0.14515081374589361,0.5892857142857143,,0.0,final_score_1,0.142821648286545,21,6
pr_Agency_EBCI,test,06_02 Artem,rec_05AY_calibration_20260602_144111,test/06_02 Artem/rec_05AY_calibration_20260602_144111,"MATRIX_[9, 13]_robust_concat_rec_05AY_calibration_20260602_144111.hdf","C:\Users\hodor\Documents\lab-Shishkin\projects\BCI_classifier\data\pr_Agency_EBCI\features\csp\test\06_02 Artem\MATRIX_[9, 13]_robust_concat_rec_05AY_calibration_20260602_144111.hdf","[9, 13]",2,3,2,first5,0.3045581858840515,0.195,0.826,0.028131096216561735,0.29751324254974765,0.1961989064571485,0.4642857142857143,,0.0,final_score_1,0.14097245111821913,22,8
pr_Agency_EBCI,test,06_02 Artem,rec_05AY_calibration_20260602_144111,test/06_02 Artem/rec_05AY_calibration_20260602_144111,"MATRIX_[8, 15]_robust_concat_rec_05AY_calibration_20260602_144111.hdf","C:\Users\hodor\Documents\lab-Shishkin\projects\BCI_classifier\data\pr_Agency_EBCI\features\csp\test\06_02 Artem\MATRIX_[8, 15]_robust_concat_rec_05AY_calibration_20260602_144111.hdf","[8, 15]",52,53,-4,last5,0.7065907873978452,0.207,0.879,0.009177277824749308,0.24025800992862986,0.20579215870419482,0.5,,0.0,final_score_1,0.13849857736049204,23,4
pr_Agency_EBCI,test,06_02 Artem,rec_05AY_calibration_20260602_144111,test/06_02 Artem/rec_05AY_calibration_20260602_144111,"MATRIX_[10, 14]_robust_concat_rec_05AY_calibration_20260602_144111.hdf","C:\Users\hodor\Documents\lab-Shishkin\projects\BCI_classifier\data\pr_Agency_EBCI\features\csp\test\06_02 Artem\MATRIX_[10, 14]_robust_concat_rec_05AY_calibration_20260602_144111.hdf","[10, 14]",4,5,4,first5,0.33671322336989196,0.163,0.678,0.007763450296224272,0.364868155333132,0.14151101949870543,0.5535714285714286,,0.0,final_score_1,0.12823148354089797,24,6
pr_Agency_EBCI,test,06_02 Artem,rec_05AY_calibration_20260602_144111,test/06_02 Artem/rec_05AY_calibration_20260602_144111,"MATRIX_[10, 14]_robust_concat_rec_05AY_calibration_20260602_144111.hdf","C:\Users\hodor\Documents\lab-Shishkin\projects\BCI_classifier\data\pr_Agency_EBCI\features\csp\test\06_02 Artem\MATRIX_[10, 14]_robust_concat_rec_05AY_calibration_20260602_144111.hdf","[10, 14]",55,56,-1,last5,0.7825176012622527,0.283,1.28,0.01759418215203612,0.20301070212236935,0.07183670045568905,0.6428571428571428,,0.0,final_score_1,0.12778441024147014,25,7
pr_Agency_EBCI,test,06_02 Artem,rec_05AY_calibration_20260602_144111,test/06_02 Artem/rec_05AY_calibration_20260602_144111,"MATRIX_[8, 15]_robust_concat_rec_05AY_calibration_20260602_144111.hdf","C:\Users\hodor\Documents\lab-Shishkin\projects\BCI_classifier\data\pr_Agency_EBCI\features\csp\test\06_02 Artem\MATRIX_[8, 15]_robust_concat_rec_05AY_calibration_20260602_144111.hdf","[8, 15]",1,2,1,first5,0.3457988523460743,0.154,0.638,0.023135005713002532,0.20302347516357325,0.3501182285981487,0.4821428571428571,,0.0,final_score_1,0.12625459388361304,26,5
pr_Agency_EBCI,test,06_02 Artem,rec_05AY_calibration_20260602_144111,test/06_02 Artem/rec_05AY_calibration_20260602_144111,"MATRIX_[10, 14]_robust_concat_rec_05AY_calibration_20260602_144111.hdf","C:\Users\hodor\Documents\lab-Shishkin\projects\BCI_classifier\data\pr_Agency_EBCI\features\csp\test\06_02 Artem\MATRIX_[10, 14]_robust_concat_rec_05AY_calibration_20260602_144111.hdf","[10, 14]",1,2,1,first5,0.2942183898251517,0.206,0.875,0.0035882975320614685,0.16404337119633428,0.24337462450355246,0.4642857142857143,,0.0,final_score_1,0.12289472827433014,27,8
pr_Agency_EBCI,test,06_02 Artem,rec_05AY_calibration_20260602_144111,test/06_02 Artem/rec_05AY_calibration_20260602_144111,"MATRIX_[8, 15]_robust_concat_rec_05AY_calibration_20260602_144111.hdf","C:\Users\hodor\Documents\lab-Shishkin\projects\BCI_classifier\data\pr_Agency_EBCI\features\csp\test\06_02 Artem\MATRIX_[8, 15]_robust_concat_rec_05AY_calibration_20260602_144111.hdf","[8, 15]",2,3,2,first5,0.36893385805907686,0.131,0.537,0.01224122287914664,0.10978025966349819,0.433094361858411,0.4642857142857143,,0.0,final_score_1,0.10413498543550623,28,6
pr_Agency_EBCI,test,06_02 Artem,rec_05AY_calibration_20260602_144111,test/06_02 Artem/rec_05AY_calibration_20260602_144111,"MATRIX_[10, 14]_robust_concat_rec_05AY_calibration_20260602_144111.hdf","C:\Users\hodor\Documents\lab-Shishkin\projects\BCI_classifier\data\pr_Agency_EBCI\features\csp\test\06_02 Artem\MATRIX_[10, 14]_robust_concat_rec_05AY_calibration_20260602_144111.hdf","[10, 14]",3,4,3,first5,0.32634833490613646,0.174,0.725,0.010364888463755495,0.20932924613405077,0.1688669809755336,0.4464285714285714,,0.0,final_score_1,0.09518388615861575,29,9
pr_Agency_EBCI,test,06_02 Artem,rec_05AY_calibration_20260602_144111,test/06_02 Artem/rec_05AY_calibration_20260602_144111,"MATRIX_[8, 12]_robust_concat_rec_05AY_calibration_20260602_144111.hdf","C:\Users\hodor\Documents\lab-Shishkin\projects\BCI_classifier\data\pr_Agency_EBCI\features\csp\test\06_02 Artem\MATRIX_[8, 12]_robust_concat_rec_05AY_calibration_20260602_144111.hdf","[8, 12]",2,3,2,first5,0.33428896852339296,0.166,0.689,0.007033030637066284,0.11210655732011707,0.2736094910241421,0.4642857142857143,,0.0,final_score_1,0.0937565508939653,30,7
pr_Agency_EBCI,test,06_02 Artem,rec_05AY_calibration_20260602_144111,test/06_02 Artem/rec_05AY_calibration_20260602_144111,"MATRIX_[8, 12]_robust_concat_rec_05AY_calibration_20260602_144111.hdf","C:\Users\hodor\Documents\lab-Shishkin\projects\BCI_classifier\data\pr_Agency_EBCI\features\csp\test\06_02 Artem\MATRIX_[8, 12]_robust_concat_rec_05AY_calibration_20260602_144111.hdf","[8, 12]",3,4,3,first5,0.34132199916045924,0.159,0.657,0.011248709011033808,0.11194960133855753,0.2642811043012759,0.5357142857142857,,0.0,final_score_1,0.0918674762306979,31,8
pr_Agency_EBCI,test,06_02 Artem,rec_05AY_calibration_20260602_144111,test/06_02 Artem/rec_05AY_calibration_20260602_144111,"MATRIX_[10, 14]_robust_concat_rec_05AY_calibration_20260602_144111.hdf","C:\Users\hodor\Documents\lab-Shishkin\projects\BCI_classifier\data\pr_Agency_EBCI\features\csp\test\06_02 Artem\MATRIX_[10, 14]_robust_concat_rec_05AY_calibration_20260602_144111.hdf","[10, 14]",51,52,-5,last5,0.7413263983087596,0.241,1.053,0.01447120224180587,0.07526554419608736,0.16992426496322593,0.5535714285714286,,0.0,final_score_1,0.09180169158291646,32,10
pr_Agency_EBCI,test,06_02 Artem,rec_05AY_calibration_20260602_144111,test/06_02 Artem/rec_05AY_calibration_20260602_144111,"MATRIX_[8, 15]_robust_concat_rec_05AY_calibration_20260602_144111.hdf","C:\Users\hodor\Documents\lab-Shishkin\projects\BCI_classifier\data\pr_Agency_EBCI\features\csp\test\06_02 Artem\MATRIX_[8, 15]_robust_concat_rec_05AY_calibration_20260602_144111.hdf","[8, 15]",3,4,3,first5,0.3811750809382235,0.119,0.485,0.011400235869254205,0.28362960645018465,0.19643668566500644,0.5178571428571428,,0.0,final_score_1,0.08671197401330637,33,7
pr_Agency_EBCI,test,06_02 Artem,rec_05AY_calibration_20260602_144111,test/06_02 Artem/rec_05AY_calibration_20260602_144111,"MATRIX_[8, 15]_robust_concat_rec_05AY_calibration_20260602_144111.hdf","C:\Users\hodor\Documents\lab-Shishkin\projects\BCI_classifier\data\pr_Agency_EBCI\features\csp\test\06_02 Artem\MATRIX_[8, 15]_robust_concat_rec_05AY_calibration_20260602_144111.hdf","[8, 15]",53,54,-3,last5,0.7178726943132333,0.218,0.934,0.011281906915388107,0.1965991255576225,0.049760277192718236,0.6071428571428572,,0.0,final_score_1,0.08631377646360151,34,8
pr_Agency_EBCI,test,06_02 Artem,rec_05AY_calibration_20260602_144111,test/06_02 Artem/rec_05AY_calibration_20260602_144111,"MATRIX_[8, 15]_robust_concat_rec_05AY_calibration_20260602_144111.hdf","C:\Users\hodor\Documents\lab-Shishkin\projects\BCI_classifier\data\pr_Agency_EBCI\features\csp\test\06_02 Artem\MATRIX_[8, 15]_robust_concat_rec_05AY_calibration_20260602_144111.hdf","[8, 15]",51,52,-5,last5,0.6974135095730959,0.197,0.835,0.004988375409644252,0.11760184564080384,0.11598488779761877,0.6071428571428572,,0.0,final_score_1,0.07395522828327201,35,9
pr_Agency_EBCI,test,06_02 Artem,rec_05AY_calibration_20260602_144111,test/06_02 Artem/rec_05AY_calibration_20260602_144111,"MATRIX_[8, 12]_robust_concat_rec_05AY_calibration_20260602_144111.hdf","C:\Users\hodor\Documents\lab-Shishkin\projects\BCI_classifier\data\pr_Agency_EBCI\features\csp\test\06_02 Artem\MATRIX_[8, 12]_robust_concat_rec_05AY_calibration_20260602_144111.hdf","[8, 12]",53,54,-3,last5,0.7652453059812778,0.265,1.182,0.009507628528138468,0.13633210202995946,0.04117714682597377,0.5,,0.0,final_score_1,0.07055992642023345,36,9
pr_Agency_EBCI,test,06_02 Artem,rec_05AY_calibration_20260602_144111,test/06_02 Artem/rec_05AY_calibration_20260602_144111,"MATRIX_[8, 12]_robust_concat_rec_05AY_calibration_20260602_144111.hdf","C:\Users\hodor\Documents\lab-Shishkin\projects\BCI_classifier\data\pr_Agency_EBCI\features\csp\test\06_02 Artem\MATRIX_[8, 12]_robust_concat_rec_05AY_calibration_20260602_144111.hdf","[8, 12]",4,5,4,first5,0.35257070817149305,0.147,0.608,0.012310063759343515,0.15690777248433452,0.14442677507124813,0.4642857142857143,,0.0,final_score_1,0.06486226136133917,37,10
pr_Agency_EBCI,test,06_02 Artem,rec_05AY_calibration_20260602_144111,test/06_02 Artem/rec_05AY_calibration_20260602_144111,"MATRIX_[8, 15]_robust_concat_rec_05AY_calibration_20260602_144111.hdf","C:\Users\hodor\Documents\lab-Shishkin\projects\BCI_classifier\data\pr_Agency_EBCI\features\csp\test\06_02 Artem\MATRIX_[8, 15]_robust_concat_rec_05AY_calibration_20260602_144111.hdf","[8, 15]",4,5,4,first5,0.3925753168074777,0.107,0.436,0.005575996801164607,0.22780042592116345,0.15692950496504607,0.5535714285714286,,0.0,final_score_1,0.06395448083249508,38,10
pr_Agency_EBCI,test,06_02 Artem,rec_05AY_calibration_20260602_144111,test/06_02 Artem/rec_05AY_calibration_20260602_144111,"MATRIX_[9, 13]_robust_concat_rec_05AY_calibration_20260602_144111.hdf","C:\Users\hodor\Documents\lab-Shishkin\projects\BCI_classifier\data\pr_Agency_EBCI\features\csp\test\06_02 Artem\MATRIX_[9, 13]_robust_concat_rec_05AY_calibration_20260602_144111.hdf","[9, 13]",52,53,-4,last5,0.7428442913743601,0.243,1.061,0.006324400629515892,0.07990661435084387,0.0796523303542824,0.5357142857142857,,0.0,final_score_1,0.059543979043709436,39,9
pr_Agency_EBCI,test,06_02 Artem,rec_05AY_calibration_20260602_144111,test/06_02 Artem/rec_05AY_calibration_20260602_144111,"MATRIX_[9, 13]_robust_concat_rec_05AY_calibration_20260602_144111.hdf","C:\Users\hodor\Documents\lab-Shishkin\projects\BCI_classifier\data\pr_Agency_EBCI\features\csp\test\06_02 Artem\MATRIX_[9, 13]_robust_concat_rec_05AY_calibration_20260602_144111.hdf","[9, 13]",51,52,-5,last5,0.7365198907448443,0.237,1.028,0.004047249460956137,0.04721590590018106,0.07215976370032845,0.5357142857142857,,0.0,final_score_1,0.043448480317814,40,10
pr_Agency_EBCI,test,06_02 Artem,rec_05AY_calibration_20260602_144111,test/06_02 Artem/rec_05AY_calibration_20260602_144111,"MATRIX_[8, 12]_robust_concat_rec_05AY_calibration_20260602_144111.hdf","C:\Users\hodor\Documents\lab-Shishkin\projects\BCI_classifier\data\pr_Agency_EBCI\features\csp\test\06_02 Artem\MATRIX_[8, 12]_robust_concat_rec_05AY_calibration_20260602_144111.hdf","[8, 12]",0,1,0,first5,0.22101904803668637,0.279,1.26,0.09500346493500778,0.16047578431131,1.226027913689673,0.625,,0.0,final_score_2,2.8388663216570125,1,1
pr_Agency_EBCI,test,06_02 Artem,rec_05AY_calibration_20260602_144111,test/06_02 Artem/rec_05AY_calibration_20260602_144111,"MATRIX_[9, 13]_robust_concat_rec_05AY_calibration_20260602_144111.hdf","C:\Users\hodor\Documents\lab-Shishkin\projects\BCI_classifier\data\pr_Agency_EBCI\features\csp\test\06_02 Artem\MATRIX_[9, 13]_robust_concat_rec_05AY_calibration_20260602_144111.hdf","[9, 13]",0,1,0,first5,0.24928499109310653,0.251,1.102,0.048847096799755574,0.2287931085957796,1.1604691607369872,0.6071428571428572,,0.0,final_score_2,2.4604827120075687,2,1
pr_Agency_EBCI,test,06_02 Artem,rec_05AY_calibration_20260602_144111,test/06_02 Artem/rec_05AY_calibration_20260602_144111,"MATRIX_[8, 15]_robust_concat_rec_05AY_calibration_20260602_144111.hdf","C:\Users\hodor\Documents\lab-Shishkin\projects\BCI_classifier\data\pr_Agency_EBCI\features\csp\test\06_02 Artem\MATRIX_[8, 15]_robust_concat_rec_05AY_calibration_20260602_144111.hdf","[8, 15]",0,1,0,first5,0.27482239892529603,0.225,0.97,0.0709764534207783,0.23245985251290574,1.294829949446556,0.6071428571428572,,0.0,final_score_2,2.3809357091260894,3,1
pr_Agency_EBCI,test,06_02 Artem,rec_05AY_calibration_20260602_144111,test/06_02 Artem/rec_05AY_calibration_20260602_144111,"MATRIX_[10, 14]_robust_concat_rec_05AY_calibration_20260602_144111.hdf","C:\Users\hodor\Documents\lab-Shishkin\projects\BCI_classifier\data\pr_Agency_EBCI\features\csp\test\06_02 Artem\MATRIX_[10, 14]_robust_concat_rec_05AY_calibration_20260602_144111.hdf","[10, 14]",0,1,0,first5,0.27841747575547116,0.222,0.952,0.01580091406968054,0.3517614819925239,0.967874130728886,0.5357142857142857,,0.0,final_score_2,1.929307265798701,4,1
pr_Agency_EBCI,test,06_02 Artem,rec_05AY_calibration_20260602_144111,test/06_02 Artem/rec_05AY_calibration_20260602_144111,"MATRIX_[9, 13]_robust_concat_rec_05AY_calibration_20260602_144111.hdf","C:\Users\hodor\Documents\lab-Shishkin\projects\BCI_classifier\data\pr_Agency_EBCI\features\csp\test\06_02 Artem\MATRIX_[9, 13]_robust_concat_rec_05AY_calibration_20260602_144111.hdf","[9, 13]",54,55,-2,last5,0.7810821297263969,0.281,1.272,0.019694351545455957,0.7178289124260357,0.1988253990541396,0.5535714285714286,,0.0,final_score_2,1.8114398701007524,5,2
pr_Agency_EBCI,test,06_02 Artem,rec_05AY_calibration_20260602_144111,test/06_02 Artem/rec_05AY_calibration_20260602_144111,"MATRIX_[8, 12]_robust_concat_rec_05AY_calibration_20260602_144111.hdf","C:\Users\hodor\Documents\lab-Shishkin\projects\BCI_classifier\data\pr_Agency_EBCI\features\csp\test\06_02 Artem\MATRIX_[8, 12]_robust_concat_rec_05AY_calibration_20260602_144111.hdf","[8, 12]",54,55,-2,last5,0.781939614712838,0.282,1.277,0.016694308731560192,0.608470165056654,0.18757528040716237,0.5714285714285714,,0.0,final_score_2,1.5974357674900324,6,2
pr_Agency_EBCI,test,06_02 Artem,rec_05AY_calibration_20260602_144111,test/06_02 Artem/rec_05AY_calibration_20260602_144111,"MATRIX_[10, 14]_robust_concat_rec_05AY_calibration_20260602_144111.hdf","C:\Users\hodor\Documents\lab-Shishkin\projects\BCI_classifier\data\pr_Agency_EBCI\features\csp\test\06_02 Artem\MATRIX_[10, 14]_robust_concat_rec_05AY_calibration_20260602_144111.hdf","[10, 14]",52,53,-4,last5,0.745841491429913,0.246,1.077,0.004515093121153391,0.5188559604559426,0.2530429522336704,0.4642857142857143,,0.0,final_score_2,1.21731215312983,7,2
pr_Agency_EBCI,test,06_02 Artem,rec_05AY_calibration_20260602_144111,test/06_02 Artem/rec_05AY_calibration_20260602_144111,"MATRIX_[8, 15]_robust_concat_rec_05AY_calibration_20260602_144111.hdf","C:\Users\hodor\Documents\lab-Shishkin\projects\BCI_classifier\data\pr_Agency_EBCI\features\csp\test\06_02 Artem\MATRIX_[8, 15]_robust_concat_rec_05AY_calibration_20260602_144111.hdf","[8, 15]",54,55,-2,last5,0.7330714731492375,0.233,1.01,0.015198778836004179,0.5715509968741228,0.16748211677908437,0.5892857142857143,,0.0,final_score_2,1.1862801176122642,8,2
pr_Agency_EBCI,test,06_02 Artem,rec_05AY_calibration_20260602_144111,test/06_02 Artem/rec_05AY_calibration_20260602_144111,"MATRIX_[10, 14]_robust_concat_rec_05AY_calibration_20260602_144111.hdf","C:\Users\hodor\Documents\lab-Shishkin\projects\BCI_classifier\data\pr_Agency_EBCI\features\csp\test\06_02 Artem\MATRIX_[10, 14]_robust_concat_rec_05AY_calibration_20260602_144111.hdf","[10, 14]",2,3,2,first5,0.29780668735721316,0.202,0.858,0.0285416475489233,0.408614772978297,0.38344830116796474,0.5357142857142857,,0.0,final_score_2,1.0436562520554349,9,3
pr_Agency_EBCI,test,06_02 Artem,rec_05AY_calibration_20260602_144111,test/06_02 Artem/rec_05AY_calibration_20260602_144111,"MATRIX_[8, 12]_robust_concat_rec_05AY_calibration_20260602_144111.hdf","C:\Users\hodor\Documents\lab-Shishkin\projects\BCI_classifier\data\pr_Agency_EBCI\features\csp\test\06_02 Artem\MATRIX_[8, 12]_robust_concat_rec_05AY_calibration_20260602_144111.hdf","[8, 12]",55,56,-1,last5,0.7903035240430959,0.29,1.327,0.00836390933025788,0.3858350999426425,0.11742256848612893,0.5357142857142857,,0.0,final_score_2,1.0255852077933616,10,3
pr_Agency_EBCI,test,06_02 Artem,rec_05AY_calibration_20260602_144111,test/06_02 Artem/rec_05AY_calibration_20260602_144111,"MATRIX_[8, 15]_robust_concat_rec_05AY_calibration_20260602_144111.hdf","C:\Users\hodor\Documents\lab-Shishkin\projects\BCI_classifier\data\pr_Agency_EBCI\features\csp\test\06_02 Artem\MATRIX_[8, 15]_robust_concat_rec_05AY_calibration_20260602_144111.hdf","[8, 15]",55,56,-1,last5,0.7515086173881994,0.252,1.107,0.018437144238961922,0.4128117802830752,0.16392277787355672,0.4821428571428571,,0.0,final_score_2,0.9462669274640982,11,3
pr_Agency_EBCI,test,06_02 Artem,rec_05AY_calibration_20260602_144111,test/06_02 Artem/rec_05AY_calibration_20260602_144111,"MATRIX_[8, 12]_robust_concat_rec_05AY_calibration_20260602_144111.hdf","C:\Users\hodor\Documents\lab-Shishkin\projects\BCI_classifier\data\pr_Agency_EBCI\features\csp\test\06_02 Artem\MATRIX_[8, 12]_robust_concat_rec_05AY_calibration_20260602_144111.hdf","[8, 12]",1,2,1,first5,0.31602251297169415,0.184,0.772,0.018266455551698813,0.10697498750107626,0.6268044624629713,0.5535714285714286,,0.0,final_score_2,0.8800636245961659,12,4
pr_Agency_EBCI,test,06_02 Artem,rec_05AY_calibration_20260602_144111,test/06_02 Artem/rec_05AY_calibration_20260602_144111,"MATRIX_[10, 14]_robust_concat_rec_05AY_calibration_20260602_144111.hdf","C:\Users\hodor\Documents\lab-Shishkin\projects\BCI_classifier\data\pr_Agency_EBCI\features\csp\test\06_02 Artem\MATRIX_[10, 14]_robust_concat_rec_05AY_calibration_20260602_144111.hdf","[10, 14]",53,54,-3,last5,0.750645734280981,0.251,1.102,0.0048042428510680635,0.2532298169768433,0.23834852618636357,0.5,,0.0,final_score_2,0.812579001248781,13,4
pr_Agency_EBCI,test,06_02 Artem,rec_05AY_calibration_20260602_144111,test/06_02 Artem/rec_05AY_calibration_20260602_144111,"MATRIX_[9, 13]_robust_concat_rec_05AY_calibration_20260602_144111.hdf","C:\Users\hodor\Documents\lab-Shishkin\projects\BCI_classifier\data\pr_Agency_EBCI\features\csp\test\06_02 Artem\MATRIX_[9, 13]_robust_concat_rec_05AY_calibration_20260602_144111.hdf","[9, 13]",55,56,-1,last5,0.7907803046401003,0.291,1.33,0.009698174913703395,0.2857736845722605,0.10122683204750374,0.5535714285714286,,0.0,final_score_2,0.7996398174655879,14,3
pr_Agency_EBCI,test,06_02 Artem,rec_05AY_calibration_20260602_144111,test/06_02 Artem/rec_05AY_calibration_20260602_144111,"MATRIX_[10, 14]_robust_concat_rec_05AY_calibration_20260602_144111.hdf","C:\Users\hodor\Documents\lab-Shishkin\projects\BCI_classifier\data\pr_Agency_EBCI\features\csp\test\06_02 Artem\MATRIX_[10, 14]_robust_concat_rec_05AY_calibration_20260602_144111.hdf","[10, 14]",54,55,-2,last5,0.7649234191102166,0.265,1.18,0.014277684829235526,0.3095904415850737,0.08503453502568355,0.5535714285714286,,0.0,final_score_2,0.723432144622506,15,5
pr_Agency_EBCI,test,06_02 Artem,rec_05AY_calibration_20260602_144111,test/06_02 Artem/rec_05AY_calibration_20260602_144111,"MATRIX_[9, 13]_robust_concat_rec_05AY_calibration_20260602_144111.hdf","C:\Users\hodor\Documents\lab-Shishkin\projects\BCI_classifier\data\pr_Agency_EBCI\features\csp\test\06_02 Artem\MATRIX_[9, 13]_robust_concat_rec_05AY_calibration_20260602_144111.hdf","[9, 13]",53,54,-3,last5,0.7613877781809409,0.261,1.16,0.0185434868065808,0.2898880297800352,0.10063791661351934,0.5357142857142857,,0.0,final_score_2,0.6956940787896606,16,4
pr_Agency_EBCI,test,06_02 Artem,rec_05AY_calibration_20260602_144111,test/06_02 Artem/rec_05AY_calibration_20260602_144111,"MATRIX_[9, 13]_robust_concat_rec_05AY_calibration_20260602_144111.hdf","C:\Users\hodor\Documents\lab-Shishkin\projects\BCI_classifier\data\pr_Agency_EBCI\features\csp\test\06_02 Artem\MATRIX_[9, 13]_robust_concat_rec_05AY_calibration_20260602_144111.hdf","[9, 13]",4,5,4,first5,0.3438088046634301,0.156,0.646,0.014322700060860227,0.5014788830367627,0.21040709020401893,0.4821428571428571,,0.0,final_score_2,0.6816053948790041,17,5
pr_Agency_EBCI,test,06_02 Artem,rec_05AY_calibration_20260602_144111,test/06_02 Artem/rec_05AY_calibration_20260602_144111,"MATRIX_[8, 12]_robust_concat_rec_05AY_calibration_20260602_144111.hdf","C:\Users\hodor\Documents\lab-Shishkin\projects\BCI_classifier\data\pr_Agency_EBCI\features\csp\test\06_02 Artem\MATRIX_[8, 12]_robust_concat_rec_05AY_calibration_20260602_144111.hdf","[8, 12]",51,52,-5,last5,0.7511950559930672,0.251,1.105,0.01686775763310089,0.1540456635878787,0.2421096057386701,0.5,,0.0,final_score_2,0.6566273589087547,18,5
pr_Agency_EBCI,test,06_02 Artem,rec_05AY_calibration_20260602_144111,test/06_02 Artem/rec_05AY_calibration_20260602_144111,"MATRIX_[8, 12]_robust_concat_rec_05AY_calibration_20260602_144111.hdf","C:\Users\hodor\Documents\lab-Shishkin\projects\BCI_classifier\data\pr_Agency_EBCI\features\csp\test\06_02 Artem\MATRIX_[8, 12]_robust_concat_rec_05AY_calibration_20260602_144111.hdf","[8, 12]",52,53,-4,last5,0.7557376774531394,0.256,1.129,0.004542621460072116,0.20588554089097966,0.14515081374589361,0.5892857142857143,,0.0,final_score_2,0.6298657848262083,19,6
pr_Agency_EBCI,test,06_02 Artem,rec_05AY_calibration_20260602_144111,test/06_02 Artem/rec_05AY_calibration_20260602_144111,"MATRIX_[9, 13]_robust_concat_rec_05AY_calibration_20260602_144111.hdf","C:\Users\hodor\Documents\lab-Shishkin\projects\BCI_classifier\data\pr_Agency_EBCI\features\csp\test\06_02 Artem\MATRIX_[9, 13]_robust_concat_rec_05AY_calibration_20260602_144111.hdf","[9, 13]",1,2,1,first5,0.2981320878928621,0.202,0.856,0.006426097991189372,0.13265990319930393,0.34896018696411313,0.5,,0.0,final_score_2,0.6184001957698275,20,6
pr_Agency_EBCI,test,06_02 Artem,rec_05AY_calibration_20260602_144111,test/06_02 Artem/rec_05AY_calibration_20260602_144111,"MATRIX_[9, 13]_robust_concat_rec_05AY_calibration_20260602_144111.hdf","C:\Users\hodor\Documents\lab-Shishkin\projects\BCI_classifier\data\pr_Agency_EBCI\features\csp\test\06_02 Artem\MATRIX_[9, 13]_robust_concat_rec_05AY_calibration_20260602_144111.hdf","[9, 13]",3,4,3,first5,0.3326892821006132,0.167,0.696,0.011119522562816897,0.07342885815652385,0.4759175570636557,0.5714285714285714,,0.0,final_score_2,0.600828022132242,21,7
pr_Agency_EBCI,test,06_02 Artem,rec_05AY_calibration_20260602_144111,test/06_02 Artem/rec_05AY_calibration_20260602_144111,"MATRIX_[9, 13]_robust_concat_rec_05AY_calibration_20260602_144111.hdf","C:\Users\hodor\Documents\lab-Shishkin\projects\BCI_classifier\data\pr_Agency_EBCI\features\csp\test\06_02 Artem\MATRIX_[9, 13]_robust_concat_rec_05AY_calibration_20260602_144111.hdf","[9, 13]",2,3,2,first5,0.3045581858840515,0.195,0.826,0.028131096216561735,0.29751324254974765,0.1961989064571485,0.4642857142857143,,0.0,final_score_2,0.597144844223841,22,8
pr_Agency_EBCI,test,06_02 Artem,rec_05AY_calibration_20260602_144111,test/06_02 Artem/rec_05AY_calibration_20260602_144111,"MATRIX_[8, 15]_robust_concat_rec_05AY_calibration_20260602_144111.hdf","C:\Users\hodor\Documents\lab-Shishkin\projects\BCI_classifier\data\pr_Agency_EBCI\features\csp\test\06_02 Artem\MATRIX_[8, 15]_robust_concat_rec_05AY_calibration_20260602_144111.hdf","[8, 15]",52,53,-4,last5,0.7065907873978452,0.207,0.879,0.009177277824749308,0.24025800992862986,0.20579215870419482,0.5,,0.0,final_score_2,0.5881171473423793,23,4
pr_Agency_EBCI,test,06_02 Artem,rec_05AY_calibration_20260602_144111,test/06_02 Artem/rec_05AY_calibration_20260602_144111,"MATRIX_[10, 14]_robust_concat_rec_05AY_calibration_20260602_144111.hdf","C:\Users\hodor\Documents\lab-Shishkin\projects\BCI_classifier\data\pr_Agency_EBCI\features\csp\test\06_02 Artem\MATRIX_[10, 14]_robust_concat_rec_05AY_calibration_20260602_144111.hdf","[10, 14]",55,56,-1,last5,0.7825176012622527,0.283,1.28,0.01759418215203612,0.20301070212236935,0.07183670045568905,0.6428571428571428,,0.0,final_score_2,0.5779648237070028,24,6
pr_Agency_EBCI,test,06_02 Artem,rec_05AY_calibration_20260602_144111,test/06_02 Artem/rec_05AY_calibration_20260602_144111,"MATRIX_[10, 14]_robust_concat_rec_05AY_calibration_20260602_144111.hdf","C:\Users\hodor\Documents\lab-Shishkin\projects\BCI_classifier\data\pr_Agency_EBCI\features\csp\test\06_02 Artem\MATRIX_[10, 14]_robust_concat_rec_05AY_calibration_20260602_144111.hdf","[10, 14]",4,5,4,first5,0.33671322336989196,0.163,0.678,0.007763450296224272,0.364868155333132,0.14151101949870543,0.5535714285714286,,0.0,final_score_2,0.5333800358326922,25,7
pr_Agency_EBCI,test,06_02 Artem,rec_05AY_calibration_20260602_144111,test/06_02 Artem/rec_05AY_calibration_20260602_144111,"MATRIX_[8, 15]_robust_concat_rec_05AY_calibration_20260602_144111.hdf","C:\Users\hodor\Documents\lab-Shishkin\projects\BCI_classifier\data\pr_Agency_EBCI\features\csp\test\06_02 Artem\MATRIX_[8, 15]_robust_concat_rec_05AY_calibration_20260602_144111.hdf","[8, 15]",1,2,1,first5,0.3457988523460743,0.154,0.638,0.023135005713002532,0.20302347516357325,0.3501182285981487,0.4821428571428571,,0.0,final_score_2,0.5230547460892541,26,5
pr_Agency_EBCI,test,06_02 Artem,rec_05AY_calibration_20260602_144111,test/06_02 Artem/rec_05AY_calibration_20260602_144111,"MATRIX_[10, 14]_robust_concat_rec_05AY_calibration_20260602_144111.hdf","C:\Users\hodor\Documents\lab-Shishkin\projects\BCI_classifier\data\pr_Agency_EBCI\features\csp\test\06_02 Artem\MATRIX_[10, 14]_robust_concat_rec_05AY_calibration_20260602_144111.hdf","[10, 14]",1,2,1,first5,0.2942183898251517,0.206,0.875,0.0035882975320614685,0.16404337119633428,0.24337462450355246,0.4642857142857143,,0.0,final_score_2,0.52200430699048,27,8
pr_Agency_EBCI,test,06_02 Artem,rec_05AY_calibration_20260602_144111,test/06_02 Artem/rec_05AY_calibration_20260602_144111,"MATRIX_[8, 15]_robust_concat_rec_05AY_calibration_20260602_144111.hdf","C:\Users\hodor\Documents\lab-Shishkin\projects\BCI_classifier\data\pr_Agency_EBCI\features\csp\test\06_02 Artem\MATRIX_[8, 15]_robust_concat_rec_05AY_calibration_20260602_144111.hdf","[8, 15]",2,3,2,first5,0.36893385805907686,0.131,0.537,0.01224122287914664,0.10978025966349819,0.433094361858411,0.4642857142857143,,0.0,final_score_2,0.4268739479302813,28,6
pr_Agency_EBCI,test,06_02 Artem,rec_05AY_calibration_20260602_144111,test/06_02 Artem/rec_05AY_calibration_20260602_144111,"MATRIX_[10, 14]_robust_concat_rec_05AY_calibration_20260602_144111.hdf","C:\Users\hodor\Documents\lab-Shishkin\projects\BCI_classifier\data\pr_Agency_EBCI\features\csp\test\06_02 Artem\MATRIX_[10, 14]_robust_concat_rec_05AY_calibration_20260602_144111.hdf","[10, 14]",51,52,-5,last5,0.7413263983087596,0.241,1.053,0.01447120224180587,0.07526554419608736,0.16992426496322593,0.5535714285714286,,0.0,final_score_2,0.40110863583739015,29,9
pr_Agency_EBCI,test,06_02 Artem,rec_05AY_calibration_20260602_144111,test/06_02 Artem/rec_05AY_calibration_20260602_144111,"MATRIX_[10, 14]_robust_concat_rec_05AY_calibration_20260602_144111.hdf","C:\Users\hodor\Documents\lab-Shishkin\projects\BCI_classifier\data\pr_Agency_EBCI\features\csp\test\06_02 Artem\MATRIX_[10, 14]_robust_concat_rec_05AY_calibration_20260602_144111.hdf","[10, 14]",3,4,3,first5,0.32634833490613646,0.174,0.725,0.010364888463755495,0.20932924613405077,0.1688669809755336,0.4464285714285714,,0.0,final_score_2,0.39659952566089895,30,10
pr_Agency_EBCI,test,06_02 Artem,rec_05AY_calibration_20260602_144111,test/06_02 Artem/rec_05AY_calibration_20260602_144111,"MATRIX_[8, 12]_robust_concat_rec_05AY_calibration_20260602_144111.hdf","C:\Users\hodor\Documents\lab-Shishkin\projects\BCI_classifier\data\pr_Agency_EBCI\features\csp\test\06_02 Artem\MATRIX_[8, 12]_robust_concat_rec_05AY_calibration_20260602_144111.hdf","[8, 12]",2,3,2,first5,0.33428896852339296,0.166,0.689,0.007033030637066284,0.11210655732011707,0.2736094910241421,0.4642857142857143,,0.0,final_score_2,0.38914616605989205,31,7
pr_Agency_EBCI,test,06_02 Artem,rec_05AY_calibration_20260602_144111,test/06_02 Artem/rec_05AY_calibration_20260602_144111,"MATRIX_[8, 12]_robust_concat_rec_05AY_calibration_20260602_144111.hdf","C:\Users\hodor\Documents\lab-Shishkin\projects\BCI_classifier\data\pr_Agency_EBCI\features\csp\test\06_02 Artem\MATRIX_[8, 12]_robust_concat_rec_05AY_calibration_20260602_144111.hdf","[8, 12]",3,4,3,first5,0.34132199916045924,0.159,0.657,0.011248709011033808,0.11194960133855753,0.2642811043012759,0.5357142857142857,,0.0,final_score_2,0.3796033451796762,32,8
pr_Agency_EBCI,test,06_02 Artem,rec_05AY_calibration_20260602_144111,test/06_02 Artem/rec_05AY_calibration_20260602_144111,"MATRIX_[8, 15]_robust_concat_rec_05AY_calibration_20260602_144111.hdf","C:\Users\hodor\Documents\lab-Shishkin\projects\BCI_classifier\data\pr_Agency_EBCI\features\csp\test\06_02 Artem\MATRIX_[8, 15]_robust_concat_rec_05AY_calibration_20260602_144111.hdf","[8, 15]",53,54,-3,last5,0.7178726943132333,0.218,0.934,0.011281906915388107,0.1965991255576225,0.049760277192718236,0.6071428571428572,,0.0,final_score_2,0.3698030606284579,33,7
pr_Agency_EBCI,test,06_02 Artem,rec_05AY_calibration_20260602_144111,test/06_02 Artem/rec_05AY_calibration_20260602_144111,"MATRIX_[8, 15]_robust_concat_rec_05AY_calibration_20260602_144111.hdf","C:\Users\hodor\Documents\lab-Shishkin\projects\BCI_classifier\data\pr_Agency_EBCI\features\csp\test\06_02 Artem\MATRIX_[8, 15]_robust_concat_rec_05AY_calibration_20260602_144111.hdf","[8, 15]",3,4,3,first5,0.3811750809382235,0.119,0.485,0.011400235869254205,0.28362960645018465,0.19643668566500644,0.5178571428571428,,0.0,final_score_2,0.3534059445080134,34,8
pr_Agency_EBCI,test,06_02 Artem,rec_05AY_calibration_20260602_144111,test/06_02 Artem/rec_05AY_calibration_20260602_144111,"MATRIX_[8, 12]_robust_concat_rec_05AY_calibration_20260602_144111.hdf","C:\Users\hodor\Documents\lab-Shishkin\projects\BCI_classifier\data\pr_Agency_EBCI\features\csp\test\06_02 Artem\MATRIX_[8, 12]_robust_concat_rec_05AY_calibration_20260602_144111.hdf","[8, 12]",53,54,-3,last5,0.7652453059812778,0.265,1.182,0.009507628528138468,0.13633210202995946,0.04117714682597377,0.5,,0.0,final_score_2,0.3147238982215696,35,9
pr_Agency_EBCI,test,06_02 Artem,rec_05AY_calibration_20260602_144111,test/06_02 Artem/rec_05AY_calibration_20260602_144111,"MATRIX_[8, 15]_robust_concat_rec_05AY_calibration_20260602_144111.hdf","C:\Users\hodor\Documents\lab-Shishkin\projects\BCI_classifier\data\pr_Agency_EBCI\features\csp\test\06_02 Artem\MATRIX_[8, 15]_robust_concat_rec_05AY_calibration_20260602_144111.hdf","[8, 15]",51,52,-5,last5,0.6974135095730959,0.197,0.835,0.004988375409644252,0.11760184564080384,0.11598488779761877,0.6071428571428572,,0.0,final_score_2,0.313465053891026,36,9
pr_Agency_EBCI,test,06_02 Artem,rec_05AY_calibration_20260602_144111,test/06_02 Artem/rec_05AY_calibration_20260602_144111,"MATRIX_[8, 12]_robust_concat_rec_05AY_calibration_20260602_144111.hdf","C:\Users\hodor\Documents\lab-Shishkin\projects\BCI_classifier\data\pr_Agency_EBCI\features\csp\test\06_02 Artem\MATRIX_[8, 12]_robust_concat_rec_05AY_calibration_20260602_144111.hdf","[8, 12]",4,5,4,first5,0.35257070817149305,0.147,0.608,0.012310063759343515,0.15690777248433452,0.14442677507124813,0.4642857142857143,,0.0,final_score_2,0.2682738429094845,37,10
pr_Agency_EBCI,test,06_02 Artem,rec_05AY_calibration_20260602_144111,test/06_02 Artem/rec_05AY_calibration_20260602_144111,"MATRIX_[8, 15]_robust_concat_rec_05AY_calibration_20260602_144111.hdf","C:\Users\hodor\Documents\lab-Shishkin\projects\BCI_classifier\data\pr_Agency_EBCI\features\csp\test\06_02 Artem\MATRIX_[8, 15]_robust_concat_rec_05AY_calibration_20260602_144111.hdf","[8, 15]",4,5,4,first5,0.3925753168074777,0.107,0.436,0.005575996801164607,0.22780042592116345,0.15692950496504607,0.5535714285714286,,0.0,final_score_2,0.2605995667567089,38,10
pr_Agency_EBCI,test,06_02 Artem,rec_05AY_calibration_20260602_144111,test/06_02 Artem/rec_05AY_calibration_20260602_144111,"MATRIX_[9, 13]_robust_concat_rec_05AY_calibration_20260602_144111.hdf","C:\Users\hodor\Documents\lab-Shishkin\projects\BCI_classifier\data\pr_Agency_EBCI\features\csp\test\06_02 Artem\MATRIX_[9, 13]_robust_concat_rec_05AY_calibration_20260602_144111.hdf","[9, 13]",52,53,-4,last5,0.7428442913743601,0.243,1.061,0.006324400629515892,0.07990661435084387,0.0796523303542824,0.5357142857142857,,0.0,final_score_2,0.2599842047957848,39,9
pr_Agency_EBCI,test,06_02 Artem,rec_05AY_calibration_20260602_144111,test/06_02 Artem/rec_05AY_calibration_20260602_144111,"MATRIX_[9, 13]_robust_concat_rec_05AY_calibration_20260602_144111.hdf","C:\Users\hodor\Documents\lab-Shishkin\projects\BCI_classifier\data\pr_Agency_EBCI\features\csp\test\06_02 Artem\MATRIX_[9, 13]_robust_concat_rec_05AY_calibration_20260602_144111.hdf","[9, 13]",51,52,-5,last5,0.7365198907448443,0.237,1.028,0.004047249460956137,0.04721590590018106,0.07215976370032845,0.5357142857142857,,0.0,final_score_2,0.18846007496503292,40,10
pr_Agency_EBCI,test,06_02 Artem,rec_05AY_calibration_20260602_144111,test/06_02 Artem/rec_05AY_calibration_20260602_144111,"MATRIX_[8, 12]_robust_concat_rec_05AY_calibration_20260602_144111.hdf","C:\Users\hodor\Documents\lab-Shishkin\projects\BCI_classifier\data\pr_Agency_EBCI\features\csp\test\06_02 Artem\MATRIX_[8, 12]_robust_concat_rec_05AY_calibration_20260602_144111.hdf","[8, 12]",0,1,0,first5,0.22101904803668637,0.279,1.26,0.09500346493500778,0.16047578431131,1.226027913689673,0.625,,0.0,final_score_3,3.749159773082166,1,1
pr_Agency_EBCI,test,06_02 Artem,rec_05AY_calibration_20260602_144111,test/06_02 Artem/rec_05AY_calibration_20260602_144111,"MATRIX_[8, 15]_robust_concat_rec_05AY_calibration_20260602_144111.hdf","C:\Users\hodor\Documents\lab-Shishkin\projects\BCI_classifier\data\pr_Agency_EBCI\features\csp\test\06_02 Artem\MATRIX_[8, 15]_robust_concat_rec_05AY_calibration_20260602_144111.hdf","[8, 15]",0,1,0,first5,0.27482239892529603,0.225,0.97,0.0709764534207783,0.23245985251290574,1.294829949446556,0.6071428571428572,,0.0,final_score_3,3.715925890148268,2,1
pr_Agency_EBCI,test,06_02 Artem,rec_05AY_calibration_20260602_144111,test/06_02 Artem/rec_05AY_calibration_20260602_144111,"MATRIX_[9, 13]_robust_concat_rec_05AY_calibration_20260602_144111.hdf","C:\Users\hodor\Documents\lab-Shishkin\projects\BCI_classifier\data\pr_Agency_EBCI\features\csp\test\06_02 Artem\MATRIX_[9, 13]_robust_concat_rec_05AY_calibration_20260602_144111.hdf","[9, 13]",0,1,0,first5,0.24928499109310653,0.251,1.102,0.048847096799755574,0.2287931085957796,1.1604691607369872,0.6071428571428572,,0.0,final_score_3,3.463079147360941,3,1
pr_Agency_EBCI,test,06_02 Artem,rec_05AY_calibration_20260602_144111,test/06_02 Artem/rec_05AY_calibration_20260602_144111,"MATRIX_[10, 14]_robust_concat_rec_05AY_calibration_20260602_144111.hdf","C:\Users\hodor\Documents\lab-Shishkin\projects\BCI_classifier\data\pr_Agency_EBCI\features\csp\test\06_02 Artem\MATRIX_[10, 14]_robust_concat_rec_05AY_calibration_20260602_144111.hdf","[10, 14]",0,1,0,first5,0.27841747575547116,0.222,0.952,0.01580091406968054,0.3517614819925239,0.967874130728886,0.5357142857142857,,0.0,final_score_3,2.95482164966626,4,1
pr_Agency_EBCI,test,06_02 Artem,rec_05AY_calibration_20260602_144111,test/06_02 Artem/rec_05AY_calibration_20260602_144111,"MATRIX_[9, 13]_robust_concat_rec_05AY_calibration_20260602_144111.hdf","C:\Users\hodor\Documents\lab-Shishkin\projects\BCI_classifier\data\pr_Agency_EBCI\features\csp\test\06_02 Artem\MATRIX_[9, 13]_robust_concat_rec_05AY_calibration_20260602_144111.hdf","[9, 13]",54,55,-2,last5,0.7810821297263969,0.281,1.272,0.019694351545455957,0.7178289124260357,0.1988253990541396,0.5535714285714286,,0.0,final_score_3,2.2559496283566367,5,2
pr_Agency_EBCI,test,06_02 Artem,rec_05AY_calibration_20260602_144111,test/06_02 Artem/rec_05AY_calibration_20260602_144111,"MATRIX_[8, 12]_robust_concat_rec_05AY_calibration_20260602_144111.hdf","C:\Users\hodor\Documents\lab-Shishkin\projects\BCI_classifier\data\pr_Agency_EBCI\features\csp\test\06_02 Artem\MATRIX_[8, 12]_robust_concat_rec_05AY_calibration_20260602_144111.hdf","[8, 12]",54,55,-2,last5,0.781939614712838,0.282,1.277,0.016694308731560192,0.608470165056654,0.18757528040716237,0.5714285714285714,,0.0,final_score_3,1.9800087245329165,6,2
pr_Agency_EBCI,test,06_02 Artem,rec_05AY_calibration_20260602_144111,test/06_02 Artem/rec_05AY_calibration_20260602_144111,"MATRIX_[8, 15]_robust_concat_rec_05AY_calibration_20260602_144111.hdf","C:\Users\hodor\Documents\lab-Shishkin\projects\BCI_classifier\data\pr_Agency_EBCI\features\csp\test\06_02 Artem\MATRIX_[8, 15]_robust_concat_rec_05AY_calibration_20260602_144111.hdf","[8, 15]",54,55,-2,last5,0.7330714731492375,0.233,1.01,0.015198778836004179,0.5715509968741228,0.16748211677908437,0.5892857142857143,,0.0,final_score_3,1.7385055652899482,7,2
pr_Agency_EBCI,test,06_02 Artem,rec_05AY_calibration_20260602_144111,test/06_02 Artem/rec_05AY_calibration_20260602_144111,"MATRIX_[10, 14]_robust_concat_rec_05AY_calibration_20260602_144111.hdf","C:\Users\hodor\Documents\lab-Shishkin\projects\BCI_classifier\data\pr_Agency_EBCI\features\csp\test\06_02 Artem\MATRIX_[10, 14]_robust_concat_rec_05AY_calibration_20260602_144111.hdf","[10, 14]",2,3,2,first5,0.29780668735721316,0.202,0.858,0.0285416475489233,0.408614772978297,0.38344830116796474,0.5357142857142857,,0.0,final_score_3,1.735852930493957,8,2
pr_Agency_EBCI,test,06_02 Artem,rec_05AY_calibration_20260602_144111,test/06_02 Artem/rec_05AY_calibration_20260602_144111,"MATRIX_[10, 14]_robust_concat_rec_05AY_calibration_20260602_144111.hdf","C:\Users\hodor\Documents\lab-Shishkin\projects\BCI_classifier\data\pr_Agency_EBCI\features\csp\test\06_02 Artem\MATRIX_[10, 14]_robust_concat_rec_05AY_calibration_20260602_144111.hdf","[10, 14]",52,53,-4,last5,0.745841491429913,0.246,1.077,0.004515093121153391,0.5188559604559426,0.2530429522336704,0.4642857142857143,,0.0,final_score_3,1.6914002504688368,9,3
pr_Agency_EBCI,test,06_02 Artem,rec_05AY_calibration_20260602_144111,test/06_02 Artem/rec_05AY_calibration_20260602_144111,"MATRIX_[8, 12]_robust_concat_rec_05AY_calibration_20260602_144111.hdf","C:\Users\hodor\Documents\lab-Shishkin\projects\BCI_classifier\data\pr_Agency_EBCI\features\csp\test\06_02 Artem\MATRIX_[8, 12]_robust_concat_rec_05AY_calibration_20260602_144111.hdf","[8, 12]",1,2,1,first5,0.31602251297169415,0.184,0.772,0.018266455551698813,0.10697498750107626,0.6268044624629713,0.5535714285714286,,0.0,final_score_3,1.5748169841391588,10,3
pr_Agency_EBCI,test,06_02 Artem,rec_05AY_calibration_20260602_144111,test/06_02 Artem/rec_05AY_calibration_20260602_144111,"MATRIX_[9, 13]_robust_concat_rec_05AY_calibration_20260602_144111.hdf","C:\Users\hodor\Documents\lab-Shishkin\projects\BCI_classifier\data\pr_Agency_EBCI\features\csp\test\06_02 Artem\MATRIX_[9, 13]_robust_concat_rec_05AY_calibration_20260602_144111.hdf","[9, 13]",4,5,4,first5,0.3438088046634301,0.156,0.646,0.014322700060860227,0.5014788830367627,0.21040709020401893,0.4821428571428571,,0.0,final_score_3,1.393743086951734,11,3
pr_Agency_EBCI,test,06_02 Artem,rec_05AY_calibration_20260602_144111,test/06_02 Artem/rec_05AY_calibration_20260602_144111,"MATRIX_[8, 15]_robust_concat_rec_05AY_calibration_20260602_144111.hdf","C:\Users\hodor\Documents\lab-Shishkin\projects\BCI_classifier\data\pr_Agency_EBCI\features\csp\test\06_02 Artem\MATRIX_[8, 15]_robust_concat_rec_05AY_calibration_20260602_144111.hdf","[8, 15]",55,56,-1,last5,0.7515086173881994,0.252,1.107,0.018437144238961922,0.4128117802830752,0.16392277787355672,0.4821428571428571,,0.0,final_score_3,1.3015099281073716,12,3
pr_Agency_EBCI,test,06_02 Artem,rec_05AY_calibration_20260602_144111,test/06_02 Artem/rec_05AY_calibration_20260602_144111,"MATRIX_[8, 12]_robust_concat_rec_05AY_calibration_20260602_144111.hdf","C:\Users\hodor\Documents\lab-Shishkin\projects\BCI_classifier\data\pr_Agency_EBCI\features\csp\test\06_02 Artem\MATRIX_[8, 12]_robust_concat_rec_05AY_calibration_20260602_144111.hdf","[8, 12]",55,56,-1,last5,0.7903035240430959,0.29,1.327,0.00836390933025788,0.3858350999426425,0.11742256848612893,0.5357142857142857,,0.0,final_score_3,1.228617177296231,13,4
pr_Agency_EBCI,test,06_02 Artem,rec_05AY_calibration_20260602_144111,test/06_02 Artem/rec_05AY_calibration_20260602_144111,"MATRIX_[9, 13]_robust_concat_rec_05AY_calibration_20260602_144111.hdf","C:\Users\hodor\Documents\lab-Shishkin\projects\BCI_classifier\data\pr_Agency_EBCI\features\csp\test\06_02 Artem\MATRIX_[9, 13]_robust_concat_rec_05AY_calibration_20260602_144111.hdf","[9, 13]",3,4,3,first5,0.3326892821006132,0.167,0.696,0.011119522562816897,0.07342885815652385,0.4759175570636557,0.5714285714285714,,0.0,final_score_3,1.1579991904948137,14,4
pr_Agency_EBCI,test,06_02 Artem,rec_05AY_calibration_20260602_144111,test/06_02 Artem/rec_05AY_calibration_20260602_144111,"MATRIX_[10, 14]_robust_concat_rec_05AY_calibration_20260602_144111.hdf","C:\Users\hodor\Documents\lab-Shishkin\projects\BCI_classifier\data\pr_Agency_EBCI\features\csp\test\06_02 Artem\MATRIX_[10, 14]_robust_concat_rec_05AY_calibration_20260602_144111.hdf","[10, 14]",53,54,-3,last5,0.750645734280981,0.251,1.102,0.0048042428510680635,0.2532298169768433,0.23834852618636357,0.5,,0.0,final_score_3,1.111082669728473,15,4
pr_Agency_EBCI,test,06_02 Artem,rec_05AY_calibration_20260602_144111,test/06_02 Artem/rec_05AY_calibration_20260602_144111,"MATRIX_[8, 15]_robust_concat_rec_05AY_calibration_20260602_144111.hdf","C:\Users\hodor\Documents\lab-Shishkin\projects\BCI_classifier\data\pr_Agency_EBCI\features\csp\test\06_02 Artem\MATRIX_[8, 15]_robust_concat_rec_05AY_calibration_20260602_144111.hdf","[8, 15]",1,2,1,first5,0.3457988523460743,0.154,0.638,0.023135005713002532,0.20302347516357325,0.3501182285981487,0.4821428571428571,,0.0,final_score_3,1.0840278159886534,16,4
pr_Agency_EBCI,test,06_02 Artem,rec_05AY_calibration_20260602_144111,test/06_02 Artem/rec_05AY_calibration_20260602_144111,"MATRIX_[10, 14]_robust_concat_rec_05AY_calibration_20260602_144111.hdf","C:\Users\hodor\Documents\lab-Shishkin\projects\BCI_classifier\data\pr_Agency_EBCI\features\csp\test\06_02 Artem\MATRIX_[10, 14]_robust_concat_rec_05AY_calibration_20260602_144111.hdf","[10, 14]",4,5,4,first5,0.33671322336989196,0.163,0.678,0.007763450296224272,0.364868155333132,0.14151101949870543,0.5535714285714286,,0.0,final_score_3,1.0471412601196382,17,5
pr_Agency_EBCI,test,06_02 Artem,rec_05AY_calibration_20260602_144111,test/06_02 Artem/rec_05AY_calibration_20260602_144111,"MATRIX_[9, 13]_robust_concat_rec_05AY_calibration_20260602_144111.hdf","C:\Users\hodor\Documents\lab-Shishkin\projects\BCI_classifier\data\pr_Agency_EBCI\features\csp\test\06_02 Artem\MATRIX_[9, 13]_robust_concat_rec_05AY_calibration_20260602_144111.hdf","[9, 13]",2,3,2,first5,0.3045581858840515,0.195,0.826,0.028131096216561735,0.29751324254974765,0.1961989064571485,0.4642857142857143,,0.0,final_score_3,1.020743387341701,18,5
pr_Agency_EBCI,test,06_02 Artem,rec_05AY_calibration_20260602_144111,test/06_02 Artem/rec_05AY_calibration_20260602_144111,"MATRIX_[9, 13]_robust_concat_rec_05AY_calibration_20260602_144111.hdf","C:\Users\hodor\Documents\lab-Shishkin\projects\BCI_classifier\data\pr_Agency_EBCI\features\csp\test\06_02 Artem\MATRIX_[9, 13]_robust_concat_rec_05AY_calibration_20260602_144111.hdf","[9, 13]",1,2,1,first5,0.2981320878928621,0.202,0.856,0.006426097991189372,0.13265990319930393,0.34896018696411313,0.5,,0.0,final_score_3,1.0180429746115822,19,6
pr_Agency_EBCI,test,06_02 Artem,rec_05AY_calibration_20260602_144111,test/06_02 Artem/rec_05AY_calibration_20260602_144111,"MATRIX_[8, 15]_robust_concat_rec_05AY_calibration_20260602_144111.hdf","C:\Users\hodor\Documents\lab-Shishkin\projects\BCI_classifier\data\pr_Agency_EBCI\features\csp\test\06_02 Artem\MATRIX_[8, 15]_robust_concat_rec_05AY_calibration_20260602_144111.hdf","[8, 15]",2,3,2,first5,0.36893385805907686,0.131,0.537,0.01224122287914664,0.10978025966349819,0.433094361858411,0.4642857142857143,,0.0,final_score_3,1.008292482078739,20,5
pr_Agency_EBCI,test,06_02 Artem,rec_05AY_calibration_20260602_144111,test/06_02 Artem/rec_05AY_calibration_20260602_144111,"MATRIX_[9, 13]_robust_concat_rec_05AY_calibration_20260602_144111.hdf","C:\Users\hodor\Documents\lab-Shishkin\projects\BCI_classifier\data\pr_Agency_EBCI\features\csp\test\06_02 Artem\MATRIX_[9, 13]_robust_concat_rec_05AY_calibration_20260602_144111.hdf","[9, 13]",55,56,-1,last5,0.7907803046401003,0.291,1.33,0.009698174913703395,0.2857736845722605,0.10122683204750374,0.5535714285714286,,0.0,final_score_3,0.957937643403318,21,7
pr_Agency_EBCI,test,06_02 Artem,rec_05AY_calibration_20260602_144111,test/06_02 Artem/rec_05AY_calibration_20260602_144111,"MATRIX_[8, 15]_robust_concat_rec_05AY_calibration_20260602_144111.hdf","C:\Users\hodor\Documents\lab-Shishkin\projects\BCI_classifier\data\pr_Agency_EBCI\features\csp\test\06_02 Artem\MATRIX_[8, 15]_robust_concat_rec_05AY_calibration_20260602_144111.hdf","[8, 15]",52,53,-4,last5,0.7065907873978452,0.207,0.879,0.009177277824749308,0.24025800992862986,0.20579215870419482,0.5,,0.0,final_score_3,0.9511565673613,22,6
pr_Agency_EBCI,test,06_02 Artem,rec_05AY_calibration_20260602_144111,test/06_02 Artem/rec_05AY_calibration_20260602_144111,"MATRIX_[10, 14]_robust_concat_rec_05AY_calibration_20260602_144111.hdf","C:\Users\hodor\Documents\lab-Shishkin\projects\BCI_classifier\data\pr_Agency_EBCI\features\csp\test\06_02 Artem\MATRIX_[10, 14]_robust_concat_rec_05AY_calibration_20260602_144111.hdf","[10, 14]",54,55,-2,last5,0.7649234191102166,0.265,1.18,0.014277684829235526,0.3095904415850737,0.08503453502568355,0.5535714285714286,,0.0,final_score_3,0.9472880115237863,23,6
pr_Agency_EBCI,test,06_02 Artem,rec_05AY_calibration_20260602_144111,test/06_02 Artem/rec_05AY_calibration_20260602_144111,"MATRIX_[9, 13]_robust_concat_rec_05AY_calibration_20260602_144111.hdf","C:\Users\hodor\Documents\lab-Shishkin\projects\BCI_classifier\data\pr_Agency_EBCI\features\csp\test\06_02 Artem\MATRIX_[9, 13]_robust_concat_rec_05AY_calibration_20260602_144111.hdf","[9, 13]",53,54,-3,last5,0.7613877781809409,0.261,1.16,0.0185434868065808,0.2898880297800352,0.10063791661351934,0.5357142857142857,,0.0,final_score_3,0.9244091448483275,24,8
pr_Agency_EBCI,test,06_02 Artem,rec_05AY_calibration_20260602_144111,test/06_02 Artem/rec_05AY_calibration_20260602_144111,"MATRIX_[8, 15]_robust_concat_rec_05AY_calibration_20260602_144111.hdf","C:\Users\hodor\Documents\lab-Shishkin\projects\BCI_classifier\data\pr_Agency_EBCI\features\csp\test\06_02 Artem\MATRIX_[8, 15]_robust_concat_rec_05AY_calibration_20260602_144111.hdf","[8, 15]",3,4,3,first5,0.3811750809382235,0.119,0.485,0.011400235869254205,0.28362960645018465,0.19643668566500644,0.5178571428571428,,0.0,final_score_3,0.9060501463843605,25,7
pr_Agency_EBCI,test,06_02 Artem,rec_05AY_calibration_20260602_144111,test/06_02 Artem/rec_05AY_calibration_20260602_144111,"MATRIX_[8, 12]_robust_concat_rec_05AY_calibration_20260602_144111.hdf","C:\Users\hodor\Documents\lab-Shishkin\projects\BCI_classifier\data\pr_Agency_EBCI\features\csp\test\06_02 Artem\MATRIX_[8, 12]_robust_concat_rec_05AY_calibration_20260602_144111.hdf","[8, 12]",51,52,-5,last5,0.7511950559930672,0.251,1.105,0.01686775763310089,0.1540456635878787,0.2421096057386701,0.5,,0.0,final_score_3,0.902601291901237,26,5
pr_Agency_EBCI,test,06_02 Artem,rec_05AY_calibration_20260602_144111,test/06_02 Artem/rec_05AY_calibration_20260602_144111,"MATRIX_[8, 12]_robust_concat_rec_05AY_calibration_20260602_144111.hdf","C:\Users\hodor\Documents\lab-Shishkin\projects\BCI_classifier\data\pr_Agency_EBCI\features\csp\test\06_02 Artem\MATRIX_[8, 12]_robust_concat_rec_05AY_calibration_20260602_144111.hdf","[8, 12]",52,53,-4,last5,0.7557376774531394,0.256,1.129,0.004542621460072116,0.20588554089097966,0.14515081374589361,0.5892857142857143,,0.0,final_score_3,0.8461354989302838,27,6
pr_Agency_EBCI,test,06_02 Artem,rec_05AY_calibration_20260602_144111,test/06_02 Artem/rec_05AY_calibration_20260602_144111,"MATRIX_[10, 14]_robust_concat_rec_05AY_calibration_20260602_144111.hdf","C:\Users\hodor\Documents\lab-Shishkin\projects\BCI_classifier\data\pr_Agency_EBCI\features\csp\test\06_02 Artem\MATRIX_[10, 14]_robust_concat_rec_05AY_calibration_20260602_144111.hdf","[10, 14]",1,2,1,first5,0.2942183898251517,0.206,0.875,0.0035882975320614685,0.16404337119633428,0.24337462450355246,0.4642857142857143,,0.0,final_score_3,0.8441297387956036,28,7
pr_Agency_EBCI,test,06_02 Artem,rec_05AY_calibration_20260602_144111,test/06_02 Artem/rec_05AY_calibration_20260602_144111,"MATRIX_[8, 12]_robust_concat_rec_05AY_calibration_20260602_144111.hdf","C:\Users\hodor\Documents\lab-Shishkin\projects\BCI_classifier\data\pr_Agency_EBCI\features\csp\test\06_02 Artem\MATRIX_[8, 12]_robust_concat_rec_05AY_calibration_20260602_144111.hdf","[8, 12]",3,4,3,first5,0.34132199916045924,0.159,0.657,0.011248709011033808,0.11194960133855753,0.2642811043012759,0.5357142857142857,,0.0,final_score_3,0.765651383867643,29,7
pr_Agency_EBCI,test,06_02 Artem,rec_05AY_calibration_20260602_144111,test/06_02 Artem/rec_05AY_calibration_20260602_144111,"MATRIX_[8, 12]_robust_concat_rec_05AY_calibration_20260602_144111.hdf","C:\Users\hodor\Documents\lab-Shishkin\projects\BCI_classifier\data\pr_Agency_EBCI\features\csp\test\06_02 Artem\MATRIX_[8, 12]_robust_concat_rec_05AY_calibration_20260602_144111.hdf","[8, 12]",2,3,2,first5,0.33428896852339296,0.166,0.689,0.007033030637066284,0.11210655732011707,0.2736094910241421,0.4642857142857143,,0.0,final_score_3,0.754949171928619,30,8
pr_Agency_EBCI,test,06_02 Artem,rec_05AY_calibration_20260602_144111,test/06_02 Artem/rec_05AY_calibration_20260602_144111,"MATRIX_[10, 14]_robust_concat_rec_05AY_calibration_20260602_144111.hdf","C:\Users\hodor\Documents\lab-Shishkin\projects\BCI_classifier\data\pr_Agency_EBCI\features\csp\test\06_02 Artem\MATRIX_[10, 14]_robust_concat_rec_05AY_calibration_20260602_144111.hdf","[10, 14]",3,4,3,first5,0.32634833490613646,0.174,0.725,0.010364888463755495,0.20932924613405077,0.1688669809755336,0.4464285714285714,,0.0,final_score_3,0.7413478822693466,31,8
pr_Agency_EBCI,test,06_02 Artem,rec_05AY_calibration_20260602_144111,test/06_02 Artem/rec_05AY_calibration_20260602_144111,"MATRIX_[8, 15]_robust_concat_rec_05AY_calibration_20260602_144111.hdf","C:\Users\hodor\Documents\lab-Shishkin\projects\BCI_classifier\data\pr_Agency_EBCI\features\csp\test\06_02 Artem\MATRIX_[8, 15]_robust_concat_rec_05AY_calibration_20260602_144111.hdf","[8, 15]",4,5,4,first5,0.3925753168074777,0.107,0.436,0.005575996801164607,0.22780042592116345,0.15692950496504607,0.5535714285714286,,0.0,final_score_3,0.7270408299282343,32,8
pr_Agency_EBCI,test,06_02 Artem,rec_05AY_calibration_20260602_144111,test/06_02 Artem/rec_05AY_calibration_20260602_144111,"MATRIX_[10, 14]_robust_concat_rec_05AY_calibration_20260602_144111.hdf","C:\Users\hodor\Documents\lab-Shishkin\projects\BCI_classifier\data\pr_Agency_EBCI\features\csp\test\06_02 Artem\MATRIX_[10, 14]_robust_concat_rec_05AY_calibration_20260602_144111.hdf","[10, 14]",55,56,-1,last5,0.7825176012622527,0.283,1.28,0.01759418215203612,0.20301070212236935,0.07183670045568905,0.6428571428571428,,0.0,final_score_3,0.7160968877639519,33,9
pr_Agency_EBCI,test,06_02 Artem,rec_05AY_calibration_20260602_144111,test/06_02 Artem/rec_05AY_calibration_20260602_144111,"MATRIX_[8, 12]_robust_concat_rec_05AY_calibration_20260602_144111.hdf","C:\Users\hodor\Documents\lab-Shishkin\projects\BCI_classifier\data\pr_Agency_EBCI\features\csp\test\06_02 Artem\MATRIX_[8, 12]_robust_concat_rec_05AY_calibration_20260602_144111.hdf","[8, 12]",4,5,4,first5,0.35257070817149305,0.147,0.608,0.012310063759343515,0.15690777248433452,0.14442677507124813,0.4642857142857143,,0.0,final_score_3,0.5741582302208004,34,9
pr_Agency_EBCI,test,06_02 Artem,rec_05AY_calibration_20260602_144111,test/06_02 Artem/rec_05AY_calibration_20260602_144111,"MATRIX_[8, 15]_robust_concat_rec_05AY_calibration_20260602_144111.hdf","C:\Users\hodor\Documents\lab-Shishkin\projects\BCI_classifier\data\pr_Agency_EBCI\features\csp\test\06_02 Artem\MATRIX_[8, 15]_robust_concat_rec_05AY_calibration_20260602_144111.hdf","[8, 15]",53,54,-3,last5,0.7178726943132333,0.218,0.934,0.011281906915388107,0.1965991255576225,0.049760277192718236,0.6071428571428572,,0.0,final_score_3,0.5724574433137054,35,9
pr_Agency_EBCI,test,06_02 Artem,rec_05AY_calibration_20260602_144111,test/06_02 Artem/rec_05AY_calibration_20260602_144111,"MATRIX_[10, 14]_robust_concat_rec_05AY_calibration_20260602_144111.hdf","C:\Users\hodor\Documents\lab-Shishkin\projects\BCI_classifier\data\pr_Agency_EBCI\features\csp\test\06_02 Artem\MATRIX_[10, 14]_robust_concat_rec_05AY_calibration_20260602_144111.hdf","[10, 14]",51,52,-5,last5,0.7413263983087596,0.241,1.053,0.01447120224180587,0.07526554419608736,0.16992426496322593,0.5535714285714286,,0.0,final_score_3,0.5698371886327682,36,10
pr_Agency_EBCI,test,06_02 Artem,rec_05AY_calibration_20260602_144111,test/06_02 Artem/rec_05AY_calibration_20260602_144111,"MATRIX_[8, 15]_robust_concat_rec_05AY_calibration_20260602_144111.hdf","C:\Users\hodor\Documents\lab-Shishkin\projects\BCI_classifier\data\pr_Agency_EBCI\features\csp\test\06_02 Artem\MATRIX_[8, 15]_robust_concat_rec_05AY_calibration_20260602_144111.hdf","[8, 15]",51,52,-5,last5,0.6974135095730959,0.197,0.835,0.004988375409644252,0.11760184564080384,0.11598488779761877,0.6071428571428572,,0.0,final_score_3,0.5247933725041691,37,10
pr_Agency_EBCI,test,06_02 Artem,rec_05AY_calibration_20260602_144111,test/06_02 Artem/rec_05AY_calibration_20260602_144111,"MATRIX_[8, 12]_robust_concat_rec_05AY_calibration_20260602_144111.hdf","C:\Users\hodor\Documents\lab-Shishkin\projects\BCI_classifier\data\pr_Agency_EBCI\features\csp\test\06_02 Artem\MATRIX_[8, 12]_robust_concat_rec_05AY_calibration_20260602_144111.hdf","[8, 12]",53,54,-3,last5,0.7652453059812778,0.265,1.182,0.009507628528138468,0.13633210202995946,0.04117714682597377,0.5,,0.0,final_score_3,0.4100671564018722,38,10
pr_Agency_EBCI,test,06_02 Artem,rec_05AY_calibration_20260602_144111,test/06_02 Artem/rec_05AY_calibration_20260602_144111,"MATRIX_[9, 13]_robust_concat_rec_05AY_calibration_20260602_144111.hdf","C:\Users\hodor\Documents\lab-Shishkin\projects\BCI_classifier\data\pr_Agency_EBCI\features\csp\test\06_02 Artem\MATRIX_[9, 13]_robust_concat_rec_05AY_calibration_20260602_144111.hdf","[9, 13]",52,53,-4,last5,0.7428442913743601,0.243,1.061,0.006324400629515892,0.07990661435084387,0.0796523303542824,0.5357142857142857,,0.0,final_score_3,0.3656312287987687,39,9
pr_Agency_EBCI,test,06_02 Artem,rec_05AY_calibration_20260602_144111,test/06_02 Artem/rec_05AY_calibration_20260602_144111,"MATRIX_[9, 13]_robust_concat_rec_05AY_calibration_20260602_144111.hdf","C:\Users\hodor\Documents\lab-Shishkin\projects\BCI_classifier\data\pr_Agency_EBCI\features\csp\test\06_02 Artem\MATRIX_[9, 13]_robust_concat_rec_05AY_calibration_20260602_144111.hdf","[9, 13]",51,52,-5,last5,0.7365198907448443,0.237,1.028,0.004047249460956137,0.04721590590018106,0.07215976370032845,0.5357142857142857,,0.0,final_score_3,0.27092726916202153,40,10
pr_Agency_EBCI,test,06_02 Artem,rec_05AY_calibration_20260602_144111,test/06_02 Artem/rec_05AY_calibration_20260602_144111,"MATRIX_[8, 12]_robust_concat_rec_05AY_calibration_20260602_144111.hdf","C:\Users\hodor\Documents\lab-Shishkin\projects\BCI_classifier\data\pr_Agency_EBCI\features\csp\test\06_02 Artem\MATRIX_[8, 12]_robust_concat_rec_05AY_calibration_20260602_144111.hdf","[8, 12]",0,1,0,first5,0.22101904803668637,0.279,1.26,0.09500346493500778,0.16047578431131,1.226027913689673,0.625,,0.0,final_score_4,0.0,1,1
pr_Agency_EBCI,test,06_02 Artem,rec_05AY_calibration_20260602_144111,test/06_02 Artem/rec_05AY_calibration_20260602_144111,"MATRIX_[8, 12]_robust_concat_rec_05AY_calibration_20260602_144111.hdf","C:\Users\hodor\Documents\lab-Shishkin\projects\BCI_classifier\data\pr_Agency_EBCI\features\csp\test\06_02 Artem\MATRIX_[8, 12]_robust_concat_rec_05AY_calibration_20260602_144111.hdf","[8, 12]",1,2,1,first5,0.31602251297169415,0.184,0.772,0.018266455551698813,0.10697498750107626,0.6268044624629713,0.5535714285714286,,0.0,final_score_4,0.0,2,2
pr_Agency_EBCI,test,06_02 Artem,rec_05AY_calibration_20260602_144111,test/06_02 Artem/rec_05AY_calibration_20260602_144111,"MATRIX_[8, 12]_robust_concat_rec_05AY_calibration_20260602_144111.hdf","C:\Users\hodor\Documents\lab-Shishkin\projects\BCI_classifier\data\pr_Agency_EBCI\features\csp\test\06_02 Artem\MATRIX_[8, 12]_robust_concat_rec_05AY_calibration_20260602_144111.hdf","[8, 12]",2,3,2,first5,0.33428896852339296,0.166,0.689,0.007033030637066284,0.11210655732011707,0.2736094910241421,0.4642857142857143,,0.0,final_score_4,0.0,3,3
pr_Agency_EBCI,test,06_02 Artem,rec_05AY_calibration_20260602_144111,test/06_02 Artem/rec_05AY_calibration_20260602_144111,"MATRIX_[8, 12]_robust_concat_rec_05AY_calibration_20260602_144111.hdf","C:\Users\hodor\Documents\lab-Shishkin\projects\BCI_classifier\data\pr_Agency_EBCI\features\csp\test\06_02 Artem\MATRIX_[8, 12]_robust_concat_rec_05AY_calibration_20260602_144111.hdf","[8, 12]",3,4,3,first5,0.34132199916045924,0.159,0.657,0.011248709011033808,0.11194960133855753,0.2642811043012759,0.5357142857142857,,0.0,final_score_4,0.0,4,4
pr_Agency_EBCI,test,06_02 Artem,rec_05AY_calibration_20260602_144111,test/06_02 Artem/rec_05AY_calibration_20260602_144111,"MATRIX_[8, 12]_robust_concat_rec_05AY_calibration_20260602_144111.hdf","C:\Users\hodor\Documents\lab-Shishkin\projects\BCI_classifier\data\pr_Agency_EBCI\features\csp\test\06_02 Artem\MATRIX_[8, 12]_robust_concat_rec_05AY_calibration_20260602_144111.hdf","[8, 12]",4,5,4,first5,0.35257070817149305,0.147,0.608,0.012310063759343515,0.15690777248433452,0.14442677507124813,0.4642857142857143,,0.0,final_score_4,0.0,5,5
pr_Agency_EBCI,test,06_02 Artem,rec_05AY_calibration_20260602_144111,test/06_02 Artem/rec_05AY_calibration_20260602_144111,"MATRIX_[8, 12]_robust_concat_rec_05AY_calibration_20260602_144111.hdf","C:\Users\hodor\Documents\lab-Shishkin\projects\BCI_classifier\data\pr_Agency_EBCI\features\csp\test\06_02 Artem\MATRIX_[8, 12]_robust_concat_rec_05AY_calibration_20260602_144111.hdf","[8, 12]",51,52,-5,last5,0.7511950559930672,0.251,1.105,0.01686775763310089,0.1540456635878787,0.2421096057386701,0.5,,0.0,final_score_4,0.0,6,6
pr_Agency_EBCI,test,06_02 Artem,rec_05AY_calibration_20260602_144111,test/06_02 Artem/rec_05AY_calibration_20260602_144111,"MATRIX_[8, 12]_robust_concat_rec_05AY_calibration_20260602_144111.hdf","C:\Users\hodor\Documents\lab-Shishkin\projects\BCI_classifier\data\pr_Agency_EBCI\features\csp\test\06_02 Artem\MATRIX_[8, 12]_robust_concat_rec_05AY_calibration_20260602_144111.hdf","[8, 12]",52,53,-4,last5,0.7557376774531394,0.256,1.129,0.004542621460072116,0.20588554089097966,0.14515081374589361,0.5892857142857143,,0.0,final_score_4,0.0,7,7
pr_Agency_EBCI,test,06_02 Artem,rec_05AY_calibration_20260602_144111,test/06_02 Artem/rec_05AY_calibration_20260602_144111,"MATRIX_[8, 12]_robust_concat_rec_05AY_calibration_20260602_144111.hdf","C:\Users\hodor\Documents\lab-Shishkin\projects\BCI_classifier\data\pr_Agency_EBCI\features\csp\test\06_02 Artem\MATRIX_[8, 12]_robust_concat_rec_05AY_calibration_20260602_144111.hdf","[8, 12]",53,54,-3,last5,0.7652453059812778,0.265,1.182,0.009507628528138468,0.13633210202995946,0.04117714682597377,0.5,,0.0,final_score_4,0.0,8,8
pr_Agency_EBCI,test,06_02 Artem,rec_05AY_calibration_20260602_144111,test/06_02 Artem/rec_05AY_calibration_20260602_144111,"MATRIX_[8, 12]_robust_concat_rec_05AY_calibration_20260602_144111.hdf","C:\Users\hodor\Documents\lab-Shishkin\projects\BCI_classifier\data\pr_Agency_EBCI\features\csp\test\06_02 Artem\MATRIX_[8, 12]_robust_concat_rec_05AY_calibration_20260602_144111.hdf","[8, 12]",54,55,-2,last5,0.781939614712838,0.282,1.277,0.016694308731560192,0.608470165056654,0.18757528040716237,0.5714285714285714,,0.0,final_score_4,0.0,9,9
pr_Agency_EBCI,test,06_02 Artem,rec_05AY_calibration_20260602_144111,test/06_02 Artem/rec_05AY_calibration_20260602_144111,"MATRIX_[8, 12]_robust_concat_rec_05AY_calibration_20260602_144111.hdf","C:\Users\hodor\Documents\lab-Shishkin\projects\BCI_classifier\data\pr_Agency_EBCI\features\csp\test\06_02 Artem\MATRIX_[8, 12]_robust_concat_rec_05AY_calibration_20260602_144111.hdf","[8, 12]",55,56,-1,last5,0.7903035240430959,0.29,1.327,0.00836390933025788,0.3858350999426425,0.11742256848612893,0.5357142857142857,,0.0,final_score_4,0.0,10,10
pr_Agency_EBCI,test,06_02 Artem,rec_05AY_calibration_20260602_144111,test/06_02 Artem/rec_05AY_calibration_20260602_144111,"MATRIX_[9, 13]_robust_concat_rec_05AY_calibration_20260602_144111.hdf","C:\Users\hodor\Documents\lab-Shishkin\projects\BCI_classifier\data\pr_Agency_EBCI\features\csp\test\06_02 Artem\MATRIX_[9, 13]_robust_concat_rec_05AY_calibration_20260602_144111.hdf","[9, 13]",0,1,0,first5,0.24928499109310653,0.251,1.102,0.048847096799755574,0.2287931085957796,1.1604691607369872,0.6071428571428572,,0.0,final_score_4,0.0,11,1
pr_Agency_EBCI,test,06_02 Artem,rec_05AY_calibration_20260602_144111,test/06_02 Artem/rec_05AY_calibration_20260602_144111,"MATRIX_[9, 13]_robust_concat_rec_05AY_calibration_20260602_144111.hdf","C:\Users\hodor\Documents\lab-Shishkin\projects\BCI_classifier\data\pr_Agency_EBCI\features\csp\test\06_02 Artem\MATRIX_[9, 13]_robust_concat_rec_05AY_calibration_20260602_144111.hdf","[9, 13]",1,2,1,first5,0.2981320878928621,0.202,0.856,0.006426097991189372,0.13265990319930393,0.34896018696411313,0.5,,0.0,final_score_4,0.0,12,2
pr_Agency_EBCI,test,06_02 Artem,rec_05AY_calibration_20260602_144111,test/06_02 Artem/rec_05AY_calibration_20260602_144111,"MATRIX_[9, 13]_robust_concat_rec_05AY_calibration_20260602_144111.hdf","C:\Users\hodor\Documents\lab-Shishkin\projects\BCI_classifier\data\pr_Agency_EBCI\features\csp\test\06_02 Artem\MATRIX_[9, 13]_robust_concat_rec_05AY_calibration_20260602_144111.hdf","[9, 13]",2,3,2,first5,0.3045581858840515,0.195,0.826,0.028131096216561735,0.29751324254974765,0.1961989064571485,0.4642857142857143,,0.0,final_score_4,0.0,13,3
pr_Agency_EBCI,test,06_02 Artem,rec_05AY_calibration_20260602_144111,test/06_02 Artem/rec_05AY_calibration_20260602_144111,"MATRIX_[9, 13]_robust_concat_rec_05AY_calibration_20260602_144111.hdf","C:\Users\hodor\Documents\lab-Shishkin\projects\BCI_classifier\data\pr_Agency_EBCI\features\csp\test\06_02 Artem\MATRIX_[9, 13]_robust_concat_rec_05AY_calibration_20260602_144111.hdf","[9, 13]",3,4,3,first5,0.3326892821006132,0.167,0.696,0.011119522562816897,0.07342885815652385,0.4759175570636557,0.5714285714285714,,0.0,final_score_4,0.0,14,4
pr_Agency_EBCI,test,06_02 Artem,rec_05AY_calibration_20260602_144111,test/06_02 Artem/rec_05AY_calibration_20260602_144111,"MATRIX_[9, 13]_robust_concat_rec_05AY_calibration_20260602_144111.hdf","C:\Users\hodor\Documents\lab-Shishkin\projects\BCI_classifier\data\pr_Agency_EBCI\features\csp\test\06_02 Artem\MATRIX_[9, 13]_robust_concat_rec_05AY_calibration_20260602_144111.hdf","[9, 13]",4,5,4,first5,0.3438088046634301,0.156,0.646,0.014322700060860227,0.5014788830367627,0.21040709020401893,0.4821428571428571,,0.0,final_score_4,0.0,15,5
pr_Agency_EBCI,test,06_02 Artem,rec_05AY_calibration_20260602_144111,test/06_02 Artem/rec_05AY_calibration_20260602_144111,"MATRIX_[9, 13]_robust_concat_rec_05AY_calibration_20260602_144111.hdf","C:\Users\hodor\Documents\lab-Shishkin\projects\BCI_classifier\data\pr_Agency_EBCI\features\csp\test\06_02 Artem\MATRIX_[9, 13]_robust_concat_rec_05AY_calibration_20260602_144111.hdf","[9, 13]",51,52,-5,last5,0.7365198907448443,0.237,1.028,0.004047249460956137,0.04721590590018106,0.07215976370032845,0.5357142857142857,,0.0,final_score_4,0.0,16,6
pr_Agency_EBCI,test,06_02 Artem,rec_05AY_calibration_20260602_144111,test/06_02 Artem/rec_05AY_calibration_20260602_144111,"MATRIX_[9, 13]_robust_concat_rec_05AY_calibration_20260602_144111.hdf","C:\Users\hodor\Documents\lab-Shishkin\projects\BCI_classifier\data\pr_Agency_EBCI\features\csp\test\06_02 Artem\MATRIX_[9, 13]_robust_concat_rec_05AY_calibration_20260602_144111.hdf","[9, 13]",52,53,-4,last5,0.7428442913743601,0.243,1.061,0.006324400629515892,0.07990661435084387,0.0796523303542824,0.5357142857142857,,0.0,final_score_4,0.0,17,7
pr_Agency_EBCI,test,06_02 Artem,rec_05AY_calibration_20260602_144111,test/06_02 Artem/rec_05AY_calibration_20260602_144111,"MATRIX_[9, 13]_robust_concat_rec_05AY_calibration_20260602_144111.hdf","C:\Users\hodor\Documents\lab-Shishkin\projects\BCI_classifier\data\pr_Agency_EBCI\features\csp\test\06_02 Artem\MATRIX_[9, 13]_robust_concat_rec_05AY_calibration_20260602_144111.hdf","[9, 13]",53,54,-3,last5,0.7613877781809409,0.261,1.16,0.0185434868065808,0.2898880297800352,0.10063791661351934,0.5357142857142857,,0.0,final_score_4,0.0,18,8
pr_Agency_EBCI,test,06_02 Artem,rec_05AY_calibration_20260602_144111,test/06_02 Artem/rec_05AY_calibration_20260602_144111,"MATRIX_[9, 13]_robust_concat_rec_05AY_calibration_20260602_144111.hdf","C:\Users\hodor\Documents\lab-Shishkin\projects\BCI_classifier\data\pr_Agency_EBCI\features\csp\test\06_02 Artem\MATRIX_[9, 13]_robust_concat_rec_05AY_calibration_20260602_144111.hdf","[9, 13]",54,55,-2,last5,0.7810821297263969,0.281,1.272,0.019694351545455957,0.7178289124260357,0.1988253990541396,0.5535714285714286,,0.0,final_score_4,0.0,19,9
pr_Agency_EBCI,test,06_02 Artem,rec_05AY_calibration_20260602_144111,test/06_02 Artem/rec_05AY_calibration_20260602_144111,"MATRIX_[9, 13]_robust_concat_rec_05AY_calibration_20260602_144111.hdf","C:\Users\hodor\Documents\lab-Shishkin\projects\BCI_classifier\data\pr_Agency_EBCI\features\csp\test\06_02 Artem\MATRIX_[9, 13]_robust_concat_rec_05AY_calibration_20260602_144111.hdf","[9, 13]",55,56,-1,last5,0.7907803046401003,0.291,1.33,0.009698174913703395,0.2857736845722605,0.10122683204750374,0.5535714285714286,,0.0,final_score_4,0.0,20,10
pr_Agency_EBCI,test,06_02 Artem,rec_05AY_calibration_20260602_144111,test/06_02 Artem/rec_05AY_calibration_20260602_144111,"MATRIX_[10, 14]_robust_concat_rec_05AY_calibration_20260602_144111.hdf","C:\Users\hodor\Documents\lab-Shishkin\projects\BCI_classifier\data\pr_Agency_EBCI\features\csp\test\06_02 Artem\MATRIX_[10, 14]_robust_concat_rec_05AY_calibration_20260602_144111.hdf","[10, 14]",0,1,0,first5,0.27841747575547116,0.222,0.952,0.01580091406968054,0.3517614819925239,0.967874130728886,0.5357142857142857,,0.0,final_score_4,0.0,21,1
pr_Agency_EBCI,test,06_02 Artem,rec_05AY_calibration_20260602_144111,test/06_02 Artem/rec_05AY_calibration_20260602_144111,"MATRIX_[10, 14]_robust_concat_rec_05AY_calibration_20260602_144111.hdf","C:\Users\hodor\Documents\lab-Shishkin\projects\BCI_classifier\data\pr_Agency_EBCI\features\csp\test\06_02 Artem\MATRIX_[10, 14]_robust_concat_rec_05AY_calibration_20260602_144111.hdf","[10, 14]",1,2,1,first5,0.2942183898251517,0.206,0.875,0.0035882975320614685,0.16404337119633428,0.24337462450355246,0.4642857142857143,,0.0,final_score_4,0.0,22,2
pr_Agency_EBCI,test,06_02 Artem,rec_05AY_calibration_20260602_144111,test/06_02 Artem/rec_05AY_calibration_20260602_144111,"MATRIX_[10, 14]_robust_concat_rec_05AY_calibration_20260602_144111.hdf","C:\Users\hodor\Documents\lab-Shishkin\projects\BCI_classifier\data\pr_Agency_EBCI\features\csp\test\06_02 Artem\MATRIX_[10, 14]_robust_concat_rec_05AY_calibration_20260602_144111.hdf","[10, 14]",2,3,2,first5,0.29780668735721316,0.202,0.858,0.0285416475489233,0.408614772978297,0.38344830116796474,0.5357142857142857,,0.0,final_score_4,0.0,23,3
pr_Agency_EBCI,test,06_02 Artem,rec_05AY_calibration_20260602_144111,test/06_02 Artem/rec_05AY_calibration_20260602_144111,"MATRIX_[10, 14]_robust_concat_rec_05AY_calibration_20260602_144111.hdf","C:\Users\hodor\Documents\lab-Shishkin\projects\BCI_classifier\data\pr_Agency_EBCI\features\csp\test\06_02 Artem\MATRIX_[10, 14]_robust_concat_rec_05AY_calibration_20260602_144111.hdf","[10, 14]",3,4,3,first5,0.32634833490613646,0.174,0.725,0.010364888463755495,0.20932924613405077,0.1688669809755336,0.4464285714285714,,0.0,final_score_4,0.0,24,4
pr_Agency_EBCI,test,06_02 Artem,rec_05AY_calibration_20260602_144111,test/06_02 Artem/rec_05AY_calibration_20260602_144111,"MATRIX_[10, 14]_robust_concat_rec_05AY_calibration_20260602_144111.hdf","C:\Users\hodor\Documents\lab-Shishkin\projects\BCI_classifier\data\pr_Agency_EBCI\features\csp\test\06_02 Artem\MATRIX_[10, 14]_robust_concat_rec_05AY_calibration_20260602_144111.hdf","[10, 14]",4,5,4,first5,0.33671322336989196,0.163,0.678,0.007763450296224272,0.364868155333132,0.14151101949870543,0.5535714285714286,,0.0,final_score_4,0.0,25,5
pr_Agency_EBCI,test,06_02 Artem,rec_05AY_calibration_20260602_144111,test/06_02 Artem/rec_05AY_calibration_20260602_144111,"MATRIX_[10, 14]_robust_concat_rec_05AY_calibration_20260602_144111.hdf","C:\Users\hodor\Documents\lab-Shishkin\projects\BCI_classifier\data\pr_Agency_EBCI\features\csp\test\06_02 Artem\MATRIX_[10, 14]_robust_concat_rec_05AY_calibration_20260602_144111.hdf","[10, 14]",51,52,-5,last5,0.7413263983087596,0.241,1.053,0.01447120224180587,0.07526554419608736,0.16992426496322593,0.5535714285714286,,0.0,final_score_4,0.0,26,6
pr_Agency_EBCI,test,06_02 Artem,rec_05AY_calibration_20260602_144111,test/06_02 Artem/rec_05AY_calibration_20260602_144111,"MATRIX_[10, 14]_robust_concat_rec_05AY_calibration_20260602_144111.hdf","C:\Users\hodor\Documents\lab-Shishkin\projects\BCI_classifier\data\pr_Agency_EBCI\features\csp\test\06_02 Artem\MATRIX_[10, 14]_robust_concat_rec_05AY_calibration_20260602_144111.hdf","[10, 14]",52,53,-4,last5,0.745841491429913,0.246,1.077,0.004515093121153391,0.5188559604559426,0.2530429522336704,0.4642857142857143,,0.0,final_score_4,0.0,27,7
pr_Agency_EBCI,test,06_02 Artem,rec_05AY_calibration_20260602_144111,test/06_02 Artem/rec_05AY_calibration_20260602_144111,"MATRIX_[10, 14]_robust_concat_rec_05AY_calibration_20260602_144111.hdf","C:\Users\hodor\Documents\lab-Shishkin\projects\BCI_classifier\data\pr_Agency_EBCI\features\csp\test\06_02 Artem\MATRIX_[10, 14]_robust_concat_rec_05AY_calibration_20260602_144111.hdf","[10, 14]",53,54,-3,last5,0.750645734280981,0.251,1.102,0.0048042428510680635,0.2532298169768433,0.23834852618636357,0.5,,0.0,final_score_4,0.0,28,8
pr_Agency_EBCI,test,06_02 Artem,rec_05AY_calibration_20260602_144111,test/06_02 Artem/rec_05AY_calibration_20260602_144111,"MATRIX_[10, 14]_robust_concat_rec_05AY_calibration_20260602_144111.hdf","C:\Users\hodor\Documents\lab-Shishkin\projects\BCI_classifier\data\pr_Agency_EBCI\features\csp\test\06_02 Artem\MATRIX_[10, 14]_robust_concat_rec_05AY_calibration_20260602_144111.hdf","[10, 14]",54,55,-2,last5,0.7649234191102166,0.265,1.18,0.014277684829235526,0.3095904415850737,0.08503453502568355,0.5535714285714286,,0.0,final_score_4,0.0,29,9
pr_Agency_EBCI,test,06_02 Artem,rec_05AY_calibration_20260602_144111,test/06_02 Artem/rec_05AY_calibration_20260602_144111,"MATRIX_[10, 14]_robust_concat_rec_05AY_calibration_20260602_144111.hdf","C:\Users\hodor\Documents\lab-Shishkin\projects\BCI_classifier\data\pr_Agency_EBCI\features\csp\test\06_02 Artem\MATRIX_[10, 14]_robust_concat_rec_05AY_calibration_20260602_144111.hdf","[10, 14]",55,56,-1,last5,0.7825176012622527,0.283,1.28,0.01759418215203612,0.20301070212236935,0.07183670045568905,0.6428571428571428,,0.0,final_score_4,0.0,30,10
pr_Agency_EBCI,test,06_02 Artem,rec_05AY_calibration_20260602_144111,test/06_02 Artem/rec_05AY_calibration_20260602_144111,"MATRIX_[8, 15]_robust_concat_rec_05AY_calibration_20260602_144111.hdf","C:\Users\hodor\Documents\lab-Shishkin\projects\BCI_classifier\data\pr_Agency_EBCI\features\csp\test\06_02 Artem\MATRIX_[8, 15]_robust_concat_rec_05AY_calibration_20260602_144111.hdf","[8, 15]",0,1,0,first5,0.27482239892529603,0.225,0.97,0.0709764534207783,0.23245985251290574,1.294829949446556,0.6071428571428572,,0.0,final_score_4,0.0,31,1
pr_Agency_EBCI,test,06_02 Artem,rec_05AY_calibration_20260602_144111,test/06_02 Artem/rec_05AY_calibration_20260602_144111,"MATRIX_[8, 15]_robust_concat_rec_05AY_calibration_20260602_144111.hdf","C:\Users\hodor\Documents\lab-Shishkin\projects\BCI_classifier\data\pr_Agency_EBCI\features\csp\test\06_02 Artem\MATRIX_[8, 15]_robust_concat_rec_05AY_calibration_20260602_144111.hdf","[8, 15]",1,2,1,first5,0.3457988523460743,0.154,0.638,0.023135005713002532,0.20302347516357325,0.3501182285981487,0.4821428571428571,,0.0,final_score_4,0.0,32,2
pr_Agency_EBCI,test,06_02 Artem,rec_05AY_calibration_20260602_144111,test/06_02 Artem/rec_05AY_calibration_20260602_144111,"MATRIX_[8, 15]_robust_concat_rec_05AY_calibration_20260602_144111.hdf","C:\Users\hodor\Documents\lab-Shishkin\projects\BCI_classifier\data\pr_Agency_EBCI\features\csp\test\06_02 Artem\MATRIX_[8, 15]_robust_concat_rec_05AY_calibration_20260602_144111.hdf","[8, 15]",2,3,2,first5,0.36893385805907686,0.131,0.537,0.01224122287914664,0.10978025966349819,0.433094361858411,0.4642857142857143,,0.0,final_score_4,0.0,33,3
pr_Agency_EBCI,test,06_02 Artem,rec_05AY_calibration_20260602_144111,test/06_02 Artem/rec_05AY_calibration_20260602_144111,"MATRIX_[8, 15]_robust_concat_rec_05AY_calibration_20260602_144111.hdf","C:\Users\hodor\Documents\lab-Shishkin\projects\BCI_classifier\data\pr_Agency_EBCI\features\csp\test\06_02 Artem\MATRIX_[8, 15]_robust_concat_rec_05AY_calibration_20260602_144111.hdf","[8, 15]",3,4,3,first5,0.3811750809382235,0.119,0.485,0.011400235869254205,0.28362960645018465,0.19643668566500644,0.5178571428571428,,0.0,final_score_4,0.0,34,4
pr_Agency_EBCI,test,06_02 Artem,rec_05AY_calibration_20260602_144111,test/06_02 Artem/rec_05AY_calibration_20260602_144111,"MATRIX_[8, 15]_robust_concat_rec_05AY_calibration_20260602_144111.hdf","C:\Users\hodor\Documents\lab-Shishkin\projects\BCI_classifier\data\pr_Agency_EBCI\features\csp\test\06_02 Artem\MATRIX_[8, 15]_robust_concat_rec_05AY_calibration_20260602_144111.hdf","[8, 15]",4,5,4,first5,0.3925753168074777,0.107,0.436,0.005575996801164607,0.22780042592116345,0.15692950496504607,0.5535714285714286,,0.0,final_score_4,0.0,35,5
pr_Agency_EBCI,test,06_02 Artem,rec_05AY_calibration_20260602_144111,test/06_02 Artem/rec_05AY_calibration_20260602_144111,"MATRIX_[8, 15]_robust_concat_rec_05AY_calibration_20260602_144111.hdf","C:\Users\hodor\Documents\lab-Shishkin\projects\BCI_classifier\data\pr_Agency_EBCI\features\csp\test\06_02 Artem\MATRIX_[8, 15]_robust_concat_rec_05AY_calibration_20260602_144111.hdf","[8, 15]",51,52,-5,last5,0.6974135095730959,0.197,0.835,0.004988375409644252,0.11760184564080384,0.11598488779761877,0.6071428571428572,,0.0,final_score_4,0.0,36,6
pr_Agency_EBCI,test,06_02 Artem,rec_05AY_calibration_20260602_144111,test/06_02 Artem/rec_05AY_calibration_20260602_144111,"MATRIX_[8, 15]_robust_concat_rec_05AY_calibration_20260602_144111.hdf","C:\Users\hodor\Documents\lab-Shishkin\projects\BCI_classifier\data\pr_Agency_EBCI\features\csp\test\06_02 Artem\MATRIX_[8, 15]_robust_concat_rec_05AY_calibration_20260602_144111.hdf","[8, 15]",52,53,-4,last5,0.7065907873978452,0.207,0.879,0.009177277824749308,0.24025800992862986,0.20579215870419482,0.5,,0.0,final_score_4,0.0,37,7
pr_Agency_EBCI,test,06_02 Artem,rec_05AY_calibration_20260602_144111,test/06_02 Artem/rec_05AY_calibration_20260602_144111,"MATRIX_[8, 15]_robust_concat_rec_05AY_calibration_20260602_144111.hdf","C:\Users\hodor\Documents\lab-Shishkin\projects\BCI_classifier\data\pr_Agency_EBCI\features\csp\test\06_02 Artem\MATRIX_[8, 15]_robust_concat_rec_05AY_calibration_20260602_144111.hdf","[8, 15]",53,54,-3,last5,0.7178726943132333,0.218,0.934,0.011281906915388107,0.1965991255576225,0.049760277192718236,0.6071428571428572,,0.0,final_score_4,0.0,38,8
pr_Agency_EBCI,test,06_02 Artem,rec_05AY_calibration_20260602_144111,test/06_02 Artem/rec_05AY_calibration_20260602_144111,"MATRIX_[8, 15]_robust_concat_rec_05AY_calibration_20260602_144111.hdf","C:\Users\hodor\Documents\lab-Shishkin\projects\BCI_classifier\data\pr_Agency_EBCI\features\csp\test\06_02 Artem\MATRIX_[8, 15]_robust_concat_rec_05AY_calibration_20260602_144111.hdf","[8, 15]",54,55,-2,last5,0.7330714731492375,0.233,1.01,0.015198778836004179,0.5715509968741228,0.16748211677908437,0.5892857142857143,,0.0,final_score_4,0.0,39,9
pr_Agency_EBCI,test,06_02 Artem,rec_05AY_calibration_20260602_144111,test/06_02 Artem/rec_05AY_calibration_20260602_144111,"MATRIX_[8, 15]_robust_concat_rec_05AY_calibration_20260602_144111.hdf","C:\Users\hodor\Documents\lab-Shishkin\projects\BCI_classifier\data\pr_Agency_EBCI\features\csp\test\06_02 Artem\MATRIX_[8, 15]_robust_concat_rec_05AY_calibration_20260602_144111.hdf","[8, 15]",55,56,-1,last5,0.7515086173881994,0.252,1.107,0.018437144238961922,0.4128117802830752,0.16392277787355672,0.4821428571428571,,0.0,final_score_4,0.0,40,10
pr_Agency_EBCI,test,06_02 Artem,rec_05AY_calibration_20260602_144111,test/06_02 Artem/rec_05AY_calibration_20260602_144111,"MATRIX_[8, 12]_robust_concat_rec_05AY_calibration_20260602_144111.hdf","C:\Users\hodor\Documents\lab-Shishkin\projects\BCI_classifier\data\pr_Agency_EBCI\features\csp\test\06_02 Artem\MATRIX_[8, 12]_robust_concat_rec_05AY_calibration_20260602_144111.hdf","[8, 12]",0,1,0,first5,0.22101904803668637,0.279,1.26,0.09500346493500778,0.16047578431131,1.226027913689673,0.625,,0.0,final_score_5,0.0,1,1
pr_Agency_EBCI,test,06_02 Artem,rec_05AY_calibration_20260602_144111,test/06_02 Artem/rec_05AY_calibration_20260602_144111,"MATRIX_[8, 12]_robust_concat_rec_05AY_calibration_20260602_144111.hdf","C:\Users\hodor\Documents\lab-Shishkin\projects\BCI_classifier\data\pr_Agency_EBCI\features\csp\test\06_02 Artem\MATRIX_[8, 12]_robust_concat_rec_05AY_calibration_20260602_144111.hdf","[8, 12]",1,2,1,first5,0.31602251297169415,0.184,0.772,0.018266455551698813,0.10697498750107626,0.6268044624629713,0.5535714285714286,,0.0,final_score_5,0.0,2,2
pr_Agency_EBCI,test,06_02 Artem,rec_05AY_calibration_20260602_144111,test/06_02 Artem/rec_05AY_calibration_20260602_144111,"MATRIX_[8, 12]_robust_concat_rec_05AY_calibration_20260602_144111.hdf","C:\Users\hodor\Documents\lab-Shishkin\projects\BCI_classifier\data\pr_Agency_EBCI\features\csp\test\06_02 Artem\MATRIX_[8, 12]_robust_concat_rec_05AY_calibration_20260602_144111.hdf","[8, 12]",2,3,2,first5,0.33428896852339296,0.166,0.689,0.007033030637066284,0.11210655732011707,0.2736094910241421,0.4642857142857143,,0.0,final_score_5,0.0,3,3
pr_Agency_EBCI,test,06_02 Artem,rec_05AY_calibration_20260602_144111,test/06_02 Artem/rec_05AY_calibration_20260602_144111,"MATRIX_[8, 12]_robust_concat_rec_05AY_calibration_20260602_144111.hdf","C:\Users\hodor\Documents\lab-Shishkin\projects\BCI_classifier\data\pr_Agency_EBCI\features\csp\test\06_02 Artem\MATRIX_[8, 12]_robust_concat_rec_05AY_calibration_20260602_144111.hdf","[8, 12]",3,4,3,first5,0.34132199916045924,0.159,0.657,0.011248709011033808,0.11194960133855753,0.2642811043012759,0.5357142857142857,,0.0,final_score_5,0.0,4,4
pr_Agency_EBCI,test,06_02 Artem,rec_05AY_calibration_20260602_144111,test/06_02 Artem/rec_05AY_calibration_20260602_144111,"MATRIX_[8, 12]_robust_concat_rec_05AY_calibration_20260602_144111.hdf","C:\Users\hodor\Documents\lab-Shishkin\projects\BCI_classifier\data\pr_Agency_EBCI\features\csp\test\06_02 Artem\MATRIX_[8, 12]_robust_concat_rec_05AY_calibration_20260602_144111.hdf","[8, 12]",4,5,4,first5,0.35257070817149305,0.147,0.608,0.012310063759343515,0.15690777248433452,0.14442677507124813,0.4642857142857143,,0.0,final_score_5,0.0,5,5
pr_Agency_EBCI,test,06_02 Artem,rec_05AY_calibration_20260602_144111,test/06_02 Artem/rec_05AY_calibration_20260602_144111,"MATRIX_[8, 12]_robust_concat_rec_05AY_calibration_20260602_144111.hdf","C:\Users\hodor\Documents\lab-Shishkin\projects\BCI_classifier\data\pr_Agency_EBCI\features\csp\test\06_02 Artem\MATRIX_[8, 12]_robust_concat_rec_05AY_calibration_20260602_144111.hdf","[8, 12]",51,52,-5,last5,0.7511950559930672,0.251,1.105,0.01686775763310089,0.1540456635878787,0.2421096057386701,0.5,,0.0,final_score_5,0.0,6,6
pr_Agency_EBCI,test,06_02 Artem,rec_05AY_calibration_20260602_144111,test/06_02 Artem/rec_05AY_calibration_20260602_144111,"MATRIX_[8, 12]_robust_concat_rec_05AY_calibration_20260602_144111.hdf","C:\Users\hodor\Documents\lab-Shishkin\projects\BCI_classifier\data\pr_Agency_EBCI\features\csp\test\06_02 Artem\MATRIX_[8, 12]_robust_concat_rec_05AY_calibration_20260602_144111.hdf","[8, 12]",52,53,-4,last5,0.7557376774531394,0.256,1.129,0.004542621460072116,0.20588554089097966,0.14515081374589361,0.5892857142857143,,0.0,final_score_5,0.0,7,7
pr_Agency_EBCI,test,06_02 Artem,rec_05AY_calibration_20260602_144111,test/06_02 Artem/rec_05AY_calibration_20260602_144111,"MATRIX_[8, 12]_robust_concat_rec_05AY_calibration_20260602_144111.hdf","C:\Users\hodor\Documents\lab-Shishkin\projects\BCI_classifier\data\pr_Agency_EBCI\features\csp\test\06_02 Artem\MATRIX_[8, 12]_robust_concat_rec_05AY_calibration_20260602_144111.hdf","[8, 12]",53,54,-3,last5,0.7652453059812778,0.265,1.182,0.009507628528138468,0.13633210202995946,0.04117714682597377,0.5,,0.0,final_score_5,0.0,8,8
pr_Agency_EBCI,test,06_02 Artem,rec_05AY_calibration_20260602_144111,test/06_02 Artem/rec_05AY_calibration_20260602_144111,"MATRIX_[8, 12]_robust_concat_rec_05AY_calibration_20260602_144111.hdf","C:\Users\hodor\Documents\lab-Shishkin\projects\BCI_classifier\data\pr_Agency_EBCI\features\csp\test\06_02 Artem\MATRIX_[8, 12]_robust_concat_rec_05AY_calibration_20260602_144111.hdf","[8, 12]",54,55,-2,last5,0.781939614712838,0.282,1.277,0.016694308731560192,0.608470165056654,0.18757528040716237,0.5714285714285714,,0.0,final_score_5,0.0,9,9
pr_Agency_EBCI,test,06_02 Artem,rec_05AY_calibration_20260602_144111,test/06_02 Artem/rec_05AY_calibration_20260602_144111,"MATRIX_[8, 12]_robust_concat_rec_05AY_calibration_20260602_144111.hdf","C:\Users\hodor\Documents\lab-Shishkin\projects\BCI_classifier\data\pr_Agency_EBCI\features\csp\test\06_02 Artem\MATRIX_[8, 12]_robust_concat_rec_05AY_calibration_20260602_144111.hdf","[8, 12]",55,56,-1,last5,0.7903035240430959,0.29,1.327,0.00836390933025788,0.3858350999426425,0.11742256848612893,0.5357142857142857,,0.0,final_score_5,0.0,10,10
pr_Agency_EBCI,test,06_02 Artem,rec_05AY_calibration_20260602_144111,test/06_02 Artem/rec_05AY_calibration_20260602_144111,"MATRIX_[9, 13]_robust_concat_rec_05AY_calibration_20260602_144111.hdf","C:\Users\hodor\Documents\lab-Shishkin\projects\BCI_classifier\data\pr_Agency_EBCI\features\csp\test\06_02 Artem\MATRIX_[9, 13]_robust_concat_rec_05AY_calibration_20260602_144111.hdf","[9, 13]",0,1,0,first5,0.24928499109310653,0.251,1.102,0.048847096799755574,0.2287931085957796,1.1604691607369872,0.6071428571428572,,0.0,final_score_5,0.0,11,1
pr_Agency_EBCI,test,06_02 Artem,rec_05AY_calibration_20260602_144111,test/06_02 Artem/rec_05AY_calibration_20260602_144111,"MATRIX_[9, 13]_robust_concat_rec_05AY_calibration_20260602_144111.hdf","C:\Users\hodor\Documents\lab-Shishkin\projects\BCI_classifier\data\pr_Agency_EBCI\features\csp\test\06_02 Artem\MATRIX_[9, 13]_robust_concat_rec_05AY_calibration_20260602_144111.hdf","[9, 13]",1,2,1,first5,0.2981320878928621,0.202,0.856,0.006426097991189372,0.13265990319930393,0.34896018696411313,0.5,,0.0,final_score_5,0.0,12,2
pr_Agency_EBCI,test,06_02 Artem,rec_05AY_calibration_20260602_144111,test/06_02 Artem/rec_05AY_calibration_20260602_144111,"MATRIX_[9, 13]_robust_concat_rec_05AY_calibration_20260602_144111.hdf","C:\Users\hodor\Documents\lab-Shishkin\projects\BCI_classifier\data\pr_Agency_EBCI\features\csp\test\06_02 Artem\MATRIX_[9, 13]_robust_concat_rec_05AY_calibration_20260602_144111.hdf","[9, 13]",2,3,2,first5,0.3045581858840515,0.195,0.826,0.028131096216561735,0.29751324254974765,0.1961989064571485,0.4642857142857143,,0.0,final_score_5,0.0,13,3
pr_Agency_EBCI,test,06_02 Artem,rec_05AY_calibration_20260602_144111,test/06_02 Artem/rec_05AY_calibration_20260602_144111,"MATRIX_[9, 13]_robust_concat_rec_05AY_calibration_20260602_144111.hdf","C:\Users\hodor\Documents\lab-Shishkin\projects\BCI_classifier\data\pr_Agency_EBCI\features\csp\test\06_02 Artem\MATRIX_[9, 13]_robust_concat_rec_05AY_calibration_20260602_144111.hdf","[9, 13]",3,4,3,first5,0.3326892821006132,0.167,0.696,0.011119522562816897,0.07342885815652385,0.4759175570636557,0.5714285714285714,,0.0,final_score_5,0.0,14,4
pr_Agency_EBCI,test,06_02 Artem,rec_05AY_calibration_20260602_144111,test/06_02 Artem/rec_05AY_calibration_20260602_144111,"MATRIX_[9, 13]_robust_concat_rec_05AY_calibration_20260602_144111.hdf","C:\Users\hodor\Documents\lab-Shishkin\projects\BCI_classifier\data\pr_Agency_EBCI\features\csp\test\06_02 Artem\MATRIX_[9, 13]_robust_concat_rec_05AY_calibration_20260602_144111.hdf","[9, 13]",4,5,4,first5,0.3438088046634301,0.156,0.646,0.014322700060860227,0.5014788830367627,0.21040709020401893,0.4821428571428571,,0.0,final_score_5,0.0,15,5
pr_Agency_EBCI,test,06_02 Artem,rec_05AY_calibration_20260602_144111,test/06_02 Artem/rec_05AY_calibration_20260602_144111,"MATRIX_[9, 13]_robust_concat_rec_05AY_calibration_20260602_144111.hdf","C:\Users\hodor\Documents\lab-Shishkin\projects\BCI_classifier\data\pr_Agency_EBCI\features\csp\test\06_02 Artem\MATRIX_[9, 13]_robust_concat_rec_05AY_calibration_20260602_144111.hdf","[9, 13]",51,52,-5,last5,0.7365198907448443,0.237,1.028,0.004047249460956137,0.04721590590018106,0.07215976370032845,0.5357142857142857,,0.0,final_score_5,0.0,16,6
pr_Agency_EBCI,test,06_02 Artem,rec_05AY_calibration_20260602_144111,test/06_02 Artem/rec_05AY_calibration_20260602_144111,"MATRIX_[9, 13]_robust_concat_rec_05AY_calibration_20260602_144111.hdf","C:\Users\hodor\Documents\lab-Shishkin\projects\BCI_classifier\data\pr_Agency_EBCI\features\csp\test\06_02 Artem\MATRIX_[9, 13]_robust_concat_rec_05AY_calibration_20260602_144111.hdf","[9, 13]",52,53,-4,last5,0.7428442913743601,0.243,1.061,0.006324400629515892,0.07990661435084387,0.0796523303542824,0.5357142857142857,,0.0,final_score_5,0.0,17,7
pr_Agency_EBCI,test,06_02 Artem,rec_05AY_calibration_20260602_144111,test/06_02 Artem/rec_05AY_calibration_20260602_144111,"MATRIX_[9, 13]_robust_concat_rec_05AY_calibration_20260602_144111.hdf","C:\Users\hodor\Documents\lab-Shishkin\projects\BCI_classifier\data\pr_Agency_EBCI\features\csp\test\06_02 Artem\MATRIX_[9, 13]_robust_concat_rec_05AY_calibration_20260602_144111.hdf","[9, 13]",53,54,-3,last5,0.7613877781809409,0.261,1.16,0.0185434868065808,0.2898880297800352,0.10063791661351934,0.5357142857142857,,0.0,final_score_5,0.0,18,8
pr_Agency_EBCI,test,06_02 Artem,rec_05AY_calibration_20260602_144111,test/06_02 Artem/rec_05AY_calibration_20260602_144111,"MATRIX_[9, 13]_robust_concat_rec_05AY_calibration_20260602_144111.hdf","C:\Users\hodor\Documents\lab-Shishkin\projects\BCI_classifier\data\pr_Agency_EBCI\features\csp\test\06_02 Artem\MATRIX_[9, 13]_robust_concat_rec_05AY_calibration_20260602_144111.hdf","[9, 13]",54,55,-2,last5,0.7810821297263969,0.281,1.272,0.019694351545455957,0.7178289124260357,0.1988253990541396,0.5535714285714286,,0.0,final_score_5,0.0,19,9
pr_Agency_EBCI,test,06_02 Artem,rec_05AY_calibration_20260602_144111,test/06_02 Artem/rec_05AY_calibration_20260602_144111,"MATRIX_[9, 13]_robust_concat_rec_05AY_calibration_20260602_144111.hdf","C:\Users\hodor\Documents\lab-Shishkin\projects\BCI_classifier\data\pr_Agency_EBCI\features\csp\test\06_02 Artem\MATRIX_[9, 13]_robust_concat_rec_05AY_calibration_20260602_144111.hdf","[9, 13]",55,56,-1,last5,0.7907803046401003,0.291,1.33,0.009698174913703395,0.2857736845722605,0.10122683204750374,0.5535714285714286,,0.0,final_score_5,0.0,20,10
pr_Agency_EBCI,test,06_02 Artem,rec_05AY_calibration_20260602_144111,test/06_02 Artem/rec_05AY_calibration_20260602_144111,"MATRIX_[10, 14]_robust_concat_rec_05AY_calibration_20260602_144111.hdf","C:\Users\hodor\Documents\lab-Shishkin\projects\BCI_classifier\data\pr_Agency_EBCI\features\csp\test\06_02 Artem\MATRIX_[10, 14]_robust_concat_rec_05AY_calibration_20260602_144111.hdf","[10, 14]",0,1,0,first5,0.27841747575547116,0.222,0.952,0.01580091406968054,0.3517614819925239,0.967874130728886,0.5357142857142857,,0.0,final_score_5,0.0,21,1
pr_Agency_EBCI,test,06_02 Artem,rec_05AY_calibration_20260602_144111,test/06_02 Artem/rec_05AY_calibration_20260602_144111,"MATRIX_[10, 14]_robust_concat_rec_05AY_calibration_20260602_144111.hdf","C:\Users\hodor\Documents\lab-Shishkin\projects\BCI_classifier\data\pr_Agency_EBCI\features\csp\test\06_02 Artem\MATRIX_[10, 14]_robust_concat_rec_05AY_calibration_20260602_144111.hdf","[10, 14]",1,2,1,first5,0.2942183898251517,0.206,0.875,0.0035882975320614685,0.16404337119633428,0.24337462450355246,0.4642857142857143,,0.0,final_score_5,0.0,22,2
pr_Agency_EBCI,test,06_02 Artem,rec_05AY_calibration_20260602_144111,test/06_02 Artem/rec_05AY_calibration_20260602_144111,"MATRIX_[10, 14]_robust_concat_rec_05AY_calibration_20260602_144111.hdf","C:\Users\hodor\Documents\lab-Shishkin\projects\BCI_classifier\data\pr_Agency_EBCI\features\csp\test\06_02 Artem\MATRIX_[10, 14]_robust_concat_rec_05AY_calibration_20260602_144111.hdf","[10, 14]",2,3,2,first5,0.29780668735721316,0.202,0.858,0.0285416475489233,0.408614772978297,0.38344830116796474,0.5357142857142857,,0.0,final_score_5,0.0,23,3
pr_Agency_EBCI,test,06_02 Artem,rec_05AY_calibration_20260602_144111,test/06_02 Artem/rec_05AY_calibration_20260602_144111,"MATRIX_[10, 14]_robust_concat_rec_05AY_calibration_20260602_144111.hdf","C:\Users\hodor\Documents\lab-Shishkin\projects\BCI_classifier\data\pr_Agency_EBCI\features\csp\test\06_02 Artem\MATRIX_[10, 14]_robust_concat_rec_05AY_calibration_20260602_144111.hdf","[10, 14]",3,4,3,first5,0.32634833490613646,0.174,0.725,0.010364888463755495,0.20932924613405077,0.1688669809755336,0.4464285714285714,,0.0,final_score_5,0.0,24,4
pr_Agency_EBCI,test,06_02 Artem,rec_05AY_calibration_20260602_144111,test/06_02 Artem/rec_05AY_calibration_20260602_144111,"MATRIX_[10, 14]_robust_concat_rec_05AY_calibration_20260602_144111.hdf","C:\Users\hodor\Documents\lab-Shishkin\projects\BCI_classifier\data\pr_Agency_EBCI\features\csp\test\06_02 Artem\MATRIX_[10, 14]_robust_concat_rec_05AY_calibration_20260602_144111.hdf","[10, 14]",4,5,4,first5,0.33671322336989196,0.163,0.678,0.007763450296224272,0.364868155333132,0.14151101949870543,0.5535714285714286,,0.0,final_score_5,0.0,25,5
pr_Agency_EBCI,test,06_02 Artem,rec_05AY_calibration_20260602_144111,test/06_02 Artem/rec_05AY_calibration_20260602_144111,"MATRIX_[10, 14]_robust_concat_rec_05AY_calibration_20260602_144111.hdf","C:\Users\hodor\Documents\lab-Shishkin\projects\BCI_classifier\data\pr_Agency_EBCI\features\csp\test\06_02 Artem\MATRIX_[10, 14]_robust_concat_rec_05AY_calibration_20260602_144111.hdf","[10, 14]",51,52,-5,last5,0.7413263983087596,0.241,1.053,0.01447120224180587,0.07526554419608736,0.16992426496322593,0.5535714285714286,,0.0,final_score_5,0.0,26,6
pr_Agency_EBCI,test,06_02 Artem,rec_05AY_calibration_20260602_144111,test/06_02 Artem/rec_05AY_calibration_20260602_144111,"MATRIX_[10, 14]_robust_concat_rec_05AY_calibration_20260602_144111.hdf","C:\Users\hodor\Documents\lab-Shishkin\projects\BCI_classifier\data\pr_Agency_EBCI\features\csp\test\06_02 Artem\MATRIX_[10, 14]_robust_concat_rec_05AY_calibration_20260602_144111.hdf","[10, 14]",52,53,-4,last5,0.745841491429913,0.246,1.077,0.004515093121153391,0.5188559604559426,0.2530429522336704,0.4642857142857143,,0.0,final_score_5,0.0,27,7
pr_Agency_EBCI,test,06_02 Artem,rec_05AY_calibration_20260602_144111,test/06_02 Artem/rec_05AY_calibration_20260602_144111,"MATRIX_[10, 14]_robust_concat_rec_05AY_calibration_20260602_144111.hdf","C:\Users\hodor\Documents\lab-Shishkin\projects\BCI_classifier\data\pr_Agency_EBCI\features\csp\test\06_02 Artem\MATRIX_[10, 14]_robust_concat_rec_05AY_calibration_20260602_144111.hdf","[10, 14]",53,54,-3,last5,0.750645734280981,0.251,1.102,0.0048042428510680635,0.2532298169768433,0.23834852618636357,0.5,,0.0,final_score_5,0.0,28,8
pr_Agency_EBCI,test,06_02 Artem,rec_05AY_calibration_20260602_144111,test/06_02 Artem/rec_05AY_calibration_20260602_144111,"MATRIX_[10, 14]_robust_concat_rec_05AY_calibration_20260602_144111.hdf","C:\Users\hodor\Documents\lab-Shishkin\projects\BCI_classifier\data\pr_Agency_EBCI\features\csp\test\06_02 Artem\MATRIX_[10, 14]_robust_concat_rec_05AY_calibration_20260602_144111.hdf","[10, 14]",54,55,-2,last5,0.7649234191102166,0.265,1.18,0.014277684829235526,0.3095904415850737,0.08503453502568355,0.5535714285714286,,0.0,final_score_5,0.0,29,9
pr_Agency_EBCI,test,06_02 Artem,rec_05AY_calibration_20260602_144111,test/06_02 Artem/rec_05AY_calibration_20260602_144111,"MATRIX_[10, 14]_robust_concat_rec_05AY_calibration_20260602_144111.hdf","C:\Users\hodor\Documents\lab-Shishkin\projects\BCI_classifier\data\pr_Agency_EBCI\features\csp\test\06_02 Artem\MATRIX_[10, 14]_robust_concat_rec_05AY_calibration_20260602_144111.hdf","[10, 14]",55,56,-1,last5,0.7825176012622527,0.283,1.28,0.01759418215203612,0.20301070212236935,0.07183670045568905,0.6428571428571428,,0.0,final_score_5,0.0,30,10
pr_Agency_EBCI,test,06_02 Artem,rec_05AY_calibration_20260602_144111,test/06_02 Artem/rec_05AY_calibration_20260602_144111,"MATRIX_[8, 15]_robust_concat_rec_05AY_calibration_20260602_144111.hdf","C:\Users\hodor\Documents\lab-Shishkin\projects\BCI_classifier\data\pr_Agency_EBCI\features\csp\test\06_02 Artem\MATRIX_[8, 15]_robust_concat_rec_05AY_calibration_20260602_144111.hdf","[8, 15]",0,1,0,first5,0.27482239892529603,0.225,0.97,0.0709764534207783,0.23245985251290574,1.294829949446556,0.6071428571428572,,0.0,final_score_5,0.0,31,1
pr_Agency_EBCI,test,06_02 Artem,rec_05AY_calibration_20260602_144111,test/06_02 Artem/rec_05AY_calibration_20260602_144111,"MATRIX_[8, 15]_robust_concat_rec_05AY_calibration_20260602_144111.hdf","C:\Users\hodor\Documents\lab-Shishkin\projects\BCI_classifier\data\pr_Agency_EBCI\features\csp\test\06_02 Artem\MATRIX_[8, 15]_robust_concat_rec_05AY_calibration_20260602_144111.hdf","[8, 15]",1,2,1,first5,0.3457988523460743,0.154,0.638,0.023135005713002532,0.20302347516357325,0.3501182285981487,0.4821428571428571,,0.0,final_score_5,0.0,32,2
pr_Agency_EBCI,test,06_02 Artem,rec_05AY_calibration_20260602_144111,test/06_02 Artem/rec_05AY_calibration_20260602_144111,"MATRIX_[8, 15]_robust_concat_rec_05AY_calibration_20260602_144111.hdf","C:\Users\hodor\Documents\lab-Shishkin\projects\BCI_classifier\data\pr_Agency_EBCI\features\csp\test\06_02 Artem\MATRIX_[8, 15]_robust_concat_rec_05AY_calibration_20260602_144111.hdf","[8, 15]",2,3,2,first5,0.36893385805907686,0.131,0.537,0.01224122287914664,0.10978025966349819,0.433094361858411,0.4642857142857143,,0.0,final_score_5,0.0,33,3
pr_Agency_EBCI,test,06_02 Artem,rec_05AY_calibration_20260602_144111,test/06_02 Artem/rec_05AY_calibration_20260602_144111,"MATRIX_[8, 15]_robust_concat_rec_05AY_calibration_20260602_144111.hdf","C:\Users\hodor\Documents\lab-Shishkin\projects\BCI_classifier\data\pr_Agency_EBCI\features\csp\test\06_02 Artem\MATRIX_[8, 15]_robust_concat_rec_05AY_calibration_20260602_144111.hdf","[8, 15]",3,4,3,first5,0.3811750809382235,0.119,0.485,0.011400235869254205,0.28362960645018465,0.19643668566500644,0.5178571428571428,,0.0,final_score_5,0.0,34,4
pr_Agency_EBCI,test,06_02 Artem,rec_05AY_calibration_20260602_144111,test/06_02 Artem/rec_05AY_calibration_20260602_144111,"MATRIX_[8, 15]_robust_concat_rec_05AY_calibration_20260602_144111.hdf","C:\Users\hodor\Documents\lab-Shishkin\projects\BCI_classifier\data\pr_Agency_EBCI\features\csp\test\06_02 Artem\MATRIX_[8, 15]_robust_concat_rec_05AY_calibration_20260602_144111.hdf","[8, 15]",4,5,4,first5,0.3925753168074777,0.107,0.436,0.005575996801164607,0.22780042592116345,0.15692950496504607,0.5535714285714286,,0.0,final_score_5,0.0,35,5
pr_Agency_EBCI,test,06_02 Artem,rec_05AY_calibration_20260602_144111,test/06_02 Artem/rec_05AY_calibration_20260602_144111,"MATRIX_[8, 15]_robust_concat_rec_05AY_calibration_20260602_144111.hdf","C:\Users\hodor\Documents\lab-Shishkin\projects\BCI_classifier\data\pr_Agency_EBCI\features\csp\test\06_02 Artem\MATRIX_[8, 15]_robust_concat_rec_05AY_calibration_20260602_144111.hdf","[8, 15]",51,52,-5,last5,0.6974135095730959,0.197,0.835,0.004988375409644252,0.11760184564080384,0.11598488779761877,0.6071428571428572,,0.0,final_score_5,0.0,36,6
pr_Agency_EBCI,test,06_02 Artem,rec_05AY_calibration_20260602_144111,test/06_02 Artem/rec_05AY_calibration_20260602_144111,"MATRIX_[8, 15]_robust_concat_rec_05AY_calibration_20260602_144111.hdf","C:\Users\hodor\Documents\lab-Shishkin\projects\BCI_classifier\data\pr_Agency_EBCI\features\csp\test\06_02 Artem\MATRIX_[8, 15]_robust_concat_rec_05AY_calibration_20260602_144111.hdf","[8, 15]",52,53,-4,last5,0.7065907873978452,0.207,0.879,0.009177277824749308,0.24025800992862986,0.20579215870419482,0.5,,0.0,final_score_5,0.0,37,7
pr_Agency_EBCI,test,06_02 Artem,rec_05AY_calibration_20260602_144111,test/06_02 Artem/rec_05AY_calibration_20260602_144111,"MATRIX_[8, 15]_robust_concat_rec_05AY_calibration_20260602_144111.hdf","C:\Users\hodor\Documents\lab-Shishkin\projects\BCI_classifier\data\pr_Agency_EBCI\features\csp\test\06_02 Artem\MATRIX_[8, 15]_robust_concat_rec_05AY_calibration_20260602_144111.hdf","[8, 15]",53,54,-3,last5,0.7178726943132333,0.218,0.934,0.011281906915388107,0.1965991255576225,0.049760277192718236,0.6071428571428572,,0.0,final_score_5,0.0,38,8
pr_Agency_EBCI,test,06_02 Artem,rec_05AY_calibration_20260602_144111,test/06_02 Artem/rec_05AY_calibration_20260602_144111,"MATRIX_[8, 15]_robust_concat_rec_05AY_calibration_20260602_144111.hdf","C:\Users\hodor\Documents\lab-Shishkin\projects\BCI_classifier\data\pr_Agency_EBCI\features\csp\test\06_02 Artem\MATRIX_[8, 15]_robust_concat_rec_05AY_calibration_20260602_144111.hdf","[8, 15]",54,55,-2,last5,0.7330714731492375,0.233,1.01,0.015198778836004179,0.5715509968741228,0.16748211677908437,0.5892857142857143,,0.0,final_score_5,0.0,39,9
pr_Agency_EBCI,test,06_02 Artem,rec_05AY_calibration_20260602_144111,test/06_02 Artem/rec_05AY_calibration_20260602_144111,"MATRIX_[8, 15]_robust_concat_rec_05AY_calibration_20260602_144111.hdf","C:\Users\hodor\Documents\lab-Shishkin\projects\BCI_classifier\data\pr_Agency_EBCI\features\csp\test\06_02 Artem\MATRIX_[8, 15]_robust_concat_rec_05AY_calibration_20260602_144111.hdf","[8, 15]",55,56,-1,last5,0.7515086173881994,0.252,1.107,0.018437144238961922,0.4128117802830752,0.16392277787355672,0.4821428571428571,,0.0,final_score_5,0.0,40,10
